记录ID,标题,发布时间,省份,市,公告类型,来源平台,详情页URL,主品类,主品类-原始口径,全部命中品类,学段,是否学科网相关,已L2精读
001454363dd0fcba4ea2ad9dd419b314bb25,新绛县西关小学餐厅功能完善工程的采购公告,2026-07-26,山西省,,采购/资审公告,,https://www.ggzy.gov.cn/information/deal/html/a/140000/0201/20260726/001454363dd0fcba4ea2ad9dd419b314bb25.html,食堂设备,食堂设备,食堂设备,小学,否,否
00124fd15c8bdb334bceb45a4f38dd8290aa,天津市武清区下朱庄街下朱庄中心小学 下朱庄街学校采购智慧黑板项目 (项目编号:WQCG2026-091)公开招标公告,2026-07-26,天津市,,采购/资审公告,天津市公共资源交易平台交易系统,https://www.ggzy.gov.cn/information/deal/html/a/120000/0201/20260726/00124fd15c8bdb334bceb45a4f38dd8290aa.html,智慧黑板,智慧黑板,智慧黑板,小学,是,否
0035bc85cb24780643da997c2fd3cf87458c,2026年第五届中国青少年足球联赛（福建赛区）小学年龄段比赛（小学年龄段U12男子组、U12女子组）竞争性谈判公告,2026-07-26,福建省,,采购/资审公告,漳州市公共资源交易中心,https://www.ggzy.gov.cn/information/deal/html/a/350000/0201/20260726/0035bc85cb24780643da997c2fd3cf87458c.html,其他,其他,,小学,否,否
002337e6e272267a450ba8c9775f73930d7d,宝清县第五小学足球场改造及附属工程建设项目,2026-07-26,黑龙江省,,采购/资审公告,黑龙江省公共资源交易网,https://www.ggzy.gov.cn/information/deal/html/a/230000/0201/20260726/002337e6e272267a450ba8c9775f73930d7d.html,校舍维修改造,校舍维修改造,校舍维修改造;工程配套,小学,否,否
006449414a48e306462590236cf14e5e0db9,固原市原州区第十四小学教育大数据应用试点项目招标公告,2026-07-26,宁夏回族自治区,,采购/资审公告,宁夏公共资源交易服务平台,https://www.ggzy.gov.cn/information/deal/html/a/640000/0201/20260726/006449414a48e306462590236cf14e5e0db9.html,其他,其他,,小学,否,否
004285960fd244ee4741b79c5c5f7b986c36,龙门小学运动场塑胶更新项目竞争性磋商公告,2026-07-26,湖北省,,采购/资审公告,湖北省政府采购网,https://www.ggzy.gov.cn/information/deal/html/a/420000/0201/20260726/004285960fd244ee4741b79c5c5f7b986c36.html,校舍维修改造,校舍维修改造,校舍维修改造,小学,否,否
00334a86f117756440fdb286d0b27f1bb84a,浙江名进建设项目管理有限公司关于乐清市北白象镇第一小学食堂厨房设备采购的公开招标公告,2026-07-26,浙江省,,采购/资审公告,温州市公共资源交易网,https://www.ggzy.gov.cn/information/deal/html/a/330000/0201/20260726/00334a86f117756440fdb286d0b27f1bb84a.html,食堂设备,食堂设备,食堂设备,小学,否,否
006102d791cda64a48f68ea9bcc27b8d0798,凤县义务教育学校扩优提质项目(第三小学专用设备采购项目)采购公告,2026-07-26,陕西省,,采购/资审公告,全国公共资源交易平台（陕西省）,https://www.ggzy.gov.cn/information/deal/html/a/610000/0201/20260726/006102d791cda64a48f68ea9bcc27b8d0798.html,其他,其他,,小学,否,否
00362ac09f253db9422496af1da4552d0521,江西嘉勋工程管理有限公司关于安远县龙布镇中心小学安远县龙布中心小学校舍维修及基础设施改造项目（项目编号：JXJX2026-AY-C001）电子化竞争性磋商采购公告,2026-07-26,江西省,,采购/资审公告,赣州市公共资源交易中心,https://www.ggzy.gov.cn/information/deal/html/a/360000/0201/20260726/00362ac09f253db9422496af1da4552d0521.html,校舍维修改造,校舍维修改造,校舍维修改造,小学,否,否
00149256fceae6c34d028a6c3204519cf1c0,临汾一中第一附属学校公开招标临汾一中第一附属学校小学部教学设施设备购置项目的采购公告,2026-07-25,山西省,,采购/资审公告,,https://www.ggzy.gov.cn/information/deal/html/a/140000/0201/20260725/00149256fceae6c34d028a6c3204519cf1c0.html,其他,其他,,小学,否,否
0037b35afa3992384638997de0b594e59c07,青岛市崂山区崂发小学2026年物业管理服务竞争性磋商公告,2026-07-25,山东省,,采购/资审公告,青岛市公共资源交易 电子交易系统,https://www.ggzy.gov.cn/information/deal/html/a/370000/0201/20260725/0037b35afa3992384638997de0b594e59c07.html,后勤服务,其他,后勤服务,小学,否,否
005090d281ae06f346dc8db1bf184c0d838d,重庆市渝北区腾芳小学2026年教育教学设备采购项目(YBQ26A00509)询价公告,2026-07-25,重庆市,,采购/资审公告,重庆市公共资源交易服务平台,https://www.ggzy.gov.cn/information/deal/html/a/500000/0201/20260725/005090d281ae06f346dc8db1bf184c0d838d.html,教学仪器,教学仪器,教学仪器,小学,否,否
0042d7c18f39984844e4b325624805265fe7,巴东县茶店子镇中心小学新建学生食堂设备采购项目第二次公告,2026-07-25,湖北省,,采购/资审公告,湖北省政府采购网,https://www.ggzy.gov.cn/information/deal/html/a/420000/0201/20260725/0042d7c18f39984844e4b325624805265fe7.html,校舍维修改造,校舍维修改造,校舍维修改造;食堂设备,小学,否,否
0036e7acd73526d4487b9e89321ca4cd149f,江西柏盛工程管理有限公司关于宜丰县新昌镇第四小学运动场改造工程（项目编号：江西柏盛-YF2026-02）竞争性谈判采购公告,2026-07-25,江西省,,采购/资审公告,宜春市公共资源交易中心,https://www.ggzy.gov.cn/information/deal/html/a/360000/0201/20260725/0036e7acd73526d4487b9e89321ca4cd149f.html,校舍维修改造,校舍维修改造,校舍维修改造,小学,否,否
0036c022aa6a2068453a88485cccd7d30a39,赣州嘉宇招标代理有限公司关于于都县明德小学运动场提升改造工程（项目编号：GZJY2026-YD-C001）的不见面电子化竞争性磋商采购公告,2026-07-25,江西省,,采购/资审公告,赣州市公共资源交易中心,https://www.ggzy.gov.cn/information/deal/html/a/360000/0201/20260725/0036c022aa6a2068453a88485cccd7d30a39.html,校舍维修改造,校舍维修改造,校舍维修改造,小学,否,否
003662fd1b3df2044cd5bfd7023fc2934cbf,江西新明工程服务有限公司关于2026年城区小学功能室设备采购项目(第二次)（项目编号：JXXM-PX-2026-C004-1）竞争性谈判公告,2026-07-25,江西省,,采购/资审公告,萍乡市公共资源交易中心,https://www.ggzy.gov.cn/information/deal/html/a/360000/0201/20260725/003662fd1b3df2044cd5bfd7023fc2934cbf.html,实验室设备,实验室设备,实验室设备,小学,否,否
003651c8790ef937452c95ebdde3d3205b01,江西省博远工程管理有限公司关于安远县车头镇中心小学球场跑道及其周边设施改造项目（项目编号：JXBY2026-AY-C015）的竞争性磋商公告,2026-07-25,江西省,,采购/资审公告,赣州市公共资源交易中心,https://www.ggzy.gov.cn/information/deal/html/a/360000/0201/20260725/003651c8790ef937452c95ebdde3d3205b01.html,校舍维修改造,校舍维修改造,校舍维修改造,小学,否,否
003629fcef3ae288496dbdadc2471f5c4835,新干三中等中小学课桌椅采购项目,2026-07-25,江西省,,采购/资审公告,吉安市公共资源交易中心,https://www.ggzy.gov.cn/information/deal/html/a/360000/0201/20260725/003629fcef3ae288496dbdadc2471f5c4835.html,课桌椅,课桌椅,课桌椅,教育局统筹,否,否
0041c870f65e0b9f403babbbcac65719f217,洛阳市涧西区教育局涧西区公办中小学校大宗食材（米、面、油、肉、蛋、奶）采购及配送项目-征集公告,2026-07-24,河南省,,采购/资审公告,,https://www.ggzy.gov.cn/information/deal/html/a/410000/0201/20260724/0041c870f65e0b9f403babbbcac65719f217.html,后勤服务,其他,后勤服务,教育局统筹,否,否
00134f4083ba5c574b0f9397599d8a1baaa9,廊坊经济技术开发区文教卫生局小学部课堂实录分析系统采购项目公开招标交易公告,2026-07-24,河北省,,采购/资审公告,廊坊市公共资源交易中心,https://www.ggzy.gov.cn/information/deal/html/a/130000/0201/20260724/00134f4083ba5c574b0f9397599d8a1baaa9.html,信息化设备,信息化设备,信息化设备,小学,是,否
00113ee14dbfc9d442d2982907eb719d76e7,2026年房山区中小学校园食堂质量提升预算项目（设备购置3）公开招标公告,2026-07-24,北京,,采购/资审公告,北京市政府采购网,https://www.ggzy.gov.cn/information/deal/html/a/110000/0201/20260724/00113ee14dbfc9d442d2982907eb719d76e7.html,食堂设备,食堂设备,食堂设备,教育局统筹,否,否
0043c38dd813b43141639fda055017c21d8e,长沙市龙塘小学2026年秋季扩班建设及设施设备采购招标公告,2026-07-24,湖南省,,采购/资审公告,,https://www.ggzy.gov.cn/information/deal/html/a/430000/0201/20260724/0043c38dd813b43141639fda055017c21d8e.html,其他,其他,,小学,否,否
0042d0142969aefd4a9990f5e31153698810,广水市第二实验小学综合楼维修改造项目公告,2026-07-24,湖北省,,采购/资审公告,湖北省政府采购网,https://www.ggzy.gov.cn/information/deal/html/a/420000/0201/20260724/0042d0142969aefd4a9990f5e31153698810.html,校舍维修改造,校舍维修改造,校舍维修改造,小学,否,否
0037fb901851e92c47ebb656c017612c8b7f,曲阜市鲁城街道孔子中学舞雩坛小学铭志楼维修加固工程竞争性磋商公告,2026-07-24,山东省,,采购/资审公告,济宁市公共资源交易服务平台,https://www.ggzy.gov.cn/information/deal/html/a/370000/0201/20260724/0037fb901851e92c47ebb656c017612c8b7f.html,校舍维修改造,校舍维修改造,校舍维修改造,小学,否,否
004486a817408b404b3d9f68b6e8cf61219d,惠州仲恺高新区2026年公办中小学校教学服务辅助项目招标公告,2026-07-24,广东省,,采购/资审公告,,https://www.ggzy.gov.cn/information/deal/html/a/440000/0201/20260724/004486a817408b404b3d9f68b6e8cf61219d.html,其他,其他,,教育局统筹,否,否
00137f43e5bc124449179411b282dcc75190,石家庄市谈固东街小学设施设备采购项目公开招标公告,2026-07-24,河北省,,采购/资审公告,石家庄公共资源交易网,https://www.ggzy.gov.cn/information/deal/html/a/130000/0201/20260724/00137f43e5bc124449179411b282dcc75190.html,其他,其他,,小学,否,否
00655a53e816a7b54772967f7e359aeced39,柯坪县湖州小学维修改造项目竞争性磋商公告,2026-07-24,新疆维吾尔自治区,,采购/资审公告,新疆维吾尔自治区公共资源交易平台,https://www.ggzy.gov.cn/information/deal/html/a/650000/0201/20260724/00655a53e816a7b54772967f7e359aeced39.html,校舍维修改造,校舍维修改造,校舍维修改造,小学,否,否
0012b66d5e1e57cb4b1689f071eff1186137,天津市津南区教育局机关 津南实验小学合祥园校区提升改造项目 (项目编号:JZD-TJ26-032)竞争性磋商公告,2026-07-24,天津市,,采购/资审公告,天津市公共资源交易平台交易系统,https://www.ggzy.gov.cn/information/deal/html/a/120000/0201/20260724/0012b66d5e1e57cb4b1689f071eff1186137.html,校舍维修改造,校舍维修改造,校舍维修改造,教育局统筹,否,否
0062e33d5d56b631402fb878498d287d0c3d,白银区第十二小学教学楼外窗及外墙维修改造项目-竞争性磋商招标公告,2026-07-24,甘肃省,,采购/资审公告,白银市公共资源交易平台,https://www.ggzy.gov.cn/information/deal/html/a/620000/0201/20260724/0062e33d5d56b631402fb878498d287d0c3d.html,校舍维修改造,校舍维修改造,校舍维修改造,小学,否,否
00411b073a1a1cf942fbbf34ce9cdc161f9b,陕州小学运动场改扩建项目（塑胶跑道及硅PU篮球场采购）-竞争性磋商公告,2026-07-24,河南省,,采购/资审公告,三门峡市公共资源交易中心,https://www.ggzy.gov.cn/information/deal/html/a/410000/0201/20260724/00411b073a1a1cf942fbbf34ce9cdc161f9b.html,校舍维修改造,校舍维修改造,校舍维修改造;工程配套,小学,否,否
00358addf8ab06d3451e806ced2c2b8e2851,黄石中心小学物业管理服务项目(三次)竞争性磋商公告,2026-07-24,福建省,,采购/资审公告,莆田市行政服务中心,https://www.ggzy.gov.cn/information/deal/html/a/350000/0201/20260724/00358addf8ab06d3451e806ced2c2b8e2851.html,后勤服务,其他,后勤服务,小学,否,否
0011ea1b45a814d54e4d9077432e1574433f,北京市通州区中小学校办学装备提升项目（包1：实验室成套设备一、包2：实验室成套设备二、包3：实验室成套设备三、包4：实验室成套设备四）公开招标公告,2026-07-24,北京,,采购/资审公告,北京市政府采购网,https://www.ggzy.gov.cn/information/deal/html/a/110000/0201/20260724/0011ea1b45a814d54e4d9077432e1574433f.html,实验室设备,实验室设备,实验室设备,教育局统筹,否,否
004103d2d9e4e9ca4d3dbabc0ce80f874a13,漯河市源汇区许慎小学许慎小学校园整体运动场地改造维护提升项目-竞争性磋商公告,2026-07-24,河南省,,采购/资审公告,漯河市公共资源交易中心,https://www.ggzy.gov.cn/information/deal/html/a/410000/0201/20260724/004103d2d9e4e9ca4d3dbabc0ce80f874a13.html,校舍维修改造,校舍维修改造,校舍维修改造,小学,否,否
002257dc5512eb984b33a0430516c28b796c,吉林省裕顺工程咨询有限公司关于长春市绿园区春阳小学食堂改造工程的竞争性磋商公告,2026-07-24,吉林省,,采购/资审公告,长春市公共资源交易中心(新),https://www.ggzy.gov.cn/information/deal/html/a/220000/0201/20260724/002257dc5512eb984b33a0430516c28b796c.html,校舍维修改造,校舍维修改造,校舍维修改造;食堂设备;后勤服务,小学,否,否
0011760e72b26ce645dd939558d535927fc2,2026年房山区中小学校园食堂质量提升预算项目（设备购置2） 公开招标公告,2026-07-24,北京,,采购/资审公告,北京市政府采购网,https://www.ggzy.gov.cn/information/deal/html/a/110000/0201/20260724/0011760e72b26ce645dd939558d535927fc2.html,食堂设备,食堂设备,食堂设备,教育局统筹,否,否
00449a4f270a84b348b08d663b605dfcb6c7,乐从镇8所中小学消防维修工程竞争性磋商公告,2026-07-24,广东省,,采购/资审公告,,https://www.ggzy.gov.cn/information/deal/html/a/440000/0201/20260724/00449a4f270a84b348b08d663b605dfcb6c7.html,校舍维修改造,校舍维修改造,校舍维修改造;校园安防,教育局统筹,否,否
00515d6151b5ef9e4f6dbe2815f0d76d59ef,内江市实验小学校采购厨房设备招标公告,2026-07-24,四川省,,采购/资审公告,,https://www.ggzy.gov.cn/information/deal/html/a/510000/0201/20260724/00515d6151b5ef9e4f6dbe2815f0d76d59ef.html,食堂设备,食堂设备,食堂设备,小学,否,否
0011703151dc700442a0bcd159476d1499e9,2026年房山区中小学校园食堂质量提升预算项目（设备购置1）公开招标公告,2026-07-24,北京,,采购/资审公告,北京市政府采购网,https://www.ggzy.gov.cn/information/deal/html/a/110000/0201/20260724/0011703151dc700442a0bcd159476d1499e9.html,食堂设备,食堂设备,食堂设备,教育局统筹,否,否
00136b20abe342034b9f97fbb6e028402a90,唐山市丰润区教育局本级唐山市丰润区中小学教室照明设备采购竞争性谈判公告,2026-07-24,河北省,,采购/资审公告,,https://www.ggzy.gov.cn/information/deal/html/a/130000/0201/20260724/00136b20abe342034b9f97fbb6e028402a90.html,工程配套,其他,工程配套,教育局统筹,否,否
00438c3a723e54984d168b7c1a40e148ef7d,新田县2026年提质升级中小学校食堂设施设备（第三次）竞争性谈判公告,2026-07-24,湖南省,,采购/资审公告,,https://www.ggzy.gov.cn/information/deal/html/a/430000/0201/20260724/00438c3a723e54984d168b7c1a40e148ef7d.html,食堂设备,食堂设备,食堂设备,教育局统筹,否,否
0051b9d97b9ee58b403baff551a77241f0ed,宜宾市叙州区柏溪小学校2026年空调采购项目(三次)竞争性谈判公告,2026-07-24,四川省,,采购/资审公告,,https://www.ggzy.gov.cn/information/deal/html/a/510000/0201/20260724/0051b9d97b9ee58b403baff551a77241f0ed.html,工程配套,其他,工程配套,小学,否,否
0013c74feb0ba25e4c96b287f89139d29d44,大城县旺村镇四岳中心小学消防水池建设工程竞争性磋商公告,2026-07-24,河北省,,采购/资审公告,廊坊市公共资源交易中心,https://www.ggzy.gov.cn/information/deal/html/a/130000/0201/20260724/0013c74feb0ba25e4c96b287f89139d29d44.html,校园安防,校园安防,校园安防,小学,否,否
005158e263c0a3624e33a98a1917206c22b2,眉山市东坡区苏南小学多联式空调采购安装项目(三次)竞争性谈判公告,2026-07-24,四川省,,采购/资审公告,,https://www.ggzy.gov.cn/information/deal/html/a/510000/0201/20260724/005158e263c0a3624e33a98a1917206c22b2.html,工程配套,其他,工程配套,小学,否,否
005190c525192f6a4353b7126b8c889d4cf7,眉山市东坡区苏辙小学苏辙小学多联式空调采购安装项目(三次)竞争性谈判公告,2026-07-24,四川省,,采购/资审公告,,https://www.ggzy.gov.cn/information/deal/html/a/510000/0201/20260724/005190c525192f6a4353b7126b8c889d4cf7.html,工程配套,其他,工程配套,小学,否,否
0044959485e67bb14786bd5be4d4ce632ddb,始兴县实验小学校园提质改造项目竞争性磋商公告,2026-07-24,广东省,,采购/资审公告,,https://www.ggzy.gov.cn/information/deal/html/a/440000/0201/20260724/0044959485e67bb14786bd5be4d4ce632ddb.html,校舍维修改造,校舍维修改造,校舍维修改造,小学,否,否
00356d47d86c670a45ffa985699d1975dd9d,晋江市第三实验小学2026年家具采购(四次)竞争性谈判公告,2026-07-24,福建省,,采购/资审公告,泉州市公共资源交易中心,https://www.ggzy.gov.cn/information/deal/html/a/350000/0201/20260724/00356d47d86c670a45ffa985699d1975dd9d.html,课桌椅,课桌椅,课桌椅,小学,否,否
00136e2efa45323a4bc18d567851d25ac035,唐山市雷锋小学路南区义务教育学校护眼灯采购竞争性谈判公告,2026-07-24,河北省,,采购/资审公告,,https://www.ggzy.gov.cn/information/deal/html/a/130000/0201/20260724/00136e2efa45323a4bc18d567851d25ac035.html,工程配套,其他,工程配套,小学,否,否
003532d9893586154c538d94a2e8dbaeca30,泉州师院附属小学台商区分校第二校区功能馆室建设及设备采购竞争性谈判公告,2026-07-24,福建省,,采购/资审公告,泉州市公共资源交易中心,https://www.ggzy.gov.cn/information/deal/html/a/350000/0201/20260724/003532d9893586154c538d94a2e8dbaeca30.html,实验室设备,实验室设备,实验室设备,小学,否,否
0051a3fdd803459e47aa8a54b3e2ee3f7219,仁寿县长平小学2026年新增班级教育设备采购项目（教学一体机）询价公告,2026-07-24,四川省,,采购/资审公告,,https://www.ggzy.gov.cn/information/deal/html/a/510000/0201/20260724/0051a3fdd803459e47aa8a54b3e2ee3f7219.html,智慧黑板,智慧黑板,智慧黑板,小学,是,否
00345301e021405a4eedb1f281ba536e20da,庐江县2026年中小学多媒体教学设备采购公开招标公告,2026-07-24,安徽省,,采购/资审公告,安徽合肥公共资源交易中心电子交易系统,https://www.ggzy.gov.cn/information/deal/html/a/340000/0201/20260724/00345301e021405a4eedb1f281ba536e20da.html,信息化设备,信息化设备,信息化设备;教学仪器,教育局统筹,是,否
00659bb4b560d4aa49f2a6cda1a3f4e90933,中国移动中小学健康护航（疏勒县中小学护眼工程）项目公开招标公告,2026-07-24,新疆维吾尔自治区,,采购/资审公告,新疆维吾尔自治区公共资源交易平台,https://www.ggzy.gov.cn/information/deal/html/a/650000/0201/20260724/00659bb4b560d4aa49f2a6cda1a3f4e90933.html,其他,其他,,教育局统筹,否,否
00526aff6cfdf5a24e38b49106390c66f68a,贵州省2026年秋季学期城乡义务教育阶段小学一年级新生学生字典采购项目（三次）的公开招标公告,2026-07-24,贵州省,,采购/资审公告,贵州省公共资源中心交易平台,https://www.ggzy.gov.cn/information/deal/html/a/520000/0201/20260724/00526aff6cfdf5a24e38b49106390c66f68a.html,其他,其他,,小学,否,否
005169d7e8b897444fde8610902fe14ca728,成都市建设路小学2026-2028年物业服务采购项目招标公告,2026-07-24,四川省,,采购/资审公告,,https://www.ggzy.gov.cn/information/deal/html/a/510000/0201/20260724/005169d7e8b897444fde8610902fe14ca728.html,后勤服务,其他,后勤服务,小学,否,否
00512177478135144e8cbe3f865d1773415e,成都市武侯实验小学物业管理服务采购项目招标公告,2026-07-24,四川省,,采购/资审公告,,https://www.ggzy.gov.cn/information/deal/html/a/510000/0201/20260724/00512177478135144e8cbe3f865d1773415e.html,后勤服务,其他,后勤服务,小学,否,否
005068503018a27849069b5440e079cb1ebb,荷棠小学音视频器材采购(DZQ26A00454)公开招标公告,2026-07-24,重庆市,,采购/资审公告,重庆市公共资源交易服务平台,https://www.ggzy.gov.cn/information/deal/html/a/500000/0201/20260724/005068503018a27849069b5440e079cb1ebb.html,音体美器材,音体美器材,音体美器材,小学,否,否
005422d781e7693240a5b25c38b1ddb9dbd0,当雄县公塘乡小学整体搬迁项目设备采购（二次）采购公告,2026-07-24,西藏自治区,,采购/资审公告,拉萨市市公共资源交易中心,https://www.ggzy.gov.cn/information/deal/html/a/540000/0201/20260724/005422d781e7693240a5b25c38b1ddb9dbd0.html,其他,其他,,小学,否,否
0034b8fb60fb9ab74e22bacf0950d39c8f44,裕安区单王乡单王学校等28所中小学校光环境改造项目竞争性谈判公告,2026-07-24,安徽省,,采购/资审公告,六安市公共资源交易平台电子交易系统,https://www.ggzy.gov.cn/information/deal/html/a/340000/0201/20260724/0034b8fb60fb9ab74e22bacf0950d39c8f44.html,校舍维修改造,校舍维修改造,校舍维修改造,教育局统筹,否,否
0051d92a1ee1164f4e5f82453af7e2ef057f,雅江县教育和体育局雅江县瓦多乡中心小学校绿色校园光伏供电项目招标公告,2026-07-24,四川省,,采购/资审公告,,https://www.ggzy.gov.cn/information/deal/html/a/510000/0201/20260724/0051d92a1ee1164f4e5f82453af7e2ef057f.html,工程配套,其他,工程配套,教育局统筹,否,否
00517bc41acc0e7c4eaeb4ba7024cf75abe3,仁寿县长平小学2026年新增班级教育设备采购项目（学生课桌椅、教室讲桌、教师办公桌）询价公告,2026-07-24,四川省,,采购/资审公告,,https://www.ggzy.gov.cn/information/deal/html/a/510000/0201/20260724/00517bc41acc0e7c4eaeb4ba7024cf75abe3.html,课桌椅,课桌椅,课桌椅,小学,否,否
0051db76b143df1e433286242dcb6d17226a,仁寿县德培小学校2026年新增班级教育设备采购项目（教学一体机）询价公告,2026-07-24,四川省,,采购/资审公告,,https://www.ggzy.gov.cn/information/deal/html/a/510000/0201/20260724/0051db76b143df1e433286242dcb6d17226a.html,智慧黑板,智慧黑板,智慧黑板,小学,是,否
005146c750dc165f4b3b9cfd3c0f1a3f71d8,眉山市东坡区苏南小学保安服务采购竞争性磋商公告,2026-07-24,四川省,,采购/资审公告,,https://www.ggzy.gov.cn/information/deal/html/a/510000/0201/20260724/005146c750dc165f4b3b9cfd3c0f1a3f71d8.html,后勤服务,其他,后勤服务,小学,否,否
00127484e8b466fb4c94bdaa6d9d786e1c3d,天津市津南区教育局机关 天津市津南区咸水沽镇第八小学校舍提升改造项目 (项目编号:SXGP-2026-C-005)竞争性磋商公告,2026-07-24,天津市,,采购/资审公告,天津市公共资源交易平台交易系统,https://www.ggzy.gov.cn/information/deal/html/a/120000/0201/20260724/00127484e8b466fb4c94bdaa6d9d786e1c3d.html,校舍维修改造,校舍维修改造,校舍维修改造,教育局统筹,否,否
00434ebfe30c2f5c45b4be3c4042a2af3634,长沙市望城区教育保障服务中心2026年望城区秋季扩班（含郭亮小学）教学多媒体系统项目招标公告,2026-07-24,湖南省,,采购/资审公告,,https://www.ggzy.gov.cn/information/deal/html/a/430000/0201/20260724/00434ebfe30c2f5c45b4be3c4042a2af3634.html,信息化设备,信息化设备,信息化设备,小学,是,否
0013baa3e837ccb04761a2d579b8b82e9561,景县农村小学营养改善计划服务项目公开招标公告,2026-07-24,河北省,,采购/资审公告,,https://www.ggzy.gov.cn/information/deal/html/a/130000/0201/20260724/0013baa3e837ccb04761a2d579b8b82e9561.html,其他,其他,,小学,否,否
00431f34caad286741f399bb2638931cb13b,长沙市望城区教育保障服务中心2026年望城区秋季扩班（含郭亮小学）空调项目招标公告,2026-07-24,湖南省,,采购/资审公告,,https://www.ggzy.gov.cn/information/deal/html/a/430000/0201/20260724/00431f34caad286741f399bb2638931cb13b.html,工程配套,其他,工程配套,小学,否,否
0053c827cc418da641bb9ef0813632b9cd1d,文山市第十八小学信息化及教学仪器设施设备采购项目公开招标公告,2026-07-24,云南省,,采购/资审公告,,https://www.ggzy.gov.cn/information/deal/html/a/530000/0201/20260724/0053c827cc418da641bb9ef0813632b9cd1d.html,信息化,信息化,信息化;教学仪器,小学,是,否
001121f8ef90e5ce4eb9ad7efe3e259fe087,2026年延庆区中小学机械升降课桌椅购置公开招标公告,2026-07-24,北京,,采购/资审公告,北京市政府采购网,https://www.ggzy.gov.cn/information/deal/html/a/110000/0201/20260724/001121f8ef90e5ce4eb9ad7efe3e259fe087.html,课桌椅,课桌椅,课桌椅,教育局统筹,否,否
00324f8c24a75b0948f3ab509f21228c5cce,苏州工业园区青剑湖小学关于2026年苏州工业园区青剑湖小学教学楼外立面维修项目的竞争性磋商公告,2026-07-24,江苏省,,采购/资审公告,,https://www.ggzy.gov.cn/information/deal/html/a/320000/0201/20260724/00324f8c24a75b0948f3ab509f21228c5cce.html,校舍维修改造,校舍维修改造,校舍维修改造,小学,否,否
0032e9b86e70930942c09fa7315e7f142b28,南通市海门区正余镇人民政府采购中国工农红军南通海门红军小学校园红色环境提升项目采购公告,2026-07-24,江苏省,,采购/资审公告,,https://www.ggzy.gov.cn/information/deal/html/a/320000/0201/20260724/0032e9b86e70930942c09fa7315e7f142b28.html,其他,其他,,小学,否,否
0041a09faca7187f457385cd0ca5608f009e,商丘市第一实验小学星林路校区东院多媒体教学设备采购项目竞争性磋商公告,2026-07-24,河南省,,采购/资审公告,商丘市公共资源交易中心,https://www.ggzy.gov.cn/information/deal/html/a/410000/0201/20260724/0041a09faca7187f457385cd0ca5608f009e.html,信息化设备,信息化设备,信息化设备;教学仪器,小学,是,否
00133ef4c0aabbe548e8a3195c1e93c4a6b3,2026年武强县中小学智慧安防项目公开招标公告,2026-07-24,河北省,,采购/资审公告,,https://www.ggzy.gov.cn/information/deal/html/a/130000/0201/20260724/00133ef4c0aabbe548e8a3195c1e93c4a6b3.html,校园安防,校园安防,校园安防,教育局统筹,否,否
005227fab85173414480bf83c83b758221fe,贵阳市南明区永乐小学运动场地及教学辅助用房维修改造项目采购公告,2026-07-24,贵州省,,采购/资审公告,贵阳市公共资源交易中心,https://www.ggzy.gov.cn/information/deal/html/a/520000/0201/20260724/005227fab85173414480bf83c83b758221fe.html,校舍维修改造,校舍维修改造,校舍维修改造,小学,否,否
0062bd2d96ebef9e433f85c671528acbd450,宁县教育局2026-2027学年度社会购买服务中小学聘用安保服务项目招标公告,2026-07-24,甘肃省,,采购/资审公告,庆阳市公共资源交易平台,https://www.ggzy.gov.cn/information/deal/html/a/620000/0201/20260724/0062bd2d96ebef9e433f85c671528acbd450.html,校园安防,校园安防,校园安防,教育局统筹,否,否
0015e6a7c0c9d7b447e1899abd56e2720c0b,伊金霍洛旗园林绿化中心北京大学附属小学鄂尔多斯分校景观绿化提升工程竞争性磋商公告,2026-07-24,内蒙古自治区,,采购/资审公告,,https://www.ggzy.gov.cn/information/deal/html/a/150000/0201/20260724/0015e6a7c0c9d7b447e1899abd56e2720c0b.html,工程配套,其他,工程配套,小学,否,否
004296a64c2fbce045caaf3b7eb93a694db1,武汉市蔡甸区第五小学蔡甸五小新建综合楼教学设备采购（智慧黑板）竞争性谈判公告,2026-07-24,湖北省,,采购/资审公告,湖北省政府采购网,https://www.ggzy.gov.cn/information/deal/html/a/420000/0201/20260724/004296a64c2fbce045caaf3b7eb93a694db1.html,智慧黑板,智慧黑板,智慧黑板;校舍维修改造;教学仪器,小学,是,否
0022d13c45ba527c493fba256856f1745a8a,吉林前信工程咨询有限公司关于2026年中小学改善办学条件补助资金项目的竞争性磋商公告,2026-07-24,吉林省,,采购/资审公告,松原市公共资源交易中心,https://www.ggzy.gov.cn/information/deal/html/a/220000/0201/20260724/0022d13c45ba527c493fba256856f1745a8a.html,后勤服务,其他,后勤服务,教育局统筹,否,否
001520ee7d66761f4d7383da539dfc8741e1,鄂尔多斯市康巴什区第四小学康巴什区第四小学教学楼外墙维修改造项目竞争性磋商公告,2026-07-24,内蒙古自治区,,采购/资审公告,,https://www.ggzy.gov.cn/information/deal/html/a/150000/0201/20260724/001520ee7d66761f4d7383da539dfc8741e1.html,校舍维修改造,校舍维修改造,校舍维修改造,小学,否,否
0053838582d26c0649d18878d123dbf6a58b,石屏县异龙镇松村小学运动场、篮球场及附属设施建设项目采购竞争性磋商公告,2026-07-24,云南省,,采购/资审公告,,https://www.ggzy.gov.cn/information/deal/html/a/530000/0201/20260724/0053838582d26c0649d18878d123dbf6a58b.html,校舍维修改造,校舍维修改造,校舍维修改造;工程配套,小学,否,否
00513bee4cb54fc54180b9f25f952cc66022,成都市锦城北湖小学校2026年办公木质设备采购项目竞争性谈判公告,2026-07-24,四川省,,采购/资审公告,,https://www.ggzy.gov.cn/information/deal/html/a/510000/0201/20260724/00513bee4cb54fc54180b9f25f952cc66022.html,其他,其他,,小学,否,否
0015ad6c352372b74808822f82503b28dc57,准格尔旗薛家湾第九小学薛家湾第九小学体育馆屋顶维修和更换地板以及雨水管道等应急维修竞争性磋商公告,2026-07-24,内蒙古自治区,,采购/资审公告,,https://www.ggzy.gov.cn/information/deal/html/a/150000/0201/20260724/0015ad6c352372b74808822f82503b28dc57.html,校舍维修改造,校舍维修改造,校舍维修改造,小学,否,否
00153e1b318f501a4cb7aa8f84d88837005f,准格尔旗大路第一小学大路第一小学宿舍床铺及储物柜采购项目询价公告,2026-07-24,内蒙古自治区,,采购/资审公告,,https://www.ggzy.gov.cn/information/deal/html/a/150000/0201/20260724/00153e1b318f501a4cb7aa8f84d88837005f.html,其他,其他,,小学,否,否
001563779580104e407e9c8b1d1b9faa0b33,鄂尔多斯市康巴什区实验小学实验小学采购教师餐厅、教室改造工程竞争性磋商公告,2026-07-24,内蒙古自治区,,采购/资审公告,,https://www.ggzy.gov.cn/information/deal/html/a/150000/0201/20260724/001563779580104e407e9c8b1d1b9faa0b33.html,校舍维修改造,校舍维修改造,校舍维修改造;食堂设备,小学,否,否
003482e3f412c65c486da7d8b7b756f26e84,黄山市徽州区岩寺小学科技创新教室设备采购项目询价公告,2026-07-24,安徽省,,采购/资审公告,黄山市公共资源交易平台电子交易系统,https://www.ggzy.gov.cn/information/deal/html/a/340000/0201/20260724/003482e3f412c65c486da7d8b7b756f26e84.html,信息化设备,信息化设备,信息化设备,小学,是,否
0032799790033e67464097a5dcbe9661a248,南京市北京东路小学多功能报告厅改造项目采购公告(二),2026-07-24,江苏省,,采购/资审公告,,https://www.ggzy.gov.cn/information/deal/html/a/320000/0201/20260724/0032799790033e67464097a5dcbe9661a248.html,校舍维修改造,校舍维修改造,校舍维修改造,小学,否,否
0032637540971d0046348115bf84fcb1bd66,南京市小营小学四楼报告厅出新项目采购公告(二),2026-07-24,江苏省,,采购/资审公告,,https://www.ggzy.gov.cn/information/deal/html/a/320000/0201/20260724/0032637540971d0046348115bf84fcb1bd66.html,其他,其他,,小学,否,否
00355ac2927220c44959b01a50748c8b9c2b,2026年宁德市中小学名师名校长工作室暑期高端研修项目竞争性磋商公告,2026-07-24,福建省,,采购/资审公告,宁德市公共资源交易中心,https://www.ggzy.gov.cn/information/deal/html/a/350000/0201/20260724/00355ac2927220c44959b01a50748c8b9c2b.html,教研,教研,教研,教育局统筹,是,否
0043ee6e283f81834aff95ef4e3b56e8c67b,冷水滩区菱角山小学新建食堂项目竞争性磋商公告,2026-07-24,湖南省,,采购/资审公告,,https://www.ggzy.gov.cn/information/deal/html/a/430000/0201/20260724/0043ee6e283f81834aff95ef4e3b56e8c67b.html,校舍维修改造,校舍维修改造,校舍维修改造;食堂设备,小学,否,否
003455a6c4b53da146bab7436ec03ff417af,亳州市丹华小学运动场及附属设施改造项目竞争性磋商公告,2026-07-24,安徽省,,采购/资审公告,亳州市公共资源交易平台电子交易系统,https://www.ggzy.gov.cn/information/deal/html/a/340000/0201/20260724/003455a6c4b53da146bab7436ec03ff417af.html,校舍维修改造,校舍维修改造,校舍维修改造,小学,否,否
0041df72d87e2cc1412fabb756cad840202a,南阳市官庄工区华源餐饮管理有限公司官庄工区2026-2027年中小学校园阳光餐饮食材供应商入围项目-公开招标公告,2026-07-24,河南省,,采购/资审公告,,https://www.ggzy.gov.cn/information/deal/html/a/410000/0201/20260724/0041df72d87e2cc1412fabb756cad840202a.html,后勤服务,其他,后勤服务,教育局统筹,否,否
0014c66bc6d9654a4c3cb9b117404bdc1674,新绛县北张镇人民政府竞争性磋商北张镇西庄村北环路、小学路道路基础设施提升的采购公告,2026-07-24,山西省,,采购/资审公告,,https://www.ggzy.gov.cn/information/deal/html/a/140000/0201/20260724/0014c66bc6d9654a4c3cb9b117404bdc1674.html,其他,其他,,小学,否,否
0015d14feeb9db384af39759ff4c3871ef26,鄂尔多斯市东胜区第三小学智慧校园建设维修改造工程(二次)竞争性磋商公告,2026-07-24,内蒙古自治区,,采购/资审公告,,https://www.ggzy.gov.cn/information/deal/html/a/150000/0201/20260724/0015d14feeb9db384af39759ff4c3871ef26.html,智慧校园,智慧校园,智慧校园;校舍维修改造,小学,是,否
00377fd1ee2abfc641f6b76e722827e0c476,石臼小学操场建设工程竞争性磋商公告,2026-07-24,山东省,,采购/资审公告,日照市公共资源电子交易平台,https://www.ggzy.gov.cn/information/deal/html/a/370000/0201/20260724/00377fd1ee2abfc641f6b76e722827e0c476.html,校舍维修改造,校舍维修改造,校舍维修改造,小学,否,否
003243e1159f0ece47e985bfe4863591bbf5,盐城市新景路小学2026年物业服务项目采购公告,2026-07-24,江苏省,,采购/资审公告,,https://www.ggzy.gov.cn/information/deal/html/a/320000/0201/20260724/003243e1159f0ece47e985bfe4863591bbf5.html,后勤服务,其他,后勤服务,小学,否,否
0032698365345d53416580937c92579efe5e,江苏省锡山高级中学实验学校第二小学物业服务项目采购公告,2026-07-24,江苏省,,采购/资审公告,,https://www.ggzy.gov.cn/information/deal/html/a/320000/0201/20260724/0032698365345d53416580937c92579efe5e.html,后勤服务,其他,后勤服务,高中,否,否
0032eb1e26f4e63c441a84ae6c1c673cc468,盐城市青年路小学2026年物业服务项目采购公告,2026-07-24,江苏省,,采购/资审公告,,https://www.ggzy.gov.cn/information/deal/html/a/320000/0201/20260724/0032eb1e26f4e63c441a84ae6c1c673cc468.html,后勤服务,其他,后勤服务,小学,否,否
0032d494fb0ddb304870b8f3e50ec8d6ad91,盐城市大丰区部分中小学2025至2026学年度校服集中采购项目采购公告,2026-07-24,江苏省,,采购/资审公告,,https://www.ggzy.gov.cn/information/deal/html/a/320000/0201/20260724/0032d494fb0ddb304870b8f3e50ec8d6ad91.html,校服,校服,校服,教育局统筹,否,否
0033e3a2b05e7dee45038aa0faf421dfb58f,浙江汇界工程咨询有限公司关于衢州市衢江区实验小学体育健身器材等采购项目的公开招标公告,2026-07-24,浙江省,,采购/资审公告,衢州市公共资源交易网,https://www.ggzy.gov.cn/information/deal/html/a/330000/0201/20260724/0033e3a2b05e7dee45038aa0faf421dfb58f.html,音体美器材,音体美器材,音体美器材;后勤服务,小学,否,否
002291606f3be59f43b590f95e292c3184ed,吉林省万众工程项目管理有限公司关于靖宇县杨靖宇小学食堂改造项目的竞争性磋商公告,2026-07-24,吉林省,,采购/资审公告,白山电子招投标交易平台,https://www.ggzy.gov.cn/information/deal/html/a/220000/0201/20260724/002291606f3be59f43b590f95e292c3184ed.html,校舍维修改造,校舍维修改造,校舍维修改造;食堂设备,小学,否,否
0011f18045109d974739b4c1244c23d8832d,中国农业科学院附属小学体检服务采购项目公开招标公告,2026-07-24,北京,,采购/资审公告,北京市政府采购网,https://www.ggzy.gov.cn/information/deal/html/a/110000/0201/20260724/0011f18045109d974739b4c1244c23d8832d.html,后勤服务,其他,后勤服务,小学,否,否
0011d61db12c320c4270aa6850800c57e0b9,北京邮电大学附属小学[ID44068]2026年食堂硬件提升项目其他食品加工设备采购项目公开招标公告,2026-07-24,北京,,采购/资审公告,北京市政府采购网,https://www.ggzy.gov.cn/information/deal/html/a/110000/0201/20260724/0011d61db12c320c4270aa6850800c57e0b9.html,食堂设备,食堂设备,食堂设备,小学,否,否
0051a5f510e507934d59a5b1692aa6d39b93,越西县逸夫小学校越西县2026年中小学校学生课桌椅采购项目询价公告,2026-07-24,四川省,,采购/资审公告,,https://www.ggzy.gov.cn/information/deal/html/a/510000/0201/20260724/0051a5f510e507934d59a5b1692aa6d39b93.html,课桌椅,课桌椅,课桌椅,教育局统筹,否,否
0013b4229414f7164e6cb280bc449d0ee7cf,清河县县直奥城小学智慧校园建设工程公开招标公告,2026-07-24,河北省,,采购/资审公告,邢台市公共资源交易中心,https://www.ggzy.gov.cn/information/deal/html/a/130000/0201/20260724/0013b4229414f7164e6cb280bc449d0ee7cf.html,智慧校园,智慧校园,智慧校园,小学,是,否
00613349addb1ca84329b7c3583be1db380d,汉阴县平梁镇中心小学教共体 （牵头单位）2026-2028 学年食堂原辅食材（蔬菜、干货、调味品等）采购项目采购公告,2026-07-24,陕西省,,采购/资审公告,全国公共资源交易平台（陕西省·安康市）电子交易系统,https://www.ggzy.gov.cn/information/deal/html/a/610000/0201/20260724/00613349addb1ca84329b7c3583be1db380d.html,食堂设备,食堂设备,食堂设备;后勤服务,小学,否,否
001572a6830fc4de4a4388aea2d8db7fce74,乌海市乌达区教育局乌达区中小学校智慧安防提升改造项目招标公告,2026-07-24,内蒙古自治区,,采购/资审公告,,https://www.ggzy.gov.cn/information/deal/html/a/150000/0201/20260724/001572a6830fc4de4a4388aea2d8db7fce74.html,校舍维修改造,校舍维修改造,校舍维修改造;校园安防,教育局统筹,否,否
0050005c6b29648343beba7c46bd35978f3b,荷棠小学音体美等器材采购(DZQ26A00455)公开招标公告,2026-07-24,重庆市,,采购/资审公告,重庆市公共资源交易服务平台,https://www.ggzy.gov.cn/information/deal/html/a/500000/0201/20260724/0050005c6b29648343beba7c46bd35978f3b.html,音体美器材,音体美器材,音体美器材,小学,否,否
00334bdf5bf2cee64b1599847a8ef1b3a7e5,浙江卓宏建设项目管理有限公司关于柯城区航埠镇中心小学2026-2027学年食堂劳务外包采购项目的公开招标公告,2026-07-24,浙江省,,采购/资审公告,衢州市公共资源交易网,https://www.ggzy.gov.cn/information/deal/html/a/330000/0201/20260724/00334bdf5bf2cee64b1599847a8ef1b3a7e5.html,食堂设备,食堂设备,食堂设备;后勤服务,小学,否,否
0045d28e9fcaf133400b9f76d44a8eff5ca9,广西成文招标代理有限公司关于新建防城区城北小学图书采购的竞争性谈判公告,2026-07-24,广西壮族自治区,,采购/资审公告,广西壮族自治区公共资源电子交易系统,https://www.ggzy.gov.cn/information/deal/html/a/450000/0201/20260724/0045d28e9fcaf133400b9f76d44a8eff5ca9.html,校舍维修改造,校舍维修改造,校舍维修改造;图书,小学,否,否
006197d054f499d44990b6fed75346c6b378,宝鸡市金台区逸夫小学（石油初中）校舍提升改造项目采购公告,2026-07-24,陕西省,,采购/资审公告,全国公共资源交易平台（陕西省）,https://www.ggzy.gov.cn/information/deal/html/a/610000/0201/20260724/006197d054f499d44990b6fed75346c6b378.html,校舍维修改造,校舍维修改造,校舍维修改造,初中,否,否
0033b100d396a466409ab686265a807a7f8f,宁波市国际招标有限公司关于宁波高新区新明中心小学（宁波高新区外国语学校分校）食堂用工服务项目的公开招标公告,2026-07-24,浙江省,,采购/资审公告,宁波市公共资源交易网,https://www.ggzy.gov.cn/information/deal/html/a/330000/0201/20260724/0033b100d396a466409ab686265a807a7f8f.html,食堂设备,食堂设备,食堂设备,小学,否,否
00335d729c41221a4bc9bff82fec34b8961a,台州市黄岩区政府采购中心关于2026年黄岩区小学（数学、科学、美术）学具采购项目的公开招标公告,2026-07-24,浙江省,,采购/资审公告,台州市公共资源交易网,https://www.ggzy.gov.cn/information/deal/html/a/330000/0201/20260724/00335d729c41221a4bc9bff82fec34b8961a.html,其他,其他,,小学,否,否
00610db104507b124a2dac12082703ffbb96,汉阴县第三小学草桥校区综合楼建设项目采购公告,2026-07-24,陕西省,,采购/资审公告,全国公共资源交易平台（陕西省·安康市）电子交易系统,https://www.ggzy.gov.cn/information/deal/html/a/610000/0201/20260724/00610db104507b124a2dac12082703ffbb96.html,其他,其他,,小学,否,否
0033c8ea5b133bda44da87c3daf88a234a6a,杭州瑞拓工程咨询有限公司关于凤凰小学2026年食堂设备采购项目的公开招标公告,2026-07-24,浙江省,,采购/资审公告,杭州市公共资源交易网,https://www.ggzy.gov.cn/information/deal/html/a/330000/0201/20260724/0033c8ea5b133bda44da87c3daf88a234a6a.html,食堂设备,食堂设备,食堂设备;后勤服务,小学,否,否
0061e75d42e162844f909d6767372b44e70c,宝鸡市金台区蟠龙镇中心小学消防改造项目采购公告,2026-07-24,陕西省,,采购/资审公告,全国公共资源交易平台（陕西省）,https://www.ggzy.gov.cn/information/deal/html/a/610000/0201/20260724/0061e75d42e162844f909d6767372b44e70c.html,校舍维修改造,校舍维修改造,校舍维修改造;校园安防,小学,否,否
0033cf277da9bd354e2991b60fe72c664525,松阳县公共资源交易中心关于2026年松阳县育英实验小学物业管理服务采购项目的公开招标公告,2026-07-24,浙江省,,采购/资审公告,丽水市公共资源交易网,https://www.ggzy.gov.cn/information/deal/html/a/330000/0201/20260724/0033cf277da9bd354e2991b60fe72c664525.html,后勤服务,其他,后勤服务,小学,否,否
00330d0da7c659cb49019b11b0a737861bdc,江山惠捷信息技术咨询有限公司关于江山市文苑小学食堂劳务服务外包采购项目的公开招标公告,2026-07-24,浙江省,,采购/资审公告,衢州市公共资源交易网,https://www.ggzy.gov.cn/information/deal/html/a/330000/0201/20260724/00330d0da7c659cb49019b11b0a737861bdc.html,食堂设备,食堂设备,食堂设备;后勤服务,小学,否,否
0036d997d9450b524d838b75fb3a102ab022,南昌市政府采购中心关于南昌市中小学生综合实践教育学校物业管理采购项目（2026年8-12月）（项目编号：NCZFCG2026-0078）电子化政府采购竞争性磋商公告,2026-07-24,江西省,,采购/资审公告,南昌市公共资源交易中心,https://www.ggzy.gov.cn/information/deal/html/a/360000/0201/20260724/0036d997d9450b524d838b75fb3a102ab022.html,后勤服务,其他,后勤服务,教育局统筹,否,否
00363e1e19fc6b814f0693b26409a08e3b20,江西共创招标代理有限公司关于燕子山小学信息化设备采购项目(项目编号:XGC-2026-042-1)询价采购公告,2026-07-24,江西省,,采购/资审公告,新余市公共资源交易中心,https://www.ggzy.gov.cn/information/deal/html/a/360000/0201/20260724/00363e1e19fc6b814f0693b26409a08e3b20.html,信息化,信息化,信息化,小学,是,否
0021d9e40d4bba9f42feb2822ac17ec66f52,沈阳市大东区善邻路第二小学采购师生餐饮服务（第二次）招标公告,2026-07-24,辽宁省,,采购/资审公告,辽宁政府采购网,https://www.ggzy.gov.cn/information/deal/html/a/210000/0201/20260724/0021d9e40d4bba9f42feb2822ac17ec66f52.html,后勤服务,其他,后勤服务,小学,否,否
0021bbb30961caa145468df17a43d6d053ef,毛祁中心小学教学楼换窗及暖气改造工程竞争性磋商公告,2026-07-24,辽宁省,,采购/资审公告,辽宁政府采购网,https://www.ggzy.gov.cn/information/deal/html/a/210000/0201/20260724/0021bbb30961caa145468df17a43d6d053ef.html,校舍维修改造,校舍维修改造,校舍维修改造,小学,否,否
0021bb5fa85ca2cf4acb9f7c53b20c6375f9,朝阳市双塔区珠江路小学200米运动场维修工程竞争性磋商公告,2026-07-24,辽宁省,,采购/资审公告,辽宁政府采购网,https://www.ggzy.gov.cn/information/deal/html/a/210000/0201/20260724/0021bb5fa85ca2cf4acb9f7c53b20c6375f9.html,校舍维修改造,校舍维修改造,校舍维修改造,小学,否,否
002173bab59d9e0d4b308e75d2ed1066adba,兴城市南一小学2026年保安配备服务竞争性磋商公告,2026-07-24,辽宁省,,采购/资审公告,辽宁政府采购网,https://www.ggzy.gov.cn/information/deal/html/a/210000/0201/20260724/002173bab59d9e0d4b308e75d2ed1066adba.html,后勤服务,其他,后勤服务,小学,否,否
00214ea4309c8d65466eb54a08643c5e35d1,昌图县实验小学校舍维修改造项目竞争性磋商公告,2026-07-24,辽宁省,,采购/资审公告,辽宁政府采购网,https://www.ggzy.gov.cn/information/deal/html/a/210000/0201/20260724/00214ea4309c8d65466eb54a08643c5e35d1.html,校舍维修改造,校舍维修改造,校舍维修改造,小学,否,否
00210e0e3ddd5de44036a65b6c2b575f434e,建平县第七小学消防给水管网及水池建设项目（第二次）竞争性磋商公告,2026-07-24,辽宁省,,采购/资审公告,辽宁政府采购网,https://www.ggzy.gov.cn/information/deal/html/a/210000/0201/20260724/00210e0e3ddd5de44036a65b6c2b575f434e.html,校园安防,校园安防,校园安防,小学,否,否
0013ba13b87b755e4762ab8cb01d21b65d0a,汤河乡中心小学教育技术装备采购,2026-07-24,河北省,,采购/资审公告,,https://www.ggzy.gov.cn/information/deal/html/a/130000/0201/20260724/0013ba13b87b755e4762ab8cb01d21b65d0a.html,其他,其他,,小学,否,否
0021b5cefdf0e5064ebba9a50a1c50f15fb8,沈阳市大东区二0二小学采购师生餐饮服务（第二次）招标公告,2026-07-24,辽宁省,,采购/资审公告,辽宁政府采购网,https://www.ggzy.gov.cn/information/deal/html/a/210000/0201/20260724/0021b5cefdf0e5064ebba9a50a1c50f15fb8.html,后勤服务,其他,后勤服务,小学,否,否
00211557c3aa24cd4c5d93e38c62d4658b8f,建平县第二小学消防给水管网及水池建设项目（第二次）竞争性磋商公告,2026-07-24,辽宁省,,采购/资审公告,辽宁政府采购网,https://www.ggzy.gov.cn/information/deal/html/a/210000/0201/20260724/00211557c3aa24cd4c5d93e38c62d4658b8f.html,校园安防,校园安防,校园安防,小学,否,否
0015adbc8a39e9b9436abb4c828e68e7bbce,林西县教育局林西县第四小学功能教室建设项目询价公告,2026-07-23,内蒙古自治区,,采购/资审公告,,https://www.ggzy.gov.cn/information/deal/html/a/150000/0201/20260723/0015adbc8a39e9b9436abb4c828e68e7bbce.html,其他,其他,,教育局统筹,否,否
0064f67dafeea1734b8399ec4592f713c9d7,2026年吴忠市教育局“国培计划”中小学教师培训项目二标段（重新招标）项目招标公告,2026-07-23,宁夏回族自治区,,采购/资审公告,宁夏公共资源交易服务平台,https://www.ggzy.gov.cn/information/deal/html/a/640000/0201/20260723/0064f67dafeea1734b8399ec4592f713c9d7.html,培训,培训,培训,教育局统筹,是,否
00517c08d81eb0eb4de8b3cf3fd5dcbfbc4d,四川天府新区云龙路小学教学专用家具招标公告,2026-07-23,四川省,,采购/资审公告,,https://www.ggzy.gov.cn/information/deal/html/a/510000/0201/20260723/00517c08d81eb0eb4de8b3cf3fd5dcbfbc4d.html,课桌椅,课桌椅,课桌椅,小学,否,否
0035eff5e94954e44ac3bbd752b959ca413e,荔城区实验学校(小学部)设施设备采购项目公开招标招标公告,2026-07-23,福建省,,采购/资审公告,莆田市行政服务中心,https://www.ggzy.gov.cn/information/deal/html/a/350000/0201/20260723/0035eff5e94954e44ac3bbd752b959ca413e.html,其他,其他,,小学,否,否
0065f9d43e154ff0489bb34792f53dd57da1,2026年巴州和硕县中小学校舍焕新工程竞争性谈判公告,2026-07-23,新疆维吾尔自治区,,采购/资审公告,新疆维吾尔自治区公共资源交易平台,https://www.ggzy.gov.cn/information/deal/html/a/650000/0201/20260723/0065f9d43e154ff0489bb34792f53dd57da1.html,校舍维修改造,校舍维修改造,校舍维修改造,教育局统筹,否,否
00410c949366e5d843869ebeb52da227393b,汝州市教育体育局城区内12所小学午餐供应采购项目招标公告,2026-07-23,河南省,,采购/资审公告,,https://www.ggzy.gov.cn/information/deal/html/a/410000/0201/20260723/00410c949366e5d843869ebeb52da227393b.html,其他,其他,,教育局统筹,否,否
0065fc2c07a7492c4bf39bf422cb0767bfa2,乌鲁木齐市第三十小学学生桌椅采购项目公开招标公告,2026-07-23,新疆维吾尔自治区,,采购/资审公告,新疆维吾尔自治区公共资源交易平台,https://www.ggzy.gov.cn/information/deal/html/a/650000/0201/20260723/0065fc2c07a7492c4bf39bf422cb0767bfa2.html,课桌椅,课桌椅,课桌椅,小学,否,否
001515728ba9c63e49248432162c617c85bb,察哈尔右翼前旗黄旗海小学办公家具、学生课桌椅等采购项目招标公告,2026-07-23,内蒙古自治区,,采购/资审公告,,https://www.ggzy.gov.cn/information/deal/html/a/150000/0201/20260723/001515728ba9c63e49248432162c617c85bb.html,课桌椅,课桌椅,课桌椅,小学,否,否
0065189e7b666bbf4d348444296b8928157e,柴窝堡小学创客教育建设项目公开招标公告,2026-07-23,新疆维吾尔自治区,,采购/资审公告,新疆维吾尔自治区公共资源交易平台,https://www.ggzy.gov.cn/information/deal/html/a/650000/0201/20260723/0065189e7b666bbf4d348444296b8928157e.html,信息化设备,信息化设备,信息化设备,小学,是,否
002226ace302da6d47368808a9aa152390cb,吉林省添圆项目管理有限公司关于2026年浑江区实验小学操场改造的竞争性磋商公告,2026-07-23,吉林省,,采购/资审公告,白山电子招投标交易平台,https://www.ggzy.gov.cn/information/deal/html/a/220000/0201/20260723/002226ace302da6d47368808a9aa152390cb.html,校舍维修改造,校舍维修改造,校舍维修改造,小学,否,否
00444240d3efde5247f8990ff41c38f389cf,深圳市宝安区中小学生综合实践活动教育基地新建工程空调及其他空调和配件采购（A）招标公告,2026-07-23,广东省,,采购/资审公告,,https://www.ggzy.gov.cn/information/deal/html/a/440000/0201/20260723/00444240d3efde5247f8990ff41c38f389cf.html,校舍维修改造,校舍维修改造,校舍维修改造;工程配套,教育局统筹,否,否
0042a56089ba7f464e4bab8bce39bb33c0c8,郧西县学校后勤服务中心郧西县教育局2026年采购中小学后勤设施设备（洗浴设备）公开招标公告,2026-07-23,湖北省,,采购/资审公告,湖北省政府采购网,https://www.ggzy.gov.cn/information/deal/html/a/420000/0201/20260723/0042a56089ba7f464e4bab8bce39bb33c0c8.html,后勤服务,其他,后勤服务,教育局统筹,否,否
001133bc03d616fb453d962664f3e5a6446c,北京市房山区良乡小学主校区学校大门口及四周围墙加固、地面维修、教学楼墙砖地砖修复项目竞争性磋商公告,2026-07-23,北京,,采购/资审公告,北京市政府采购网,https://www.ggzy.gov.cn/information/deal/html/a/110000/0201/20260723/001133bc03d616fb453d962664f3e5a6446c.html,校舍维修改造,校舍维修改造,校舍维修改造,小学,否,否
00468ae6f7bb01e140259a952d5f3e983eed,文昌市龙马中心小学运动场改造项目竞争性磋商公告,2026-07-23,海南省,,采购/资审公告,,https://www.ggzy.gov.cn/information/deal/html/a/460000/0201/20260723/00468ae6f7bb01e140259a952d5f3e983eed.html,校舍维修改造,校舍维修改造,校舍维修改造,小学,否,否
001185610eb5ee8f4ba19e0a1b09207c692e,北京市通州区中小学校办学装备提升项目（包5：升降课桌椅）公开招标公告,2026-07-23,北京,,采购/资审公告,北京市政府采购网,https://www.ggzy.gov.cn/information/deal/html/a/110000/0201/20260723/001185610eb5ee8f4ba19e0a1b09207c692e.html,课桌椅,课桌椅,课桌椅,教育局统筹,否,否
0011ee5c352c79e84291abcf4f3f15253cfa,北京市通州区中小学校办学装备提升项目（包6：午休课桌椅一、包7：午休课桌椅二、包8：午休课桌椅三、包9：午休课桌椅四）公开招标公告,2026-07-23,北京,,采购/资审公告,北京市政府采购网,https://www.ggzy.gov.cn/information/deal/html/a/110000/0201/20260723/0011ee5c352c79e84291abcf4f3f15253cfa.html,课桌椅,课桌椅,课桌椅,教育局统筹,否,否
0037777fb52118d44769949451a1b99ff8f9,曲阜市鲁城街道孔子中学民族小学1号教学楼维修加固工程采购项目竞争性磋商公告,2026-07-23,山东省,,采购/资审公告,济宁市公共资源交易服务平台,https://www.ggzy.gov.cn/information/deal/html/a/370000/0201/20260723/0037777fb52118d44769949451a1b99ff8f9.html,校舍维修改造,校舍维修改造,校舍维修改造,小学,否,否
00373802534b7c1c429786973c38c32adb3c,曲阜市鲁城街道孔子中学田家炳小学2号教学楼维修加固工程采购项目竞争性磋商公告,2026-07-23,山东省,,采购/资审公告,济宁市公共资源交易服务平台,https://www.ggzy.gov.cn/information/deal/html/a/370000/0201/20260723/00373802534b7c1c429786973c38c32adb3c.html,校舍维修改造,校舍维修改造,校舍维修改造,小学,否,否
0034c61267c6860f416499018ac35a516b85,旌德县高铁新区小学录播教室设备采购及安装询价公告,2026-07-23,安徽省,,采购/资审公告,宣城市公共资源交易平台电子交易系统,https://www.ggzy.gov.cn/information/deal/html/a/340000/0201/20260723/0034c61267c6860f416499018ac35a516b85.html,信息化设备,信息化设备,信息化设备,小学,是,否
0043e656dc9f1324472fbcb7ccaa3ada0359,衡阳市珠晖区泉溪村小学珠晖区泉溪村小学北教学楼加固改造项目竞争性磋商公告,2026-07-23,湖南省,,采购/资审公告,,https://www.ggzy.gov.cn/information/deal/html/a/430000/0201/20260723/0043e656dc9f1324472fbcb7ccaa3ada0359.html,校舍维修改造,校舍维修改造,校舍维修改造,小学,否,否
00461678b6a43ba74e3cb7874a1f3562034c,海口市中小学心理健康教育基础环境建设项目(二次)公开招标招标公告,2026-07-23,海南省,,采购/资审公告,,https://www.ggzy.gov.cn/information/deal/html/a/460000/0201/20260723/00461678b6a43ba74e3cb7874a1f3562034c.html,其他,其他,,教育局统筹,否,否
00153b6af630a24d41bca5d0a3f3cffc2a23,鄂尔多斯市康巴什区第五小学卫生间改造工程教学楼一二层竞争性磋商公告,2026-07-23,内蒙古自治区,,采购/资审公告,,https://www.ggzy.gov.cn/information/deal/html/a/150000/0201/20260723/00153b6af630a24d41bca5d0a3f3cffc2a23.html,校舍维修改造,校舍维修改造,校舍维修改造,小学,否,否
0051099e2e58662347cfb09b5c1073a7276d,武胜县街子小学校学生午休桌椅和教师讲台采购项目询价公告,2026-07-23,四川省,,采购/资审公告,,https://www.ggzy.gov.cn/information/deal/html/a/510000/0201/20260723/0051099e2e58662347cfb09b5c1073a7276d.html,课桌椅,课桌椅,课桌椅,小学,否,否
00420151b83c10fc49649111ebfa7045ea1f,武汉市黄陂区六指街道六指小学教学楼维修改造项目竞争性磋商公告,2026-07-23,湖北省,,采购/资审公告,湖北省政府采购网,https://www.ggzy.gov.cn/information/deal/html/a/420000/0201/20260723/00420151b83c10fc49649111ebfa7045ea1f.html,校舍维修改造,校舍维修改造,校舍维修改造,小学,否,否
00621a0c56e65f504b7c9ea9e1e14da3469a,天祝县2026年中小学教师培训项目招标公告.html,2026-07-23,甘肃省,,采购/资审公告,武威市公共资源交易平台,https://www.ggzy.gov.cn/information/deal/html/a/620000/0201/20260723/00621a0c56e65f504b7c9ea9e1e14da3469a.html,培训,培训,培训,教育局统筹,是,否
00379979dbd6692748f6b342ba902fc778fb,临沂中小学生综合实践基地2026-2027年学校安全保卫服务项目采购公告,2026-07-23,山东省,,采购/资审公告,临沂市公共资源电子交易系统,https://www.ggzy.gov.cn/information/deal/html/a/370000/0201/20260723/00379979dbd6692748f6b342ba902fc778fb.html,其他,其他,,教育局统筹,否,否
00522d3432da204c4f539775124a5069fe26,兴义市丰都街道办事处丰都中心小学维修改造项目,2026-07-23,贵州省,,采购/资审公告,黔西南州公共资源交易中心,https://www.ggzy.gov.cn/information/deal/html/a/520000/0201/20260723/00522d3432da204c4f539775124a5069fe26.html,校舍维修改造,校舍维修改造,校舍维修改造,小学,否,否
0011daf0dc39232247a7a2d072a4219205fc,北京市通州区西集镇中心小学（肖林小学）2026年围墙修缮项目竞争性磋商公告,2026-07-23,北京,,采购/资审公告,北京市政府采购网,https://www.ggzy.gov.cn/information/deal/html/a/110000/0201/20260723/0011daf0dc39232247a7a2d072a4219205fc.html,校舍维修改造,校舍维修改造,校舍维修改造,小学,否,否
0035e0a3dea79dd74c3b8b34d51cdac81d26,上杭县实验小学3号楼公共区域风貌提升项目竞争性磋商公告,2026-07-23,福建省,,采购/资审公告,龙岩市公共资源交易中心,https://www.ggzy.gov.cn/information/deal/html/a/350000/0201/20260723/0035e0a3dea79dd74c3b8b34d51cdac81d26.html,其他,其他,,小学,否,否
0051242a847a4fd24f748e57c222d88e35a9,理县教育和体育局2026年理县中小学生赴浙江省交流学习活动竞争性磋商公告,2026-07-23,四川省,,采购/资审公告,,https://www.ggzy.gov.cn/information/deal/html/a/510000/0201/20260723/0051242a847a4fd24f748e57c222d88e35a9.html,其他,其他,,教育局统筹,否,否
0011baf3c68a79be4314b81b3b714f64e753,北京市通州区张家湾镇中心小学2026围墙修缮项目竞争性磋商公告,2026-07-23,北京,,采购/资审公告,北京市政府采购网,https://www.ggzy.gov.cn/information/deal/html/a/110000/0201/20260723/0011baf3c68a79be4314b81b3b714f64e753.html,校舍维修改造,校舍维修改造,校舍维修改造,小学,否,否
001116d3b08a68974c4494b96b1c9fd22362,北京市通州区贡院小学2026年围墙修缮项目竞争性磋商公告,2026-07-23,北京,,采购/资审公告,北京市政府采购网,https://www.ggzy.gov.cn/information/deal/html/a/110000/0201/20260723/001116d3b08a68974c4494b96b1c9fd22362.html,校舍维修改造,校舍维修改造,校舍维修改造,小学,否,否
0031d0221d7a2fd24207996403c2082908bd,2026学年长宁区西片区小学四年级学生游泳教学服务项目的竞争性磋商公告,2026-07-23,上海市,,采购/资审公告,上海政府采购网,https://www.ggzy.gov.cn/information/deal/html/a/310000/0201/20260723/0031d0221d7a2fd24207996403c2082908bd.html,其他,其他,,小学,否,否
003416063d5957e34c69a52bcc5475645dc0,固镇县第五小学教育集团物业管理服务项目竞争性磋商公告,2026-07-23,安徽省,,采购/资审公告,蚌埠市公共资源交易平台电子交易系统,https://www.ggzy.gov.cn/information/deal/html/a/340000/0201/20260723/003416063d5957e34c69a52bcc5475645dc0.html,后勤服务,其他,后勤服务,小学,否,否
0032809566ffdc8e4dc5b004e125425b29b0,连云港师范学院第三附属小学2026年暑期维修改造采购公告,2026-07-23,江苏省,,采购/资审公告,,https://www.ggzy.gov.cn/information/deal/html/a/320000/0201/20260723/0032809566ffdc8e4dc5b004e125425b29b0.html,校舍维修改造,校舍维修改造,校舍维修改造,小学,否,否
0051baa6d8d0e136448299efa09d04a43015,广元市利州区七一宝轮小学食堂原材料采购竞争性磋商公告,2026-07-23,四川省,,采购/资审公告,,https://www.ggzy.gov.cn/information/deal/html/a/510000/0201/20260723/0051baa6d8d0e136448299efa09d04a43015.html,食堂设备,食堂设备,食堂设备,小学,否,否
00631d1c8af3450441e0bf7a229269d0faee,贵德县河东寄宿制学校维修改造和河东乡王屯小学食堂扩建项目竞争性磋商公告,2026-07-23,青海省,,采购/资审公告,青海省公共资源交易网,https://www.ggzy.gov.cn/information/deal/html/a/630000/0201/20260723/00631d1c8af3450441e0bf7a229269d0faee.html,校舍维修改造,校舍维修改造,校舍维修改造;食堂设备,小学,否,否
003500ccddd182644cc9a501aad029fc0aec,惠安县实验小学触控一体机等设备采购项目公开招标招标公告,2026-07-23,福建省,,采购/资审公告,泉州市公共资源交易中心,https://www.ggzy.gov.cn/information/deal/html/a/350000/0201/20260723/003500ccddd182644cc9a501aad029fc0aec.html,大屏,大屏,大屏,小学,是,否
0035a33ccb0a47874d0e93b8c1ea6cd9954d,莆田市秀屿区东庄中心小学物业管理服务采购项目竞争性磋商公告,2026-07-23,福建省,,采购/资审公告,莆田市行政服务中心,https://www.ggzy.gov.cn/information/deal/html/a/350000/0201/20260723/0035a33ccb0a47874d0e93b8c1ea6cd9954d.html,后勤服务,其他,后勤服务,小学,否,否
0032562bf499613440659743eddafd1e6914,常熟市星城小学关于常熟市星城小学菜梯采购项目的询价公告,2026-07-23,江苏省,,采购/资审公告,,https://www.ggzy.gov.cn/information/deal/html/a/320000/0201/20260723/0032562bf499613440659743eddafd1e6914.html,其他,其他,,小学,否,否
001361847b6d79454078aebf08db69fe654e,石家庄市中山西路小学校园维修工程竞争性磋商公告,2026-07-23,河北省,,采购/资审公告,石家庄公共资源交易网,https://www.ggzy.gov.cn/information/deal/html/a/130000/0201/20260723/001361847b6d79454078aebf08db69fe654e.html,校舍维修改造,校舍维修改造,校舍维修改造,小学,否,否
00373fe9578bd029483da2a03004a2f9210e,涛雒镇中心小学滨海湾校区草坪、篮球场和栈子校区田径场修缮工程项目竞争性磋商公告,2026-07-23,山东省,,采购/资审公告,日照市公共资源电子交易平台,https://www.ggzy.gov.cn/information/deal/html/a/370000/0201/20260723/00373fe9578bd029483da2a03004a2f9210e.html,校舍维修改造,校舍维修改造,校舍维修改造;工程配套,小学,否,否
0054345a0438b809479bba3823ac50c41218,昌都市第一小学新建综合楼配备相关设备采购公告,2026-07-23,西藏自治区,,采购/资审公告,,https://www.ggzy.gov.cn/information/deal/html/a/540000/0201/20260723/0054345a0438b809479bba3823ac50c41218.html,校舍维修改造,校舍维修改造,校舍维修改造,小学,否,否
00518917dbac13e041309b224dc4022f2de6,越西县越城镇西城中学越西县2025年中小学校学生课桌椅采购项目招标公告,2026-07-23,四川省,,采购/资审公告,,https://www.ggzy.gov.cn/information/deal/html/a/510000/0201/20260723/00518917dbac13e041309b224dc4022f2de6.html,课桌椅,课桌椅,课桌椅,教育局统筹,否,否
0051d8a73555ab9d4631b600cd2fc9392baa,成都高新区西芯小学2026年西芯小学物业采购项目（新采）招标公告,2026-07-23,四川省,,采购/资审公告,,https://www.ggzy.gov.cn/information/deal/html/a/510000/0201/20260723/0051d8a73555ab9d4631b600cd2fc9392baa.html,后勤服务,其他,后勤服务,小学,否,否
0013067c12634110409098f03c71e2a32c95,深州市农村小学生营养改善计划采购项目（二次）公开招标公告,2026-07-23,河北省,,采购/资审公告,,https://www.ggzy.gov.cn/information/deal/html/a/130000/0201/20260723/0013067c12634110409098f03c71e2a32c95.html,其他,其他,,小学,否,否
0043e9205de6da4349ab8edb241592b9379d,湘中幼专附属小学食堂食材采购项目公开招标公告,2026-07-23,湖南省,,采购/资审公告,,https://www.ggzy.gov.cn/information/deal/html/a/430000/0201/20260723/0043e9205de6da4349ab8edb241592b9379d.html,食堂设备,食堂设备,食堂设备;后勤服务,小学,否,否
00343c732addee2f4e6fa7bf4edb02b0635e,怀远县2026年怀远县实验小学功能室及图书馆采购等项目第2包(三次)竞争性谈判公告,2026-07-23,安徽省,,采购/资审公告,蚌埠市公共资源交易平台电子交易系统,https://www.ggzy.gov.cn/information/deal/html/a/340000/0201/20260723/00343c732addee2f4e6fa7bf4edb02b0635e.html,实验室设备,实验室设备,实验室设备;图书,小学,否,否
0041586df7d30cc44364887e16380e273068,唐河县郭滩镇中心学校唐河县郭滩镇第一小学教学楼等工程改造项目-竞争性磋商公告,2026-07-23,河南省,,采购/资审公告,,https://www.ggzy.gov.cn/information/deal/html/a/410000/0201/20260723/0041586df7d30cc44364887e16380e273068.html,校舍维修改造,校舍维修改造,校舍维修改造,小学,否,否
00412fc58e75eff84a42b44315b512a2a5d5,漯河市源汇区双龙小学双龙小学校舍改造项目-竞争性磋商公告,2026-07-23,河南省,,采购/资审公告,漯河市公共资源交易中心,https://www.ggzy.gov.cn/information/deal/html/a/410000/0201/20260723/00412fc58e75eff84a42b44315b512a2a5d5.html,校舍维修改造,校舍维修改造,校舍维修改造,小学,否,否
0051730e3b56acbf48618b037f50796e6c2a,宜宾三江新区第一实验小学校中华民族一家亲主题活动阵地建设竞争性磋商公告,2026-07-23,四川省,,采购/资审公告,,https://www.ggzy.gov.cn/information/deal/html/a/510000/0201/20260723/0051730e3b56acbf48618b037f50796e6c2a.html,其他,其他,,小学,否,否
0022230397e18be34cf0a02b5dc263b4ee3a,中恒一信项目管理咨询有限公司关于吉林市第二实验小学科学实验室设备的竞争性磋商公告,2026-07-23,吉林省,,采购/资审公告,吉林市公共资源交易网上招投标系统,https://www.ggzy.gov.cn/information/deal/html/a/220000/0201/20260723/0022230397e18be34cf0a02b5dc263b4ee3a.html,实验室设备,实验室设备,实验室设备;后勤服务,小学,否,否
0011777d9b918e7844d4803007e45333f24c,北京市通州区中小学校办学装备提升（目录内集采）项目公开招标公告,2026-07-23,北京,,采购/资审公告,北京市政府采购网,https://www.ggzy.gov.cn/information/deal/html/a/110000/0201/20260723/0011777d9b918e7844d4803007e45333f24c.html,其他,其他,,教育局统筹,否,否
001107c37fb0d68e4bc798c1abbedaa966b4,北京市通州区马头小学2026年围墙修缮项目竞争性磋商公告,2026-07-23,北京,,采购/资审公告,北京市政府采购网,https://www.ggzy.gov.cn/information/deal/html/a/110000/0201/20260723/001107c37fb0d68e4bc798c1abbedaa966b4.html,校舍维修改造,校舍维修改造,校舍维修改造,小学,否,否
0042ba34b045e646437780b275a757c1be73,红安县朝阳小学食堂设备采购项目竞争性磋商公告,2026-07-23,湖北省,,采购/资审公告,湖北省政府采购网,https://www.ggzy.gov.cn/information/deal/html/a/420000/0201/20260723/0042ba34b045e646437780b275a757c1be73.html,食堂设备,食堂设备,食堂设备,小学,否,否
0043ac4c9efc63bb463cb34dbf3521121052,龙山县第六小学信息化设备采购项目,2026-07-23,湖南省,,采购/资审公告,,https://www.ggzy.gov.cn/information/deal/html/a/430000/0201/20260723/0043ac4c9efc63bb463cb34dbf3521121052.html,信息化,信息化,信息化,小学,是,否
0022a802cc753ba3408aad5931363d933f83,吉林省嘉垚项目管理有限公司关于长春市绿园区雷锋小学食堂改造项目的竞争性磋商公告,2026-07-23,吉林省,,采购/资审公告,长春市公共资源交易中心(新),https://www.ggzy.gov.cn/information/deal/html/a/220000/0201/20260723/0022a802cc753ba3408aad5931363d933f83.html,校舍维修改造,校舍维修改造,校舍维修改造;食堂设备,小学,否,否
00225e2e8d9920f04ba3a49db16545732f78,吉林省嘉垚项目管理有限公司关于长春市绿园区迎宾路小学食堂改扩建工程项目（迎宾路小学、四季青小学、新营小学）的竞争性磋商公告,2026-07-23,吉林省,,采购/资审公告,长春市公共资源交易中心(新),https://www.ggzy.gov.cn/information/deal/html/a/220000/0201/20260723/00225e2e8d9920f04ba3a49db16545732f78.html,校舍维修改造,校舍维修改造,校舍维修改造;食堂设备,小学,否,否
00350ea0649081904feb87e678a709d79e9d,漳浦县第二实验小学（漳浦道周中学明诚校区）学生桌椅、办公桌椅和讲台采购项目竞争性谈判公告,2026-07-23,福建省,,采购/资审公告,漳州市公共资源交易中心,https://www.ggzy.gov.cn/information/deal/html/a/350000/0201/20260723/00350ea0649081904feb87e678a709d79e9d.html,课桌椅,课桌椅,课桌椅,小学,否,否
004167973f0d84094267b68467a1ff195408,辉县市城内小学教学楼及厕所加固项目-竞争性谈判公告,2026-07-23,河南省,,采购/资审公告,,https://www.ggzy.gov.cn/information/deal/html/a/410000/0201/20260723/004167973f0d84094267b68467a1ff195408.html,其他,其他,,小学,否,否
005119ef6e81a25b4093986db4bf07ea518d,自贡市自流井区塘坎上小学校教室空调采购竞争性谈判公告,2026-07-23,四川省,,采购/资审公告,,https://www.ggzy.gov.cn/information/deal/html/a/510000/0201/20260723/005119ef6e81a25b4093986db4bf07ea518d.html,工程配套,其他,工程配套,小学,否,否
005116d0a529a5314c818177416c66ecaaf8,成都市盐道街小学光环境改造采购项目招标公告,2026-07-23,四川省,,采购/资审公告,,https://www.ggzy.gov.cn/information/deal/html/a/510000/0201/20260723/005116d0a529a5314c818177416c66ecaaf8.html,校舍维修改造,校舍维修改造,校舍维修改造,小学,否,否
006217423a49e3ac43d983c0eef402496f17,礼县实验小学操场草坪铺置工程,2026-07-23,甘肃省,,采购/资审公告,陇南市公共资源交易平台,https://www.ggzy.gov.cn/information/deal/html/a/620000/0201/20260723/006217423a49e3ac43d983c0eef402496f17.html,校舍维修改造,校舍维修改造,校舍维修改造;工程配套,小学,否,否
00644c6f83b1b99b4de6b160a4c16134d7e7,吴忠市利通区第十七小学功能室设备采购项目招标公告,2026-07-23,宁夏回族自治区,,采购/资审公告,宁夏公共资源交易服务平台,https://www.ggzy.gov.cn/information/deal/html/a/640000/0201/20260723/00644c6f83b1b99b4de6b160a4c16134d7e7.html,实验室设备,实验室设备,实验室设备,小学,否,否
00119473f7c3a9534e26a0d8a70615a7e2e3,平谷区中小学校办学装备提升项目交互式触控一体机购置（第一包）、平谷区中小学校办学装备提升项目交互式触控一体机购置（第二包）、平谷区中小学校办学装备提升项目交互式触控一体机购置（第三包）公开招标公告,2026-07-23,北京,,采购/资审公告,北京市政府采购网,https://www.ggzy.gov.cn/information/deal/html/a/110000/0201/20260723/00119473f7c3a9534e26a0d8a70615a7e2e3.html,大屏,大屏,大屏,教育局统筹,是,否
0041d35499ca40704836a88ca22fef3d9a87,光山县第六完全小学食堂食材采购配送项目-公开招标公告,2026-07-23,河南省,,采购/资审公告,,https://www.ggzy.gov.cn/information/deal/html/a/410000/0201/20260723/0041d35499ca40704836a88ca22fef3d9a87.html,食堂设备,食堂设备,食堂设备;后勤服务,小学,否,否
00157272f9c3ba22409084ce88bf6ae2558b,内蒙古大学附属小学供暖设备维修及卫生间改造项目竞争性磋商公告,2026-07-23,内蒙古自治区,,采购/资审公告,,https://www.ggzy.gov.cn/information/deal/html/a/150000/0201/20260723/00157272f9c3ba22409084ce88bf6ae2558b.html,校舍维修改造,校舍维修改造,校舍维修改造,小学,否,否
00422a3d92a4c7d14cd88150c7369698d86c,荆州市沙市区教育信息化与装备保障中心沙市区2026年中小学课桌椅采购项目询价公告,2026-07-23,湖北省,,采购/资审公告,湖北省政府采购网,https://www.ggzy.gov.cn/information/deal/html/a/420000/0201/20260723/00422a3d92a4c7d14cd88150c7369698d86c.html,信息化,信息化,信息化;课桌椅,教育局统筹,是,否
003394abd375562e41eb8c2c0a8b36fe239b,嘉兴市银建工程咨询评估有限公司关于易地新建斜桥镇庆云中心小学项目―厨房设备采购、安装（重新发布）的公开招标公告,2026-07-23,浙江省,,采购/资审公告,嘉兴市公共资源交易网,https://www.ggzy.gov.cn/information/deal/html/a/330000/0201/20260723/003394abd375562e41eb8c2c0a8b36fe239b.html,校舍维修改造,校舍维修改造,校舍维修改造;食堂设备;后勤服务,小学,否,否
0011d0a67544c5634ca38c173e93cb1dfd31,平谷区中小学校办学装备提升项目-设备采购-04包：实验室设备购置公开招标公告,2026-07-23,北京,,采购/资审公告,北京市政府采购网,https://www.ggzy.gov.cn/information/deal/html/a/110000/0201/20260723/0011d0a67544c5634ca38c173e93cb1dfd31.html,实验室设备,实验室设备,实验室设备,教育局统筹,否,否
00612f3a3dc5de8947ee9d182112fd6e30a7,延安市新区第一小学 食堂服务采购项目采购公告,2026-07-23,陕西省,,采购/资审公告,全国公共资源交易平台（陕西省）,https://www.ggzy.gov.cn/information/deal/html/a/610000/0201/20260723/00612f3a3dc5de8947ee9d182112fd6e30a7.html,食堂设备,食堂设备,食堂设备,小学,否,否
003324ef4926a66a4ef9afe31963f64281b9,浙江衢州公信工程管理有限公司关于衢州市柯城区大成小学2026、2027学年食堂劳务外包服务采购项目的公开招标公告,2026-07-23,浙江省,,采购/资审公告,衢州市公共资源交易网,https://www.ggzy.gov.cn/information/deal/html/a/330000/0201/20260723/003324ef4926a66a4ef9afe31963f64281b9.html,食堂设备,食堂设备,食堂设备;后勤服务,小学,否,否
0061c8e4bee832f643a494bb2f111b3ee1ba,汉阴第二小学教育集团2026-2028学年度营养餐计划食材采购项目采购公告,2026-07-23,陕西省,,采购/资审公告,全国公共资源交易平台（陕西省·安康市）电子交易系统,https://www.ggzy.gov.cn/information/deal/html/a/610000/0201/20260723/0061c8e4bee832f643a494bb2f111b3ee1ba.html,后勤服务,其他,后勤服务,小学,否,否
00613536158e384743909b8716623b7c3432,杨凌高新第四小学原停车场改造篮球场项目竞争性磋商公告,2026-07-23,陕西省,,采购/资审公告,,https://www.ggzy.gov.cn/information/deal/html/a/610000/0201/20260723/00613536158e384743909b8716623b7c3432.html,校舍维修改造,校舍维修改造,校舍维修改造;工程配套,小学,否,否
006101786c77af64413c855877b4bf7579f3,镇坪县曾家镇小学信息化设备采购项目采购公告,2026-07-23,陕西省,,采购/资审公告,全国公共资源交易平台（陕西省·安康市）电子交易系统,https://www.ggzy.gov.cn/information/deal/html/a/610000/0201/20260723/006101786c77af64413c855877b4bf7579f3.html,信息化,信息化,信息化,小学,是,否
00410de4ef0be6b24ae3bb52e416180ea15a,郑州市管城回族区创新街小学北校区改扩建项目补充设计项目-竞争性磋商公告,2026-07-23,河南省,,采购/资审公告,,https://www.ggzy.gov.cn/information/deal/html/a/410000/0201/20260723/00410de4ef0be6b24ae3bb52e416180ea15a.html,校舍维修改造,校舍维修改造,校舍维修改造,小学,否,否
0061423458732bb54521b6d4939194ce57fa,杨凌高新第四小学劳技教室设备采购项目竞争性磋商公告,2026-07-23,陕西省,,采购/资审公告,,https://www.ggzy.gov.cn/information/deal/html/a/610000/0201/20260723/0061423458732bb54521b6d4939194ce57fa.html,其他,其他,,小学,否,否
0036fa7124b494684d54ad9599d24112472f,江西省机电设备招标有限公司关于南昌市万溪王华霖小学课桌椅及办公家具采购项目（项目编号：JXTC2026010471）询价公告,2026-07-23,江西省,,采购/资审公告,南昌市公共资源交易中心,https://www.ggzy.gov.cn/information/deal/html/a/360000/0201/20260723/0036fa7124b494684d54ad9599d24112472f.html,课桌椅,课桌椅,课桌椅,小学,否,否
0036c91c729fe7c34c64a1e817bd4af6fdc9,九江新亿招标咨询有限公司关于2026年滨兴小学弱电设备采购项目（招标编号：JJXYZBZX-2026-016） 竞争性谈判采购公告,2026-07-23,江西省,,采购/资审公告,九江市公共资源交易中心,https://www.ggzy.gov.cn/information/deal/html/a/360000/0201/20260723/0036c91c729fe7c34c64a1e817bd4af6fdc9.html,后勤服务,其他,后勤服务,小学,否,否
00369f4d00edd2af4f3dae349f2b0bfcc665,法正项目管理集团有限公司关于宁都县梅江小学教学及办公设备（项目编号：FZ2026-ND-ZC0401-1 ）的竞争性磋商公告,2026-07-23,江西省,,采购/资审公告,赣州市公共资源交易中心,https://www.ggzy.gov.cn/information/deal/html/a/360000/0201/20260723/00369f4d00edd2af4f3dae349f2b0bfcc665.html,其他,其他,,小学,否,否
00369a7bd497897a4a6eb04c4d31ee2ec5c9,南昌县教体局2026年振兴路小学等校课桌椅学生床采购项目,2026-07-23,江西省,,采购/资审公告,南昌市公共资源交易中心,https://www.ggzy.gov.cn/information/deal/html/a/360000/0201/20260723/00369a7bd497897a4a6eb04c4d31ee2ec5c9.html,课桌椅,课桌椅,课桌椅,教育局统筹,否,否
003674149c2cb09447fc962c8dd57aa90b2f,江西橙乡工程管理有限公司关于江西省信丰县安西镇中心小学信丰县安西镇中心小学办学条件提升改造工程（项目编号：JXCX2026-XF-C016）的竞争性磋商公告（不见面开标）,2026-07-23,江西省,,采购/资审公告,赣州市公共资源交易中心,https://www.ggzy.gov.cn/information/deal/html/a/360000/0201/20260723/003674149c2cb09447fc962c8dd57aa90b2f.html,校舍维修改造,校舍维修改造,校舍维修改造,小学,否,否
0036136cd51d3cd94867a48e6452e0124ee1,上栗县金山镇中心小学水花行动民生实事项目,2026-07-23,江西省,,采购/资审公告,萍乡市公共资源交易中心,https://www.ggzy.gov.cn/information/deal/html/a/360000/0201/20260723/0036136cd51d3cd94867a48e6452e0124ee1.html,其他,其他,,小学,否,否
0021e974c7baba764300a4238f822685bcb6,腾飞小学操场翻建工程竞争性磋商公告,2026-07-23,辽宁省,,采购/资审公告,辽宁政府采购网,https://www.ggzy.gov.cn/information/deal/html/a/210000/0201/20260723/0021e974c7baba764300a4238f822685bcb6.html,校舍维修改造,校舍维修改造,校舍维修改造,小学,否,否
0021231a178bab814530833844478b2a9619,2026年喀左县十二德堡镇中心小学义务教育薄弱环节改善与能力提升项目竞争性磋商公告,2026-07-23,辽宁省,,采购/资审公告,辽宁政府采购网,https://www.ggzy.gov.cn/information/deal/html/a/210000/0201/20260723/0021231a178bab814530833844478b2a9619.html,其他,其他,,小学,否,否
001433ab7797edf642efa6730a57c75140d6,2026年运城市义务教育中小学招生报名服务平台建设项目的采购公告,2026-07-23,山西省,,采购/资审公告,,https://www.ggzy.gov.cn/information/deal/html/a/140000/0201/20260723/001433ab7797edf642efa6730a57c75140d6.html,其他,其他,,教育局统筹,否,否
0014a8cdf489c68141c28243f13e5e903119,凤祥小学教学楼、实验楼消防专项整治改造项目的采购公告,2026-07-22,山西省,,采购/资审公告,,https://www.ggzy.gov.cn/information/deal/html/a/140000/0201/20260722/0014a8cdf489c68141c28243f13e5e903119.html,校舍维修改造,校舍维修改造,校舍维修改造;校园安防,小学,否,否
00630e8607b95d53448091751f4bcb79a118,青海正硕工程管理有限公司关于久治县民族寄宿制小学校园安全项目的竞争性磋商公告,2026-07-22,青海省,,采购/资审公告,青海省公共资源交易网,https://www.ggzy.gov.cn/information/deal/html/a/630000/0201/20260722/00630e8607b95d53448091751f4bcb79a118.html,其他,其他,,小学,否,否
0053cff3d1856edf4465a75b051f633bddf5,云南赛林工程管理咨询有限公司关于广南县城区第一小学校建设项目设备采购的公开招标公告,2026-07-22,云南省,,采购/资审公告,,https://www.ggzy.gov.cn/information/deal/html/a/530000/0201/20260722/0053cff3d1856edf4465a75b051f633bddf5.html,后勤服务,其他,后勤服务,小学,否,否
001594bfe5a865f641ddb582fefd489dd2a4,察哈尔右翼前旗黄旗海小学黄旗海小学AI教师教学互动终端建设项目（原意向触控一体机）招标公告,2026-07-22,内蒙古自治区,,采购/资审公告,,https://www.ggzy.gov.cn/information/deal/html/a/150000/0201/20260722/001594bfe5a865f641ddb582fefd489dd2a4.html,人工智能,人工智能,人工智能;大屏,小学,是,否
004239bb17fddbca4cd9a5f94002186d2425,黄石市下陆区中小学校食堂大宗食材集中采购项目封闭式框架协议征集公告,2026-07-22,湖北省,,采购/资审公告,湖北省政府采购网,https://www.ggzy.gov.cn/information/deal/html/a/420000/0201/20260722/004239bb17fddbca4cd9a5f94002186d2425.html,食堂设备,食堂设备,食堂设备;后勤服务,教育局统筹,否,否
0043afa43954f55d499fa5026c440698be4d,怀化市铁路第一小学大宗食材采购项目招标公告,2026-07-22,湖南省,,采购/资审公告,,https://www.ggzy.gov.cn/information/deal/html/a/430000/0201/20260722/0043afa43954f55d499fa5026c440698be4d.html,后勤服务,其他,后勤服务,小学,否,否
0062cada180cb8af4da58574dcf9ec0f899d,西峰区董志镇周岭小学卫生间改造项目招标公告,2026-07-22,甘肃省,,采购/资审公告,庆阳市公共资源交易平台,https://www.ggzy.gov.cn/information/deal/html/a/620000/0201/20260722/0062cada180cb8af4da58574dcf9ec0f899d.html,校舍维修改造,校舍维修改造,校舍维修改造,小学,否,否
0062dddf152a54f840eab15c403d90c9c200,西峰区西街小学启智教学楼及水冲厕所维修项目招标公告,2026-07-22,甘肃省,,采购/资审公告,庆阳市公共资源交易平台,https://www.ggzy.gov.cn/information/deal/html/a/620000/0201/20260722/0062dddf152a54f840eab15c403d90c9c200.html,校舍维修改造,校舍维修改造,校舍维修改造,小学,否,否
0013ca3bf7b50d1349feaabb4d84259b0fcc,辛集市实验小学新增变压器项目竞争性磋商公告,2026-07-22,河北省,,采购/资审公告,辛集市公共资源电子交易平台,https://www.ggzy.gov.cn/information/deal/html/a/130000/0201/20260722/0013ca3bf7b50d1349feaabb4d84259b0fcc.html,其他,其他,,小学,否,否
0035ac953cb0ab3843dd9c952ffe0f51da40,永泰县樟城小学中座教学楼加固竞争性磋商公告,2026-07-22,福建省,,采购/资审公告,福州市公共资源交易服务中心,https://www.ggzy.gov.cn/information/deal/html/a/350000/0201/20260722/0035ac953cb0ab3843dd9c952ffe0f51da40.html,其他,其他,,小学,否,否
004171be6605ced742689e7cc29fa78d99c7,【平公资采2026775号】平顶山市卫东区教育体育局卫东区中小学学生课桌凳采购项目-招标[采购]公告,2026-07-22,河南省,,采购/资审公告,平顶山市公共资源交易中心,https://www.ggzy.gov.cn/information/deal/html/a/410000/0201/20260722/004171be6605ced742689e7cc29fa78d99c7.html,课桌椅,课桌椅,课桌椅,教育局统筹,否,否
0053cac6c12975954421b59fd699d0251eb5,腾越中心小学教学设备采购及安装项目公开招标公告,2026-07-22,云南省,,采购/资审公告,,https://www.ggzy.gov.cn/information/deal/html/a/530000/0201/20260722/0053cac6c12975954421b59fd699d0251eb5.html,教学仪器,教学仪器,教学仪器,小学,否,否
00534833bd87dd504d949bc632f20a22c729,腾越镇第一完全小学教学设备采购及安装项目公开招标公告,2026-07-22,云南省,,采购/资审公告,,https://www.ggzy.gov.cn/information/deal/html/a/530000/0201/20260722/00534833bd87dd504d949bc632f20a22c729.html,教学仪器,教学仪器,教学仪器,小学,否,否
00514759665b0c0447d892bb2a0bc05b5ef0,九寨沟县教育局九寨沟县第五小学电缆和围栏采购安装项目招标公告,2026-07-22,四川省,,采购/资审公告,,https://www.ggzy.gov.cn/information/deal/html/a/510000/0201/20260722/00514759665b0c0447d892bb2a0bc05b5ef0.html,其他,其他,,教育局统筹,否,否
0037249ac5b4a7da4724b98cdc29a2ab1eae,菏泽市定陶区中小学校服采购项目招标公告,2026-07-22,山东省,,采购/资审公告,,https://www.ggzy.gov.cn/information/deal/html/a/370000/0201/20260722/0037249ac5b4a7da4724b98cdc29a2ab1eae.html,校服,校服,校服,教育局统筹,否,否
0014b1ab503f28584744b6a38a3d9abebc69,榆社县太星小学校公开招标榆社县太星小学校寄宿制学校改造设施设备采购的采购公告,2026-07-22,山西省,,采购/资审公告,,https://www.ggzy.gov.cn/information/deal/html/a/140000/0201/20260722/0014b1ab503f28584744b6a38a3d9abebc69.html,校舍维修改造,校舍维修改造,校舍维修改造,小学,否,否
0035168dfa61437f4e68ac4bcd407ff74d52,2026-2028学年厦门市海沧区中小学校学生簿册供货资格及服务公开招标招标公告,2026-07-22,福建省,,采购/资审公告,厦门市公共资源交易中心,https://www.ggzy.gov.cn/information/deal/html/a/350000/0201/20260722/0035168dfa61437f4e68ac4bcd407ff74d52.html,其他,其他,,教育局统筹,否,否
00509fe43801d6334d1996716cbad820524a,重庆市万盛田家炳小学新增1250kVA箱变工程(WSQ26A00145)竞争性磋商公告,2026-07-22,重庆市,,采购/资审公告,重庆市公共资源交易服务平台,https://www.ggzy.gov.cn/information/deal/html/a/500000/0201/20260722/00509fe43801d6334d1996716cbad820524a.html,其他,其他,,小学,否,否
0035cef01736a3584d6791ba78d3550fadf2,寿宁县中小学学生作业簿公开招标招标公告,2026-07-22,福建省,,采购/资审公告,宁德市公共资源交易中心,https://www.ggzy.gov.cn/information/deal/html/a/350000/0201/20260722/0035cef01736a3584d6791ba78d3550fadf2.html,其他,其他,,教育局统筹,否,否
0043fd6f4b62c3a94d09ba73b2243878ca2d,蒸湘区二塘小学二塘小学2026秋季-2028春季学年度校车政府采购项目公开招标公告,2026-07-22,湖南省,,采购/资审公告,,https://www.ggzy.gov.cn/information/deal/html/a/430000/0201/20260722/0043fd6f4b62c3a94d09ba73b2243878ca2d.html,后勤服务,其他,后勤服务,小学,否,否
0044742abf27b42e402c95a3cc58a9709d5a,东莞市寮步镇外国语小学消防系统改造工程竞争性磋商公告,2026-07-22,广东省,,采购/资审公告,,https://www.ggzy.gov.cn/information/deal/html/a/440000/0201/20260722/0044742abf27b42e402c95a3cc58a9709d5a.html,校舍维修改造,校舍维修改造,校舍维修改造;校园安防,小学,否,否
005170889bb828f04457ba6deef5d578ed2a,四川省教育科学研究院附属实验小学崇和分校2026年9月-2029年8月物业服务项目招标公告,2026-07-22,四川省,,采购/资审公告,,https://www.ggzy.gov.cn/information/deal/html/a/510000/0201/20260722/005170889bb828f04457ba6deef5d578ed2a.html,后勤服务,其他,后勤服务,小学,否,否
0037ba9998bf9a3346e0806d11bd3a3c9860,沂河新区临沂凤城实验小学操场维修改造项目竞争性磋商公告,2026-07-22,山东省,,采购/资审公告,临沂市公共资源电子交易系统,https://www.ggzy.gov.cn/information/deal/html/a/370000/0201/20260722/0037ba9998bf9a3346e0806d11bd3a3c9860.html,校舍维修改造,校舍维修改造,校舍维修改造,小学,否,否
00357bd670cbf5aa4db2a5de012710b48fcb,晋江市第八实验小学大山后校区综合楼及宿舍楼智能化项目公开招标招标公告,2026-07-22,福建省,,采购/资审公告,泉州市公共资源交易中心,https://www.ggzy.gov.cn/information/deal/html/a/350000/0201/20260722/00357bd670cbf5aa4db2a5de012710b48fcb.html,其他,其他,,小学,否,否
0015f3504374e53b4570a7d39cfaaf62e006,准格尔旗沙圪堵第二小学校园广场地面楼体外立面排污管道水箱修缮工程(二次)竞争性磋商公告,2026-07-22,内蒙古自治区,,采购/资审公告,,https://www.ggzy.gov.cn/information/deal/html/a/150000/0201/20260722/0015f3504374e53b4570a7d39cfaaf62e006.html,校舍维修改造,校舍维修改造,校舍维修改造,小学,否,否
00519cceac6841fe4ac98dd0bd0b01e346d3,四川天府新区元音小学校物业管理服务采购项目招标公告,2026-07-22,四川省,,采购/资审公告,,https://www.ggzy.gov.cn/information/deal/html/a/510000/0201/20260722/00519cceac6841fe4ac98dd0bd0b01e346d3.html,后勤服务,其他,后勤服务,小学,否,否
0013918bff18c18c4697889a3bd641c6a116,抚宁区骊城第二小学食堂改扩建工程竞争性磋商公告,2026-07-22,河北省,,采购/资审公告,秦皇岛市公共资源交易网,https://www.ggzy.gov.cn/information/deal/html/a/130000/0201/20260722/0013918bff18c18c4697889a3bd641c6a116.html,校舍维修改造,校舍维修改造,校舍维修改造;食堂设备,小学,否,否
005191aa9709ade442d5ac93354d335742db,古蔺县教育和体育局古蔺县中小学2026年秋期至2027年春期学生作业本采购项目询价公告,2026-07-22,四川省,,采购/资审公告,,https://www.ggzy.gov.cn/information/deal/html/a/510000/0201/20260722/005191aa9709ade442d5ac93354d335742db.html,其他,其他,,教育局统筹,否,否
0045373005888bab4b2d8435df9cf1e7a77b,广西盛兰达项目管理咨询有限公司 河池市金城江区2022年城区教育攻坚项目——金城江区第十五小学教育功能室、图书及生活设施设备采购（GXSLDG20261001-HC）公开招标公告,2026-07-22,广西壮族自治区,,采购/资审公告,河池市公共资源交易中心,https://www.ggzy.gov.cn/information/deal/html/a/450000/0201/20260722/0045373005888bab4b2d8435df9cf1e7a77b.html,实验室设备,实验室设备,实验室设备;图书;后勤服务,小学,否,否
005217aaf7aa3d7a43eab5efdf1fbb01921b,大方县文惠实验小学校舍维修改造建设项目采购公告,2026-07-22,贵州省,,采购/资审公告,毕节市公共资源交易中心,https://www.ggzy.gov.cn/information/deal/html/a/520000/0201/20260722/005217aaf7aa3d7a43eab5efdf1fbb01921b.html,校舍维修改造,校舍维修改造,校舍维修改造,小学,否,否
0051213d5b96fbe44b338c657a89e3d01733,叙永县教育和体育局2026年东西部协作叙永县中小学干部教师交流培训采购项目竞争性磋商公告,2026-07-22,四川省,,采购/资审公告,,https://www.ggzy.gov.cn/information/deal/html/a/510000/0201/20260722/0051213d5b96fbe44b338c657a89e3d01733.html,培训,培训,培训,教育局统筹,是,否
001123292c03d16e44ccbf7788f7b35fdc47,[ID44068]2026年食堂硬件提升项目（北京市海淀区中关村第一小学西二旗分校）公开招标公告,2026-07-22,北京,,采购/资审公告,北京市政府采购网,https://www.ggzy.gov.cn/information/deal/html/a/110000/0201/20260722/001123292c03d16e44ccbf7788f7b35fdc47.html,食堂设备,食堂设备,食堂设备,小学,否,否
0034b076459d2f7549f4ab6f29fa02f530bd,合肥市师范附属小学（含南校区、北校区、紫云山校区及上海路小学）物业服务采购竞争性磋商公告,2026-07-22,安徽省,,采购/资审公告,安徽合肥公共资源交易中心电子交易系统,https://www.ggzy.gov.cn/information/deal/html/a/340000/0201/20260722/0034b076459d2f7549f4ab6f29fa02f530bd.html,后勤服务,其他,后勤服务,小学,否,否
0052bfce3a793a3a41449c9af181440450d3,大方县东关乡实验小学校舍维修改造建设项目采购公告,2026-07-22,贵州省,,采购/资审公告,毕节市公共资源交易中心,https://www.ggzy.gov.cn/information/deal/html/a/520000/0201/20260722/0052bfce3a793a3a41449c9af181440450d3.html,校舍维修改造,校舍维修改造,校舍维修改造,小学,否,否
00153f7b1faaff78429ebda420b7b65e7c9d,呼和浩特市回民区中山西路小学操场维修项目竞争性磋商公告,2026-07-22,内蒙古自治区,,采购/资审公告,,https://www.ggzy.gov.cn/information/deal/html/a/150000/0201/20260722/00153f7b1faaff78429ebda420b7b65e7c9d.html,校舍维修改造,校舍维修改造,校舍维修改造,小学,否,否
0051bb3c2e95c20d49f9a1879b4c4caa2347,成都高新区公园小学2026年午休课桌椅采购项目招标公告,2026-07-22,四川省,,采购/资审公告,,https://www.ggzy.gov.cn/information/deal/html/a/510000/0201/20260722/0051bb3c2e95c20d49f9a1879b4c4caa2347.html,课桌椅,课桌椅,课桌椅,小学,否,否
0013d3ad16dabb4546de949e1e3bde82991f,唐山市路北区教育局本级唐山市路北区教育局中小学智慧黑板采购竞争性谈判公告,2026-07-22,河北省,,采购/资审公告,,https://www.ggzy.gov.cn/information/deal/html/a/130000/0201/20260722/0013d3ad16dabb4546de949e1e3bde82991f.html,智慧黑板,智慧黑板,智慧黑板,教育局统筹,是,否
001402df3496a61740d08a8dd8e0a3eacb31,2026年清徐县中小学校车服务项目的采购公告,2026-07-22,山西省,,采购/资审公告,,https://www.ggzy.gov.cn/information/deal/html/a/140000/0201/20260722/001402df3496a61740d08a8dd8e0a3eacb31.html,后勤服务,其他,后勤服务,教育局统筹,否,否
0015ec5df6d4ce4d43e09d41a24adea52ad0,鄂尔多斯市康巴什区第四小学维修改造项目竞争性磋商公告,2026-07-22,内蒙古自治区,,采购/资审公告,,https://www.ggzy.gov.cn/information/deal/html/a/150000/0201/20260722/0015ec5df6d4ce4d43e09d41a24adea52ad0.html,校舍维修改造,校舍维修改造,校舍维修改造,小学,否,否
004533e2942de28b4be7bb0a0f4b9dca196a,河池市金城江区2022年教育攻坚项目--金城江区第十四小学功能室、图书及生活设施设备采购公开招标公告（项目编号：HCZB2026-G1-005-GXDH）,2026-07-22,广西壮族自治区,,采购/资审公告,河池市公共资源交易中心,https://www.ggzy.gov.cn/information/deal/html/a/450000/0201/20260722/004533e2942de28b4be7bb0a0f4b9dca196a.html,实验室设备,实验室设备,实验室设备;图书,小学,否,否
0015238614f48be0482ab8b78711fdab519b,呼和浩特市赛罕区南门外小学多媒体教学设备及教学桌椅电脑设备购置招标公告,2026-07-22,内蒙古自治区,,采购/资审公告,,https://www.ggzy.gov.cn/information/deal/html/a/150000/0201/20260722/0015238614f48be0482ab8b78711fdab519b.html,信息化设备,信息化设备,信息化设备;教学仪器;课桌椅,小学,是,否
00137e984759fb174b30bded32a6223dbd13,秦皇岛市北戴河区教育和体育局北戴河区牛头崖小学等学校操场面层改造竞争性磋商公告,2026-07-22,河北省,,采购/资审公告,秦皇岛市公共资源交易网,https://www.ggzy.gov.cn/information/deal/html/a/130000/0201/20260722/00137e984759fb174b30bded32a6223dbd13.html,校舍维修改造,校舍维修改造,校舍维修改造,教育局统筹,否,否
001371028b987f1640a7b6fce7dd1fa13192,秦皇岛市北戴河区教育和体育局北戴河区育花路小学操场面层更换、外墙保温粉刷工程竞争性磋商公告,2026-07-22,河北省,,采购/资审公告,秦皇岛市公共资源交易网,https://www.ggzy.gov.cn/information/deal/html/a/130000/0201/20260722/001371028b987f1640a7b6fce7dd1fa13192.html,校舍维修改造,校舍维修改造,校舍维修改造,教育局统筹,否,否
00150e8fcfa42d514d5394904e11639af695,乌拉特前旗教育局乌拉特前旗第一小学室内活动室扩建竞争性磋商公告,2026-07-22,内蒙古自治区,,采购/资审公告,,https://www.ggzy.gov.cn/information/deal/html/a/150000/0201/20260722/00150e8fcfa42d514d5394904e11639af695.html,校舍维修改造,校舍维修改造,校舍维修改造,教育局统筹,否,否
0011b367d0e0fe1442eb83ee64d443fcf48e,延庆区2026年度北京市中小学食堂提升项目招标公告,2026-07-22,北京,,采购/资审公告,北京市政府采购网,https://www.ggzy.gov.cn/information/deal/html/a/110000/0201/20260722/0011b367d0e0fe1442eb83ee64d443fcf48e.html,食堂设备,食堂设备,食堂设备,教育局统筹,否,否
001577bbaf063315418088b5e7179cacc90d,呼伦贝尔市扎赉诺尔区旺泉小学阶梯教室与风雨教室外墙保温、粉刷及屋面防水维修项目竞争性磋商公告,2026-07-22,内蒙古自治区,,采购/资审公告,,https://www.ggzy.gov.cn/information/deal/html/a/150000/0201/20260722/001577bbaf063315418088b5e7179cacc90d.html,校舍维修改造,校舍维修改造,校舍维修改造,小学,否,否
006506e6b48fdb9e409d99547e334c088b19,乌鲁木齐市达坂城区东沟乡小学2026年义务教育薄弱环节改善与能力提升项目（包1）（二次）公开招标公告,2026-07-22,新疆维吾尔自治区,,采购/资审公告,新疆维吾尔自治区公共资源交易平台,https://www.ggzy.gov.cn/information/deal/html/a/650000/0201/20260722/006506e6b48fdb9e409d99547e334c088b19.html,其他,其他,,小学,否,否
005294ed14bee6b74c14acebff446b077b0b,威宁自治县农村中小学校设备采购打捆项目采购公告谈判公告,2026-07-22,贵州省,,采购/资审公告,毕节市公共资源交易中心,https://www.ggzy.gov.cn/information/deal/html/a/520000/0201/20260722/005294ed14bee6b74c14acebff446b077b0b.html,其他,其他,,教育局统筹,否,否
0034bf5f236a420c4241bf666cb5d4e8bb3f,夏集镇明德小学、焦岗湖镇王郢学校运动场维修改造项目（一次）竞争性磋商公告,2026-07-22,安徽省,,采购/资审公告,淮南市公共资源交易平台电子交易系统,https://www.ggzy.gov.cn/information/deal/html/a/340000/0201/20260722/0034bf5f236a420c4241bf666cb5d4e8bb3f.html,校舍维修改造,校舍维修改造,校舍维修改造,小学,否,否
00143411b9beb0834cdca1d31f6ccb34c2dc,河津市僧楼镇张吴中心小学维修改造项目的竞争性磋商采购公告,2026-07-22,山西省,,采购/资审公告,,https://www.ggzy.gov.cn/information/deal/html/a/140000/0201/20260722/00143411b9beb0834cdca1d31f6ccb34c2dc.html,校舍维修改造,校舍维修改造,校舍维修改造,小学,否,否
00634bbeea9a047444e498342da85f232d27,杂多县16所小学AI助教机器人采购项目的公开招标公告,2026-07-22,青海省,,采购/资审公告,青海省公共资源交易网,https://www.ggzy.gov.cn/information/deal/html/a/630000/0201/20260722/00634bbeea9a047444e498342da85f232d27.html,人工智能,人工智能,人工智能,小学,是,否
005135807832923840dfb9928c0d89c91a3b,遂宁高新区桃花山小学校桃花山小学校园文化建设竞争性磋商公告,2026-07-22,四川省,,采购/资审公告,,https://www.ggzy.gov.cn/information/deal/html/a/510000/0201/20260722/005135807832923840dfb9928c0d89c91a3b.html,校园文化,其他,校园文化,小学,否,否
0011542387acb93848448f940df963d6b3c7,石景山区银河小学学艺楼综合维修改造工程（配套设备）基础软件 采购项目公开招标公告,2026-07-22,北京,,采购/资审公告,北京市政府采购网,https://www.ggzy.gov.cn/information/deal/html/a/110000/0201/20260722/0011542387acb93848448f940df963d6b3c7.html,校舍维修改造,校舍维修改造,校舍维修改造,小学,否,否
0051e7cb567dbfb34019bbfba1326fc47063,乐山市沙湾小学采购课桌椅、柜及办公家具等设备项目竞争性谈判公告,2026-07-22,四川省,,采购/资审公告,,https://www.ggzy.gov.cn/information/deal/html/a/510000/0201/20260722/0051e7cb567dbfb34019bbfba1326fc47063.html,课桌椅,课桌椅,课桌椅,小学,否,否
00422b7f1bb12a9d4915865de7c2f624872c,恩施市中小学校食堂设备采购及安装项目第二次公告,2026-07-22,湖北省,,采购/资审公告,湖北省政府采购网,https://www.ggzy.gov.cn/information/deal/html/a/420000/0201/20260722/00422b7f1bb12a9d4915865de7c2f624872c.html,食堂设备,食堂设备,食堂设备,教育局统筹,否,否
0062ceaad6dbf024443b96c8e83f15944894,西峰区南街小学西教学楼维修项目招标公告,2026-07-22,甘肃省,,采购/资审公告,庆阳市公共资源交易平台,https://www.ggzy.gov.cn/information/deal/html/a/620000/0201/20260722/0062ceaad6dbf024443b96c8e83f15944894.html,校舍维修改造,校舍维修改造,校舍维修改造,小学,否,否
0035d9e503a98f9f49578a10db78b4d44f60,福州金山小学校园路面改造工程竞争性磋商公告,2026-07-22,福建省,,采购/资审公告,福州市公共资源交易服务中心,https://www.ggzy.gov.cn/information/deal/html/a/350000/0201/20260722/0035d9e503a98f9f49578a10db78b4d44f60.html,校舍维修改造,校舍维修改造,校舍维修改造,小学,否,否
0022bfc498d4873e4f65b89202ccd5778b35,吉林省隆元工程管理咨询有限公司关于安图县第二实验小学校薄弱环节改善与能力提升设备采购项目的询价公告,2026-07-22,吉林省,,采购/资审公告,延边朝鲜族自治州政府采购中心(新),https://www.ggzy.gov.cn/information/deal/html/a/220000/0201/20260722/0022bfc498d4873e4f65b89202ccd5778b35.html,后勤服务,其他,后勤服务,小学,否,否
0022d282dd3c1e754f7297343578e38d4cb9,中高建项目管理有限公司关于敦化市第二实验小学校校园校舍改造工程（二次）的竞争性磋商公告,2026-07-22,吉林省,,采购/资审公告,延边朝鲜族自治州政府采购中心(新),https://www.ggzy.gov.cn/information/deal/html/a/220000/0201/20260722/0022d282dd3c1e754f7297343578e38d4cb9.html,校舍维修改造,校舍维修改造,校舍维修改造,小学,否,否
001132c0892bcbbb46c3b39f9d57566e69f0,[ID44062]北京市海淀区太平路小学配套教育教学设备公开招标公告,2026-07-22,北京,,采购/资审公告,北京市政府采购网,https://www.ggzy.gov.cn/information/deal/html/a/110000/0201/20260722/001132c0892bcbbb46c3b39f9d57566e69f0.html,教学仪器,教学仪器,教学仪器,小学,否,否
0032474cd623c8db4abd9524cc9d377c3ef7,苏州市部分公办中小学校智能核磅秤采购项目采购公告,2026-07-22,江苏省,,采购/资审公告,,https://www.ggzy.gov.cn/information/deal/html/a/320000/0201/20260722/0032474cd623c8db4abd9524cc9d377c3ef7.html,其他,其他,,教育局统筹,否,否
004587cda84d49ea48c8a75f4a154e2de9f2,东兴市江平镇吒祖小学田径运动场,2026-07-22,广西壮族自治区,,采购/资审公告,防城港市电子招标投标系统,https://www.ggzy.gov.cn/information/deal/html/a/450000/0201/20260722/004587cda84d49ea48c8a75f4a154e2de9f2.html,校舍维修改造,校舍维修改造,校舍维修改造,小学,否,否
004186d6eb549bba4c64af0c24ba5bd2848a,延津县塔铺街道中心学校农村中小学校舍安全保障长效机制项目-竞争性谈判公告,2026-07-22,河南省,,采购/资审公告,,https://www.ggzy.gov.cn/information/deal/html/a/410000/0201/20260722/004186d6eb549bba4c64af0c24ba5bd2848a.html,校舍维修改造,校舍维修改造,校舍维修改造,教育局统筹,否,否
0013d190ab9e116746bcbd8238fe54426ddf,石家庄市桥西区振头小学整体迁建改造项目-市政电力接入外线工程竞争性磋商公告,2026-07-22,河北省,,采购/资审公告,石家庄公共资源交易网,https://www.ggzy.gov.cn/information/deal/html/a/130000/0201/20260722/0013d190ab9e116746bcbd8238fe54426ddf.html,校舍维修改造,校舍维修改造,校舍维修改造,小学,否,否
0065213966ccc1334a3bae30aad2dfb8d23e,麦盖提县中小学校园文化建设项目竞争性磋商公告,2026-07-22,新疆维吾尔自治区,,采购/资审公告,新疆维吾尔自治区公共资源交易平台,https://www.ggzy.gov.cn/information/deal/html/a/650000/0201/20260722/0065213966ccc1334a3bae30aad2dfb8d23e.html,校园文化,其他,校园文化,教育局统筹,否,否
0050f6ff8cce755c4050a4bae81ccf0150d7,荷棠小学劳技科技等器材采购(DZQ26A00457)公开招标公告,2026-07-22,重庆市,,采购/资审公告,重庆市公共资源交易服务平台,https://www.ggzy.gov.cn/information/deal/html/a/500000/0201/20260722/0050f6ff8cce755c4050a4bae81ccf0150d7.html,音体美器材,音体美器材,音体美器材,小学,否,否
0051f9e42c8455874083b2f89814065e58d2,宜宾市叙州区北城实验小学叙州区北城实验小学电梯采购项目竞争性谈判公告,2026-07-22,四川省,,采购/资审公告,,https://www.ggzy.gov.cn/information/deal/html/a/510000/0201/20260722/0051f9e42c8455874083b2f89814065e58d2.html,工程配套,其他,工程配套,小学,否,否
0041c0bf8ea78c154fbd85a17c867d0be960,漯河市召陵区万金镇中心小学运动场改造项目-竞争性磋商公告,2026-07-22,河南省,,采购/资审公告,漯河市公共资源交易中心,https://www.ggzy.gov.cn/information/deal/html/a/410000/0201/20260722/0041c0bf8ea78c154fbd85a17c867d0be960.html,校舍维修改造,校舍维修改造,校舍维修改造,小学,否,否
0042460e8f342b2246c195ada09abec0e75f,武汉市育才汉口小学武汉市育才汉口小学地下排污管道改造工程竞争性磋商公告,2026-07-22,湖北省,,采购/资审公告,湖北省政府采购网,https://www.ggzy.gov.cn/information/deal/html/a/420000/0201/20260722/0042460e8f342b2246c195ada09abec0e75f.html,校舍维修改造,校舍维修改造,校舍维修改造,小学,否,否
00424f5934022ec6438a861a940c8626adfc,划子嘴小学扩建项目学生课桌椅、餐桌凳、讲桌设施设备采购竞争性磋商公告,2026-07-22,湖北省,,采购/资审公告,湖北省政府采购网,https://www.ggzy.gov.cn/information/deal/html/a/420000/0201/20260722/00424f5934022ec6438a861a940c8626adfc.html,校舍维修改造,校舍维修改造,校舍维修改造;课桌椅,小学,否,否
0061ba91a863d9d6476a970a054123831c1e,汉滨区培新小学培新小学至善楼消防楼梯建设竞争性磋商公告,2026-07-22,陕西省,,采购/资审公告,全国公共资源交易平台（陕西省·安康市）电子交易系统,https://www.ggzy.gov.cn/information/deal/html/a/610000/0201/20260722/0061ba91a863d9d6476a970a054123831c1e.html,校园安防,校园安防,校园安防,小学,否,否
00118ede3b772d3f4a6792b07068b3d47d28,平谷区放光中心小学操场维修改造工程竞争性磋商公告,2026-07-22,北京,,采购/资审公告,北京市政府采购网,https://www.ggzy.gov.cn/information/deal/html/a/110000/0201/20260722/00118ede3b772d3f4a6792b07068b3d47d28.html,校舍维修改造,校舍维修改造,校舍维修改造,小学,否,否
00503b685c4e9c1448ae87e39bb9b3ff3aec,新村同创小学steam教室配置（第二次）(JBQ26A00240)竞争性谈判公告,2026-07-22,重庆市,,采购/资审公告,重庆市公共资源交易服务平台,https://www.ggzy.gov.cn/information/deal/html/a/500000/0201/20260722/00503b685c4e9c1448ae87e39bb9b3ff3aec.html,其他,其他,,小学,否,否
004105952c79c63e41c7be9a1d17749a4394,镇平县玉都街道办事处碾坊庄小学镇平县思源学校教学设备、空调等采购项目-竞争性磋商公告,2026-07-22,河南省,,采购/资审公告,镇平县公共资源交易中心,https://www.ggzy.gov.cn/information/deal/html/a/410000/0201/20260722/004105952c79c63e41c7be9a1d17749a4394.html,教学仪器,教学仪器,教学仪器;工程配套,小学,否,否
006296b0fcad4f8b4553bfdeb09c23cbdca3,静宁县城关镇中心小学校园改造提升工程招标公告,2026-07-22,甘肃省,,采购/资审公告,平凉市公共资源交易平台,https://www.ggzy.gov.cn/information/deal/html/a/620000/0201/20260722/006296b0fcad4f8b4553bfdeb09c23cbdca3.html,校舍维修改造,校舍维修改造,校舍维修改造,小学,否,否
00520bb4335ffa4a4ebea642ca632a48c6a8,大方县黄泥塘镇第二小学改造闲置校舍为食堂项目采购公告,2026-07-22,贵州省,,采购/资审公告,毕节市公共资源交易中心,https://www.ggzy.gov.cn/information/deal/html/a/520000/0201/20260722/00520bb4335ffa4a4ebea642ca632a48c6a8.html,校舍维修改造,校舍维修改造,校舍维修改造;食堂设备,小学,否,否
0052762292f5887d4ba9ac6fc8af612d35c1,大方县六龙镇实验小学附属配套设施建设项目采购公告,2026-07-22,贵州省,,采购/资审公告,毕节市公共资源交易中心,https://www.ggzy.gov.cn/information/deal/html/a/520000/0201/20260722/0052762292f5887d4ba9ac6fc8af612d35c1.html,其他,其他,,小学,否,否
0032a2aaf41cb2214dbeae88c3dbb0d0292f,江苏省锡山高级中学实验学校第三小学物业服务项目采购公告,2026-07-22,江苏省,,采购/资审公告,,https://www.ggzy.gov.cn/information/deal/html/a/320000/0201/20260722/0032a2aaf41cb2214dbeae88c3dbb0d0292f.html,后勤服务,其他,后勤服务,高中,否,否
0022b1fe6a6d3e754f749a8479600a7a5db4,吉林市昌邑区政府采购中心关于吉林市昌邑区第一实验小学校智慧黑板、桌椅设备采购项目的竞争性磋商公告,2026-07-22,吉林省,,采购/资审公告,吉林市公共资源交易网上招投标系统,https://www.ggzy.gov.cn/information/deal/html/a/220000/0201/20260722/0022b1fe6a6d3e754f749a8479600a7a5db4.html,智慧黑板,智慧黑板,智慧黑板;课桌椅,小学,是,否
0041262186417f2c49c49eb5d9122aa415f7,唐河县大河屯镇中心学校2026年长效项目大河屯中心小学餐厅改造及围墙工程项目-竞争性磋商公告,2026-07-22,河南省,,采购/资审公告,,https://www.ggzy.gov.cn/information/deal/html/a/410000/0201/20260722/0041262186417f2c49c49eb5d9122aa415f7.html,校舍维修改造,校舍维修改造,校舍维修改造;食堂设备,小学,否,否
001180eb4dd9874e41a9ae2e3e8b40f8d6b1,平谷区大旺务小学操场维修改造工程竞争性磋商公告,2026-07-22,北京,,采购/资审公告,北京市政府采购网,https://www.ggzy.gov.cn/information/deal/html/a/110000/0201/20260722/001180eb4dd9874e41a9ae2e3e8b40f8d6b1.html,校舍维修改造,校舍维修改造,校舍维修改造,小学,否,否
0045a1fd0965a9ed4c06aebea2ec9bf42b7c,广西边海云项目管理有限公司关于东兴市江平镇吒祖小学田径运动场的竞争性磋商公告,2026-07-22,广西壮族自治区,,采购/资审公告,广西壮族自治区公共资源电子交易系统,https://www.ggzy.gov.cn/information/deal/html/a/450000/0201/20260722/0045a1fd0965a9ed4c06aebea2ec9bf42b7c.html,校舍维修改造,校舍维修改造,校舍维修改造,小学,否,否
0033f6841e30d14b4330ba25610b94b9d222,浙江至诚工程咨询有限责任公司关于遂昌县义务教育阶段中小学2026学年第一学期评议教辅材料、地方教材、学具采购项目的公开招标公告,2026-07-22,浙江省,,采购/资审公告,丽水市公共资源交易网,https://www.ggzy.gov.cn/information/deal/html/a/330000/0201/20260722/0033f6841e30d14b4330ba25610b94b9d222.html,后勤服务,其他,后勤服务,教育局统筹,否,否
003759123dd1ca944864a3df9478b063ceef,烟台市莱山区第七小学第七小学学校食堂提升改造项目（政府采购工程、面向中小企业）竞争性磋商公告,2026-07-22,山东省,,采购/资审公告,烟台市公共资源交易系统,https://www.ggzy.gov.cn/information/deal/html/a/370000/0201/20260722/003759123dd1ca944864a3df9478b063ceef.html,校舍维修改造,校舍维修改造,校舍维修改造;食堂设备,小学,否,否
00369bc5809a4846486996b5de60823756d4,赣州市圣扬招标代理有限公司关于定南县教育体育局定南县中小学教学仪器设备采购（音乐仪器设备）-品目一（项目编号：GZSY2026-DN-G002）的 电子化公开招标公告,2026-07-22,江西省,,采购/资审公告,赣州市公共资源交易中心,https://www.ggzy.gov.cn/information/deal/html/a/360000/0201/20260722/00369bc5809a4846486996b5de60823756d4.html,教学仪器,教学仪器,教学仪器,教育局统筹,否,否
0036960fce6461724b6db2605807ccf3f85e,江西鑫文宇工程咨询管理有限公司关于光丰小学云教室建设采购项目（项目编号：XWY-PX-2026-01）竞争性磋商公告,2026-07-22,江西省,,采购/资审公告,萍乡市公共资源交易中心,https://www.ggzy.gov.cn/information/deal/html/a/360000/0201/20260722/0036960fce6461724b6db2605807ccf3f85e.html,后勤服务,其他,后勤服务,小学,否,否
00362e8f63bf72a1483b8805415efc28e266,江西省机电设备招标有限公司关于南昌市万溪王华霖小学办公设备采购项目（项目编号：JXTC2026010472）询价公告,2026-07-22,江西省,,采购/资审公告,南昌市公共资源交易中心,https://www.ggzy.gov.cn/information/deal/html/a/360000/0201/20260722/00362e8f63bf72a1483b8805415efc28e266.html,其他,其他,,小学,否,否
003628b0e135d8ff461ea983b0bdce14b7e0,赣州市圣扬招标代理有限公司关于定南县教育体育局定南县中小学教学仪器设备采购（理科实验室仪器设备）-品目二（项目编号：GZSY2026-DN-G002）的 电子化公开招标公告,2026-07-22,江西省,,采购/资审公告,赣州市公共资源交易中心,https://www.ggzy.gov.cn/information/deal/html/a/360000/0201/20260722/003628b0e135d8ff461ea983b0bdce14b7e0.html,实验室设备,实验室设备,实验室设备;教学仪器,教育局统筹,否,否
0021c9ae13f48bac4e1fbd2100f78f79f3cc,2026年度育红小学改造项目（第三次）竞争性磋商公告,2026-07-22,辽宁省,,采购/资审公告,辽宁政府采购网,https://www.ggzy.gov.cn/information/deal/html/a/210000/0201/20260722/0021c9ae13f48bac4e1fbd2100f78f79f3cc.html,校舍维修改造,校舍维修改造,校舍维修改造,小学,否,否
00363a2f397c4aa94db9933b266823e55ffc,赣州市圣扬招标代理有限公司关于定南县教育体育局定南县中小学教学仪器设备采购（美术仪器设备）-品目三（项目编号：GZSY2026-DN-G002）的电子化公开招标公告,2026-07-22,江西省,,采购/资审公告,赣州市公共资源交易中心,https://www.ggzy.gov.cn/information/deal/html/a/360000/0201/20260722/00363a2f397c4aa94db9933b266823e55ffc.html,教学仪器,教学仪器,教学仪器,教育局统筹,否,否
00363603e5c3e72c41bc99a10be9701d3f43,乐平市第五小学校园餐食堂设备采购与安装项目,2026-07-22,江西省,,采购/资审公告,景德镇市公共资源交易中心,https://www.ggzy.gov.cn/information/deal/html/a/360000/0201/20260722/00363603e5c3e72c41bc99a10be9701d3f43.html,食堂设备,食堂设备,食堂设备,小学,否,否
0035bcb7981fd1884ae9a56de6abdb981261,福建漳州蓝田经济开发区第二实验小学屋面及运动场改造提升工程(二次)竞争性谈判公告,2026-07-21,福建省,,采购/资审公告,漳州市公共资源交易中心,https://www.ggzy.gov.cn/information/deal/html/a/350000/0201/20260721/0035bcb7981fd1884ae9a56de6abdb981261.html,校舍维修改造,校舍维修改造,校舍维修改造,小学,否,否
001450b297343f204d3c89ab85a3593888d2,偏关实验小学外墙维修工程的采购公告,2026-07-21,山西省,,采购/资审公告,,https://www.ggzy.gov.cn/information/deal/html/a/140000/0201/20260721/001450b297343f204d3c89ab85a3593888d2.html,校舍维修改造,校舍维修改造,校舍维修改造,小学,否,否
00655717e9b6edb34fdca8bf4ab0e8f3d078,巴州和静县巴伦台镇独立工矿区小学（和静县第十小学）配套设施建设项目（二标段）竞争性磋商公告,2026-07-21,新疆维吾尔自治区,,采购/资审公告,新疆维吾尔自治区公共资源交易平台,https://www.ggzy.gov.cn/information/deal/html/a/650000/0201/20260721/00655717e9b6edb34fdca8bf4ab0e8f3d078.html,其他,其他,,小学,否,否
004162d39567252d42309eb92697c6e5d65d,新野县五星镇第一中心小学校综合楼改扩建工程项目-竞争性磋商公告,2026-07-21,河南省,,采购/资审公告,,https://www.ggzy.gov.cn/information/deal/html/a/410000/0201/20260721/004162d39567252d42309eb92697c6e5d65d.html,校舍维修改造,校舍维修改造,校舍维修改造,小学,否,否
00659bd7fec61125460e8842e5d7513a06aa,乌鲁木齐市第43小学购置电子设备项目（二次）公开招标公告,2026-07-21,新疆维吾尔自治区,,采购/资审公告,新疆维吾尔自治区公共资源交易平台,https://www.ggzy.gov.cn/information/deal/html/a/650000/0201/20260721/00659bd7fec61125460e8842e5d7513a06aa.html,其他,其他,,小学,否,否
0044c342be2ed8914dd4b3b17fb357755f4c,深圳市光明区修远小学物业管理服务项目（A）招标公告(重新采购第1次),2026-07-21,广东省,,采购/资审公告,,https://www.ggzy.gov.cn/information/deal/html/a/440000/0201/20260721/0044c342be2ed8914dd4b3b17fb357755f4c.html,后勤服务,其他,后勤服务,小学,否,否
006561da73c3f9114e9f886ea4423e4a83fa,乌鲁木齐市第三十九中学中小学学科教室实验设备采购项目公开招标公告,2026-07-21,新疆维吾尔自治区,,采购/资审公告,新疆维吾尔自治区公共资源交易平台,https://www.ggzy.gov.cn/information/deal/html/a/650000/0201/20260721/006561da73c3f9114e9f886ea4423e4a83fa.html,实验室设备,实验室设备,实验室设备,教育局统筹,否,否
0013916eca58662f46348b4485ee5134d9de,石家庄市裕宁街小学设施设备采购项目公开招标公告,2026-07-21,河北省,,采购/资审公告,石家庄公共资源交易网,https://www.ggzy.gov.cn/information/deal/html/a/130000/0201/20260721/0013916eca58662f46348b4485ee5134d9de.html,其他,其他,,小学,否,否
0014d602a3aa42984b41a1da7136108b8daf,太原市小店区大营盘小学校竞争性磋商小店区大营盘小学校操场维修改造项目的采购公告,2026-07-21,山西省,,采购/资审公告,,https://www.ggzy.gov.cn/information/deal/html/a/140000/0201/20260721/0014d602a3aa42984b41a1da7136108b8daf.html,校舍维修改造,校舍维修改造,校舍维修改造,小学,否,否
006491abadc18da34ce698509946921736ed,银川市西夏区实验小学智慧体育设备采购项目招标公告,2026-07-21,宁夏回族自治区,,采购/资审公告,宁夏公共资源交易服务平台,https://www.ggzy.gov.cn/information/deal/html/a/640000/0201/20260721/006491abadc18da34ce698509946921736ed.html,其他,其他,,小学,否,否
0035eec6785867f740b9a30a4cd56f55505e,角美中心小学2026-2027学年物业管理服务采购项目竞争性谈判公告,2026-07-21,福建省,,采购/资审公告,漳州市公共资源交易中心,https://www.ggzy.gov.cn/information/deal/html/a/350000/0201/20260721/0035eec6785867f740b9a30a4cd56f55505e.html,后勤服务,其他,后勤服务,小学,否,否
00451fb027612d6d40a994844d77d3b8bbb5,广西盛元华工程咨询有限公司关于马山县白山镇城南小学塑胶运动场项目的竞争性磋商公告,2026-07-21,广西壮族自治区,,采购/资审公告,南宁市公共资源交易中心,https://www.ggzy.gov.cn/information/deal/html/a/450000/0201/20260721/00451fb027612d6d40a994844d77d3b8bbb5.html,校舍维修改造,校舍维修改造,校舍维修改造;后勤服务,小学,否,否
0042c8ce62c803d74ae29ffdd4c9ed89a9ec,广水市太平镇中心小学综合楼维修项目竞争性磋商公告,2026-07-21,湖北省,,采购/资审公告,湖北省政府采购网,https://www.ggzy.gov.cn/information/deal/html/a/420000/0201/20260721/0042c8ce62c803d74ae29ffdd4c9ed89a9ec.html,校舍维修改造,校舍维修改造,校舍维修改造,小学,否,否
006574d4d061d71b42aea0e06de92022ee63,昌吉市十八所中小学食堂劳务服务采购项目公开招标公告,2026-07-21,新疆维吾尔自治区,,采购/资审公告,新疆维吾尔自治区公共资源交易平台,https://www.ggzy.gov.cn/information/deal/html/a/650000/0201/20260721/006574d4d061d71b42aea0e06de92022ee63.html,食堂设备,食堂设备,食堂设备;后勤服务,教育局统筹,否,否
002245f22ee117744979b3d0eccbd66705b4,吉林省松柏工程咨询有限公司关于朝阳实验小学一号楼屋面防水工程（二次）的竞争性磋商公告,2026-07-21,吉林省,,采购/资审公告,长春市公共资源交易中心(新),https://www.ggzy.gov.cn/information/deal/html/a/220000/0201/20260721/002245f22ee117744979b3d0eccbd66705b4.html,校舍维修改造,校舍维修改造,校舍维修改造;后勤服务,小学,否,否
004651bdb61de9224b30bec38a823fa50cc3,海南省农垦直属第三小学运动场维修项目竞争性磋商公告,2026-07-21,海南省,,采购/资审公告,,https://www.ggzy.gov.cn/information/deal/html/a/460000/0201/20260721/004651bdb61de9224b30bec38a823fa50cc3.html,校舍维修改造,校舍维修改造,校舍维修改造,小学,否,否
00650415e136f4fb4e10b06f04dbaa2a20e9,奇台县第六小学校园维修改造项目（二次）竞争性磋商公告,2026-07-21,新疆维吾尔自治区,,采购/资审公告,新疆维吾尔自治区公共资源交易平台,https://www.ggzy.gov.cn/information/deal/html/a/650000/0201/20260721/00650415e136f4fb4e10b06f04dbaa2a20e9.html,校舍维修改造,校舍维修改造,校舍维修改造,小学,否,否
00111fc9befae9d24153a479fa01348abf34,平谷区黄松峪小学操场维修改造工程竞争性磋商公告,2026-07-21,北京,,采购/资审公告,北京市政府采购网,https://www.ggzy.gov.cn/information/deal/html/a/110000/0201/20260721/00111fc9befae9d24153a479fa01348abf34.html,校舍维修改造,校舍维修改造,校舍维修改造,小学,否,否
001187045dd38b9242858aeaba0c06ccfa23,平谷区南独乐河中心小学（望马台小学）操场维修改造工程竞争性磋商公告,2026-07-21,北京,,采购/资审公告,北京市政府采购网,https://www.ggzy.gov.cn/information/deal/html/a/110000/0201/20260721/001187045dd38b9242858aeaba0c06ccfa23.html,校舍维修改造,校舍维修改造,校舍维修改造,小学,否,否
0013c41b8e1283b74cf5ac2080ecb164b6b3,张家口市下花园区后堡街小学体育场改造提升工程竞争性磋商公告,2026-07-21,河北省,,采购/资审公告,张家口公共资源交易综合信息平台,https://www.ggzy.gov.cn/information/deal/html/a/130000/0201/20260721/0013c41b8e1283b74cf5ac2080ecb164b6b3.html,校舍维修改造,校舍维修改造,校舍维修改造,小学,否,否
0011e3911e2089234700a97a53a083821243,平谷区第一小学北校区操场维修改造工程竞争性磋商公告,2026-07-21,北京,,采购/资审公告,北京市政府采购网,https://www.ggzy.gov.cn/information/deal/html/a/110000/0201/20260721/0011e3911e2089234700a97a53a083821243.html,校舍维修改造,校舍维修改造,校舍维修改造,小学,否,否
0041e028f9bbe8814a6293d2ded04eab44ac,商丘市第一实验小学团结路校区和星林路校区东院空调采购项目（二次）竞争性磋商公告,2026-07-21,河南省,,采购/资审公告,商丘市公共资源交易中心,https://www.ggzy.gov.cn/information/deal/html/a/410000/0201/20260721/0041e028f9bbe8814a6293d2ded04eab44ac.html,工程配套,其他,工程配套,小学,否,否
00519a68daf836e84d4489069e7cb6a95244,成都市双流区东升迎春小学物业管理校园保洁服务竞争性谈判公告,2026-07-21,四川省,,采购/资审公告,,https://www.ggzy.gov.cn/information/deal/html/a/510000/0201/20260721/00519a68daf836e84d4489069e7cb6a95244.html,后勤服务,其他,后勤服务,小学,否,否
00518a581f395f084950993baceca2b4b268,成都市双流区东升迎春小学物业管理校园安防服务竞争性谈判公告,2026-07-21,四川省,,采购/资审公告,,https://www.ggzy.gov.cn/information/deal/html/a/510000/0201/20260721/00518a581f395f084950993baceca2b4b268.html,校园安防,校园安防,校园安防;后勤服务,小学,否,否
0012b47da7635b4a41d1a62cf241743c5a88,天津市津南区教育局机关 津南区咸水沽第八小学弱电智能化设备采购及安装项目 (项目编号:RSGS-2026-044)公开招标公告,2026-07-21,天津市,,采购/资审公告,天津市公共资源交易平台交易系统,https://www.ggzy.gov.cn/information/deal/html/a/120000/0201/20260721/0012b47da7635b4a41d1a62cf241743c5a88.html,其他,其他,,教育局统筹,否,否
00526a81086d4c814c4aa4a86a6c9d23c5e1,威宁自治县黑石头镇黑石头小学一二号教学楼、一二号学生宿舍及学生食堂维修改造项目采购公告,2026-07-21,贵州省,,采购/资审公告,毕节市公共资源交易中心,https://www.ggzy.gov.cn/information/deal/html/a/520000/0201/20260721/00526a81086d4c814c4aa4a86a6c9d23c5e1.html,校舍维修改造,校舍维修改造,校舍维修改造;食堂设备,小学,否,否
0034717c92e8d647427b94b11589408a6ef3,禹会区中小学2026年小学科学实验室及课桌椅采购项目竞争性谈判公告,2026-07-21,安徽省,,采购/资审公告,蚌埠市公共资源交易平台电子交易系统,https://www.ggzy.gov.cn/information/deal/html/a/340000/0201/20260721/0034717c92e8d647427b94b11589408a6ef3.html,实验室设备,实验室设备,实验室设备;课桌椅,教育局统筹,否,否
00411f00e0373b874c87ade8d5d2ffc64a78,镇平县教育体育局2026-2027学年中小学食材配送项目-公开征集公告,2026-07-21,河南省,,采购/资审公告,镇平县公共资源交易中心,https://www.ggzy.gov.cn/information/deal/html/a/410000/0201/20260721/00411f00e0373b874c87ade8d5d2ffc64a78.html,后勤服务,其他,后勤服务,教育局统筹,否,否
00643ed0852949a841919768f6b57b82e300,灵武市第一小学2025年义务教育薄弱环节改善与能力提升项目（一、二、三标段）项目招标公告,2026-07-21,宁夏回族自治区,,采购/资审公告,宁夏公共资源交易服务平台,https://www.ggzy.gov.cn/information/deal/html/a/640000/0201/20260721/00643ed0852949a841919768f6b57b82e300.html,其他,其他,,小学,否,否
00130b611bc05d784c12a716a16bd00a9d14,三河市教育和体育局中小学校方责任保险公开招标交易公告,2026-07-21,河北省,,采购/资审公告,廊坊市公共资源交易中心,https://www.ggzy.gov.cn/information/deal/html/a/130000/0201/20260721/00130b611bc05d784c12a716a16bd00a9d14.html,后勤服务,其他,后勤服务,教育局统筹,否,否
005103d23095f31742379eaa0adda976fa12,成都市温江区科创中学校（涌泉校区）小学部特色数字校园建设项目招标公告,2026-07-21,四川省,,采购/资审公告,,https://www.ggzy.gov.cn/information/deal/html/a/510000/0201/20260721/005103d23095f31742379eaa0adda976fa12.html,智慧校园,智慧校园,智慧校园,小学,是,否
001276fa177761144ad792dc895f53ceb2bf,天津市西青区中北第二小学 中北第二小学师生食堂服务外包 (项目编号:GXTC-A1-261550026)公开招标公告,2026-07-21,天津市,,采购/资审公告,天津市公共资源交易平台交易系统,https://www.ggzy.gov.cn/information/deal/html/a/120000/0201/20260721/001276fa177761144ad792dc895f53ceb2bf.html,食堂设备,食堂设备,食堂设备;后勤服务,小学,否,否
00449eeb70afd497454aba0a33284c49f296,广州大学附属小学自营食堂人员服务采购项目招标公告,2026-07-21,广东省,,采购/资审公告,,https://www.ggzy.gov.cn/information/deal/html/a/440000/0201/20260721/00449eeb70afd497454aba0a33284c49f296.html,食堂设备,食堂设备,食堂设备,小学,否,否
0051a1ae251a344b4adda6bc7d5518013193,成都市龙泉驿区教育局龙泉驿区教育局2026年中小学计算机机房设备采购项目招标公告,2026-07-21,四川省,,采购/资审公告,,https://www.ggzy.gov.cn/information/deal/html/a/510000/0201/20260721/0051a1ae251a344b4adda6bc7d5518013193.html,信息化设备,信息化设备,信息化设备,教育局统筹,是,否
0051c09b2da75f644c66bfffe1640f322af7,自贡市自流井区塘坎上小学校安装变压器及配件竞争性谈判公告,2026-07-21,四川省,,采购/资审公告,,https://www.ggzy.gov.cn/information/deal/html/a/510000/0201/20260721/0051c09b2da75f644c66bfffe1640f322af7.html,其他,其他,,小学,否,否
00422cbcfa4e38c4403bb3e46977a41a1855,武汉市洪山区广埠屯实验小学2026年学校食堂劳务项目公开招标公告,2026-07-21,湖北省,,采购/资审公告,湖北省政府采购网,https://www.ggzy.gov.cn/information/deal/html/a/420000/0201/20260721/00422cbcfa4e38c4403bb3e46977a41a1855.html,食堂设备,食堂设备,食堂设备;后勤服务,小学,否,否
0051d3a372fc0c0341c2b38de954334e65e4,成都市双流区川大江安小学双流区川大江安小学物业管理服务采购项目竞争性谈判公告,2026-07-21,四川省,,采购/资审公告,,https://www.ggzy.gov.cn/information/deal/html/a/510000/0201/20260721/0051d3a372fc0c0341c2b38de954334e65e4.html,后勤服务,其他,后勤服务,小学,否,否
00524314d61041714f40bc672b3b70bb4fa6,威宁自治县么站镇么站小学一二号教学楼及学生宿舍维修改造项目采购公告,2026-07-21,贵州省,,采购/资审公告,毕节市公共资源交易中心,https://www.ggzy.gov.cn/information/deal/html/a/520000/0201/20260721/00524314d61041714f40bc672b3b70bb4fa6.html,校舍维修改造,校舍维修改造,校舍维修改造,小学,否,否
003235b0640932b34f52b21d93471c4a893b,江宁区上坊新城小学等校教学设备采购公告,2026-07-21,江苏省,,采购/资审公告,,https://www.ggzy.gov.cn/information/deal/html/a/320000/0201/20260721/003235b0640932b34f52b21d93471c4a893b.html,教学仪器,教学仪器,教学仪器,小学,否,否
0032596ed19bb5a34690bdf7d5d8751cd679,无锡市新吴实验小学物业管理服务项目采购公告(三),2026-07-21,江苏省,,采购/资审公告,,https://www.ggzy.gov.cn/information/deal/html/a/320000/0201/20260721/0032596ed19bb5a34690bdf7d5d8751cd679.html,后勤服务,其他,后勤服务,小学,否,否
0041030deaf1f5844eb19fd168579fbd8510,兰考县教育体育局2026年中小学校食堂劳务服务项目-招标[采购]公告,2026-07-21,河南省,,采购/资审公告,,https://www.ggzy.gov.cn/information/deal/html/a/410000/0201/20260721/0041030deaf1f5844eb19fd168579fbd8510.html,食堂设备,食堂设备,食堂设备;后勤服务,教育局统筹,否,否
0011b2d6e8b7d0c641a495f718caa12e5903,密云区中小学办学装备（实验室）提升项目公开招标公告,2026-07-21,北京,,采购/资审公告,北京市政府采购网,https://www.ggzy.gov.cn/information/deal/html/a/110000/0201/20260721/0011b2d6e8b7d0c641a495f718caa12e5903.html,实验室设备,实验室设备,实验室设备,教育局统筹,否,否
0054e97753e7ef1a461c852742e9ae323a91,左贡县绕金乡小学等12所乡镇小学净水设备安装项目采购公告,2026-07-21,西藏自治区,,采购/资审公告,,https://www.ggzy.gov.cn/information/deal/html/a/540000/0201/20260721/0054e97753e7ef1a461c852742e9ae323a91.html,其他,其他,,小学,否,否
00348728258abaad49b7b96538a69edc4d80,阜南县龙泉路玉泉小学食堂劳务服务项目竞争性磋商公告,2026-07-21,安徽省,,采购/资审公告,阜阳市公共资源交易平台电子交易系统,https://www.ggzy.gov.cn/information/deal/html/a/340000/0201/20260721/00348728258abaad49b7b96538a69edc4d80.html,食堂设备,食堂设备,食堂设备;后勤服务,小学,否,否
0042a23468caf65e4c2eace9703e0a0bb1b5,巴东县茶店子镇中心小学新建学生食堂设备采购项目公告,2026-07-21,湖北省,,采购/资审公告,湖北省政府采购网,https://www.ggzy.gov.cn/information/deal/html/a/420000/0201/20260721/0042a23468caf65e4c2eace9703e0a0bb1b5.html,校舍维修改造,校舍维修改造,校舍维修改造;食堂设备,小学,否,否
001196916d48a21640b9900f38eb717fff30,北京市房山区长阳镇长阳中心小学校园消防水源及设施优化升级等项目竞争性磋商公告,2026-07-21,北京,,采购/资审公告,北京市政府采购网,https://www.ggzy.gov.cn/information/deal/html/a/110000/0201/20260721/001196916d48a21640b9900f38eb717fff30.html,校园安防,校园安防,校园安防,小学,否,否
005250116d4513184ed3aaf3a960ac102256,贵阳市南明区绿苑小学维修改造项目采购公告,2026-07-21,贵州省,,采购/资审公告,贵阳市公共资源交易中心,https://www.ggzy.gov.cn/information/deal/html/a/520000/0201/20260721/005250116d4513184ed3aaf3a960ac102256.html,校舍维修改造,校舍维修改造,校舍维修改造,小学,否,否
0052c5f5ea68c1244d10a215c958d65479df,赫章县2026年第六小学、思源实验学校和第一小学维修改造项目采购公告,2026-07-21,贵州省,,采购/资审公告,毕节市公共资源交易中心,https://www.ggzy.gov.cn/information/deal/html/a/520000/0201/20260721/0052c5f5ea68c1244d10a215c958d65479df.html,校舍维修改造,校舍维修改造,校舍维修改造,小学,否,否
0051c28f152a3f7c4a01992e733d2ad117ce,巴中市恩阳区教育技术装备所巴中市恩阳区2025年中小学实验仪器设备配置项目（二次）竞争性谈判公告,2026-07-21,四川省,,采购/资审公告,,https://www.ggzy.gov.cn/information/deal/html/a/510000/0201/20260721/0051c28f152a3f7c4a01992e733d2ad117ce.html,实验室设备,实验室设备,实验室设备;教学仪器,教育局统筹,否,否
0052b0fa9430dd684c6eafce59dbbb24a9d5,[采购公告]荔波县茂兰小学及茂兰中学维修改造项目,2026-07-21,贵州省,,采购/资审公告,黔南州公共资源交易中心,https://www.ggzy.gov.cn/information/deal/html/a/520000/0201/20260721/0052b0fa9430dd684c6eafce59dbbb24a9d5.html,校舍维修改造,校舍维修改造,校舍维修改造,小学,否,否
00426dbc5c730ae043e38f54984723751ce2,襄阳市中小学教师继续教育中心襄阳市2026年“省培计划”项目招标公告,2026-07-21,湖北省,,采购/资审公告,湖北省政府采购网,https://www.ggzy.gov.cn/information/deal/html/a/420000/0201/20260721/00426dbc5c730ae043e38f54984723751ce2.html,培训,培训,培训,教育局统筹,是,否
0033bf92fa909f4c487ebaee79a2079bf415,浙江泛亚工程咨询有限公司关于杜甫小学2026年9月1日-2027年7月31日食堂服务外包的公开招标公告,2026-07-21,浙江省,,采购/资审公告,杭州市公共资源交易网,https://www.ggzy.gov.cn/information/deal/html/a/330000/0201/20260721/0033bf92fa909f4c487ebaee79a2079bf415.html,食堂设备,食堂设备,食堂设备;后勤服务,小学,否,否
0035ba1caf633da14f46ae23ec8bf13fffd7,秀屿区月塘中心小学物业管理服务项目竞争性谈判公告,2026-07-21,福建省,,采购/资审公告,莆田市行政服务中心,https://www.ggzy.gov.cn/information/deal/html/a/350000/0201/20260721/0035ba1caf633da14f46ae23ec8bf13fffd7.html,后勤服务,其他,后勤服务,小学,否,否
00419d7c5f5dec884d49b6d795447f333c1d,延津县教育体育局民生路小学餐厅设备设施项目-公开招标公告,2026-07-21,河南省,,采购/资审公告,,https://www.ggzy.gov.cn/information/deal/html/a/410000/0201/20260721/00419d7c5f5dec884d49b6d795447f333c1d.html,食堂设备,食堂设备,食堂设备,教育局统筹,否,否
00524c800eef1fdd4f86a2178b9b5b891d63,威宁自治县斗古镇关口小学教学楼及学生宿舍维修改造项目采购公告,2026-07-21,贵州省,,采购/资审公告,毕节市公共资源交易中心,https://www.ggzy.gov.cn/information/deal/html/a/520000/0201/20260721/00524c800eef1fdd4f86a2178b9b5b891d63.html,校舍维修改造,校舍维修改造,校舍维修改造,小学,否,否
00457301c75872bf4322a740a8d42ca4959c,广西荣旭管理咨询服务有限公司关于中小学多媒体设备、校园监控系统更新采购的公开招标公告,2026-07-21,广西壮族自治区,,采购/资审公告,广西壮族自治区公共资源电子交易系统,https://www.ggzy.gov.cn/information/deal/html/a/450000/0201/20260721/00457301c75872bf4322a740a8d42ca4959c.html,信息化设备,信息化设备,信息化设备;校园安防;后勤服务,教育局统筹,是,否
0052a17afca0bfbc4e3895918ffde16ce01a,[采购公告]荔波县佳荣小学及水维小学维修改造项目,2026-07-21,贵州省,,采购/资审公告,黔南州公共资源交易中心,https://www.ggzy.gov.cn/information/deal/html/a/520000/0201/20260721/0052a17afca0bfbc4e3895918ffde16ce01a.html,校舍维修改造,校舍维修改造,校舍维修改造,小学,否,否
0013dbea8baa243d4995984d97e22ba676e4,邢台市中华路小学2026年秋季开学设备配备项目招标公告,2026-07-21,河北省,,采购/资审公告,邢台市公共资源交易中心,https://www.ggzy.gov.cn/information/deal/html/a/130000/0201/20260721/0013dbea8baa243d4995984d97e22ba676e4.html,其他,其他,,小学,否,否
001311b308a8bb8048b08c87462a9af6e63c,邢台市育红小学（七里河校区、清泉校区、盛世校区）2026年秋季开学设备购置项目招标公告,2026-07-21,河北省,,采购/资审公告,邢台市公共资源交易中心,https://www.ggzy.gov.cn/information/deal/html/a/130000/0201/20260721/001311b308a8bb8048b08c87462a9af6e63c.html,其他,其他,,小学,否,否
00510c45c4487f6e4c569938324d29299eed,成都市金沙小学2026年教师关爱招标公告,2026-07-21,四川省,,采购/资审公告,,https://www.ggzy.gov.cn/information/deal/html/a/510000/0201/20260721/00510c45c4487f6e4c569938324d29299eed.html,其他,其他,,小学,否,否
00149a7eaadcb40541068ae37be5ccb9ba56,长治市潞州区清华中学校竞争性磋商潞州区清华中学实施办公楼改造为学生教室及小学部教学楼维修改造工程的采购公告,2026-07-21,山西省,,采购/资审公告,,https://www.ggzy.gov.cn/information/deal/html/a/140000/0201/20260721/00149a7eaadcb40541068ae37be5ccb9ba56.html,校舍维修改造,校舍维修改造,校舍维修改造,小学,否,否
0052f22181b1b02e4f469ec14ea5d72338cf,清镇市第二实验小学食堂扩容改造配套设施设备采购（二次）采购公告,2026-07-21,贵州省,,采购/资审公告,贵阳市公共资源交易中心,https://www.ggzy.gov.cn/information/deal/html/a/520000/0201/20260721/0052f22181b1b02e4f469ec14ea5d72338cf.html,校舍维修改造,校舍维修改造,校舍维修改造;食堂设备,小学,否,否
00219837c05192ba467aa72176698422b2ee,2025年瓦房店市中、小学校操场维修改造项目的竞争性谈判公告,2026-07-21,辽宁省,,采购/资审公告,大连市公共资源交易平台,https://www.ggzy.gov.cn/information/deal/html/a/210000/0201/20260721/00219837c05192ba467aa72176698422b2ee.html,校舍维修改造,校舍维修改造,校舍维修改造,小学,否,否
00657109d49e5c7f4d5db15c7fd949b24ed2,昌吉市第五小学室内外暖气改造项目竞争性磋商公告,2026-07-21,新疆维吾尔自治区,,采购/资审公告,新疆维吾尔自治区公共资源交易平台,https://www.ggzy.gov.cn/information/deal/html/a/650000/0201/20260721/00657109d49e5c7f4d5db15c7fd949b24ed2.html,校舍维修改造,校舍维修改造,校舍维修改造,小学,否,否
0052f9dbcd0162c342c6802e5d813d031532,威宁自治县陕桥街道新河小学一二三号教学楼维修改造项目采购公告,2026-07-21,贵州省,,采购/资审公告,毕节市公共资源交易中心,https://www.ggzy.gov.cn/information/deal/html/a/520000/0201/20260721/0052f9dbcd0162c342c6802e5d813d031532.html,校舍维修改造,校舍维修改造,校舍维修改造,小学,否,否
00618efa7423481845458f8db1c942d0aeff,宝鸡第一中学附属小学体音美器材、图书、课桌椅、信息化设备采购公告,2026-07-21,陕西省,,采购/资审公告,全国公共资源交易平台（陕西省）,https://www.ggzy.gov.cn/information/deal/html/a/610000/0201/20260721/00618efa7423481845458f8db1c942d0aeff.html,信息化,信息化,信息化;音体美器材;课桌椅;图书,小学,是,否
00332e348965fd86414bbe57a132ee176804,温州华晟招标代理有限公司关于乐清市教育局2026学年小学学具采购的公开招标公告,2026-07-21,浙江省,,采购/资审公告,温州市公共资源交易网,https://www.ggzy.gov.cn/information/deal/html/a/330000/0201/20260721/00332e348965fd86414bbe57a132ee176804.html,其他,其他,,教育局统筹,否,否
0061269c4d667ad94ba7af273f8b79b3d672,西咸新区泾河新城永乐镇中心小学（双赵小学）提升改造项目竞争性磋商公告,2026-07-21,陕西省,,采购/资审公告,全国公共资源交易平台（陕西省）,https://www.ggzy.gov.cn/information/deal/html/a/610000/0201/20260721/0061269c4d667ad94ba7af273f8b79b3d672.html,校舍维修改造,校舍维修改造,校舍维修改造,小学,否,否
00619bbbf2fdb0e24e45b01bf80caa6dcd1d,靖边县第九小学校园维修改造项目采购公告,2026-07-21,陕西省,,采购/资审公告,全国公共资源交易平台（陕西省）,https://www.ggzy.gov.cn/information/deal/html/a/610000/0201/20260721/00619bbbf2fdb0e24e45b01bf80caa6dcd1d.html,校舍维修改造,校舍维修改造,校舍维修改造,小学,否,否
0061313aaf4f217e478597f041d701d3a3f7,江北小学智慧黑板及学生五育评价系统项目采购公告,2026-07-21,陕西省,,采购/资审公告,全国公共资源交易平台（陕西省·安康市）电子交易系统,https://www.ggzy.gov.cn/information/deal/html/a/610000/0201/20260721/0061313aaf4f217e478597f041d701d3a3f7.html,智慧黑板,智慧黑板,智慧黑板,小学,是,否
0033079a5304acdb4913b5578511d2908f80,杭州市公共资源交易中心余杭分中心关于杭州市余杭区仁和小学2026年9月~2027年12月物业和安保服务项目的公开招标公告,2026-07-21,浙江省,,采购/资审公告,杭州市公共资源交易网,https://www.ggzy.gov.cn/information/deal/html/a/330000/0201/20260721/0033079a5304acdb4913b5578511d2908f80.html,校园安防,校园安防,校园安防;后勤服务,小学,否,否
00338200b8d72f794806a35bcd3fb1c0c646,诸暨市教育体育局项目交易办公室关于诸暨市店口镇中心学校明诚小学运动场改造工程采购项目（第二次）的公开招标公告,2026-07-21,浙江省,,采购/资审公告,绍兴市公共资源交易网,https://www.ggzy.gov.cn/information/deal/html/a/330000/0201/20260721/00338200b8d72f794806a35bcd3fb1c0c646.html,校舍维修改造,校舍维修改造,校舍维修改造,教育局统筹,否,否
0033850de50b302c42b29ffdb5928c4de30b,杭州好邦建筑工程咨询有限公司关于台州市黄岩区新前街道中心小学屿新校区建设工程-厨房设备采购项目的公开招标公告,2026-07-21,浙江省,,采购/资审公告,台州市公共资源交易网,https://www.ggzy.gov.cn/information/deal/html/a/330000/0201/20260721/0033850de50b302c42b29ffdb5928c4de30b.html,食堂设备,食堂设备,食堂设备;后勤服务,小学,否,否
00338228650700514724bc9361c2d327a8e2,江山市中诚采购代理有限责任公司关于江山市大溪滩小学食堂劳务外包服务采购项目的公开招标公告,2026-07-21,浙江省,,采购/资审公告,衢州市公共资源交易网,https://www.ggzy.gov.cn/information/deal/html/a/330000/0201/20260721/00338228650700514724bc9361c2d327a8e2.html,食堂设备,食堂设备,食堂设备;后勤服务,小学,否,否
0036bdf4c151fe944ca6b7e0804ebb5c50d5,铅山县2026年中小学生游泳教育服务采购项目（二次）,2026-07-21,江西省,,采购/资审公告,上饶市公共资源交易中心,https://www.ggzy.gov.cn/information/deal/html/a/360000/0201/20260721/0036bdf4c151fe944ca6b7e0804ebb5c50d5.html,其他,其他,,教育局统筹,否,否
003678e2031298324fa8a6e39255880f1383,江西璟源工程咨询管理服务有限公司关于八里湖新区第三小学操场人工草皮及看台改造项目（第二次）（项目编号：JYZX2026-JJ-ZB005-1）竞争性磋商采购公告,2026-07-21,江西省,,采购/资审公告,九江市公共资源交易中心,https://www.ggzy.gov.cn/information/deal/html/a/360000/0201/20260721/003678e2031298324fa8a6e39255880f1383.html,校舍维修改造,校舍维修改造,校舍维修改造;后勤服务,小学,否,否
003669f44f2d64744a4e8de1b03d6d978f3e,吉安县君山小学食堂改造建设项目第三次,2026-07-21,江西省,,采购/资审公告,吉安市公共资源交易中心,https://www.ggzy.gov.cn/information/deal/html/a/360000/0201/20260721/003669f44f2d64744a4e8de1b03d6d978f3e.html,校舍维修改造,校舍维修改造,校舍维修改造;食堂设备,小学,否,否
00361ae3456fd4f24be0bab10425d6573437,江西省机电设备招标有限公司关于贵溪市教体局2026年新建城东中小学校园广播、网络、监控安防系统设备采购项目第二次（项目编号：JXTC2026110091C1）公开招标公告,2026-07-21,江西省,,采购/资审公告,鹰潭市公共资源交易中心,https://www.ggzy.gov.cn/information/deal/html/a/360000/0201/20260721/00361ae3456fd4f24be0bab10425d6573437.html,校舍维修改造,校舍维修改造,校舍维修改造;校园安防,教育局统筹,否,否
0021f0d2bf1d3890403c8b78f38adedc5b2c,开原市新华路小学校舍维修项目（第二次）竞争性磋商公告,2026-07-21,辽宁省,,采购/资审公告,辽宁政府采购网,https://www.ggzy.gov.cn/information/deal/html/a/210000/0201/20260721/0021f0d2bf1d3890403c8b78f38adedc5b2c.html,校舍维修改造,校舍维修改造,校舍维修改造,小学,否,否
0036520d47a0076a4db7a1775b6c944ad4aa,江西省玺丰项目管理有限公司关于宁都县教育体育局宁都县梅江小学功能室仪器室设备项目（项目编号：JXXF2026-ND-C001）竞争性磋商公告,2026-07-21,江西省,,采购/资审公告,赣州市公共资源交易中心,https://www.ggzy.gov.cn/information/deal/html/a/360000/0201/20260721/0036520d47a0076a4db7a1775b6c944ad4aa.html,实验室设备,实验室设备,实验室设备;教学仪器,教育局统筹,否,否
0063e42da67ac0e04b6f9f026efbcdc7d53a,青海省六州部分中小学生校服采购项目的公开招标公告,2026-07-20,青海省,,采购/资审公告,青海省公共资源交易网,https://www.ggzy.gov.cn/information/deal/html/a/630000/0201/20260720/0063e42da67ac0e04b6f9f026efbcdc7d53a.html,校服,校服,校服,教育局统筹,否,否
00532104424992a746e8860378bb2c9959bf,云南大学附属中学小学部现代分析测试中心教学楼修缮项目竞争性磋商公告,2026-07-20,云南省,,采购/资审公告,,https://www.ggzy.gov.cn/information/deal/html/a/530000/0201/20260720/00532104424992a746e8860378bb2c9959bf.html,校舍维修改造,校舍维修改造,校舍维修改造,小学,否,否
003771ab01f86f7d44b3bae71ce0ef73ba35,2026年鲁西新区中小学操场维修改造项目竞争性磋商公告,2026-07-20,山东省,,采购/资审公告,,https://www.ggzy.gov.cn/information/deal/html/a/370000/0201/20260720/003771ab01f86f7d44b3bae71ce0ef73ba35.html,校舍维修改造,校舍维修改造,校舍维修改造,教育局统筹,否,否
0053b29771e165934b179a3aa53e67580eea,马关县夹寒箐镇中学2026年农村中小学校舍维修改造长效机制资金项目竞争性磋商公告,2026-07-20,云南省,,采购/资审公告,,https://www.ggzy.gov.cn/information/deal/html/a/530000/0201/20260720/0053b29771e165934b179a3aa53e67580eea.html,校舍维修改造,校舍维修改造,校舍维修改造,教育局统筹,否,否
0053bfb47c060d444c9f88dd919eb4fd6254,德宏州2026年暑期小学期培训项目竞争性磋商公告,2026-07-20,云南省,,采购/资审公告,,https://www.ggzy.gov.cn/information/deal/html/a/530000/0201/20260720/0053bfb47c060d444c9f88dd919eb4fd6254.html,培训,培训,培训,小学,是,否
0042db4c7d52b0cd415e880b6fdbe542c5c0,郧西县教育局2026年采购中小学后勤设施设备（学生床、学生餐桌）公告,2026-07-20,湖北省,,采购/资审公告,湖北省政府采购网,https://www.ggzy.gov.cn/information/deal/html/a/420000/0201/20260720/0042db4c7d52b0cd415e880b6fdbe542c5c0.html,课桌椅,课桌椅,课桌椅;后勤服务,教育局统筹,否,否
00635a3d77b3bec842d09123caa2fe59f661,甘德县下贡麻乡寄宿制小学安全饮水提升项目的竞争性磋商公告,2026-07-20,青海省,,采购/资审公告,青海省公共资源交易网,https://www.ggzy.gov.cn/information/deal/html/a/630000/0201/20260720/00635a3d77b3bec842d09123caa2fe59f661.html,工程配套,其他,工程配套,小学,否,否
0065eb9ec3ddccb54d7dbda5d30d7ebb2f3b,尉犁县2026年义务教育薄弱环节改善与能力提升及学前教育发展项目-县第一小学教育集团功能室、实验室教学仪器设备采购公开招标公告,2026-07-20,新疆维吾尔自治区,,采购/资审公告,新疆维吾尔自治区公共资源交易平台,https://www.ggzy.gov.cn/information/deal/html/a/650000/0201/20260720/0065eb9ec3ddccb54d7dbda5d30d7ebb2f3b.html,实验室设备,实验室设备,实验室设备;教学仪器,小学,否,否
0013eefd05e68a034e13a081f79986e9a4b2,2026年北戴河新区小学粉刷工程竞争性磋商公告,2026-07-20,河北省,,采购/资审公告,秦皇岛市公共资源交易网,https://www.ggzy.gov.cn/information/deal/html/a/130000/0201/20260720/0013eefd05e68a034e13a081f79986e9a4b2.html,其他,其他,,小学,否,否
001465867714b3164f1295e29241ff5f4ef0,大同市云州区城镇第一小学校新建操场项目竞争性磋商采购公告,2026-07-20,山西省,,采购/资审公告,,https://www.ggzy.gov.cn/information/deal/html/a/140000/0201/20260720/001465867714b3164f1295e29241ff5f4ef0.html,校舍维修改造,校舍维修改造,校舍维修改造,小学,否,否
00441ed610c32aee41ffa235e6192db3793f,2026-2027学年增城区清燕小学校车接送服务项目采购竞争性磋商公告,2026-07-20,广东省,,采购/资审公告,,https://www.ggzy.gov.cn/information/deal/html/a/440000/0201/20260720/00441ed610c32aee41ffa235e6192db3793f.html,后勤服务,其他,后勤服务,小学,否,否
00353ecc8a7d80074a939f5f656382831379,2026-2027学年漳州市直中小学校学生簿册采购竞争性谈判公告,2026-07-20,福建省,,采购/资审公告,漳州市公共资源交易中心,https://www.ggzy.gov.cn/information/deal/html/a/350000/0201/20260720/00353ecc8a7d80074a939f5f656382831379.html,其他,其他,,教育局统筹,否,否
004263bc3fe52df84a8996fc87a62b8273eb,远安县栖凤小学食堂改造配套数字化项目采购公告,2026-07-20,湖北省,,采购/资审公告,湖北省政府采购网,https://www.ggzy.gov.cn/information/deal/html/a/420000/0201/20260720/004263bc3fe52df84a8996fc87a62b8273eb.html,信息化,信息化,信息化;校舍维修改造;食堂设备,小学,是,否
00428c564c6bd27e4145b0516ae2e7731373,广水市骆店镇中心小学运动场改扩建项目竞争性磋商公告,2026-07-20,湖北省,,采购/资审公告,湖北省政府采购网,https://www.ggzy.gov.cn/information/deal/html/a/420000/0201/20260720/00428c564c6bd27e4145b0516ae2e7731373.html,校舍维修改造,校舍维修改造,校舍维修改造,小学,否,否
0035f9212b6113f94e7f952b30391102ade6,福州市仓山小学教育集团奥体分校校园操场维修工程竞争性磋商公告,2026-07-20,福建省,,采购/资审公告,福州市公共资源交易服务中心,https://www.ggzy.gov.cn/information/deal/html/a/350000/0201/20260720/0035f9212b6113f94e7f952b30391102ade6.html,校舍维修改造,校舍维修改造,校舍维修改造,小学,否,否
0045db5f41471f7a430ea30dd06ec8070886,广西国伟工程咨询有限公司关于南丹县里湖瑶族乡瑶里小学学生宿舍工程的竞争性磋商公告,2026-07-20,广西壮族自治区,,采购/资审公告,河池市公共资源交易中心,https://www.ggzy.gov.cn/information/deal/html/a/450000/0201/20260720/0045db5f41471f7a430ea30dd06ec8070886.html,后勤服务,其他,后勤服务,小学,否,否
00511aac7128ec7a469381424648226fd338,宜宾市翠屏区教师培训与教育研究中心翠屏区中小学学校录播教室建设——录播设备招标公告,2026-07-20,四川省,,采购/资审公告,,https://www.ggzy.gov.cn/information/deal/html/a/510000/0201/20260720/00511aac7128ec7a469381424648226fd338.html,培训,培训,培训;信息化设备,教育局统筹,是,否
00520d88b4888e204e0780a4e8cb2d2b91e3,[采购公告]岑巩县2026年农村义务教育学校校舍安全保障长效机制中央补助资金维修改造项目（第一批）（C包）岑巩县水尾九年一贯制学校2026年女生宿舍维修改造工程、岑巩县羊桥乡两河小学2026年学生食堂维修改造工程,2026-07-20,贵州省,,采购/资审公告,黔东南州公共资源交易中心,https://www.ggzy.gov.cn/information/deal/html/a/520000/0201/20260720/00520d88b4888e204e0780a4e8cb2d2b91e3.html,校舍维修改造,校舍维修改造,校舍维修改造;食堂设备,小学,否,否
0051bba20c35834842598d1eb1fd15456ce9,宜宾市翠屏区旧州小学校翠屏区旧州小学校LED显示屏系统和音频系统设备采购(二次)竞争性谈判公告,2026-07-20,四川省,,采购/资审公告,,https://www.ggzy.gov.cn/information/deal/html/a/510000/0201/20260720/0051bba20c35834842598d1eb1fd15456ce9.html,大屏,大屏,大屏,小学,是,否
004466c5379c47554c92a84425edc5fac42f,勒流勒北小学焕新工程(二次)竞争性磋商公告,2026-07-20,广东省,,采购/资审公告,,https://www.ggzy.gov.cn/information/deal/html/a/440000/0201/20260720/004466c5379c47554c92a84425edc5fac42f.html,其他,其他,,小学,否,否
0061225baa7d7f8c4d31855ef5113f6b92eb,西安市莲湖区郝家巷小学消防改造项目竞争性磋商公告.html,2026-07-20,陕西省,,采购/资审公告,全国公共资源交易平台（陕西省）,https://www.ggzy.gov.cn/information/deal/html/a/610000/0201/20260720/0061225baa7d7f8c4d31855ef5113f6b92eb.html,校舍维修改造,校舍维修改造,校舍维修改造;校园安防,小学,否,否
0035f32f40d4859541f8a04ed9f880cfcb6c,福建漳州蓝田经济开发区第二实验小学梯形教室改造竞争性谈判公告,2026-07-20,福建省,,采购/资审公告,漳州市公共资源交易中心,https://www.ggzy.gov.cn/information/deal/html/a/350000/0201/20260720/0035f32f40d4859541f8a04ed9f880cfcb6c.html,校舍维修改造,校舍维修改造,校舍维修改造,小学,否,否
0051fa9a2f5e74f045b8a80980e82fc7d1db,眉山市东坡区苏南小学多联式空调采购安装项目(二次)竞争性谈判公告,2026-07-20,四川省,,采购/资审公告,,https://www.ggzy.gov.cn/information/deal/html/a/510000/0201/20260720/0051fa9a2f5e74f045b8a80980e82fc7d1db.html,工程配套,其他,工程配套,小学,否,否
005328edbc22d4be4f22af4ea3ee5eb159e7,云南普招项目咨询有限公司关于宁洱县直属小学2025年基础教育奖补资金建设项目的竞争性磋商公告,2026-07-20,云南省,,采购/资审公告,,https://www.ggzy.gov.cn/information/deal/html/a/530000/0201/20260720/005328edbc22d4be4f22af4ea3ee5eb159e7.html,后勤服务,其他,后勤服务,小学,否,否
004220d56cf837144133a40016289818bbc1,宜昌市伍家岗区花艳小学运动场改造工程竞争性谈判公告,2026-07-20,湖北省,,采购/资审公告,湖北省政府采购网,https://www.ggzy.gov.cn/information/deal/html/a/420000/0201/20260720/004220d56cf837144133a40016289818bbc1.html,校舍维修改造,校舍维修改造,校舍维修改造,小学,否,否
0015356ce9d82daa48ec94e46acc09fbc877,乌审旗沙尔利格小学暖气管道电力改造(二次)竞争性谈判公告,2026-07-20,内蒙古自治区,,采购/资审公告,,https://www.ggzy.gov.cn/information/deal/html/a/150000/0201/20260720/0015356ce9d82daa48ec94e46acc09fbc877.html,校舍维修改造,校舍维修改造,校舍维修改造,小学,否,否
0031b443094a099d43b4a6cd52e383e27231,上海市浦东新区临港外国语小学物业管理服务的公开招标公告,2026-07-20,上海市,,采购/资审公告,上海政府采购网,https://www.ggzy.gov.cn/information/deal/html/a/310000/0201/20260720/0031b443094a099d43b4a6cd52e383e27231.html,后勤服务,其他,后勤服务,小学,否,否
005157ee4e0e95994216887db9abfef51beb,越西县邮电贝尔小学越西县2025年中小学校学生课桌椅采购项目询价公告,2026-07-20,四川省,,采购/资审公告,,https://www.ggzy.gov.cn/information/deal/html/a/510000/0201/20260720/005157ee4e0e95994216887db9abfef51beb.html,课桌椅,课桌椅,课桌椅,教育局统筹,否,否
0013eada78f6fd1440f2b0db0d7f47b68510,唐山市果园赖旺庄小学配套完善工程竞争性磋商公告,2026-07-20,河北省,,采购/资审公告,,https://www.ggzy.gov.cn/information/deal/html/a/130000/0201/20260720/0013eada78f6fd1440f2b0db0d7f47b68510.html,其他,其他,,小学,否,否
0045c70e80cefc8d46f0adba687a44144e8f,广西宏朗工程咨询服务有限公司关于扶绥县中东镇中心小学两栋学生宿舍楼维修项目（项目编号：CZZC2026-C2-210052-GXHL）竞争性磋商公告,2026-07-20,广西壮族自治区,,采购/资审公告,崇左市电子招投标交易平台,https://www.ggzy.gov.cn/information/deal/html/a/450000/0201/20260720/0045c70e80cefc8d46f0adba687a44144e8f.html,校舍维修改造,校舍维修改造,校舍维修改造;后勤服务,小学,否,否
00110c11b89da05e4801b0737da489234508,平谷区第五小学操场维修改造工程竞争性磋商公告,2026-07-20,北京,,采购/资审公告,北京市政府采购网,https://www.ggzy.gov.cn/information/deal/html/a/110000/0201/20260720/00110c11b89da05e4801b0737da489234508.html,校舍维修改造,校舍维修改造,校舍维修改造,小学,否,否
001167d1c4456aa4412d8dabcc6e22fa5abf,平谷区夏各庄中心小学西校区操场维修改造工程竞争性磋商公告,2026-07-20,北京,,采购/资审公告,北京市政府采购网,https://www.ggzy.gov.cn/information/deal/html/a/110000/0201/20260720/001167d1c4456aa4412d8dabcc6e22fa5abf.html,校舍维修改造,校舍维修改造,校舍维修改造,小学,否,否
00374613866465324bb7aaccdb3ffe172280,山东师范大学附属小学南北楼卫生间改造竞争性磋商公告,2026-07-20,山东省,,采购/资审公告,山东产权交易中心综合交易系统,https://www.ggzy.gov.cn/information/deal/html/a/370000/0201/20260720/00374613866465324bb7aaccdb3ffe172280.html,校舍维修改造,校舍维修改造,校舍维修改造,小学,否,否
0037090f6a348f2042c5b60427722124bdb0,青岛市即墨区通济新区管理服务中心马山小学后勤物资采购项目公开招标公告,2026-07-20,山东省,,采购/资审公告,青岛市公共资源交易 电子交易系统,https://www.ggzy.gov.cn/information/deal/html/a/370000/0201/20260720/0037090f6a348f2042c5b60427722124bdb0.html,后勤服务,其他,后勤服务,小学,否,否
005115263d93e5bf4ef7b75db8d3f2d2c666,四川省成都市石室天府中学附属小学2026年智慧黑板采购项目招标公告,2026-07-20,四川省,,采购/资审公告,,https://www.ggzy.gov.cn/information/deal/html/a/510000/0201/20260720/005115263d93e5bf4ef7b75db8d3f2d2c666.html,智慧黑板,智慧黑板,智慧黑板,小学,是,否
00455305f80d00af48429b8861ce63106f6d,广西宏朗工程咨询服务有限公司关于扶绥县山圩镇中心小学校道、学生宿舍楼维修项目（项目编号：CZZC2026-C2-210050-GXHL）竞争性磋商公告,2026-07-20,广西壮族自治区,,采购/资审公告,崇左市电子招投标交易平台,https://www.ggzy.gov.cn/information/deal/html/a/450000/0201/20260720/00455305f80d00af48429b8861ce63106f6d.html,校舍维修改造,校舍维修改造,校舍维修改造;后勤服务,小学,否,否
005115031a632b414534b7e4f62d964b80d2,广安市广安区思源小学校课桌椅采购2026询价公告,2026-07-20,四川省,,采购/资审公告,,https://www.ggzy.gov.cn/information/deal/html/a/510000/0201/20260720/005115031a632b414534b7e4f62d964b80d2.html,课桌椅,课桌椅,课桌椅,小学,否,否
00515f05a0afc9f548628af04e08a5746863,宜宾市南溪区丽雅小学校丽雅小学国学馆家具(二次)竞争性谈判公告,2026-07-20,四川省,,采购/资审公告,,https://www.ggzy.gov.cn/information/deal/html/a/510000/0201/20260720/00515f05a0afc9f548628af04e08a5746863.html,课桌椅,课桌椅,课桌椅,小学,否,否
0052b8a698a7a6ce4f5098d48fc1410fa9a1,金沙县第一小学设施设备采购项目采购公告招标公告,2026-07-20,贵州省,,采购/资审公告,毕节市公共资源交易中心,https://www.ggzy.gov.cn/information/deal/html/a/520000/0201/20260720/0052b8a698a7a6ce4f5098d48fc1410fa9a1.html,其他,其他,,小学,否,否
001402dbc1cfd60c444f8f7bba5db4c533c7,右玉县新城镇明德完全小学操场改造项目磋商公告,2026-07-20,山西省,,采购/资审公告,,https://www.ggzy.gov.cn/information/deal/html/a/140000/0201/20260720/001402dbc1cfd60c444f8f7bba5db4c533c7.html,校舍维修改造,校舍维修改造,校舍维修改造,小学,否,否
00511fe66192f03c46f68f6365800f0de05c,盐边县第一中小学校食堂电梯配套设备采购项目询价公告,2026-07-20,四川省,,采购/资审公告,,https://www.ggzy.gov.cn/information/deal/html/a/510000/0201/20260720/00511fe66192f03c46f68f6365800f0de05c.html,食堂设备,食堂设备,食堂设备;工程配套,教育局统筹,否,否
0034417e980ac5224682b9baf847cccf0999,旌德县旌阳镇第一小学运动场塑化改造采购及铺装竞争性磋商公告,2026-07-20,安徽省,,采购/资审公告,宣城市公共资源交易平台电子交易系统,https://www.ggzy.gov.cn/information/deal/html/a/340000/0201/20260720/0034417e980ac5224682b9baf847cccf0999.html,校舍维修改造,校舍维修改造,校舍维修改造,小学,否,否
0045fb3c0e795ccd49a9a9412ee9388e3f06,广西宏朗工程咨询服务有限公司关于扶绥县中东镇中心小学两栋学生宿舍楼维修项目的竞争性磋商公告,2026-07-20,广西壮族自治区,,采购/资审公告,广西壮族自治区公共资源电子交易系统,https://www.ggzy.gov.cn/information/deal/html/a/450000/0201/20260720/0045fb3c0e795ccd49a9a9412ee9388e3f06.html,校舍维修改造,校舍维修改造,校舍维修改造;后勤服务,小学,否,否
0042900b9872efba43328f7e390e8fdd555d,郧西县教育局本级郧西县中小学校食堂大宗食材采购及配送服务（禽畜肉）公开招标公告,2026-07-20,湖北省,,采购/资审公告,湖北省政府采购网,https://www.ggzy.gov.cn/information/deal/html/a/420000/0201/20260720/0042900b9872efba43328f7e390e8fdd555d.html,食堂设备,食堂设备,食堂设备;后勤服务,教育局统筹,否,否
0065b8f30485f7894cdbabf516d13b488246,乌鲁木齐市第一小学校运动场地维修改造竞争性磋商公告,2026-07-20,新疆维吾尔自治区,,采购/资审公告,新疆维吾尔自治区公共资源交易平台,https://www.ggzy.gov.cn/information/deal/html/a/650000/0201/20260720/0065b8f30485f7894cdbabf516d13b488246.html,校舍维修改造,校舍维修改造,校舍维修改造,小学,否,否
00434c19aecb2f5a476b8fdc2c6a8d5693ef,2026年慈利县中小学校食堂食材采购配送服务项目（含营改资金）招标公告,2026-07-20,湖南省,,采购/资审公告,,https://www.ggzy.gov.cn/information/deal/html/a/430000/0201/20260720/00434c19aecb2f5a476b8fdc2c6a8d5693ef.html,食堂设备,食堂设备,食堂设备;后勤服务,教育局统筹,否,否
0052159fcb484a154681bc5f3b25a6da29d2,威宁自治县黑石头镇第二小学教学楼及学生宿舍维修改造项目采购公告,2026-07-20,贵州省,,采购/资审公告,毕节市公共资源交易中心,https://www.ggzy.gov.cn/information/deal/html/a/520000/0201/20260720/0052159fcb484a154681bc5f3b25a6da29d2.html,校舍维修改造,校舍维修改造,校舍维修改造,小学,否,否
00436db50288cd8b44d59aabb328baab7128,怀化市宏宇小学食堂大宗食材采购招标公告,2026-07-20,湖南省,,采购/资审公告,,https://www.ggzy.gov.cn/information/deal/html/a/430000/0201/20260720/00436db50288cd8b44d59aabb328baab7128.html,食堂设备,食堂设备,食堂设备;后勤服务,小学,否,否
00128982db77afa54caa8b403905bb0e3d98,天津市西青区中北镇新望道小学 新望道小学2026-2027年度师生用餐项目 (项目编号:JYHT-2026-202)公开招标公告,2026-07-20,天津市,,采购/资审公告,天津市公共资源交易平台交易系统,https://www.ggzy.gov.cn/information/deal/html/a/120000/0201/20260720/00128982db77afa54caa8b403905bb0e3d98.html,其他,其他,,小学,否,否
004598fccd1e12e44089ab33046900a76362,柳州市政府集中采购中心关于融水县中小学铁架床采购的公开招标公告,2026-07-20,广西壮族自治区,,采购/资审公告,广西壮族自治区公共资源电子交易系统,https://www.ggzy.gov.cn/information/deal/html/a/450000/0201/20260720/004598fccd1e12e44089ab33046900a76362.html,其他,其他,,教育局统筹,否,否
0013c9493e2d281b47ef97ad1aa435710147,玉田县杨家板桥镇霞港中心小学玉田县杨家板桥镇霞港中心小学操场提升改造工程竞争性谈判公告,2026-07-20,河北省,,采购/资审公告,,https://www.ggzy.gov.cn/information/deal/html/a/130000/0201/20260720/0013c9493e2d281b47ef97ad1aa435710147.html,校舍维修改造,校舍维修改造,校舍维修改造,小学,否,否
00422dddf1a759154455997fca8081e373b4,咸丰县第三实验中小学购置生活设施设备（三次）询价公告,2026-07-20,湖北省,,采购/资审公告,湖北省政府采购网,https://www.ggzy.gov.cn/information/deal/html/a/420000/0201/20260720/00422dddf1a759154455997fca8081e373b4.html,其他,其他,,教育局统筹,否,否
0051ec3f65b9c25e40abb9636fe388ad169c,大邑县教育局大邑县东街小学（官渡校区）信息化类设备采购(二次)招标公告,2026-07-20,四川省,,采购/资审公告,,https://www.ggzy.gov.cn/information/deal/html/a/510000/0201/20260720/0051ec3f65b9c25e40abb9636fe388ad169c.html,信息化,信息化,信息化,教育局统筹,是,否
0045e792a2419ea843a6bce2c2dbb5a4c65c,柳州市政府集中采购中心关于融水县中小学课桌椅采购的公开招标公告,2026-07-20,广西壮族自治区,,采购/资审公告,广西壮族自治区公共资源电子交易系统,https://www.ggzy.gov.cn/information/deal/html/a/450000/0201/20260720/0045e792a2419ea843a6bce2c2dbb5a4c65c.html,课桌椅,课桌椅,课桌椅,教育局统筹,否,否
0045c4b641f1e31e4a47a62931d308320bec,广西宏朗工程咨询服务有限公司关于扶绥县山圩镇中心小学校道、学生宿舍楼维修项目的竞争性磋商公告,2026-07-20,广西壮族自治区,,采购/资审公告,广西壮族自治区公共资源电子交易系统,https://www.ggzy.gov.cn/information/deal/html/a/450000/0201/20260720/0045c4b641f1e31e4a47a62931d308320bec.html,校舍维修改造,校舍维修改造,校舍维修改造;后勤服务,小学,否,否
0011d5e8324642bc46f69243416aafe4ced2,北京第二实验小学平谷分校（马坊校区）操场维修改造工程竞争性磋商公告,2026-07-20,北京,,采购/资审公告,北京市政府采购网,https://www.ggzy.gov.cn/information/deal/html/a/110000/0201/20260720/0011d5e8324642bc46f69243416aafe4ced2.html,校舍维修改造,校舍维修改造,校舍维修改造,小学,否,否
00516f623a2c02d847f88e0f60cbac1b7e77,成都市龙泉驿区教育局龙泉驿区中小学生心理健康辅导中心设备采购项目招标公告,2026-07-20,四川省,,采购/资审公告,,https://www.ggzy.gov.cn/information/deal/html/a/510000/0201/20260720/00516f623a2c02d847f88e0f60cbac1b7e77.html,其他,其他,,教育局统筹,否,否
00133cfe42e3dded4fe9a5e2620becc4e74c,郭守敬小学园林校区2026年秋季开学设备配备项目招标公告,2026-07-20,河北省,,采购/资审公告,邢台市公共资源交易中心,https://www.ggzy.gov.cn/information/deal/html/a/130000/0201/20260720/00133cfe42e3dded4fe9a5e2620becc4e74c.html,其他,其他,,小学,否,否
00459c102ede892644fa92bc0a6d178a3467,南宁市武鸣区双桥镇双桥小学塑胶跑道工程竞争性磋商公告,2026-07-20,广西壮族自治区,,采购/资审公告,南宁市公共资源交易中心,https://www.ggzy.gov.cn/information/deal/html/a/450000/0201/20260720/00459c102ede892644fa92bc0a6d178a3467.html,校舍维修改造,校舍维修改造,校舍维修改造,小学,否,否
0045ab948d5d242343b7b1b71322ec773e59,南宁市武鸣区双桥镇平稳小学运动场工程竞争性磋商公告,2026-07-20,广西壮族自治区,,采购/资审公告,南宁市公共资源交易中心,https://www.ggzy.gov.cn/information/deal/html/a/450000/0201/20260720/0045ab948d5d242343b7b1b71322ec773e59.html,校舍维修改造,校舍维修改造,校舍维修改造,小学,否,否
0045ae0cc1c11a2543d9b75e56a1048b8694,广西宏朗工程咨询服务有限公司关于扶绥县渠旧镇中心小学学生宿舍楼维修项目的竞争性磋商公告,2026-07-20,广西壮族自治区,,采购/资审公告,广西壮族自治区公共资源电子交易系统,https://www.ggzy.gov.cn/information/deal/html/a/450000/0201/20260720/0045ae0cc1c11a2543d9b75e56a1048b8694.html,校舍维修改造,校舍维修改造,校舍维修改造;后勤服务,小学,否,否
0045047cb44f33d14ba7855db5195d922bfc,广西亦横嘉项目管理咨询有限公司关于中小学教育服务项目的竞争性磋商公告,2026-07-20,广西壮族自治区,,采购/资审公告,广西壮族自治区公共资源电子交易系统,https://www.ggzy.gov.cn/information/deal/html/a/450000/0201/20260720/0045047cb44f33d14ba7855db5195d922bfc.html,后勤服务,其他,后勤服务,教育局统筹,否,否
0044a29fefda2d0846e6bd1301df482ed4a5,东莞市南城阳光第十小学2026年学生午餐配餐服务项目(二次)招标公告,2026-07-20,广东省,,采购/资审公告,,https://www.ggzy.gov.cn/information/deal/html/a/440000/0201/20260720/0044a29fefda2d0846e6bd1301df482ed4a5.html,其他,其他,,小学,否,否
0015b4805363f6384113a49c6e296fdfe0ff,赛罕区乌兰小学教学教研创客信息化采购项目招标公告,2026-07-20,内蒙古自治区,,采购/资审公告,,https://www.ggzy.gov.cn/information/deal/html/a/150000/0201/20260720/0015b4805363f6384113a49c6e296fdfe0ff.html,教研,教研,教研;信息化设备;信息化,小学,是,否
00159b3d478e4a5247cca494a00efd37de35,科左后旗2026年东西部协作人工智能赋能中小学生素养提升项目竞争性磋商公告,2026-07-20,内蒙古自治区,,采购/资审公告,,https://www.ggzy.gov.cn/information/deal/html/a/150000/0201/20260720/00159b3d478e4a5247cca494a00efd37de35.html,人工智能,人工智能,人工智能,教育局统筹,是,否
0033d38bb121251e41a1818a5ab7e4731c1e,浙江广晟工程咨询有限公司关于瓶窑第一小学（凤溪校区）立品文化多功能布展采购的公开招标公告,2026-07-20,浙江省,,采购/资审公告,杭州市公共资源交易网,https://www.ggzy.gov.cn/information/deal/html/a/330000/0201/20260720/0033d38bb121251e41a1818a5ab7e4731c1e.html,后勤服务,其他,后勤服务,小学,否,否
0061dab7963333e34b8092e686002324c2c4,西安高新区第二十九小学漏水维修竞争性磋商公告.html,2026-07-20,陕西省,,采购/资审公告,全国公共资源交易平台（陕西省）,https://www.ggzy.gov.cn/information/deal/html/a/610000/0201/20260720/0061dab7963333e34b8092e686002324c2c4.html,校舍维修改造,校舍维修改造,校舍维修改造,小学,否,否
0013d5f16cef5d7f4813b549fb4a016cf691,石家庄市桥西区留营小学装备购置项目公开招标公告,2026-07-20,河北省,,采购/资审公告,石家庄公共资源交易网,https://www.ggzy.gov.cn/information/deal/html/a/130000/0201/20260720/0013d5f16cef5d7f4813b549fb4a016cf691.html,其他,其他,,小学,否,否
0052da38413394fa4f5e8295192610248222,云岩区教育系统2026年中小学维修改造项目（第一批）采购公告,2026-07-20,贵州省,,采购/资审公告,贵阳市公共资源交易中心,https://www.ggzy.gov.cn/information/deal/html/a/520000/0201/20260720/0052da38413394fa4f5e8295192610248222.html,校舍维修改造,校舍维修改造,校舍维修改造,教育局统筹,否,否
0033dad9c3f8841b4503af341c4e83f84ef8,温州市成丰项目管理有限公司关于温州市蒲鞋市小学午休课桌椅和手摇课桌椅采购项目的公开招标公告,2026-07-20,浙江省,,采购/资审公告,温州市公共资源交易网,https://www.ggzy.gov.cn/information/deal/html/a/330000/0201/20260720/0033dad9c3f8841b4503af341c4e83f84ef8.html,课桌椅,课桌椅,课桌椅,小学,否,否
0061aca21b1035cc4334b783eb29c4f9d6bd,宝鸡市凤翔区雍城小学2026年计算机采购项目（二次）采购公告,2026-07-20,陕西省,,采购/资审公告,全国公共资源交易平台（陕西省）,https://www.ggzy.gov.cn/information/deal/html/a/610000/0201/20260720/0061aca21b1035cc4334b783eb29c4f9d6bd.html,信息化设备,信息化设备,信息化设备,小学,是,否
003317ec0ab531544c4da4fed5415da41cda,浙江致信招标代理有限公司关于慈溪市周巷镇中心小学教育集团保安服务采购项目的公开招标公告,2026-07-20,浙江省,,采购/资审公告,宁波市公共资源交易网,https://www.ggzy.gov.cn/information/deal/html/a/330000/0201/20260720/003317ec0ab531544c4da4fed5415da41cda.html,后勤服务,其他,后勤服务,小学,否,否
00618a14e1fefc1e4073a79f7660efbfa31d,吴堡县第二完全小学教学设施设备采购项目采购公告,2026-07-20,陕西省,,采购/资审公告,全国公共资源交易平台（陕西省）,https://www.ggzy.gov.cn/information/deal/html/a/610000/0201/20260720/00618a14e1fefc1e4073a79f7660efbfa31d.html,其他,其他,,小学,否,否
0033342fe415c1934263a305bcc5d466a53c,衢州市开成工程造价咨询事务所有限公司关于江山实验小学食堂劳务外包采购项目的公开招标公告,2026-07-20,浙江省,,采购/资审公告,衢州市公共资源交易网,https://www.ggzy.gov.cn/information/deal/html/a/330000/0201/20260720/0033342fe415c1934263a305bcc5d466a53c.html,食堂设备,食堂设备,食堂设备;后勤服务,小学,否,否
00410612a2fb549545c18e4b8baf69f242d5,郸城县人工增雨作业站2026年全县公办中小学防雷安全技术服务项目-竞争性磋商公告,2026-07-20,河南省,,采购/资审公告,,https://www.ggzy.gov.cn/information/deal/html/a/410000/0201/20260720/00410612a2fb549545c18e4b8baf69f242d5.html,其他,其他,,教育局统筹,否,否
0041b2d9aff43822485a95e053bad58b0c3b,西平县教育局西平县2024年农村中小学校舍安全保障长效机制资金项目工程设计项目-竞争性谈判公告,2026-07-20,河南省,,采购/资审公告,,https://www.ggzy.gov.cn/information/deal/html/a/410000/0201/20260720/0041b2d9aff43822485a95e053bad58b0c3b.html,校舍维修改造,校舍维修改造,校舍维修改造,教育局统筹,否,否
00416e460274cd2c4107a794a125eb40f093,巩义市教育局伏羲路小学二期工程设备购置项目-竞争性谈判公告,2026-07-20,河南省,,采购/资审公告,,https://www.ggzy.gov.cn/information/deal/html/a/410000/0201/20260720/00416e460274cd2c4107a794a125eb40f093.html,其他,其他,,教育局统筹,否,否
0021e9b31c57170d49598cf22b1b7d3597ee,东港市龙王庙镇中心小学塑胶操场新建工程竞争性磋商公告,2026-07-20,辽宁省,,采购/资审公告,辽宁政府采购网,https://www.ggzy.gov.cn/information/deal/html/a/210000/0201/20260720/0021e9b31c57170d49598cf22b1b7d3597ee.html,校舍维修改造,校舍维修改造,校舍维修改造,小学,否,否
0021366a0560ab1f4c0db26f77a6f1ac971f,机器人小学室内外校园文化建设采购招标公告,2026-07-20,辽宁省,,采购/资审公告,辽宁政府采购网,https://www.ggzy.gov.cn/information/deal/html/a/210000/0201/20260720/0021366a0560ab1f4c0db26f77a6f1ac971f.html,校园文化,其他,校园文化,小学,否,否
0021422134e573c14522bc8cbcfa9848fcd0,建平县哈拉道口镇小学消防给水管网及水池建设项目（第二次）（第二次）竞争性磋商公告,2026-07-20,辽宁省,,采购/资审公告,辽宁政府采购网,https://www.ggzy.gov.cn/information/deal/html/a/210000/0201/20260720/0021422134e573c14522bc8cbcfa9848fcd0.html,校园安防,校园安防,校园安防,小学,否,否
00132d0a038c884d4f4e9816096ba3270105,宽城满族自治县教育和体育局中小学智慧安防设施项目（二次）,2026-07-20,河北省,,采购/资审公告,,https://www.ggzy.gov.cn/information/deal/html/a/130000/0201/20260720/00132d0a038c884d4f4e9816096ba3270105.html,校园安防,校园安防,校园安防,教育局统筹,否,否
0014f78b638fd0e4426f9e929cb924c06df3,安泽县职业中学校舍维修改造工程的采购公告,2026-07-26,山西省,,采购/资审公告,,https://www.ggzy.gov.cn/information/deal/html/a/140000/0201/20260726/0014f78b638fd0e4426f9e929cb924c06df3.html,校舍维修改造,校舍维修改造,校舍维修改造,一贯制未分段,否,否
0015e7ec0f3f5ec14764b578422c5ee99733,乌海市第十二中学物化生实验室项目招标公告,2026-07-26,内蒙古自治区,,采购/资审公告,,https://www.ggzy.gov.cn/information/deal/html/a/150000/0201/20260726/0015e7ec0f3f5ec14764b578422c5ee99733.html,实验室设备,实验室设备,实验室设备,一贯制未分段,否,否
0035c241704c13f740dc8ecbb1eb06f3ad03,泉州市第九中学城东校区2026年教学仪器设备采购(二次)竞争性谈判公告,2026-07-26,福建省,,采购/资审公告,泉州市公共资源交易中心,https://www.ggzy.gov.cn/information/deal/html/a/350000/0201/20260726/0035c241704c13f740dc8ecbb1eb06f3ad03.html,教学仪器,教学仪器,教学仪器,一贯制未分段,否,否
00377a57d20d9c904cc7b1bb6eb45b87eaf2,临沂盛能湖高级中学学生及办公生活配套家具采购项目竞争性谈判公告,2026-07-26,山东省,,采购/资审公告,临沂市公共资源电子交易系统,https://www.ggzy.gov.cn/information/deal/html/a/370000/0201/20260726/00377a57d20d9c904cc7b1bb6eb45b87eaf2.html,课桌椅,课桌椅,课桌椅,高中,否,否
0042429d905a41da41c38d2b59f6d3495275,十堰市高级中学实验室设施设备采购及安装公告,2026-07-26,湖北省,,采购/资审公告,湖北省政府采购网,https://www.ggzy.gov.cn/information/deal/html/a/420000/0201/20260726/0042429d905a41da41c38d2b59f6d3495275.html,实验室设备,实验室设备,实验室设备,高中,否,否
0041c86f4c92db374a6b9d9b5eb98a7623d0,漯河市源汇区空冢郭镇初级中学智慧黑板项目-竞争性磋商公告,2026-07-26,河南省,,采购/资审公告,漯河市公共资源交易中心,https://www.ggzy.gov.cn/information/deal/html/a/410000/0201/20260726/0041c86f4c92db374a6b9d9b5eb98a7623d0.html,智慧黑板,智慧黑板,智慧黑板,初中,是,否
0042875dc6caeb9a44d698ee8a04c65a3ef8,武汉市梨园中学正式用电报装工程竞争性磋商采购公告,2026-07-26,湖北省,,采购/资审公告,湖北省政府采购网,https://www.ggzy.gov.cn/information/deal/html/a/420000/0201/20260726/0042875dc6caeb9a44d698ee8a04c65a3ef8.html,其他,其他,,一贯制未分段,否,否
005340ff064ee5dd4910a42eea224ecd94a2,云南民族大学附属中学2026年功能室建设项目的竞争性磋商公告,2026-07-26,云南省,,采购/资审公告,,https://www.ggzy.gov.cn/information/deal/html/a/530000/0201/20260726/005340ff064ee5dd4910a42eea224ecd94a2.html,实验室设备,实验室设备,实验室设备,一贯制未分段,否,否
005394d840ac4beb4587a39212210d8da752,云南民族大学附属中学AI赋能数智化底座与应用教研项目的公开招标公告,2026-07-26,云南省,,采购/资审公告,,https://www.ggzy.gov.cn/information/deal/html/a/530000/0201/20260726/005394d840ac4beb4587a39212210d8da752.html,人工智能,人工智能,人工智能;教研,一贯制未分段,是,否
005430a9d5a37a7d4dcba07e8e360442f7b6,拉萨江苏实验中学体育场地更新改造项目采购公告,2026-07-26,西藏自治区,,采购/资审公告,拉萨市市公共资源交易中心,https://www.ggzy.gov.cn/information/deal/html/a/540000/0201/20260726/005430a9d5a37a7d4dcba07e8e360442f7b6.html,校舍维修改造,校舍维修改造,校舍维修改造,一贯制未分段,否,否
0042b97c454d86c344599287e6e08da6fd52,吴家山第四中学教学服务竞争性磋商公告,2026-07-26,湖北省,,采购/资审公告,湖北省政府采购网,https://www.ggzy.gov.cn/information/deal/html/a/420000/0201/20260726/0042b97c454d86c344599287e6e08da6fd52.html,其他,其他,,一贯制未分段,否,否
00129672078b1ea74647bcb8013b3cb1ab15,天津市天津中学  天津市天津中学食堂服务项目  (项目编号:XCSD-2026-A-617)公开招标公告,2026-07-26,天津市,,采购/资审公告,天津市公共资源交易平台交易系统,https://www.ggzy.gov.cn/information/deal/html/a/120000/0201/20260726/00129672078b1ea74647bcb8013b3cb1ab15.html,食堂设备,食堂设备,食堂设备,一贯制未分段,否,否
0012e985da872bd24eca96228e1a12dfff2b,天津市天津中学 天津市天津中学食堂食材采购项目  (项目编号:XCSD-2026-A-618)公开招标公告,2026-07-26,天津市,,采购/资审公告,天津市公共资源交易平台交易系统,https://www.ggzy.gov.cn/information/deal/html/a/120000/0201/20260726/0012e985da872bd24eca96228e1a12dfff2b.html,食堂设备,食堂设备,食堂设备;后勤服务,一贯制未分段,否,否
0023aa367f715c8d4fca88ccada1f93233b0,宝清县高级中学足球场改造及附属工程建设项目,2026-07-26,黑龙江省,,采购/资审公告,黑龙江省公共资源交易网,https://www.ggzy.gov.cn/information/deal/html/a/230000/0201/20260726/0023aa367f715c8d4fca88ccada1f93233b0.html,校舍维修改造,校舍维修改造,校舍维修改造;工程配套,高中,否,否
0014d2bfbb0d5dd545f28c8fb51fe0a16104,吕梁市离石区江阴中学竞争性磋商离石区江阴中学物业服务的采购公告,2026-07-26,山西省,,采购/资审公告,,https://www.ggzy.gov.cn/information/deal/html/a/140000/0201/20260726/0014d2bfbb0d5dd545f28c8fb51fe0a16104.html,后勤服务,其他,后勤服务,一贯制未分段,否,否
0061d1646a46e1224dc2b4ddb3c487c86dae,榆林市第二中学关于多功能厅、图书楼楼顶防水维修竞争性磋商公告,2026-07-26,陕西省,,采购/资审公告,全国公共资源交易平台（陕西省）,https://www.ggzy.gov.cn/information/deal/html/a/610000/0201/20260726/0061d1646a46e1224dc2b4ddb3c487c86dae.html,校舍维修改造,校舍维修改造,校舍维修改造;图书,一贯制未分段,否,否
00611d85e506ff1c4fdc9e2e0cb37228e892,绥德实验中学（绥师旧址）维修保护及校史馆建设工程(二次)竞争性磋商公告,2026-07-26,陕西省,,采购/资审公告,全国公共资源交易平台（陕西省）,https://www.ggzy.gov.cn/information/deal/html/a/610000/0201/20260726/00611d85e506ff1c4fdc9e2e0cb37228e892.html,校舍维修改造,校舍维修改造,校舍维修改造,一贯制未分段,否,否
003394630ed05ee449a7a048d158c87e3825,浙江省成套招标代理有限公司关于杭州市袁浦中学（杭州市之江第二中学）厨房设备采购项目的公开招标公告,2026-07-26,浙江省,,采购/资审公告,杭州市公共资源交易网,https://www.ggzy.gov.cn/information/deal/html/a/330000/0201/20260726/003394630ed05ee449a7a048d158c87e3825.html,食堂设备,食堂设备,食堂设备,一贯制未分段,否,否
0033c2dd42b0f1ef4b0b840b48b3808f8305,浙江省成套招标代理有限公司关于杭州市袁浦中学（杭州市之江第二中学）校园安全技术防范系统采购项目的公开招标公告,2026-07-26,浙江省,,采购/资审公告,杭州市公共资源交易网,https://www.ggzy.gov.cn/information/deal/html/a/330000/0201/20260726/0033c2dd42b0f1ef4b0b840b48b3808f8305.html,其他,其他,,一贯制未分段,否,否
0061d7c22bd4b2584cf1b352a182c6313db3,绥德中学教学综合楼维修改造工程项目采购公告,2026-07-26,陕西省,,采购/资审公告,全国公共资源交易平台（陕西省）,https://www.ggzy.gov.cn/information/deal/html/a/610000/0201/20260726/0061d7c22bd4b2584cf1b352a182c6313db3.html,校舍维修改造,校舍维修改造,校舍维修改造,一贯制未分段,否,否
0036d89ab5b483bf4a1cbe2f4cce6385a435,江西瑞芃工程项目管理有限公司关于江西省赣州市赣县区第四中学赣县区第四中学课后服务生物实验室设备采购及安装项目（项目编号：JXRP2026-GX-J001 ）的电子化竞争性谈判公告,2026-07-26,江西省,,采购/资审公告,赣州市公共资源交易中心,https://www.ggzy.gov.cn/information/deal/html/a/360000/0201/20260726/0036d89ab5b483bf4a1cbe2f4cce6385a435.html,实验室设备,实验室设备,实验室设备;课后服务,一贯制未分段,否,否
0037f343e9bda7064fbcb389f50650715e5b,山东省青岛第九中学2026年青岛九中物业服务项目竞争性磋商公告,2026-07-25,山东省,,采购/资审公告,青岛市公共资源交易 电子交易系统,https://www.ggzy.gov.cn/information/deal/html/a/370000/0201/20260725/0037f343e9bda7064fbcb389f50650715e5b.html,后勤服务,其他,后勤服务,一贯制未分段,否,否
0022b78eae6c54024218a29f0199003f47c2,吉林省融合项目管理咨询有限责任公司关于扶余市第四中学多功能室等设备购置项目的公开招标公告,2026-07-25,吉林省,,采购/资审公告,松原市公共资源交易中心,https://www.ggzy.gov.cn/information/deal/html/a/220000/0201/20260725/0022b78eae6c54024218a29f0199003f47c2.html,实验室设备,实验室设备,实验室设备;后勤服务,一贯制未分段,否,否
00659c24badb26e3427b816d1d6cf174d065,和田地区洛浦县2026年改善普通高中学校办学条件中央资金(第一批)建设项目(包二)二次公开招标公告,2026-07-25,新疆维吾尔自治区,,采购/资审公告,新疆维吾尔自治区公共资源交易平台,https://www.ggzy.gov.cn/information/deal/html/a/650000/0201/20260725/00659c24badb26e3427b816d1d6cf174d065.html,其他,其他,,高中,否,否
0036d19dc276969c4fdc9c4f8f14d9d623cd,吉安县永和中学2026校园足球场改造工程,2026-07-25,江西省,,采购/资审公告,吉安市公共资源交易中心,https://www.ggzy.gov.cn/information/deal/html/a/360000/0201/20260725/0036d19dc276969c4fdc9c4f8f14d9d623cd.html,校舍维修改造,校舍维修改造,校舍维修改造;工程配套,一贯制未分段,否,否
0036c3f1a64259a7412ba174eab24170ef9d,中泓泽润工程管理咨询有限公司关于奉新县第一中学田家炳楼配套设备采购项目（项目编号：中泓-FX2026-009）重新公开招标公告,2026-07-25,江西省,,采购/资审公告,宜春市公共资源交易中心,https://www.ggzy.gov.cn/information/deal/html/a/360000/0201/20260725/0036c3f1a64259a7412ba174eab24170ef9d.html,后勤服务,其他,后勤服务,一贯制未分段,否,否
0036ab1cad0acfe249b5bea81728e0b64868,江西橙乡工程管理有限公司关于江西省信丰县九渡中学信丰县九渡中学厚德楼改造工程（项目编号：JXCX2026-XF-C014）的竞争性磋商公告（不见面开标）,2026-07-25,江西省,,采购/资审公告,赣州市公共资源交易中心,https://www.ggzy.gov.cn/information/deal/html/a/360000/0201/20260725/0036ab1cad0acfe249b5bea81728e0b64868.html,校舍维修改造,校舍维修改造,校舍维修改造,一贯制未分段,否,否
00366a2e01d004a94f69afc04d75e2f7a370,赣州市友宏项目管理有限公司关于江西省大余县池江中学大余县池江中学新建学生厕所及改建运动场等附属设施项目（项目编号：GZYH2026-DY-C008）竞争性磋商公告,2026-07-25,江西省,,采购/资审公告,赣州市公共资源交易中心,https://www.ggzy.gov.cn/information/deal/html/a/360000/0201/20260725/00366a2e01d004a94f69afc04d75e2f7a370.html,校舍维修改造,校舍维修改造,校舍维修改造,一贯制未分段,否,否
003629e1858284b54880848db66c688c22e3,江西旭景项目管理有限公司关于江西省江西师范大学附属中学赣江创新研究院分校食堂设备采购项目（采购编号：JXXJ2026-GX-J005-2）的竞争性谈判采购公告（不见面开标）,2026-07-25,江西省,,采购/资审公告,赣州市公共资源交易中心,https://www.ggzy.gov.cn/information/deal/html/a/360000/0201/20260725/003629e1858284b54880848db66c688c22e3.html,食堂设备,食堂设备,食堂设备,一贯制未分段,否,否
0036f87dc1fceb694f0588ff8fdeac23bbbe,南昌市政府采购中心关于南昌中学一批电脑采购项目（项目编号：NCZFCG2026-0034（第二次））政府采购询价公告,2026-07-25,江西省,,采购/资审公告,南昌市公共资源交易中心,https://www.ggzy.gov.cn/information/deal/html/a/360000/0201/20260725/0036f87dc1fceb694f0588ff8fdeac23bbbe.html,信息化设备,信息化设备,信息化设备,一贯制未分段,是,否
0036864efb95bb0d48c09e81c2dd825f93d1,江西省机电设备招标有限公司关于鹰潭市信江中学改扩建办公及教学配套设备采购项目（项目编号：JXTC2026110131）公开招标公告,2026-07-25,江西省,,采购/资审公告,鹰潭市公共资源交易中心,https://www.ggzy.gov.cn/information/deal/html/a/360000/0201/20260725/0036864efb95bb0d48c09e81c2dd825f93d1.html,校舍维修改造,校舍维修改造,校舍维修改造,一贯制未分段,否,否
0036811177f36194489aab4fe1cbdce9b02f,江西橙乡工程管理有限公司关于江西省信丰县志和中学教室演示桌、学生实验台等教学设备采购（项目编号：JXCX2026-XF-G005）的电子化公开招标公告（不见面开标）,2026-07-25,江西省,,采购/资审公告,赣州市公共资源交易中心,https://www.ggzy.gov.cn/information/deal/html/a/360000/0201/20260725/0036811177f36194489aab4fe1cbdce9b02f.html,教学仪器,教学仪器,教学仪器,一贯制未分段,否,否
003645e956a4a89a48dabf3bf5547a48bf8d,吉安市高级实验中学专用教室及理化生实验室耗材采购A包（第四次）,2026-07-25,江西省,,采购/资审公告,吉安市公共资源交易中心,https://www.ggzy.gov.cn/information/deal/html/a/360000/0201/20260725/003645e956a4a89a48dabf3bf5547a48bf8d.html,实验室设备,实验室设备,实验室设备,一贯制未分段,否,否
004428c340c9a3ca4da6bac61fd4537e67e0,深圳市第二高级中学人工智能教学仪器采购（A）招标公告,2026-07-24,广东省,,采购/资审公告,,https://www.ggzy.gov.cn/information/deal/html/a/440000/0201/20260724/004428c340c9a3ca4da6bac61fd4537e67e0.html,人工智能,人工智能,人工智能;教学仪器,高中,是,否
004443dd89538104441399e3740845215d1d,深圳中学光明科学城学校北校区师生食堂运营服务（A）招标公告,2026-07-24,广东省,,采购/资审公告,,https://www.ggzy.gov.cn/information/deal/html/a/440000/0201/20260724/004443dd89538104441399e3740845215d1d.html,食堂设备,食堂设备,食堂设备,一贯制未分段,否,否
0035f483774e811a49d895d399a95caf7199,福建省龙岩市第二中学龙雁校区2026-2027（年）物业综合管理服务类采购项目竞争性磋商公告,2026-07-24,福建省,,采购/资审公告,龙岩市公共资源交易中心,https://www.ggzy.gov.cn/information/deal/html/a/350000/0201/20260724/0035f483774e811a49d895d399a95caf7199.html,后勤服务,其他,后勤服务,一贯制未分段,否,否
0015b6808911545c4004a95024e668894c3f,多伦县第三中学塑胶运动场维修项目竞争性磋商公告,2026-07-24,内蒙古自治区,,采购/资审公告,,https://www.ggzy.gov.cn/information/deal/html/a/150000/0201/20260724/0015b6808911545c4004a95024e668894c3f.html,校舍维修改造,校舍维修改造,校舍维修改造,一贯制未分段,否,否
00130e582590b86443ea915191a3cc832959,沧州市第二中学新建教学楼音响采购项目招标公告,2026-07-24,河北省,,采购/资审公告,,https://www.ggzy.gov.cn/information/deal/html/a/130000/0201/20260724/00130e582590b86443ea915191a3cc832959.html,校舍维修改造,校舍维修改造,校舍维修改造,一贯制未分段,否,否
00631a2e98726f3740a6a7315928e0b290b0,西宁市第十一中学基础设施提升项目  竞争性磋商公告,2026-07-24,青海省,,采购/资审公告,青海省公共资源交易网,https://www.ggzy.gov.cn/information/deal/html/a/630000/0201/20260724/00631a2e98726f3740a6a7315928e0b290b0.html,其他,其他,,一贯制未分段,否,否
0014739625342af54f72a72f8cff8f769728,襄垣县第二中学校竞争性磋商2026年校舍维修改造工程的采购公告,2026-07-24,山西省,,采购/资审公告,,https://www.ggzy.gov.cn/information/deal/html/a/140000/0201/20260724/0014739625342af54f72a72f8cff8f769728.html,校舍维修改造,校舍维修改造,校舍维修改造,一贯制未分段,否,否
0065ac9f2a6a13d64e97b3877f1dd167abc2,阿图什市昆山实验中学学生食堂餐饮托管服务项目竞争性磋商公告,2026-07-24,新疆维吾尔自治区,,采购/资审公告,新疆维吾尔自治区公共资源交易平台,https://www.ggzy.gov.cn/information/deal/html/a/650000/0201/20260724/0065ac9f2a6a13d64e97b3877f1dd167abc2.html,食堂设备,食堂设备,食堂设备;课后服务;后勤服务,一贯制未分段,否,否
0065062f65fd382c438ea3d2c9faab83866f,喀什第二中学疏勒校区校前区建筑建设项目前期咨询报告编制服务竞争性磋商公告,2026-07-24,新疆维吾尔自治区,,采购/资审公告,新疆维吾尔自治区公共资源交易平台,https://www.ggzy.gov.cn/information/deal/html/a/650000/0201/20260724/0065062f65fd382c438ea3d2c9faab83866f.html,后勤服务,其他,后勤服务,一贯制未分段,否,否
0044aaca01f4e7364ddeb0eed3715edc7ab0,广州执信中学2026年“品质课堂”教学服务项目（项目编号：GDWCZFG260759）招标公告,2026-07-24,广东省,,采购/资审公告,,https://www.ggzy.gov.cn/information/deal/html/a/440000/0201/20260724/0044aaca01f4e7364ddeb0eed3715edc7ab0.html,其他,其他,,一贯制未分段,否,否
001408864204bd81413a985db745176bb299,左云县第一中学校学生公寓楼改造工程的采购公告,2026-07-24,山西省,,采购/资审公告,,https://www.ggzy.gov.cn/information/deal/html/a/140000/0201/20260724/001408864204bd81413a985db745176bb299.html,校舍维修改造,校舍维修改造,校舍维修改造,一贯制未分段,否,否
0044841d68e4b2114e4687cb6f5ea4b1a5f1,江门市第一中学校园后勤管理服务项目(二次)竞争性磋商公告,2026-07-24,广东省,,采购/资审公告,,https://www.ggzy.gov.cn/information/deal/html/a/440000/0201/20260724/0044841d68e4b2114e4687cb6f5ea4b1a5f1.html,后勤服务,其他,后勤服务,一贯制未分段,否,否
0051e6fc9eda2a9e4d7084c59f7df7575835,通江县职业高级中学（通江县职业技术教育中心）通江县职业高级中学实训室设备采购项目招标公告,2026-07-24,四川省,,采购/资审公告,,https://www.ggzy.gov.cn/information/deal/html/a/510000/0201/20260724/0051e6fc9eda2a9e4d7084c59f7df7575835.html,实验室设备,实验室设备,实验室设备,高中,否,否
0041def70f4692aa42f8a624a02a3c8e6c28,内黄县教育局内黄县马上乡第一初级中学综合楼、教学楼2维修改造项目(二次)-竞争性谈判公告,2026-07-24,河南省,,采购/资审公告,,https://www.ggzy.gov.cn/information/deal/html/a/410000/0201/20260724/0041def70f4692aa42f8a624a02a3c8e6c28.html,校舍维修改造,校舍维修改造,校舍维修改造,教育局统筹,否,否
0041250b7b0c0d234a08b798098c9ca7777a,内黄县教育局内黄县田氏镇第一初级中学餐厅改扩建项目（二次）-竞争性谈判公告,2026-07-24,河南省,,采购/资审公告,,https://www.ggzy.gov.cn/information/deal/html/a/410000/0201/20260724/0041250b7b0c0d234a08b798098c9ca7777a.html,校舍维修改造,校舍维修改造,校舍维修改造;食堂设备,教育局统筹,否,否
0053ad505b1270c0449fb15a723f69e3b751,马关县仁和镇中学2026年校舍安全修缮项目的竞争性磋商公告,2026-07-24,云南省,,采购/资审公告,,https://www.ggzy.gov.cn/information/deal/html/a/530000/0201/20260724/0053ad505b1270c0449fb15a723f69e3b751.html,校舍维修改造,校舍维修改造,校舍维修改造,一贯制未分段,否,否
00441dc1d8f654584f0794380053f032309b,云浮市邓发纪念中学高中部400米混合型田径场跑道改造项目竞争性磋商公告,2026-07-24,广东省,,采购/资审公告,,https://www.ggzy.gov.cn/information/deal/html/a/440000/0201/20260724/00441dc1d8f654584f0794380053f032309b.html,校舍维修改造,校舍维修改造,校舍维修改造,高中,否,否
0065976eb6f4759846769b2f4d1baf1dc5bd,2026年岳普湖县普通教育能力提升项目（学校办学条件改造提升项目-完全中学改造提升项目）分散采购公开招标公告,2026-07-24,新疆维吾尔自治区,,采购/资审公告,新疆维吾尔自治区公共资源交易平台,https://www.ggzy.gov.cn/information/deal/html/a/650000/0201/20260724/0065976eb6f4759846769b2f4d1baf1dc5bd.html,校舍维修改造,校舍维修改造,校舍维修改造,一贯制未分段,否,否
0043b92b707384324d40b7c6b7de8e4fab3f,耒阳市顺湖中学高中学生宿舍楼建设项目设备购置及安装工程建设项目-家具设备购置及安装项目公开招标公告,2026-07-24,湖南省,,采购/资审公告,,https://www.ggzy.gov.cn/information/deal/html/a/430000/0201/20260724/0043b92b707384324d40b7c6b7de8e4fab3f.html,课桌椅,课桌椅,课桌椅,高中,否,否
0043be161f67e8d3405399e6aef21d2de0c8,长沙市松雅湖中学教育教学设备采购招标公告,2026-07-24,湖南省,,采购/资审公告,,https://www.ggzy.gov.cn/information/deal/html/a/430000/0201/20260724/0043be161f67e8d3405399e6aef21d2de0c8.html,教学仪器,教学仪器,教学仪器,一贯制未分段,否,否
0035fe223d9fbb0140deb756c62a6b98da7f,闽侯县第一中学高考标准化考场“五统一”公开招标招标公告,2026-07-24,福建省,,采购/资审公告,福州市公共资源交易服务中心,https://www.ggzy.gov.cn/information/deal/html/a/350000/0201/20260724/0035fe223d9fbb0140deb756c62a6b98da7f.html,其他,其他,,一贯制未分段,否,否
0042a77d7f4d967e4e59b5729198216c1f43,秭归县第二实验中学运动场及食堂改扩建项目竞争性磋商公告,2026-07-24,湖北省,,采购/资审公告,湖北省政府采购网,https://www.ggzy.gov.cn/information/deal/html/a/420000/0201/20260724/0042a77d7f4d967e4e59b5729198216c1f43.html,校舍维修改造,校舍维修改造,校舍维修改造;食堂设备,一贯制未分段,否,否
00426cb6be58356a4a828e9d74db2fa1ff5f,宜昌市第四中学学生食堂劳务采购招标公告,2026-07-24,湖北省,,采购/资审公告,湖北省政府采购网,https://www.ggzy.gov.cn/information/deal/html/a/420000/0201/20260724/00426cb6be58356a4a828e9d74db2fa1ff5f.html,食堂设备,食堂设备,食堂设备;后勤服务,一贯制未分段,否,否
004213a6c4858a614ecf9a4b21ae3a2c55d1,襄阳市田家炳中学男生宿舍B单元3-7层等维修改造竞争性磋商公告,2026-07-24,湖北省,,采购/资审公告,湖北省政府采购网,https://www.ggzy.gov.cn/information/deal/html/a/420000/0201/20260724/004213a6c4858a614ecf9a4b21ae3a2c55d1.html,校舍维修改造,校舍维修改造,校舍维修改造,一贯制未分段,否,否
0014baa1529464bd4457bec4d717dfdb831f,武乡中学校竞争性磋商武乡中学校门房及操场主席台、看台工程的采购公告,2026-07-24,山西省,,采购/资审公告,,https://www.ggzy.gov.cn/information/deal/html/a/140000/0201/20260724/0014baa1529464bd4457bec4d717dfdb831f.html,校舍维修改造,校舍维修改造,校舍维修改造,一贯制未分段,否,否
006505216ebbfa39488eb88ace55d081581b,伊宁市第十八中学内初班新生被褥采购项目公开招标公告,2026-07-24,新疆维吾尔自治区,,采购/资审公告,新疆维吾尔自治区公共资源交易平台,https://www.ggzy.gov.cn/information/deal/html/a/650000/0201/20260724/006505216ebbfa39488eb88ace55d081581b.html,课桌椅,课桌椅,课桌椅,一贯制未分段,否,否
00443af7bed5a41848868aa1f9c831a525a2,东莞市第一中学东城学校（一期校区）功能室设施设备采购项目招标公告,2026-07-24,广东省,,采购/资审公告,,https://www.ggzy.gov.cn/information/deal/html/a/440000/0201/20260724/00443af7bed5a41848868aa1f9c831a525a2.html,实验室设备,实验室设备,实验室设备,一贯制未分段,否,否
0015c0c2e71d792f454e817ffc3c3816d068,察哈尔右翼前旗职业中学AI赋能智慧校园教学建设竞争性磋商公告,2026-07-24,内蒙古自治区,,采购/资审公告,,https://www.ggzy.gov.cn/information/deal/html/a/150000/0201/20260724/0015c0c2e71d792f454e817ffc3c3816d068.html,人工智能,人工智能,人工智能;智慧校园,一贯制未分段,是,否
00630babc07838bf45918ebd392cde727277,茫崖市第一中学教室及功能室内开木门更换项目的竞争性磋商公告,2026-07-24,青海省,,采购/资审公告,青海省公共资源交易网,https://www.ggzy.gov.cn/information/deal/html/a/630000/0201/20260724/00630babc07838bf45918ebd392cde727277.html,实验室设备,实验室设备,实验室设备,一贯制未分段,否,否
0013c7d7071db5ea46d9958b62515af2e270,怀安县柴沟堡第一中学学生床垫、体育器材等采购项目公开招标公告,2026-07-24,河北省,,采购/资审公告,张家口公共资源交易综合信息平台,https://www.ggzy.gov.cn/information/deal/html/a/130000/0201/20260724/0013c7d7071db5ea46d9958b62515af2e270.html,音体美器材,音体美器材,音体美器材;课桌椅,一贯制未分段,否,否
00354c2d6d9569974a78bb8532e58f808325,福建省长乐第七中学高中部宿舍楼消防水池及设备采购项目公开招标招标公告,2026-07-24,福建省,,采购/资审公告,福州市公共资源交易服务中心,https://www.ggzy.gov.cn/information/deal/html/a/350000/0201/20260724/00354c2d6d9569974a78bb8532e58f808325.html,校园安防,校园安防,校园安防,高中,否,否
0032d53ddd240ad14878ba17ae257022f844,千灯镇炎武中学校园文化建设采购采购公告,2026-07-24,江苏省,,采购/资审公告,,https://www.ggzy.gov.cn/information/deal/html/a/320000/0201/20260724/0032d53ddd240ad14878ba17ae257022f844.html,校园文化,其他,校园文化,一贯制未分段,否,否
00324b56e04644994032a6bb37cf416fe8d8,海安市角斜镇角斜初级中学操场维修改造工程采购公告,2026-07-24,江苏省,,采购/资审公告,,https://www.ggzy.gov.cn/information/deal/html/a/320000/0201/20260724/00324b56e04644994032a6bb37cf416fe8d8.html,校舍维修改造,校舍维修改造,校舍维修改造,初中,否,否
00512a8516412ca44f2d833f2748e78f60db,成都市教育科学研究院附属中学2026年成都市教科院附中餐桌椅采购项目招标公告,2026-07-24,四川省,,采购/资审公告,,https://www.ggzy.gov.cn/information/deal/html/a/510000/0201/20260724/00512a8516412ca44f2d833f2748e78f60db.html,课桌椅,课桌椅,课桌椅,一贯制未分段,否,否
00622bc744218e8444f1a16eefb2d8bc2ce8,古浪县大靖初级中学2026-2027年度生物质燃料采购项目招标公告.html,2026-07-24,甘肃省,,采购/资审公告,武威市公共资源交易平台,https://www.ggzy.gov.cn/information/deal/html/a/620000/0201/20260724/00622bc744218e8444f1a16eefb2d8bc2ce8.html,后勤服务,其他,后勤服务,初中,否,否
0051c2be9c11e5e34a50b0cda72f6d90aa13,攀枝花市第十二中学校宿舍设备采购(三次)询价公告,2026-07-24,四川省,,采购/资审公告,,https://www.ggzy.gov.cn/information/deal/html/a/510000/0201/20260724/0051c2be9c11e5e34a50b0cda72f6d90aa13.html,其他,其他,,一贯制未分段,否,否
0043469713e630854973b460e395031ee4a0,长沙市泉塘中学宿舍电器、食堂厨具及家具、实验仪器体育器材、校园文化等采购项目招标公告,2026-07-24,湖南省,,采购/资审公告,,https://www.ggzy.gov.cn/information/deal/html/a/430000/0201/20260724/0043469713e630854973b460e395031ee4a0.html,实验室设备,实验室设备,实验室设备;教学仪器;音体美器材;课桌椅;食堂设备;校园文化,一贯制未分段,否,否
00347947f7cc228a40cf8729e8a266203f7a,旌德中学高中基础建设综合提升—男生宿舍及附属改造项目竞争性磋商公告,2026-07-24,安徽省,,采购/资审公告,宣城市公共资源交易平台电子交易系统,https://www.ggzy.gov.cn/information/deal/html/a/340000/0201/20260724/00347947f7cc228a40cf8729e8a266203f7a.html,校舍维修改造,校舍维修改造,校舍维修改造,高中,否,否
001554c814642be04a528e4218017aa3745a,乌审旗职业中学教育服务项目竞争性磋商公告,2026-07-24,内蒙古自治区,,采购/资审公告,,https://www.ggzy.gov.cn/information/deal/html/a/150000/0201/20260724/001554c814642be04a528e4218017aa3745a.html,其他,其他,,一贯制未分段,否,否
0062456603bec80e493fab2d57ba2ca01289,华亭市第一中学2026年“强县中”项目设备采购招标公告,2026-07-24,甘肃省,,采购/资审公告,平凉市公共资源交易平台,https://www.ggzy.gov.cn/information/deal/html/a/620000/0201/20260724/0062456603bec80e493fab2d57ba2ca01289.html,其他,其他,,一贯制未分段,否,否
00657bd3e7dd8a7c4469b00614eb0b5b3950,玛纳斯县第三中学桌椅设备采购项目(二次）竞争性谈判公告,2026-07-24,新疆维吾尔自治区,,采购/资审公告,新疆维吾尔自治区公共资源交易平台,https://www.ggzy.gov.cn/information/deal/html/a/650000/0201/20260724/00657bd3e7dd8a7c4469b00614eb0b5b3950.html,课桌椅,课桌椅,课桌椅,一贯制未分段,否,否
00517d80f50ce13e48c38f2ea89b815523d8,西昌市川兴中学教学办公设备采购项目(二次)竞争性谈判公告,2026-07-24,四川省,,采购/资审公告,,https://www.ggzy.gov.cn/information/deal/html/a/510000/0201/20260724/00517d80f50ce13e48c38f2ea89b815523d8.html,其他,其他,,一贯制未分段,否,否
0045b22fe92339ad43f5b0d92e7c368e7d46,广西科联招标中心有限公司关于南宁市第一中学五象校区足球场翻新改造和主席台改造项目（标2重）（NNZC2026-C2-990594-GXKL）的竞争性磋商公告,2026-07-24,广西壮族自治区,,采购/资审公告,南宁市公共资源交易中心,https://www.ggzy.gov.cn/information/deal/html/a/450000/0201/20260724/0045b22fe92339ad43f5b0d92e7c368e7d46.html,校舍维修改造,校舍维修改造,校舍维修改造;工程配套,一贯制未分段,否,否
0013db305b60a2c0422d99ec842746ed21b9,行唐县第二中学教学楼维修及附属工程竞争性磋商公告,2026-07-24,河北省,,采购/资审公告,石家庄公共资源交易网,https://www.ggzy.gov.cn/information/deal/html/a/130000/0201/20260724/0013db305b60a2c0422d99ec842746ed21b9.html,校舍维修改造,校舍维修改造,校舍维修改造,一贯制未分段,否,否
00137b29cc3945774acc871bcc720e8932f0,三河市教育和体育局本级王里村中学教学仪器设备购置项目（厨房及校园配套设备）公开招标公告,2026-07-24,河北省,,采购/资审公告,廊坊市公共资源交易中心,https://www.ggzy.gov.cn/information/deal/html/a/130000/0201/20260724/00137b29cc3945774acc871bcc720e8932f0.html,教学仪器,教学仪器,教学仪器,教育局统筹,否,否
0015540a781bc86f4ab5a25175cbd1aef65f,二连浩特市第二中学设施设备购置及消防改造项目竞争性磋商公告,2026-07-24,内蒙古自治区,,采购/资审公告,,https://www.ggzy.gov.cn/information/deal/html/a/150000/0201/20260724/0015540a781bc86f4ab5a25175cbd1aef65f.html,校舍维修改造,校舍维修改造,校舍维修改造;校园安防,一贯制未分段,否,否
00134135833a6bd14037bac707ca90e25cde,逸夫中学校园地面维修改造工程二次竞争性磋商公告,2026-07-24,河北省,,采购/资审公告,秦皇岛市公共资源交易网,https://www.ggzy.gov.cn/information/deal/html/a/130000/0201/20260724/00134135833a6bd14037bac707ca90e25cde.html,校舍维修改造,校舍维修改造,校舍维修改造,一贯制未分段,否,否
0044f637d11c876a4a0ab48942edf7e36a1c,SCG2026018-汕头市金山中学2026-2027年校园物业管理服务公开招标采购公告,2026-07-24,广东省,,采购/资审公告,,https://www.ggzy.gov.cn/information/deal/html/a/440000/0201/20260724/0044f637d11c876a4a0ab48942edf7e36a1c.html,后勤服务,其他,后勤服务,一贯制未分段,否,否
0051517c9cb771d64524a69c387e8c727119,叙永县水尾镇初级中学校校园文化打造竞争性磋商公告,2026-07-24,四川省,,采购/资审公告,,https://www.ggzy.gov.cn/information/deal/html/a/510000/0201/20260724/0051517c9cb771d64524a69c387e8c727119.html,校园文化,其他,校园文化,初中,否,否
005172e33efdb1bc4d1e97bb64f9ea7488a3,高县文江镇初级中学校高县专门学校监控系统采购安装项目(三次)竞争性谈判公告,2026-07-24,四川省,,采购/资审公告,,https://www.ggzy.gov.cn/information/deal/html/a/510000/0201/20260724/005172e33efdb1bc4d1e97bb64f9ea7488a3.html,校园安防,校园安防,校园安防,初中,否,否
00437e8f3266b282499d86e84ce70a1ceb3e,吉首市第一中学学生宿舍楼建设项目-空调采购,2026-07-24,湖南省,,采购/资审公告,,https://www.ggzy.gov.cn/information/deal/html/a/430000/0201/20260724/00437e8f3266b282499d86e84ce70a1ceb3e.html,工程配套,其他,工程配套,一贯制未分段,否,否
0035dc422f3af56c44baa8702ef4fb1ccee7,福鼎市第二中学足球场人造草坪改造项目询价公告,2026-07-24,福建省,,采购/资审公告,宁德市公共资源交易中心,https://www.ggzy.gov.cn/information/deal/html/a/350000/0201/20260724/0035dc422f3af56c44baa8702ef4fb1ccee7.html,校舍维修改造,校舍维修改造,校舍维修改造;工程配套,一贯制未分段,否,否
00450c2f850d46db4b068ca23594803fe597,东兰县高级中学小卖部(小超市)供货商供货服务采购公开招标公告,2026-07-24,广西壮族自治区,,采购/资审公告,河池市公共资源交易中心,https://www.ggzy.gov.cn/information/deal/html/a/450000/0201/20260724/00450c2f850d46db4b068ca23594803fe597.html,后勤服务,其他,后勤服务,高中,否,否
004370f8ef96a9724b79a73ddf69e5f58687,长沙市松雅湖中学后勤设施设备采购招标公告,2026-07-24,湖南省,,采购/资审公告,,https://www.ggzy.gov.cn/information/deal/html/a/430000/0201/20260724/004370f8ef96a9724b79a73ddf69e5f58687.html,后勤服务,其他,后勤服务,一贯制未分段,否,否
0013c23bf946546e4a60bb71d0648e555fff,路罗中学2026年校园设备采购项目公开招标公告,2026-07-24,河北省,,采购/资审公告,邢台市公共资源交易中心,https://www.ggzy.gov.cn/information/deal/html/a/130000/0201/20260724/0013c23bf946546e4a60bb71d0648e555fff.html,其他,其他,,一贯制未分段,否,否
00348bfd6d26d46b485b8713630362a42ce7,2026年亳州市第四中学运动场及校内路面建设项目竞争性磋商公告,2026-07-24,安徽省,,采购/资审公告,亳州市公共资源交易平台电子交易系统,https://www.ggzy.gov.cn/information/deal/html/a/340000/0201/20260724/00348bfd6d26d46b485b8713630362a42ce7.html,校舍维修改造,校舍维修改造,校舍维修改造,一贯制未分段,否,否
0044551b94b8be2640359a5fc74a48acb11f,东莞市第一中学东城学校（一期校区）音乐美术及体育器材采购项目招标公告,2026-07-24,广东省,,采购/资审公告,,https://www.ggzy.gov.cn/information/deal/html/a/440000/0201/20260724/0044551b94b8be2640359a5fc74a48acb11f.html,音体美器材,音体美器材,音体美器材,一贯制未分段,否,否
0051a846530e7bcf4e249c3690ea1c89375a,四川省资阳中学资阳中学初中部LED显示屏采购项目询价公告,2026-07-24,四川省,,采购/资审公告,,https://www.ggzy.gov.cn/information/deal/html/a/510000/0201/20260724/0051a846530e7bcf4e249c3690ea1c89375a.html,大屏,大屏,大屏,初中,是,否
0064897e0bf9d6ff4baa94ced02dcddb8a46,银川市阅海湾高级中学2026年音乐、舞蹈、美术教室设备采购项目招标公告,2026-07-24,宁夏回族自治区,,采购/资审公告,宁夏公共资源交易服务平台,https://www.ggzy.gov.cn/information/deal/html/a/640000/0201/20260724/0064897e0bf9d6ff4baa94ced02dcddb8a46.html,其他,其他,,高中,否,否
0051bd9243fe9390494cbe2dff6a9747f256,四川省绵竹中学工程监理服务竞争性磋商公告,2026-07-24,四川省,,采购/资审公告,,https://www.ggzy.gov.cn/information/deal/html/a/510000/0201/20260724/0051bd9243fe9390494cbe2dff6a9747f256.html,后勤服务,其他,后勤服务,一贯制未分段,否,否
00419c36430bc3b5497b890ca748196063c7,【平公资采2026788号】平顶山市第一中学校园物业管理服务项目-招标[采购]公告,2026-07-24,河南省,,采购/资审公告,平顶山市公共资源交易中心,https://www.ggzy.gov.cn/information/deal/html/a/410000/0201/20260724/00419c36430bc3b5497b890ca748196063c7.html,后勤服务,其他,后勤服务,一贯制未分段,否,否
0014760d0c6a7e704552a3535c1b496baa21,阳高县第二中学校竞争性磋商阳高县第二中学餐厅屋面及电气线路改造工程的采购公告,2026-07-24,山西省,,采购/资审公告,,https://www.ggzy.gov.cn/information/deal/html/a/140000/0201/20260724/0014760d0c6a7e704552a3535c1b496baa21.html,校舍维修改造,校舍维修改造,校舍维修改造;食堂设备,一贯制未分段,否,否
0051f32f5ad159834b6f8191045ff2cb32be,四川省绵阳中学2026-2027年五金水电耗材供应商服务项目(二次)招标公告,2026-07-24,四川省,,采购/资审公告,,https://www.ggzy.gov.cn/information/deal/html/a/510000/0201/20260724/0051f32f5ad159834b6f8191045ff2cb32be.html,工程配套,其他,工程配套,一贯制未分段,否,否
001351c464d51f334d4b9596cbb34b08bb5f,赞皇县第四中学空气能改造工程项目竞争性磋商公告,2026-07-24,河北省,,采购/资审公告,石家庄公共资源交易网,https://www.ggzy.gov.cn/information/deal/html/a/130000/0201/20260724/001351c464d51f334d4b9596cbb34b08bb5f.html,校舍维修改造,校舍维修改造,校舍维修改造;工程配套,一贯制未分段,否,否
005073a7093affcd4f79a3c18f09b8707c7c,重庆市聚奎中学校男生宿舍改造工程(JJQ26B00016)竞争性谈判公告,2026-07-24,重庆市,,采购/资审公告,重庆市公共资源交易服务平台,https://www.ggzy.gov.cn/information/deal/html/a/500000/0201/20260724/005073a7093affcd4f79a3c18f09b8707c7c.html,校舍维修改造,校舍维修改造,校舍维修改造,一贯制未分段,否,否
0022bb90e5b843244c39b21435fb20e63969,长春市第二中学多媒体教学设备采购项目采购公告,2026-07-24,吉林省,,采购/资审公告,长春市公共资源交易中心(新),https://www.ggzy.gov.cn/information/deal/html/a/220000/0201/20260724/0022bb90e5b843244c39b21435fb20e63969.html,信息化设备,信息化设备,信息化设备;教学仪器,一贯制未分段,是,否
00129b68d4e9acd0461fa476dd3b8f821ba5,天津市新华中学 天津市新华中学变电站中低压改造项目 (项目编号:BHGJ-2026-C-045)竞争性磋商公告,2026-07-24,天津市,,采购/资审公告,天津市公共资源交易平台交易系统,https://www.ggzy.gov.cn/information/deal/html/a/120000/0201/20260724/00129b68d4e9acd0461fa476dd3b8f821ba5.html,校舍维修改造,校舍维修改造,校舍维修改造;工程配套,一贯制未分段,否,否
00357730985a3295487ba8b81b47ec3df210,福安市民族职业中学操场塑胶跑道及篮球场硅PU翻新修缮工程竞争性磋商公告,2026-07-24,福建省,,采购/资审公告,宁德市公共资源交易中心,https://www.ggzy.gov.cn/information/deal/html/a/350000/0201/20260724/00357730985a3295487ba8b81b47ec3df210.html,校舍维修改造,校舍维修改造,校舍维修改造;工程配套,一贯制未分段,否,否
00435b64e448a37d49c8a30d93ffbf7d055d,长沙市芙蓉区教育局长沙市一中初级中学提质改造信息设备采购招标公告,2026-07-24,湖南省,,采购/资审公告,,https://www.ggzy.gov.cn/information/deal/html/a/430000/0201/20260724/00435b64e448a37d49c8a30d93ffbf7d055d.html,校舍维修改造,校舍维修改造,校舍维修改造,教育局统筹,否,否
005104f61f28ce6848348f0f360fd37bc957,四川省成都市第七中学初中学校2026年物业服务采购项目招标公告,2026-07-24,四川省,,采购/资审公告,,https://www.ggzy.gov.cn/information/deal/html/a/510000/0201/20260724/005104f61f28ce6848348f0f360fd37bc957.html,后勤服务,其他,后勤服务,初中,否,否
0051e921b5e05998496babefd167ac37e461,南江县小河职业中学教室空调采购项目招标公告,2026-07-24,四川省,,采购/资审公告,,https://www.ggzy.gov.cn/information/deal/html/a/510000/0201/20260724/0051e921b5e05998496babefd167ac37e461.html,工程配套,其他,工程配套,一贯制未分段,否,否
00159aa162aa86e243538339d2ef690e0bd8,呼和浩特市第四中学图书馆阅读资源配置项目(二次)招标公告,2026-07-24,内蒙古自治区,,采购/资审公告,,https://www.ggzy.gov.cn/information/deal/html/a/150000/0201/20260724/00159aa162aa86e243538339d2ef690e0bd8.html,图书,图书,图书,一贯制未分段,否,否
005111d3942ac0c148d2ae684ac4edfa539f,四川省成都市中和职业中学（四川省成都高新综合高级中学）2026年实训室建设项目招标公告,2026-07-24,四川省,,采购/资审公告,,https://www.ggzy.gov.cn/information/deal/html/a/510000/0201/20260724/005111d3942ac0c148d2ae684ac4edfa539f.html,实验室设备,实验室设备,实验室设备,高中,否,否
0042cd9056f29f094107bc97372b153a9702,武汉市白玉山中学白玉山中学高中部（青翠苑校区）食堂设施设备采购项目公开招标公告,2026-07-24,湖北省,,采购/资审公告,湖北省政府采购网,https://www.ggzy.gov.cn/information/deal/html/a/420000/0201/20260724/0042cd9056f29f094107bc97372b153a9702.html,食堂设备,食堂设备,食堂设备,高中,否,否
00538aefa6b0e5f64c2c95dfc8289f4e4589,怒江州民族中学教学楼和场地修缮项目的竞争性磋商公告,2026-07-24,云南省,,采购/资审公告,,https://www.ggzy.gov.cn/information/deal/html/a/530000/0201/20260724/00538aefa6b0e5f64c2c95dfc8289f4e4589.html,校舍维修改造,校舍维修改造,校舍维修改造,一贯制未分段,否,否
0032a3ac5a0ed9ab417da86ff379ee3c9e85,金陵中学溧水分校电梯采购项目采购公告(二),2026-07-24,江苏省,,采购/资审公告,,https://www.ggzy.gov.cn/information/deal/html/a/320000/0201/20260724/0032a3ac5a0ed9ab417da86ff379ee3c9e85.html,工程配套,其他,工程配套,一贯制未分段,否,否
0014652cad5d22204cd28483a269e811bc99,侯马市第一中学校2026年物业管理服务公开招标采购公告,2026-07-24,山西省,,采购/资审公告,,https://www.ggzy.gov.cn/information/deal/html/a/140000/0201/20260724/0014652cad5d22204cd28483a269e811bc99.html,后勤服务,其他,后勤服务,一贯制未分段,否,否
00456486acc866b144cc93b4320b133627bd,云之龙咨询集团有限公司关于2026年平南县马练瑶族乡初级中学学生食堂食材配送服务项目的竞争性磋商公告,2026-07-24,广西壮族自治区,,采购/资审公告,贵港市公共资源交易平台,https://www.ggzy.gov.cn/information/deal/html/a/450000/0201/20260724/00456486acc866b144cc93b4320b133627bd.html,食堂设备,食堂设备,食堂设备;后勤服务,初中,否,否
00439f8d8b8402ec46209738c25b66151fb4,长沙县第一中学圣和学校2026年扩班设施设备采购项目招标公告,2026-07-24,湖南省,,采购/资审公告,,https://www.ggzy.gov.cn/information/deal/html/a/430000/0201/20260724/00439f8d8b8402ec46209738c25b66151fb4.html,其他,其他,,一贯制未分段,否,否
0044d41a772016a948a2ada124709ccc8b94,湛江农垦实验中学食堂委托管理服务采购项目招标公告,2026-07-24,广东省,,采购/资审公告,,https://www.ggzy.gov.cn/information/deal/html/a/440000/0201/20260724/0044d41a772016a948a2ada124709ccc8b94.html,食堂设备,食堂设备,食堂设备,一贯制未分段,否,否
0045e45bbb2253114296ba4df9c2c57601f7,广西科联招标中心有限公司关于南宁市第一中学五象校区足球场翻新改造和主席台改造项目（标2重）的竞争性磋商公告,2026-07-24,广西壮族自治区,,采购/资审公告,广西壮族自治区公共资源电子交易系统,https://www.ggzy.gov.cn/information/deal/html/a/450000/0201/20260724/0045e45bbb2253114296ba4df9c2c57601f7.html,校舍维修改造,校舍维修改造,校舍维修改造;工程配套,一贯制未分段,否,否
0013ad4a60af633c42a680ed923f2ec6773e,吴桥中学新建宿舍楼项目监理竞争性磋商公告,2026-07-24,河北省,,采购/资审公告,,https://www.ggzy.gov.cn/information/deal/html/a/130000/0201/20260724/0013ad4a60af633c42a680ed923f2ec6773e.html,校舍维修改造,校舍维修改造,校舍维修改造;后勤服务,一贯制未分段,否,否
004465b77204b94048eeb53f34d546d26530,东莞市第一中学东城学校（一期校区）校园生活家具采购项目招标公告,2026-07-24,广东省,,采购/资审公告,,https://www.ggzy.gov.cn/information/deal/html/a/440000/0201/20260724/004465b77204b94048eeb53f34d546d26530.html,课桌椅,课桌椅,课桌椅,一贯制未分段,否,否
0022801bd0dc425e41fca6ee45d40291555c,吉林省易程招投标代理有限公司关于长春市第八十七中学校园文化项目的竞争性磋商公告,2026-07-24,吉林省,,采购/资审公告,长春市公共资源交易中心(新),https://www.ggzy.gov.cn/information/deal/html/a/220000/0201/20260724/0022801bd0dc425e41fca6ee45d40291555c.html,校园文化,其他,校园文化,一贯制未分段,否,否
005254fab20454a645fcb15646f5c7781b73,贵阳市第二十二中学食堂改造项目采购公告,2026-07-24,贵州省,,采购/资审公告,贵阳市公共资源交易中心,https://www.ggzy.gov.cn/information/deal/html/a/520000/0201/20260724/005254fab20454a645fcb15646f5c7781b73.html,校舍维修改造,校舍维修改造,校舍维修改造;食堂设备,一贯制未分段,否,否
0043691d0391aebd42a68c0fb181e1905f32,衡阳县弘扬中学校舍维修工程项目竞争性磋商公告,2026-07-24,湖南省,,采购/资审公告,,https://www.ggzy.gov.cn/information/deal/html/a/430000/0201/20260724/0043691d0391aebd42a68c0fb181e1905f32.html,校舍维修改造,校舍维修改造,校舍维修改造,一贯制未分段,否,否
005192cd476024f149858d6f48bb55dbf065,隆昌市第二初级中学运动场塑胶跑道及附属工程维修改造项目招标公告,2026-07-24,四川省,,采购/资审公告,,https://www.ggzy.gov.cn/information/deal/html/a/510000/0201/20260724/005192cd476024f149858d6f48bb55dbf065.html,校舍维修改造,校舍维修改造,校舍维修改造,初中,否,否
00519d4d6fbe2ebf4b339ee8743b15b48fe1,四川省泸州市第十五中学校泸州十五中城南校区学生床、课桌椅货物采购项目询价公告,2026-07-24,四川省,,采购/资审公告,,https://www.ggzy.gov.cn/information/deal/html/a/510000/0201/20260724/00519d4d6fbe2ebf4b339ee8743b15b48fe1.html,课桌椅,课桌椅,课桌椅,一贯制未分段,否,否
00525917941dbf954a1fa75ea07089cafbbe,兴义市实验中学2026年秋季学期食堂食材采购项目A包（肉类）,2026-07-24,贵州省,,采购/资审公告,黔西南州公共资源交易中心,https://www.ggzy.gov.cn/information/deal/html/a/520000/0201/20260724/00525917941dbf954a1fa75ea07089cafbbe.html,食堂设备,食堂设备,食堂设备;后勤服务,一贯制未分段,否,否
0051f44d5d44b3344db1bc4d6370041a43bc,四川省泸州市江阳职业高级中学校江阳职业高级中学校学生公寓床货物采购询价公告,2026-07-24,四川省,,采购/资审公告,,https://www.ggzy.gov.cn/information/deal/html/a/510000/0201/20260724/0051f44d5d44b3344db1bc4d6370041a43bc.html,课桌椅,课桌椅,课桌椅,高中,否,否
0053c6a94bbb5e884f69a299b9981f6b683f,施甸县政府采购和出让中心关于太平中学50万语音教室项目（第三次）的询价公告,2026-07-24,云南省,,采购/资审公告,,https://www.ggzy.gov.cn/information/deal/html/a/530000/0201/20260724/0053c6a94bbb5e884f69a299b9981f6b683f.html,信息化设备,信息化设备,信息化设备,一贯制未分段,是,否
0053f5ee646f99b24e8caefd3a20100470b8,施甸县政府采购和出让中心关于施甸县旧城乡旧城中学英语口语听力教室功能提升建设项目（二次）的竞争性谈判公告,2026-07-24,云南省,,采购/资审公告,,https://www.ggzy.gov.cn/information/deal/html/a/530000/0201/20260724/0053f5ee646f99b24e8caefd3a20100470b8.html,信息化设备,信息化设备,信息化设备,一贯制未分段,是,否
0044112663bb15e34b13886e5f1a72aeca35,东莞市第六高级中学食堂食材配送服务项目招标公告,2026-07-24,广东省,,采购/资审公告,,https://www.ggzy.gov.cn/information/deal/html/a/440000/0201/20260724/0044112663bb15e34b13886e5f1a72aeca35.html,食堂设备,食堂设备,食堂设备;后勤服务,高中,否,否
0013857d82cbed2e4bf4874fb914f18806d4,巨鹿县第二中学教学一体机采购项目（二次）招标公告,2026-07-24,河北省,,采购/资审公告,邢台市公共资源交易中心,https://www.ggzy.gov.cn/information/deal/html/a/130000/0201/20260724/0013857d82cbed2e4bf4874fb914f18806d4.html,智慧黑板,智慧黑板,智慧黑板,一贯制未分段,是,否
001391361a45bdac4ce2829a70a6583d1e41,巨鹿县第二中学微机室购置项目（二次）招标公告,2026-07-24,河北省,,采购/资审公告,邢台市公共资源交易中心,https://www.ggzy.gov.cn/information/deal/html/a/130000/0201/20260724/001391361a45bdac4ce2829a70a6583d1e41.html,信息化设备,信息化设备,信息化设备,一贯制未分段,是,否
00223530e31c24164b63a2ac6200e4461f5b,吉林省融合项目管理咨询有限责任公司关于扶余市第四中学理化生实验室设备购置、改造项目的公开招标公告,2026-07-24,吉林省,,采购/资审公告,松原市公共资源交易中心,https://www.ggzy.gov.cn/information/deal/html/a/220000/0201/20260724/00223530e31c24164b63a2ac6200e4461f5b.html,校舍维修改造,校舍维修改造,校舍维修改造;实验室设备;后勤服务,一贯制未分段,否,否
006227c15cc6f24546e3878846424e14a13d,兰州新区甘南实验中学公寓床采购项目竞争性谈判公告,2026-07-24,甘肃省,,采购/资审公告,兰州市公共资源交易平台,https://www.ggzy.gov.cn/information/deal/html/a/620000/0201/20260724/006227c15cc6f24546e3878846424e14a13d.html,课桌椅,课桌椅,课桌椅,一贯制未分段,否,否
001337cee0b9ad094cb2a1f8b6b90c660f7b,保定市第一中学物业服务项目公开招标公告,2026-07-24,河北省,,采购/资审公告,保定市公共资源交易中心,https://www.ggzy.gov.cn/information/deal/html/a/130000/0201/20260724/001337cee0b9ad094cb2a1f8b6b90c660f7b.html,后勤服务,其他,后勤服务,一贯制未分段,否,否
0051440a95fd160e4851b439badfcc6b8d6b,四川省成都市大弯中学校大弯中学教职工体检项目竞争性磋商公告,2026-07-24,四川省,,采购/资审公告,,https://www.ggzy.gov.cn/information/deal/html/a/510000/0201/20260724/0051440a95fd160e4851b439badfcc6b8d6b.html,后勤服务,其他,后勤服务,一贯制未分段,否,否
0050967e7667e6124ad4ab4061c53a8acfd0,葛兰中学足球场草坪更换项目(CSQ26A00429)竞争性谈判公告,2026-07-24,重庆市,,采购/资审公告,重庆市公共资源交易服务平台,https://www.ggzy.gov.cn/information/deal/html/a/500000/0201/20260724/0050967e7667e6124ad4ab4061c53a8acfd0.html,工程配套,其他,工程配套,一贯制未分段,否,否
00425c795b8a419843c59da482870a7fb3f9,老河口市第四中学2026年度实验楼及多功能室维修改造项目竞争性磋商公告,2026-07-24,湖北省,,采购/资审公告,湖北省政府采购网,https://www.ggzy.gov.cn/information/deal/html/a/420000/0201/20260724/00425c795b8a419843c59da482870a7fb3f9.html,校舍维修改造,校舍维修改造,校舍维修改造;实验室设备,一贯制未分段,否,否
0053a5731dc1316142fbbe0ed1f5ba3fae38,巍山彝族回族自治县第二中学数字校园建设项目公开招标公告,2026-07-24,云南省,,采购/资审公告,,https://www.ggzy.gov.cn/information/deal/html/a/530000/0201/20260724/0053a5731dc1316142fbbe0ed1f5ba3fae38.html,智慧校园,智慧校园,智慧校园,一贯制未分段,是,否
00512c56f738a84441a3aa846f7d8464df4d,四川师范大学附属中学师大附中2026年教职工体检采购项目竞争性磋商公告,2026-07-24,四川省,,采购/资审公告,,https://www.ggzy.gov.cn/information/deal/html/a/510000/0201/20260724/00512c56f738a84441a3aa846f7d8464df4d.html,后勤服务,其他,后勤服务,一贯制未分段,否,否
005187d42aa02ea14e328b0777c446f8211a,四川省成都列五中学2026年教职工体检服务竞争性磋商公告,2026-07-24,四川省,,采购/资审公告,,https://www.ggzy.gov.cn/information/deal/html/a/510000/0201/20260724/005187d42aa02ea14e328b0777c446f8211a.html,后勤服务,其他,后勤服务,一贯制未分段,否,否
0052a0cd7169561849f8b9339048a67998fc,贞丰县2026年第二中学教学设施设备采购项目,2026-07-24,贵州省,,采购/资审公告,黔西南州公共资源交易中心,https://www.ggzy.gov.cn/information/deal/html/a/520000/0201/20260724/0052a0cd7169561849f8b9339048a67998fc.html,其他,其他,,一贯制未分段,否,否
00659ba9b64552874d6e9ee9011deba1a850,2026年岳普湖县完全中学设备采购项目公开招标公告,2026-07-24,新疆维吾尔自治区,,采购/资审公告,新疆维吾尔自治区公共资源交易平台,https://www.ggzy.gov.cn/information/deal/html/a/650000/0201/20260724/00659ba9b64552874d6e9ee9011deba1a850.html,其他,其他,,一贯制未分段,否,否
0013d44caac909294707b35306a3d383ca10,巨鹿县第二中学理化生实验室装备及配套改造项目招标公告,2026-07-24,河北省,,采购/资审公告,邢台市公共资源交易中心,https://www.ggzy.gov.cn/information/deal/html/a/130000/0201/20260724/0013d44caac909294707b35306a3d383ca10.html,校舍维修改造,校舍维修改造,校舍维修改造;实验室设备,一贯制未分段,否,否
0013f92ab832a05f487992016798eeaa81db,巨鹿县第二中学创客教室装备及配套改造项目招标公告,2026-07-24,河北省,,采购/资审公告,邢台市公共资源交易中心,https://www.ggzy.gov.cn/information/deal/html/a/130000/0201/20260724/0013f92ab832a05f487992016798eeaa81db.html,信息化设备,信息化设备,信息化设备;校舍维修改造,一贯制未分段,是,否
0034ae60413c0ef9456682107231873a4edc,安徽省阜南实验中学物业管理服务项目竞争性磋商公告,2026-07-24,安徽省,,采购/资审公告,阜阳市公共资源交易平台电子交易系统,https://www.ggzy.gov.cn/information/deal/html/a/340000/0201/20260724/0034ae60413c0ef9456682107231873a4edc.html,后勤服务,其他,后勤服务,一贯制未分段,否,否
00440b62269173b24c3d830732c551a4f69a,江门市艺术中学乐器采购项目招标公告,2026-07-24,广东省,,采购/资审公告,,https://www.ggzy.gov.cn/information/deal/html/a/440000/0201/20260724/00440b62269173b24c3d830732c551a4f69a.html,音体美器材,音体美器材,音体美器材,一贯制未分段,否,否
003274f96a7ade8e4d66ab8340fccf1d4234,2026年南京市华电中学电梯采购公告,2026-07-24,江苏省,,采购/资审公告,,https://www.ggzy.gov.cn/information/deal/html/a/320000/0201/20260724/003274f96a7ade8e4d66ab8340fccf1d4234.html,工程配套,其他,工程配套,一贯制未分段,否,否
0014ac34573626424231b988e2d0c2c0646a,长子县草坊中学竞争性磋商草坊学校基础设施升级改造项目的采购公告,2026-07-24,山西省,,采购/资审公告,,https://www.ggzy.gov.cn/information/deal/html/a/140000/0201/20260724/0014ac34573626424231b988e2d0c2c0646a.html,校舍维修改造,校舍维修改造,校舍维修改造,一贯制未分段,否,否
00525099375691c442a39108e40e4f18262e,金沙县清池镇初级中学运动场维修改造项目采购公告,2026-07-24,贵州省,,采购/资审公告,毕节市公共资源交易中心,https://www.ggzy.gov.cn/information/deal/html/a/520000/0201/20260724/00525099375691c442a39108e40e4f18262e.html,校舍维修改造,校舍维修改造,校舍维修改造,初中,否,否
0033dfea4f47043946baa88bd091e34a1193,丽水市公共资源交易中心关于丽水市职业高级中学宿舍床铺、桌椅、柜子等家具采购的公开招标公告,2026-07-24,浙江省,,采购/资审公告,丽水市公共资源交易网,https://www.ggzy.gov.cn/information/deal/html/a/330000/0201/20260724/0033dfea4f47043946baa88bd091e34a1193.html,课桌椅,课桌椅,课桌椅,高中,否,否
00464d95a7ede7d446478d2b4e8f6699e1c2,海南省农垦加来高级中学物化生实验室设备设施采购项目(二次)公开招标招标公告,2026-07-24,海南省,,采购/资审公告,,https://www.ggzy.gov.cn/information/deal/html/a/460000/0201/20260724/00464d95a7ede7d446478d2b4e8f6699e1c2.html,实验室设备,实验室设备,实验室设备,高中,否,否
005012579e41f86b4ae0ac1fdabd565742f0,重庆市清华中学外语校学生公寓改造项目(BNQ26B00017)竞争性谈判公告,2026-07-24,重庆市,,采购/资审公告,重庆市公共资源交易服务平台,https://www.ggzy.gov.cn/information/deal/html/a/500000/0201/20260724/005012579e41f86b4ae0ac1fdabd565742f0.html,校舍维修改造,校舍维修改造,校舍维修改造,一贯制未分段,否,否
00349bd1f7e758fd42e68e0abf94ecd448d6,淮南市龙湖中学2026年智慧黑板采购项目（一次）竞争性谈判公告,2026-07-24,安徽省,,采购/资审公告,淮南市公共资源交易平台电子交易系统,https://www.ggzy.gov.cn/information/deal/html/a/340000/0201/20260724/00349bd1f7e758fd42e68e0abf94ecd448d6.html,智慧黑板,智慧黑板,智慧黑板,一贯制未分段,是,否
0046b0e5e972ebe5400694ed1df1cbc47c19,2026年高中学校家具类采购项目公开招标招标公告,2026-07-24,海南省,,采购/资审公告,,https://www.ggzy.gov.cn/information/deal/html/a/460000/0201/20260724/0046b0e5e972ebe5400694ed1df1cbc47c19.html,课桌椅,课桌椅,课桌椅,高中,否,否
0052fa1b4aee0f60456e84cc16902b324a46,贵阳市第八中学第三批“小语种”课程教学改革暨日语教学实施项目（二次招标）采购公告,2026-07-24,贵州省,,采购/资审公告,贵阳市公共资源交易中心,https://www.ggzy.gov.cn/information/deal/html/a/520000/0201/20260724/0052fa1b4aee0f60456e84cc16902b324a46.html,其他,其他,,一贯制未分段,否,否
00345aece11e91b040a9ab6586afb8e6d08b,合肥市第八中学枫林校区2026年物业管理服务竞争性磋商公告,2026-07-24,安徽省,,采购/资审公告,,https://www.ggzy.gov.cn/information/deal/html/a/340000/0201/20260724/00345aece11e91b040a9ab6586afb8e6d08b.html,后勤服务,其他,后勤服务,一贯制未分段,否,否
00635a48941ec7fe44bb8b5be5873152e280,海东市第一中学智慧校园信息化建设项目的公开招标公告,2026-07-24,青海省,,采购/资审公告,青海省公共资源交易网,https://www.ggzy.gov.cn/information/deal/html/a/630000/0201/20260724/00635a48941ec7fe44bb8b5be5873152e280.html,智慧校园,智慧校园,智慧校园;信息化,一贯制未分段,是,否
004466c18953bd774730b9b48bcb6dc9a5cb,珠海市第一中学2026-2028年度安保服务采购项目招标公告,2026-07-24,广东省,,采购/资审公告,,https://www.ggzy.gov.cn/information/deal/html/a/440000/0201/20260724/004466c18953bd774730b9b48bcb6dc9a5cb.html,校园安防,校园安防,校园安防,一贯制未分段,否,否
00132aaaa9876e3f4dc4967a328f8b491f40,秦皇岛市海港区教育和体育局萃文中学教学楼外墙等改造工程二次竞争性磋商公告,2026-07-24,河北省,,采购/资审公告,秦皇岛市公共资源交易网,https://www.ggzy.gov.cn/information/deal/html/a/130000/0201/20260724/00132aaaa9876e3f4dc4967a328f8b491f40.html,校舍维修改造,校舍维修改造,校舍维修改造,教育局统筹,否,否
0032bbfdde6152f14f5f8995876fdf1023eb,海安市立发中学足球场草皮改造项目采购公告,2026-07-24,江苏省,,采购/资审公告,,https://www.ggzy.gov.cn/information/deal/html/a/320000/0201/20260724/0032bbfdde6152f14f5f8995876fdf1023eb.html,校舍维修改造,校舍维修改造,校舍维修改造;工程配套,一贯制未分段,否,否
0032d685857d73714801b84715c0fa240838,江苏省泰州中学物业服务采购项目采购公告,2026-07-24,江苏省,,采购/资审公告,,https://www.ggzy.gov.cn/information/deal/html/a/320000/0201/20260724/0032d685857d73714801b84715c0fa240838.html,后勤服务,其他,后勤服务,一贯制未分段,否,否
003211c5cb309484459394ec67680f66a506,沛县大屯矿区第一中学改造提升工程采购公告,2026-07-24,江苏省,,采购/资审公告,,https://www.ggzy.gov.cn/information/deal/html/a/320000/0201/20260724/003211c5cb309484459394ec67680f66a506.html,校舍维修改造,校舍维修改造,校舍维修改造,一贯制未分段,否,否
0051426815f0476d4d9d9e5e075df8936734,甘洛县普昌初级中学校室外全彩LED大屏(二次)询价公告,2026-07-24,四川省,,采购/资审公告,,https://www.ggzy.gov.cn/information/deal/html/a/510000/0201/20260724/0051426815f0476d4d9d9e5e075df8936734.html,大屏,大屏,大屏,初中,是,否
0015abf95c3be83a4254bf57586073cc5738,鄂托克旗教育体育局鄂托克旗第二中学综合楼实验室设备采购项目（专用设备）招标公告,2026-07-24,内蒙古自治区,,采购/资审公告,,https://www.ggzy.gov.cn/information/deal/html/a/150000/0201/20260724/0015abf95c3be83a4254bf57586073cc5738.html,实验室设备,实验室设备,实验室设备,教育局统筹,否,否
003522b16c4a2f5c4e6eab1b81c6be92d7d8,晋江市南侨中学新学生宿舍楼空调采购(二次)公开招标招标公告,2026-07-24,福建省,,采购/资审公告,泉州市公共资源交易中心,https://www.ggzy.gov.cn/information/deal/html/a/350000/0201/20260724/003522b16c4a2f5c4e6eab1b81c6be92d7d8.html,工程配套,其他,工程配套,一贯制未分段,否,否
00156da0913e5b244c6591b69928c90a1efd,扎兰屯市第四中学理化生智慧实验室采购项目招标公告,2026-07-24,内蒙古自治区,,采购/资审公告,,https://www.ggzy.gov.cn/information/deal/html/a/150000/0201/20260724/00156da0913e5b244c6591b69928c90a1efd.html,实验室设备,实验室设备,实验室设备,一贯制未分段,否,否
0045c519a315814f4db984813d20c264715b,广西建城工程咨询有限公司关于贵港市民族中学改扩建项目—综合教学楼、2#教学楼及校园配套设施工程护眼灯等灯具采购的公开招标公告,2026-07-24,广西壮族自治区,,采购/资审公告,贵港市公共资源交易平台,https://www.ggzy.gov.cn/information/deal/html/a/450000/0201/20260724/0045c519a315814f4db984813d20c264715b.html,校舍维修改造,校舍维修改造,校舍维修改造;后勤服务;工程配套,一贯制未分段,否,否
0050d6d05f8aefc3407986509e99b6bea3c9,江北中学物业服务采购2026(YBQ26C00029)公开招标公告,2026-07-24,重庆市,,采购/资审公告,重庆市公共资源交易服务平台,https://www.ggzy.gov.cn/information/deal/html/a/500000/0201/20260724/0050d6d05f8aefc3407986509e99b6bea3c9.html,后勤服务,其他,后勤服务,一贯制未分段,否,否
0013c2b6a351269d4a4da09edebec296dea6,张家口市第六中学2026年学校住校生管理服务项目公开招标公告,2026-07-24,河北省,,采购/资审公告,张家口公共资源交易综合信息平台,https://www.ggzy.gov.cn/information/deal/html/a/130000/0201/20260724/0013c2b6a351269d4a4da09edebec296dea6.html,后勤服务,其他,后勤服务,一贯制未分段,否,否
0022ec950a9838e049458bf076039a247869,中昱春阳项目管理（吉林）有限公司关于磐石市细林中学校操场改造项目的竞争性磋商公告,2026-07-24,吉林省,,采购/资审公告,吉林市公共资源交易网上招投标系统,https://www.ggzy.gov.cn/information/deal/html/a/220000/0201/20260724/0022ec950a9838e049458bf076039a247869.html,校舍维修改造,校舍维修改造,校舍维修改造,一贯制未分段,否,否
0061de3a8a8561074f8486d494ef90f9f30d,职业技术培训中心（职业中学）校园维修改造竞争性磋商公告,2026-07-24,陕西省,,采购/资审公告,全国公共资源交易平台（陕西省）,https://www.ggzy.gov.cn/information/deal/html/a/610000/0201/20260724/0061de3a8a8561074f8486d494ef90f9f30d.html,培训,培训,培训;校舍维修改造,一贯制未分段,是,否
0061cc1147a5511d417684e0401630cddcb0,绥德县教育和体育局完全中学教学楼设备采购项目（二次）采购公告,2026-07-24,陕西省,,采购/资审公告,全国公共资源交易平台（陕西省）,https://www.ggzy.gov.cn/information/deal/html/a/610000/0201/20260724/0061cc1147a5511d417684e0401630cddcb0.html,其他,其他,,教育局统筹,否,否
00415efca04f9a6443ebb68ad52184aacc6f,固始县高级中学第二中学2026-2027学年食堂承包经营服务项目-公开招标公告,2026-07-24,河南省,,采购/资审公告,,https://www.ggzy.gov.cn/information/deal/html/a/410000/0201/20260724/00415efca04f9a6443ebb68ad52184aacc6f.html,食堂设备,食堂设备,食堂设备,高中,否,否
0061a3fd49c5fe0c4c05882f6ecfd56564bf,西安市第七十五中学操场、消防、校舍维修等项目招标公告,2026-07-24,陕西省,,采购/资审公告,全国公共资源交易平台（陕西省·西安市）电子交易系统,https://www.ggzy.gov.cn/information/deal/html/a/610000/0201/20260724/0061a3fd49c5fe0c4c05882f6ecfd56564bf.html,校舍维修改造,校舍维修改造,校舍维修改造;校园安防,一贯制未分段,否,否
004131c3a09ea3f946948286dc145cb720aa,固始县高级中学第三中学2026-2027学年食堂承包经营服务项目-公开招标公告,2026-07-24,河南省,,采购/资审公告,,https://www.ggzy.gov.cn/information/deal/html/a/410000/0201/20260724/004131c3a09ea3f946948286dc145cb720aa.html,食堂设备,食堂设备,食堂设备,高中,否,否
0041131a24f280554a268d138bb6e4db62a3,固始县高级中学2026-2027学年食堂承包经营服务项目-公开招标公告,2026-07-24,河南省,,采购/资审公告,,https://www.ggzy.gov.cn/information/deal/html/a/410000/0201/20260724/0041131a24f280554a268d138bb6e4db62a3.html,食堂设备,食堂设备,食堂设备,高中,否,否
00332b42ab16087c49199aa40da96633fb24,温州市政务服务管理中心（温州市政府采购中心）关于温州市第十四高级中学集团（水心校区）物业管理服务的公开招标公告,2026-07-24,浙江省,,采购/资审公告,温州市公共资源交易网,https://www.ggzy.gov.cn/information/deal/html/a/330000/0201/20260724/00332b42ab16087c49199aa40da96633fb24.html,后勤服务,其他,后勤服务,高中,否,否
00411ddcfc7d6bd946b0971361d675574c20,武陟县第一中学提质改造宿舍楼项目竞争性谈判公告,2026-07-24,河南省,,采购/资审公告,,https://www.ggzy.gov.cn/information/deal/html/a/410000/0201/20260724/00411ddcfc7d6bd946b0971361d675574c20.html,校舍维修改造,校舍维修改造,校舍维修改造,一贯制未分段,否,否
00413cba7563fee44540904869cca5811476,光山县第九初级中学食堂食材采购配送项目招标公告,2026-07-24,河南省,,采购/资审公告,,https://www.ggzy.gov.cn/information/deal/html/a/410000/0201/20260724/00413cba7563fee44540904869cca5811476.html,食堂设备,食堂设备,食堂设备;后勤服务,初中,否,否
00330534f3688d8f4112af3aa54008484d65,新昌县晨升工程项目管理有限公司关于新昌中学食堂餐饮服务采购项目的公开招标公告,2026-07-24,浙江省,,采购/资审公告,绍兴市公共资源交易网,https://www.ggzy.gov.cn/information/deal/html/a/330000/0201/20260724/00330534f3688d8f4112af3aa54008484d65.html,食堂设备,食堂设备,食堂设备;后勤服务,一贯制未分段,否,否
0033a8dccb7996a540558f1925593f544130,衢州市公共资源交易江山市分中心关于浙江省江山中学物业管理服务采购项目（第二次）的公开招标公告,2026-07-24,浙江省,,采购/资审公告,衢州市公共资源交易网,https://www.ggzy.gov.cn/information/deal/html/a/330000/0201/20260724/0033a8dccb7996a540558f1925593f544130.html,后勤服务,其他,后勤服务,一贯制未分段,否,否
00330cb48198b4f948558d51841af7f3c0fb,台州明辰招标代理有限公司关于临海市灵江中学2026学年宿舍管理服务的公开招标公告,2026-07-24,浙江省,,采购/资审公告,台州市公共资源交易网,https://www.ggzy.gov.cn/information/deal/html/a/330000/0201/20260724/00330cb48198b4f948558d51841af7f3c0fb.html,后勤服务,其他,后勤服务,一贯制未分段,否,否
00339fa4d12153434f42acd564c49082186a,留印工程咨询（浙江）有限公司关于杭州学军中学海创园学校智慧校园项目的公开招标公告,2026-07-24,浙江省,,采购/资审公告,杭州市公共资源交易网,https://www.ggzy.gov.cn/information/deal/html/a/330000/0201/20260724/00339fa4d12153434f42acd564c49082186a.html,智慧校园,智慧校园,智慧校园;后勤服务,一贯制未分段,是,否
0033ac0f51a8c85e4d5ea7ec586da7754bec,宁波瑞林招标有限公司关于鄞州第二实验中学后勤管理服务项目的公开招标公告,2026-07-24,浙江省,,采购/资审公告,宁波市公共资源交易网,https://www.ggzy.gov.cn/information/deal/html/a/330000/0201/20260724/0033ac0f51a8c85e4d5ea7ec586da7754bec.html,后勤服务,其他,后勤服务,一贯制未分段,否,否
00418f5b1fd456e24b0bb631e39481786bd6,武陟县第一中学篮球场地新铺设硅PU地面项目竞争性谈判公告（不见面开标）,2026-07-24,河南省,,采购/资审公告,,https://www.ggzy.gov.cn/information/deal/html/a/410000/0201/20260724/00418f5b1fd456e24b0bb631e39481786bd6.html,工程配套,其他,工程配套,一贯制未分段,否,否
003325719045c93641cfa181b8cba79eb865,宇阳工程咨询（宁波）有限公司关于宁波市鄞州区中河街道宋诏桥初级中学食堂委托服务管理项目的公开招标公告,2026-07-24,浙江省,,采购/资审公告,宁波市公共资源交易网,https://www.ggzy.gov.cn/information/deal/html/a/330000/0201/20260724/003325719045c93641cfa181b8cba79eb865.html,食堂设备,食堂设备,食堂设备;后勤服务,初中,否,否
0036eb6e450be4d24782a3d5fd36ea5f6f52,横峰县第三中学空调采购项目,2026-07-24,江西省,,采购/资审公告,上饶市公共资源交易中心,https://www.ggzy.gov.cn/information/deal/html/a/360000/0201/20260724/0036eb6e450be4d24782a3d5fd36ea5f6f52.html,工程配套,其他,工程配套,一贯制未分段,否,否
0036cf9f9cab6e3b4abb81eb8797564dada3,2026-2027年度南昌市豫章中学（两校区）保安服务项目,2026-07-24,江西省,,采购/资审公告,南昌市公共资源交易中心,https://www.ggzy.gov.cn/information/deal/html/a/360000/0201/20260724/0036cf9f9cab6e3b4abb81eb8797564dada3.html,后勤服务,其他,后勤服务,一贯制未分段,否,否
0036c6216dad1d7646b3a3920d58600613a7,江西阳晨项目管理咨询有限公司关于江西省赣州市南康区第二中学校园监控及网络系统改造升级服务项目（项目编号：JXYC2026-NK-C001-1)的电子化竞争性磋商公告,2026-07-24,江西省,,采购/资审公告,赣州市公共资源交易中心,https://www.ggzy.gov.cn/information/deal/html/a/360000/0201/20260724/0036c6216dad1d7646b3a3920d58600613a7.html,校舍维修改造,校舍维修改造,校舍维修改造;校园安防;后勤服务,一贯制未分段,否,否
00369b333d63e4c14116af00c763a8ff3874,吉安县第三中学空调采购项目（二次）,2026-07-24,江西省,,采购/资审公告,吉安市公共资源交易中心,https://www.ggzy.gov.cn/information/deal/html/a/360000/0201/20260724/00369b333d63e4c14116af00c763a8ff3874.html,工程配套,其他,工程配套,一贯制未分段,否,否
00369a70f78e365d48a7833eeb8d1720cb14,泰和县第四中学食堂改造项目竞争性谈判公告,2026-07-24,江西省,,采购/资审公告,吉安市公共资源交易中心,https://www.ggzy.gov.cn/information/deal/html/a/360000/0201/20260724/00369a70f78e365d48a7833eeb8d1720cb14.html,校舍维修改造,校舍维修改造,校舍维修改造;食堂设备,一贯制未分段,否,否
003611e915e5e4464f57b356c55d68501316,吉安县官田中学2026年校园改造提升工程（第二次）,2026-07-24,江西省,,采购/资审公告,吉安市公共资源交易中心,https://www.ggzy.gov.cn/information/deal/html/a/360000/0201/20260724/003611e915e5e4464f57b356c55d68501316.html,校舍维修改造,校舍维修改造,校舍维修改造,一贯制未分段,否,否
00360ec1f6d5b7834f9e80f9cce2ce4905c5,江西诚信伟业招标咨询有限公司关于江西师范大学附属中学雏鹰坪北侧停车棚改造项目（项目编号：1493-266106252043第二次）竞争性磋商采购公告,2026-07-24,江西省,,采购/资审公告,江西省公共资源交易中心,https://www.ggzy.gov.cn/information/deal/html/a/360000/0201/20260724/00360ec1f6d5b7834f9e80f9cce2ce4905c5.html,校舍维修改造,校舍维修改造,校舍维修改造;后勤服务,一贯制未分段,否,否
003607e119dc566348bd8af68ff809f550f5,南昌县教体局向塘二中、东新中学等新改扩建学校空调采购项目,2026-07-24,江西省,,采购/资审公告,南昌市公共资源交易中心,https://www.ggzy.gov.cn/information/deal/html/a/360000/0201/20260724/003607e119dc566348bd8af68ff809f550f5.html,校舍维修改造,校舍维修改造,校舍维修改造;工程配套,教育局统筹,否,否
0031fa5caa2c3a2e4f6193926e645893af03,上海市历城中学教学办公及专用教室设备的公开招标公告,2026-07-24,上海市,,采购/资审公告,上海政府采购网,https://www.ggzy.gov.cn/information/deal/html/a/310000/0201/20260724/0031fa5caa2c3a2e4f6193926e645893af03.html,实验室设备,实验室设备,实验室设备,一贯制未分段,否,否
0021ea7106695bfa4b088aceb56315c57852,沈阳二中浑南高级中学基础教学设备项目（第二次）招标公告,2026-07-24,辽宁省,,采购/资审公告,辽宁政府采购网,https://www.ggzy.gov.cn/information/deal/html/a/210000/0201/20260724/0021ea7106695bfa4b088aceb56315c57852.html,教学仪器,教学仪器,教学仪器,高中,否,否
00215798c02aa87b42dc819eecd46aea1161,辽中县四方台初级中学食堂购买本校师生餐饮委托服务项目招标公告,2026-07-24,辽宁省,,采购/资审公告,辽宁政府采购网,https://www.ggzy.gov.cn/information/deal/html/a/210000/0201/20260724/00215798c02aa87b42dc819eecd46aea1161.html,食堂设备,食堂设备,食堂设备;后勤服务,初中,否,否
00210f45a97b0e534748bffed86b8b4f8e80,北票市第七中学活动场地工程竞争性磋商公告,2026-07-24,辽宁省,,采购/资审公告,辽宁政府采购网,https://www.ggzy.gov.cn/information/deal/html/a/210000/0201/20260724/00210f45a97b0e534748bffed86b8b4f8e80.html,其他,其他,,一贯制未分段,否,否
00367675b163047c4d8497457f03d954a207,中伟诚工程管理有限公司关于洪源中学提升改造项目（项目编号：ZWC-JDZ202621号）竞争性磋商采购公告,2026-07-24,江西省,,采购/资审公告,景德镇市公共资源交易中心,https://www.ggzy.gov.cn/information/deal/html/a/360000/0201/20260724/00367675b163047c4d8497457f03d954a207.html,校舍维修改造,校舍维修改造,校舍维修改造,一贯制未分段,否,否
003605c19bc2ecc34c90bc87efc9f32ebf9b,江西省机电设备招标有限公司关于江西师范大学附属中学瑶湖学校2026年秋物业服务采购项目（项目编号：JXTC2026070267）电子化公开招标公告,2026-07-24,江西省,,采购/资审公告,南昌市公共资源交易中心,https://www.ggzy.gov.cn/information/deal/html/a/360000/0201/20260724/003605c19bc2ecc34c90bc87efc9f32ebf9b.html,后勤服务,其他,后勤服务,一贯制未分段,否,否
00644870997ca5d44dd3bf93d5fb3eddfb25,石嘴山市第六中学数据赋能规模化因材施教试点项目招标公告,2026-07-23,宁夏回族自治区,,采购/资审公告,宁夏公共资源交易服务平台,https://www.ggzy.gov.cn/information/deal/html/a/640000/0201/20260723/00644870997ca5d44dd3bf93d5fb3eddfb25.html,其他,其他,,一贯制未分段,否,否
00615eab44a983944010b697ab5d58efc69d,西安市第五十七中学2026年厨房设备采购项目竞争性磋商公告.html,2026-07-23,陕西省,,采购/资审公告,全国公共资源交易平台（陕西省）,https://www.ggzy.gov.cn/information/deal/html/a/610000/0201/20260723/00615eab44a983944010b697ab5d58efc69d.html,食堂设备,食堂设备,食堂设备,一贯制未分段,否,否
0013943450c9bdba4756852919bd48cfc4ab,河北省尚义县第一中学2026年校园项目改造工程竞争性磋商公告,2026-07-23,河北省,,采购/资审公告,张家口公共资源交易综合信息平台,https://www.ggzy.gov.cn/information/deal/html/a/130000/0201/20260723/0013943450c9bdba4756852919bd48cfc4ab.html,校舍维修改造,校舍维修改造,校舍维修改造,一贯制未分段,否,否
0014b258393e8c9b4e3e988f19b0e32dadd4,临猗县临猗中学校餐厅劳务服务项目的采购公告,2026-07-23,山西省,,采购/资审公告,,https://www.ggzy.gov.cn/information/deal/html/a/140000/0201/20260723/0014b258393e8c9b4e3e988f19b0e32dadd4.html,食堂设备,食堂设备,食堂设备;后勤服务,一贯制未分段,否,否
003577579c8e320b4929948527852fc80bae,泉州市第六中学2026年物业服务采购项目竞争性磋商公告,2026-07-23,福建省,,采购/资审公告,泉州市公共资源交易中心,https://www.ggzy.gov.cn/information/deal/html/a/350000/0201/20260723/003577579c8e320b4929948527852fc80bae.html,后勤服务,其他,后勤服务,一贯制未分段,否,否
0044454b629b9c3f44f4a656b842137fe6c8,广东两阳中学购买食堂外包服务项目（项目编号：0724-2610YJ014441）招标公告,2026-07-23,广东省,,采购/资审公告,,https://www.ggzy.gov.cn/information/deal/html/a/440000/0201/20260723/0044454b629b9c3f44f4a656b842137fe6c8.html,食堂设备,食堂设备,食堂设备;后勤服务,一贯制未分段,否,否
0035b9c14035bba44c6c9c2c6e469ad1ab2b,闽侯县第一中学音乐、美术及历史地理专用教室设备采购公开招标招标公告,2026-07-23,福建省,,采购/资审公告,福州市公共资源交易服务中心,https://www.ggzy.gov.cn/information/deal/html/a/350000/0201/20260723/0035b9c14035bba44c6c9c2c6e469ad1ab2b.html,实验室设备,实验室设备,实验室设备,一贯制未分段,否,否
0065c55b68ed559a4089b0675aad573c305e,阿克苏地区第二中学学生宿舍高低床购置项目竞争性谈判公告,2026-07-23,新疆维吾尔自治区,,采购/资审公告,新疆维吾尔自治区公共资源交易平台,https://www.ggzy.gov.cn/information/deal/html/a/650000/0201/20260723/0065c55b68ed559a4089b0675aad573c305e.html,其他,其他,,一贯制未分段,否,否
00514aaf150124934758a744ab8ec92501fb,四川省隆昌市城关职业中学隆昌市城关职业中学直饮水设备采购(二次)招标公告,2026-07-23,四川省,,采购/资审公告,,https://www.ggzy.gov.cn/information/deal/html/a/510000/0201/20260723/00514aaf150124934758a744ab8ec92501fb.html,工程配套,其他,工程配套,一贯制未分段,否,否
003586bb470ec10f420da77d33a6293b078f,福建省龙岩市第二中学2026年课桌椅及办公家具货物类采购项目公开招标招标公告,2026-07-23,福建省,,采购/资审公告,龙岩市公共资源交易中心,https://www.ggzy.gov.cn/information/deal/html/a/350000/0201/20260723/003586bb470ec10f420da77d33a6293b078f.html,课桌椅,课桌椅,课桌椅,一贯制未分段,否,否
00657a50616760ca4057b76233690abefff1,哈密市豫哈第四实验学校(哈密市第十八中学)实验室设备采购安装项目公开招标公告,2026-07-23,新疆维吾尔自治区,,采购/资审公告,新疆维吾尔自治区公共资源交易平台,https://www.ggzy.gov.cn/information/deal/html/a/650000/0201/20260723/00657a50616760ca4057b76233690abefff1.html,实验室设备,实验室设备,实验室设备,一贯制未分段,否,否
0065712c07e0ae6f47a597feddfa0795a645,伽师县第六中学食堂自营管理服务购买服务项目竞争性磋商公告,2026-07-23,新疆维吾尔自治区,,采购/资审公告,新疆维吾尔自治区公共资源交易平台,https://www.ggzy.gov.cn/information/deal/html/a/650000/0201/20260723/0065712c07e0ae6f47a597feddfa0795a645.html,食堂设备,食堂设备,食堂设备,一贯制未分段,否,否
0045e9c856df57fd430ab8b5a6277fd910b9,广西海溢工程咨询有限公司关于河池市宜州区北山中学围墙、挡土墙（重）的竞争性磋商公告,2026-07-23,广西壮族自治区,,采购/资审公告,河池市公共资源交易中心,https://www.ggzy.gov.cn/information/deal/html/a/450000/0201/20260723/0045e9c856df57fd430ab8b5a6277fd910b9.html,校舍维修改造,校舍维修改造,校舍维修改造;后勤服务,一贯制未分段,否,否
0065a618917cb597429785ff8e16d220ce50,昌吉州第一中学西校区学生食堂劳务服务采购项目竞争性磋商公告,2026-07-23,新疆维吾尔自治区,,采购/资审公告,新疆维吾尔自治区公共资源交易平台,https://www.ggzy.gov.cn/information/deal/html/a/650000/0201/20260723/0065a618917cb597429785ff8e16d220ce50.html,食堂设备,食堂设备,食堂设备;后勤服务,一贯制未分段,否,否
00142f6a9b348c7f4e53a800781b792d69c7,榆次区第二中学新建教学及教辅用房设计服务的竞争性磋商采购公告,2026-07-23,山西省,,采购/资审公告,,https://www.ggzy.gov.cn/information/deal/html/a/140000/0201/20260723/00142f6a9b348c7f4e53a800781b792d69c7.html,校舍维修改造,校舍维修改造,校舍维修改造,一贯制未分段,否,否
00658c40400110f74f04804a8ee753ba94e9,乌鲁木齐市第四十二中学教学楼大厅维修改造项目竞争性磋商公告,2026-07-23,新疆维吾尔自治区,,采购/资审公告,新疆维吾尔自治区公共资源交易平台,https://www.ggzy.gov.cn/information/deal/html/a/650000/0201/20260723/00658c40400110f74f04804a8ee753ba94e9.html,校舍维修改造,校舍维修改造,校舍维修改造,一贯制未分段,否,否
006561fd8bd22f624fe88af218155b2c8ae2,乌鲁木齐市第四十二中学运动场地改造项目竞争性磋商公告,2026-07-23,新疆维吾尔自治区,,采购/资审公告,新疆维吾尔自治区公共资源交易平台,https://www.ggzy.gov.cn/information/deal/html/a/650000/0201/20260723/006561fd8bd22f624fe88af218155b2c8ae2.html,校舍维修改造,校舍维修改造,校舍维修改造,一贯制未分段,否,否
005021b12fa376594401943c79b86690e7bf,重庆市八中渝北龙兴中学校物业管理服务采购(YBQ26C00036)竞争性磋商公告,2026-07-23,重庆市,,采购/资审公告,重庆市公共资源交易服务平台,https://www.ggzy.gov.cn/information/deal/html/a/500000/0201/20260723/005021b12fa376594401943c79b86690e7bf.html,后勤服务,其他,后勤服务,一贯制未分段,否,否
00655007b703a3394232bac799ce2c394ed7,昌吉市第七中学教学楼基础维修项目竞争性谈判公告,2026-07-23,新疆维吾尔自治区,,采购/资审公告,新疆维吾尔自治区公共资源交易平台,https://www.ggzy.gov.cn/information/deal/html/a/650000/0201/20260723/00655007b703a3394232bac799ce2c394ed7.html,校舍维修改造,校舍维修改造,校舍维修改造,一贯制未分段,否,否
0013b9a8a985a9434cfea0e25f29e3b1b094,雄安容西容兴高级中学衡中云班技术服务项目招标公告,2026-07-23,河北省,,采购/资审公告,,https://www.ggzy.gov.cn/information/deal/html/a/130000/0201/20260723/0013b9a8a985a9434cfea0e25f29e3b1b094.html,其他,其他,,高中,否,否
00355cf61b9aeb9b494bb80f86ab884d3f29,晋江市季延中学（新塘校区）高中通用技术教室设备采购公开招标招标公告,2026-07-23,福建省,,采购/资审公告,泉州市公共资源交易中心,https://www.ggzy.gov.cn/information/deal/html/a/350000/0201/20260723/00355cf61b9aeb9b494bb80f86ab884d3f29.html,其他,其他,,高中,否,否
0013d5fc5b5b50b0470488f166cf11d88042,沧州市第一综合高级中学汽修专业设备采购项目竞争性谈判交易公告,2026-07-23,河北省,,采购/资审公告,,https://www.ggzy.gov.cn/information/deal/html/a/130000/0201/20260723/0013d5fc5b5b50b0470488f166cf11d88042.html,其他,其他,,高中,否,否
00622abd4a8d9b1d4915b8874dd137099e70,兰州新区第三初级中学2026年物业服务项目竞争性磋商公告,2026-07-23,甘肃省,,采购/资审公告,甘肃省公共资源交易平台,https://www.ggzy.gov.cn/information/deal/html/a/620000/0201/20260723/00622abd4a8d9b1d4915b8874dd137099e70.html,后勤服务,其他,后勤服务,初中,否,否
00506b363e6951724f1282bc92769147bbf5,重庆市大足中学教学楼各大功能室设施设备采购（第二次）(DZQ26A00242)公开招标公告,2026-07-23,重庆市,,采购/资审公告,重庆市公共资源交易服务平台,https://www.ggzy.gov.cn/information/deal/html/a/500000/0201/20260723/00506b363e6951724f1282bc92769147bbf5.html,实验室设备,实验室设备,实验室设备,一贯制未分段,否,否
0034ed4b49c2e7f84cca847bb9b34142a90a,2026年合肥市第四十八中学高新校区功能室购置项目询价公告,2026-07-23,安徽省,,采购/资审公告,安徽合肥公共资源交易中心电子交易系统,https://www.ggzy.gov.cn/information/deal/html/a/340000/0201/20260723/0034ed4b49c2e7f84cca847bb9b34142a90a.html,实验室设备,实验室设备,实验室设备,一贯制未分段,否,否
00132fbd1101875a45f490e1966405006f5b,盐山中学数智化AI赋能教学量化与质量提升设备购置项目（二次）竞争性谈判公告,2026-07-23,河北省,,采购/资审公告,,https://www.ggzy.gov.cn/information/deal/html/a/130000/0201/20260723/00132fbd1101875a45f490e1966405006f5b.html,人工智能,人工智能,人工智能,一贯制未分段,是,否
00110f272681a68744bba0e4ba51d7a57078,一般因素法-学生课程-2026年大兴一中学科强基及创新人才培养zj公开招标公告,2026-07-23,北京,,采购/资审公告,北京市政府采购网,https://www.ggzy.gov.cn/information/deal/html/a/110000/0201/20260723/00110f272681a68744bba0e4ba51d7a57078.html,其他,其他,,一贯制未分段,否,否
0062c5f88573c0d648c5bfb8aad989531e98,积石中学智慧校园建设项目正常公告,2026-07-23,甘肃省,,采购/资审公告,临夏州公共资源交易平台,https://www.ggzy.gov.cn/information/deal/html/a/620000/0201/20260723/0062c5f88573c0d648c5bfb8aad989531e98.html,智慧校园,智慧校园,智慧校园,一贯制未分段,是,否
0021d5bb74f2ed874238ab69c42ed38e26b3,大连海湾高级中学校舍提升改造项目竞争性磋商公告,2026-07-23,辽宁省,,采购/资审公告,大连市公共资源交易平台,https://www.ggzy.gov.cn/information/deal/html/a/210000/0201/20260723/0021d5bb74f2ed874238ab69c42ed38e26b3.html,校舍维修改造,校舍维修改造,校舍维修改造,高中,否,否
0013292e145484d74388acd3838d76357557,Z130900260158沧州市第七中学宿舍管理服务项目竞争性谈判(二次),2026-07-23,河北省,,采购/资审公告,,https://www.ggzy.gov.cn/information/deal/html/a/130000/0201/20260723/0013292e145484d74388acd3838d76357557.html,后勤服务,其他,后勤服务,一贯制未分段,否,否
0043841137c13bc643b28fad33e0f7f79606,长沙市长郡中学长郡中学奥体城校区心理咨询设备等采购项目招标公告,2026-07-23,湖南省,,采购/资审公告,,https://www.ggzy.gov.cn/information/deal/html/a/430000/0201/20260723/0043841137c13bc643b28fad33e0f7f79606.html,后勤服务,其他,后勤服务,一贯制未分段,否,否
005182593faa0db94c8f9d8bf8e529efd32b,绵阳市开元中学开元中学学生公寓铁床采购2026招标公告,2026-07-23,四川省,,采购/资审公告,,https://www.ggzy.gov.cn/information/deal/html/a/510000/0201/20260723/005182593faa0db94c8f9d8bf8e529efd32b.html,其他,其他,,一贯制未分段,否,否
0013105444f02f7d41b29b5e7fc3bc55021e,Z131000260282廊坊市第一中学物业保洁服务项目公开招标,2026-07-23,河北省,,采购/资审公告,廊坊市公共资源交易中心,https://www.ggzy.gov.cn/information/deal/html/a/130000/0201/20260723/0013105444f02f7d41b29b5e7fc3bc55021e.html,后勤服务,其他,后勤服务,一贯制未分段,否,否
0034021becd2ba974127a92f93ae98d8721c,六安中学“五育”综合楼体育艺术展演厅礼堂椅采购项目公开招标公告,2026-07-23,安徽省,,采购/资审公告,六安市公共资源交易平台电子交易系统,https://www.ggzy.gov.cn/information/deal/html/a/340000/0201/20260723/0034021becd2ba974127a92f93ae98d8721c.html,其他,其他,,一贯制未分段,否,否
0022e7540427ffda4e85a92d41fca7099a1d,中昱春阳项目管理（吉林）有限公司关于2025桦甸市第一中学校舍大白及校园路面足球场地等维修改造项目的竞争性磋商公告,2026-07-23,吉林省,,采购/资审公告,吉林市公共资源交易网上招投标系统,https://www.ggzy.gov.cn/information/deal/html/a/220000/0201/20260723/0022e7540427ffda4e85a92d41fca7099a1d.html,校舍维修改造,校舍维修改造,校舍维修改造;工程配套,一贯制未分段,否,否
0034c00d639d4adf40189411803eab48ab14,池州市第一中学射击馆设备采购招标公告,2026-07-23,安徽省,,采购/资审公告,池州市公共资源交易平台电子交易系统,https://www.ggzy.gov.cn/information/deal/html/a/340000/0201/20260723/0034c00d639d4adf40189411803eab48ab14.html,其他,其他,,一贯制未分段,否,否
0035243a8ad0955e43f9aa3491af37cc8747,五显中学食堂设备采购(二次)竞争性谈判公告,2026-07-23,福建省,,采购/资审公告,厦门市公共资源交易中心,https://www.ggzy.gov.cn/information/deal/html/a/350000/0201/20260723/0035243a8ad0955e43f9aa3491af37cc8747.html,食堂设备,食堂设备,食堂设备,一贯制未分段,否,否
0050f59ee991ddd54ec58b7913a6edb4b76a,重庆市南开中学校采购图书馆智能信息化建设项目(SPB26A00184)询价公告,2026-07-23,重庆市,,采购/资审公告,重庆市公共资源交易服务平台,https://www.ggzy.gov.cn/information/deal/html/a/500000/0201/20260723/0050f59ee991ddd54ec58b7913a6edb4b76a.html,信息化,信息化,信息化;图书,一贯制未分段,是,否
00226f97ea16853a41f8b1ddb456ae5a10eb,吉林省吉莱工程咨询有限公司关于2026年白山市第十中学操场改造的竞争性磋商公告,2026-07-23,吉林省,,采购/资审公告,白山电子招投标交易平台,https://www.ggzy.gov.cn/information/deal/html/a/220000/0201/20260723/00226f97ea16853a41f8b1ddb456ae5a10eb.html,校舍维修改造,校舍维修改造,校舍维修改造;后勤服务,一贯制未分段,否,否
0022b21760d2aa8546f9a26fe14be592e5b2,吉林省吉莱工程咨询有限公司关于2026年白山市第十中学操场改造（草坪、悬浮地板、跑道）的竞争性磋商公告,2026-07-23,吉林省,,采购/资审公告,白山电子招投标交易平台,https://www.ggzy.gov.cn/information/deal/html/a/220000/0201/20260723/0022b21760d2aa8546f9a26fe14be592e5b2.html,校舍维修改造,校舍维修改造,校舍维修改造;后勤服务;工程配套,一贯制未分段,否,否
00459a7c3eaf756a49d9b3c2e1d9d55416ce,广西众鼎建设工程咨询有限公司关于平南县思界乡初级中学学生食堂食材采购配送服务项目（项目编号：GGZC2026-C3-210128-ZDJS）竞争性磋商公告,2026-07-23,广西壮族自治区,,采购/资审公告,贵港市公共资源交易平台,https://www.ggzy.gov.cn/information/deal/html/a/450000/0201/20260723/00459a7c3eaf756a49d9b3c2e1d9d55416ce.html,食堂设备,食堂设备,食堂设备;后勤服务,初中,否,否
0015a325d0bd000e46f29822a9f75972052a,赤峰新城实验中学采购物业服务项目竞争性磋商公告,2026-07-23,内蒙古自治区,,采购/资审公告,,https://www.ggzy.gov.cn/information/deal/html/a/150000/0201/20260723/0015a325d0bd000e46f29822a9f75972052a.html,后勤服务,其他,后勤服务,一贯制未分段,否,否
00327fa9163cf69c4b57892e297023beb588,盐城市新洋初级中学物业服务项目采购公告,2026-07-23,江苏省,,采购/资审公告,,https://www.ggzy.gov.cn/information/deal/html/a/320000/0201/20260723/00327fa9163cf69c4b57892e297023beb588.html,后勤服务,其他,后勤服务,初中,否,否
0045b149e71ff9a549e6b0ff9ddfc61aad99,广西众鼎建设工程咨询有限公司关于平南县思界乡初级中学学生食堂食材采购配送服务项目的竞争性磋商公告,2026-07-23,广西壮族自治区,,采购/资审公告,广西壮族自治区公共资源电子交易系统,https://www.ggzy.gov.cn/information/deal/html/a/450000/0201/20260723/0045b149e71ff9a549e6b0ff9ddfc61aad99.html,食堂设备,食堂设备,食堂设备;后勤服务,初中,否,否
00320bc6cc5761814bbba26aa5f9343ffb11,千灯镇炎武中学多媒体教学设备采购采购公告(二),2026-07-23,江苏省,,采购/资审公告,,https://www.ggzy.gov.cn/information/deal/html/a/320000/0201/20260723/00320bc6cc5761814bbba26aa5f9343ffb11.html,信息化设备,信息化设备,信息化设备;教学仪器,一贯制未分段,是,否
0051be39e3c517cf4844980821f0e9b5de92,崇州市教育事业保障服务中心（崇州市学生资助管理中心）2026年树德崇州中学项目-其他信息化设备(二次)询价公告,2026-07-23,四川省,,采购/资审公告,,https://www.ggzy.gov.cn/information/deal/html/a/510000/0201/20260723/0051be39e3c517cf4844980821f0e9b5de92.html,信息化,信息化,信息化,一贯制未分段,是,否
00627d5642a53373434fa0b6d5561d6b795c,康乐县稼轩中学图书采购项目公开招标公告,2026-07-23,甘肃省,,采购/资审公告,临夏州公共资源交易平台,https://www.ggzy.gov.cn/information/deal/html/a/620000/0201/20260723/00627d5642a53373434fa0b6d5561d6b795c.html,图书,图书,图书,一贯制未分段,否,否
0051ccd6138fa685439fb2edca4fd6dbec0c,四川省南充高级中学清洁清运及勤杂服务采购项目竞争性谈判公告,2026-07-23,四川省,,采购/资审公告,,https://www.ggzy.gov.cn/information/deal/html/a/510000/0201/20260723/0051ccd6138fa685439fb2edca4fd6dbec0c.html,后勤服务,其他,后勤服务,高中,否,否
001194cb793ac9c84e4ea3ce0b7db1814ecc,北京市通州区西集中学2026年围墙修缮项目竞争性磋商公告,2026-07-23,北京,,采购/资审公告,北京市政府采购网,https://www.ggzy.gov.cn/information/deal/html/a/110000/0201/20260723/001194cb793ac9c84e4ea3ce0b7db1814ecc.html,校舍维修改造,校舍维修改造,校舍维修改造,一贯制未分段,否,否
005224e8653038af4a1e8c60c51906c0cd59,贵阳市第二十二中学项目500kVA配变安装工程采购公告,2026-07-23,贵州省,,采购/资审公告,贵阳市公共资源交易中心,https://www.ggzy.gov.cn/information/deal/html/a/520000/0201/20260723/005224e8653038af4a1e8c60c51906c0cd59.html,其他,其他,,一贯制未分段,否,否
00115eccd65243c34ab09f4cfe227a429ee5,北京理工大学附属中学通州校区2026年围墙修缮项目竞争性磋商公告,2026-07-23,北京,,采购/资审公告,北京市政府采购网,https://www.ggzy.gov.cn/information/deal/html/a/110000/0201/20260723/00115eccd65243c34ab09f4cfe227a429ee5.html,校舍维修改造,校舍维修改造,校舍维修改造,一贯制未分段,否,否
0043160d16a0d27f41de872c775c4cf8010c,屈原中学综合教学楼配套设施采购项目,2026-07-23,湖南省,,采购/资审公告,,https://www.ggzy.gov.cn/information/deal/html/a/430000/0201/20260723/0043160d16a0d27f41de872c775c4cf8010c.html,其他,其他,,一贯制未分段,否,否
0051ee7378916a784c30a0021ab685615545,梓潼县七一高级职业中学校梓潼县七一职高育人保障提升项目招标公告,2026-07-23,四川省,,采购/资审公告,,https://www.ggzy.gov.cn/information/deal/html/a/510000/0201/20260723/0051ee7378916a784c30a0021ab685615545.html,其他,其他,,一贯制未分段,否,否
00500fdbd4f999e1428aa7d961c3c5240fcf,重庆市酉阳第一中学校2026年学生宿舍床采购项目(YOY26A00073)询价公告,2026-07-23,重庆市,,采购/资审公告,重庆市公共资源交易服务平台,https://www.ggzy.gov.cn/information/deal/html/a/500000/0201/20260723/00500fdbd4f999e1428aa7d961c3c5240fcf.html,其他,其他,,一贯制未分段,否,否
0045d0aad9805cf641eb910d237fef892c17,南宁市隆安县政府集中采购中心关于隆安县都结乡初级中学“两类学校”教室宿舍设备设施采购项目的竞争性谈判公告,2026-07-23,广西壮族自治区,,采购/资审公告,南宁市公共资源交易中心,https://www.ggzy.gov.cn/information/deal/html/a/450000/0201/20260723/0045d0aad9805cf641eb910d237fef892c17.html,其他,其他,,初中,否,否
00506d9bbd8abec04a97a2092a965894367f,南渝中学2026年暑期维修工程(SPB26B00004)竞争性磋商公告,2026-07-23,重庆市,,采购/资审公告,重庆市公共资源交易服务平台,https://www.ggzy.gov.cn/information/deal/html/a/500000/0201/20260723/00506d9bbd8abec04a97a2092a965894367f.html,校舍维修改造,校舍维修改造,校舍维修改造,一贯制未分段,否,否
0045d31e5bd076e94842963c9aee26eab7fe,广西驰通建设工程管理有限公司关于忻城县高级中学校园篮球场塑胶面层及文化宣传台钢架膜结构棚建设项目的竞争性磋商公告,2026-07-23,广西壮族自治区,,采购/资审公告,来宾市公共资源交易服务平台,https://www.ggzy.gov.cn/information/deal/html/a/450000/0201/20260723/0045d31e5bd076e94842963c9aee26eab7fe.html,工程配套,其他,工程配套,高中,否,否
005114f4d6b03dd8419f9a3e240c4fec04f1,邛崃市火井初级中学校厨房设备采购项目招标公告,2026-07-23,四川省,,采购/资审公告,,https://www.ggzy.gov.cn/information/deal/html/a/510000/0201/20260723/005114f4d6b03dd8419f9a3e240c4fec04f1.html,食堂设备,食堂设备,食堂设备,初中,否,否
0062187f937d81b94a96a9c9af366dc0f69d,民乐县第一中学实验室及信息化设备购置项目(实验室),2026-07-23,甘肃省,,采购/资审公告,,https://www.ggzy.gov.cn/information/deal/html/a/620000/0201/20260723/0062187f937d81b94a96a9c9af366dc0f69d.html,信息化,信息化,信息化;实验室设备,一贯制未分段,是,否
006379fc26dc0e3241b0a6fee345516b1c0f,青海凌星项目管理有限公司关于青海省三江源民族中学北校区教室储物柜安装（第二次）的竞争性谈判公告,2026-07-23,青海省,,采购/资审公告,青海省公共资源交易网,https://www.ggzy.gov.cn/information/deal/html/a/630000/0201/20260723/006379fc26dc0e3241b0a6fee345516b1c0f.html,其他,其他,,一贯制未分段,否,否
00432ed8bd5460ee48debb90fb4995d6afbd,邵阳市第十二中学食堂食材采购项目招标公告,2026-07-23,湖南省,,采购/资审公告,,https://www.ggzy.gov.cn/information/deal/html/a/430000/0201/20260723/00432ed8bd5460ee48debb90fb4995d6afbd.html,食堂设备,食堂设备,食堂设备;后勤服务,一贯制未分段,否,否
0022239cbd0bb6a54d5ba32e9d308e9548d8,华院（吉林）项目管理咨询有限公司关于长春市第八十七中学班班通、录播设备、广播设备、学生课桌椅等采购项目的竞争性磋商公告,2026-07-23,吉林省,,采购/资审公告,长春市公共资源交易中心(新),https://www.ggzy.gov.cn/information/deal/html/a/220000/0201/20260723/0022239cbd0bb6a54d5ba32e9d308e9548d8.html,信息化设备,信息化设备,信息化设备;课桌椅;后勤服务,一贯制未分段,是,否
0043b1309bbc243749998005a1c8eb1f80b2,邵阳市第十一中学食堂食材采购项目招标公告,2026-07-23,湖南省,,采购/资审公告,,https://www.ggzy.gov.cn/information/deal/html/a/430000/0201/20260723/0043b1309bbc243749998005a1c8eb1f80b2.html,食堂设备,食堂设备,食堂设备;后勤服务,一贯制未分段,否,否
004522dde206d09548f698bbd23369360877,鼎正众创建设集团有限公司凤山县高级中学教学楼改造工程竞争性磋商公告,2026-07-23,广西壮族自治区,,采购/资审公告,河池市公共资源交易中心,https://www.ggzy.gov.cn/information/deal/html/a/450000/0201/20260723/004522dde206d09548f698bbd23369360877.html,校舍维修改造,校舍维修改造,校舍维修改造,高中,否,否
0013ad684dd0a07b462daf6c568da5e96048,清河县王官庄初级中学智慧校园建设工程公开招标公告,2026-07-23,河北省,,采购/资审公告,邢台市公共资源交易中心,https://www.ggzy.gov.cn/information/deal/html/a/130000/0201/20260723/0013ad684dd0a07b462daf6c568da5e96048.html,智慧校园,智慧校园,智慧校园,初中,是,否
0065c207299593674bb998af6211682494bb,库尔勒市实验中学智慧体育设备及附属设施项目公开招标公告,2026-07-23,新疆维吾尔自治区,,采购/资审公告,新疆维吾尔自治区公共资源交易平台,https://www.ggzy.gov.cn/information/deal/html/a/650000/0201/20260723/0065c207299593674bb998af6211682494bb.html,其他,其他,,一贯制未分段,否,否
00455e3e491b572b4c71ad5a630f4ac8112b,鼎正众创建设集团有限公司关于凤山县高级中学教学楼改造工程的竞争性磋商公告,2026-07-23,广西壮族自治区,,采购/资审公告,广西壮族自治区公共资源电子交易系统,https://www.ggzy.gov.cn/information/deal/html/a/450000/0201/20260723/00455e3e491b572b4c71ad5a630f4ac8112b.html,校舍维修改造,校舍维修改造,校舍维修改造,高中,否,否
0051a0df2a914be243fea816f1061f72e7e1,马边彝族自治县第一初级中学录播教室询价公告,2026-07-23,四川省,,采购/资审公告,,https://www.ggzy.gov.cn/information/deal/html/a/510000/0201/20260723/0051a0df2a914be243fea816f1061f72e7e1.html,信息化设备,信息化设备,信息化设备,初中,是,否
00432143ad3ee5dc422b9dd8605becb0cb61,怀化市铁路第二中学学生食堂大宗食材采购招标公告,2026-07-23,湖南省,,采购/资审公告,,https://www.ggzy.gov.cn/information/deal/html/a/430000/0201/20260723/00432143ad3ee5dc422b9dd8605becb0cb61.html,食堂设备,食堂设备,食堂设备;后勤服务,一贯制未分段,否,否
00329abac1ef2d11469bb7d42c7820383cf1,北桥中学物业服务项目采购公告(二),2026-07-23,江苏省,,采购/资审公告,,https://www.ggzy.gov.cn/information/deal/html/a/320000/0201/20260723/00329abac1ef2d11469bb7d42c7820383cf1.html,后勤服务,其他,后勤服务,一贯制未分段,否,否
0051a954a9642869465389d4e683c2564aa0,宜宾市南溪区第二中学校南溪二中物业管理服务采购项目竞争性谈判公告,2026-07-23,四川省,,采购/资审公告,,https://www.ggzy.gov.cn/information/deal/html/a/510000/0201/20260723/0051a954a9642869465389d4e683c2564aa0.html,后勤服务,其他,后勤服务,一贯制未分段,否,否
0052485c291533b0430ab35b73e2765156dd,安顺市第一高级中学学生食堂食材配送服务项目（二次）,2026-07-23,贵州省,,采购/资审公告,安顺市公共资源交易中心,https://www.ggzy.gov.cn/information/deal/html/a/520000/0201/20260723/0052485c291533b0430ab35b73e2765156dd.html,食堂设备,食堂设备,食堂设备;后勤服务,高中,否,否
0044124c56234619435d8bc8d365df6030a4,新江中学连新校区改造工程竞争性磋商公告,2026-07-23,广东省,,采购/资审公告,,https://www.ggzy.gov.cn/information/deal/html/a/440000/0201/20260723/0044124c56234619435d8bc8d365df6030a4.html,校舍维修改造,校舍维修改造,校舍维修改造,一贯制未分段,否,否
00437bd66c57154d42ca9b2b897fe3b49d3b,永州市第十四中学新建食堂项目竞争性磋商公告,2026-07-23,湖南省,,采购/资审公告,,https://www.ggzy.gov.cn/information/deal/html/a/430000/0201/20260723/00437bd66c57154d42ca9b2b897fe3b49d3b.html,校舍维修改造,校舍维修改造,校舍维修改造;食堂设备,一贯制未分段,否,否
0035ed234e96dc364c1db5ef5115adb1e0ce,福州教育学院附属中学教室、食堂、厕所、路面改造修缮及电扩容竞争性磋商公告,2026-07-23,福建省,,采购/资审公告,福州市公共资源交易服务中心,https://www.ggzy.gov.cn/information/deal/html/a/350000/0201/20260723/0035ed234e96dc364c1db5ef5115adb1e0ce.html,校舍维修改造,校舍维修改造,校舍维修改造;食堂设备,一贯制未分段,否,否
0035b5a644d347e040b291f83f0f9faa0ffc,2026年福建省中学生排球联赛（初中组）赛事组织服务采购项目竞争性磋商公告,2026-07-23,福建省,,采购/资审公告,福州市公共资源交易服务中心,https://www.ggzy.gov.cn/information/deal/html/a/350000/0201/20260723/0035b5a644d347e040b291f83f0f9faa0ffc.html,其他,其他,,初中,否,否
004468c28dafb9564224b513987d8712515c,广州市增城区荔城中学食堂运营管理服务项目招标公告,2026-07-23,广东省,,采购/资审公告,,https://www.ggzy.gov.cn/information/deal/html/a/440000/0201/20260723/004468c28dafb9564224b513987d8712515c.html,食堂设备,食堂设备,食堂设备,一贯制未分段,否,否
003793c973377b5a4eeb8792931af32ed62d,莒南县临港实验中学3#教学楼内墙装饰提升改造、教学楼厕所排污管道改造、11#12#公寓楼厕所及外墙维修改造等项目竞争性磋商公告（二次）,2026-07-23,山东省,,采购/资审公告,临沂市公共资源电子交易系统,https://www.ggzy.gov.cn/information/deal/html/a/370000/0201/20260723/003793c973377b5a4eeb8792931af32ed62d.html,校舍维修改造,校舍维修改造,校舍维修改造,一贯制未分段,否,否
00453636b414f7d24bbda60536d7e7c2c35a,法正项目管理集团有限公司关于2026年融安县初级中学校园消防系统工程的竞争性磋商公告,2026-07-23,广西壮族自治区,,采购/资审公告,柳州市公共资源交易中心,https://www.ggzy.gov.cn/information/deal/html/a/450000/0201/20260723/00453636b414f7d24bbda60536d7e7c2c35a.html,校园安防,校园安防,校园安防,初中,否,否
0051431b1c3c4d3f41b48d63c64a59a454dd,成都市青羊实验中学教师关爱招标公告,2026-07-23,四川省,,采购/资审公告,,https://www.ggzy.gov.cn/information/deal/html/a/510000/0201/20260723/0051431b1c3c4d3f41b48d63c64a59a454dd.html,其他,其他,,一贯制未分段,否,否
0051adec2e37f5614d09a863565f225d37e5,成都市树德实验中学明远学校文化建设竞争性磋商公告,2026-07-23,四川省,,采购/资审公告,,https://www.ggzy.gov.cn/information/deal/html/a/510000/0201/20260723/0051adec2e37f5614d09a863565f225d37e5.html,校园文化,其他,校园文化,一贯制未分段,否,否
0043b2fe44d109654b4998d54d3cee5017c8,长沙市周南中学新建教学综合楼信息化设备采购招标公告,2026-07-23,湖南省,,采购/资审公告,,https://www.ggzy.gov.cn/information/deal/html/a/430000/0201/20260723/0043b2fe44d109654b4998d54d3cee5017c8.html,信息化,信息化,信息化;校舍维修改造,一贯制未分段,是,否
0051b6301a26df4e4e43a9aaee5357763623,四川省岳池中学岳池中学强基计划课程与教师成长服务项目竞争性磋商公告,2026-07-23,四川省,,采购/资审公告,,https://www.ggzy.gov.cn/information/deal/html/a/510000/0201/20260723/0051b6301a26df4e4e43a9aaee5357763623.html,其他,其他,,一贯制未分段,否,否
004320b6f05c0d004f0797c48314ccc8f82c,邵阳市第一中学食堂食材采购项目公开招标公告,2026-07-23,湖南省,,采购/资审公告,,https://www.ggzy.gov.cn/information/deal/html/a/430000/0201/20260723/004320b6f05c0d004f0797c48314ccc8f82c.html,食堂设备,食堂设备,食堂设备;后勤服务,一贯制未分段,否,否
0062b5720d2d2e154bab99d488e76e09da7c,天水市麦积区龙园中学课桌凳询价采购项目公告,2026-07-23,甘肃省,,采购/资审公告,天水市公共资源交易平台,https://www.ggzy.gov.cn/information/deal/html/a/620000/0201/20260723/0062b5720d2d2e154bab99d488e76e09da7c.html,课桌椅,课桌椅,课桌椅,一贯制未分段,否,否
0052acb47d5f61bd4c589525ec8a38bcc2e5,沿河县民族中学学生宿舍维修改造工程,2026-07-23,贵州省,,采购/资审公告,铜仁市公共资源交易中心,https://www.ggzy.gov.cn/information/deal/html/a/520000/0201/20260723/0052acb47d5f61bd4c589525ec8a38bcc2e5.html,校舍维修改造,校舍维修改造,校舍维修改造,一贯制未分段,否,否
00130085d62174074d26a3da3c9b37d9039d,邢台市浆水中学变压器增容项目招标公告,2026-07-23,河北省,,采购/资审公告,邢台市公共资源交易中心,https://www.ggzy.gov.cn/information/deal/html/a/130000/0201/20260723/00130085d62174074d26a3da3c9b37d9039d.html,其他,其他,,一贯制未分段,否,否
0043d317373e97b54224914ae5f6d6a27bf7,长沙市望城区第二中学长沙市望城区第二中学物业管理服务项目招标公告,2026-07-23,湖南省,,采购/资审公告,,https://www.ggzy.gov.cn/information/deal/html/a/430000/0201/20260723/0043d317373e97b54224914ae5f6d6a27bf7.html,后勤服务,其他,后勤服务,一贯制未分段,否,否
00506eb00f85f4174d9a8c1643cdc4320092,城口中学学生公寓床采购项目(CKX26A00449)竞争性磋商公告,2026-07-23,重庆市,,采购/资审公告,重庆市公共资源交易服务平台,https://www.ggzy.gov.cn/information/deal/html/a/500000/0201/20260723/00506eb00f85f4174d9a8c1643cdc4320092.html,课桌椅,课桌椅,课桌椅,一贯制未分段,否,否
0043bea55f364ae24fb2bf53e1cd1221d43f,龙山县里耶民族中学智慧校园弱电智能化系统设备采购项目,2026-07-23,湖南省,,采购/资审公告,,https://www.ggzy.gov.cn/information/deal/html/a/430000/0201/20260723/0043bea55f364ae24fb2bf53e1cd1221d43f.html,智慧校园,智慧校园,智慧校园,一贯制未分段,是,否
00503a84ab7d3c5d4523890ca8902f411950,重庆市人和中学LED显示系统项目(JLP26A00510)询价公告,2026-07-23,重庆市,,采购/资审公告,重庆市公共资源交易服务平台,https://www.ggzy.gov.cn/information/deal/html/a/500000/0201/20260723/00503a84ab7d3c5d4523890ca8902f411950.html,其他,其他,,一贯制未分段,否,否
0011636c1b5c3b334728a0d5fb74707fa422,北京市文汇中学2026年9月至2027年8月委托经营食堂（二次）公开招标公告,2026-07-23,北京,,采购/资审公告,北京市政府采购网,https://www.ggzy.gov.cn/information/deal/html/a/110000/0201/20260723/0011636c1b5c3b334728a0d5fb74707fa422.html,食堂设备,食堂设备,食堂设备,一贯制未分段,否,否
0032ca35672a7fff4c91800fa2987c1ed50e,南通市苏锡通园区实验中学校园广播系统采购采购公告,2026-07-23,江苏省,,采购/资审公告,,https://www.ggzy.gov.cn/information/deal/html/a/320000/0201/20260723/0032ca35672a7fff4c91800fa2987c1ed50e.html,其他,其他,,一贯制未分段,否,否
004229d2e409e1354831ba73193af2477b90,松滋市王家桥镇王家桥初级中学多媒体教室桌椅采购竞争性磋商公告,2026-07-23,湖北省,,采购/资审公告,湖北省政府采购网,https://www.ggzy.gov.cn/information/deal/html/a/420000/0201/20260723/004229d2e409e1354831ba73193af2477b90.html,信息化设备,信息化设备,信息化设备;课桌椅,初中,是,否
0023f97e36dad1034ad1a4c107938acea703,黑龙江省佳木斯市第一中学餐饮中心附属过街连廊建设项目,2026-07-23,黑龙江省,,采购/资审公告,黑龙江省公共资源交易网,https://www.ggzy.gov.cn/information/deal/html/a/230000/0201/20260723/0023f97e36dad1034ad1a4c107938acea703.html,后勤服务,其他,后勤服务,一贯制未分段,否,否
0011896c70f39c364c55b116c1ec63ca490e,北京市通州区张家湾中学2026围墙修缮项目竞争性磋商公告,2026-07-23,北京,,采购/资审公告,北京市政府采购网,https://www.ggzy.gov.cn/information/deal/html/a/110000/0201/20260723/0011896c70f39c364c55b116c1ec63ca490e.html,校舍维修改造,校舍维修改造,校舍维修改造,一贯制未分段,否,否
0011c032a959ef5e48528ce3d083268f38ed,怀柔区第一中学景观庭院改造项目竞争性磋商公告,2026-07-23,北京,,采购/资审公告,北京市政府采购网,https://www.ggzy.gov.cn/information/deal/html/a/110000/0201/20260723/0011c032a959ef5e48528ce3d083268f38ed.html,校舍维修改造,校舍维修改造,校舍维修改造;工程配套,一贯制未分段,否,否
004315dcc2d4347440feb1b772a1a1df6b28,长沙县第一中学长桥学校2026年秋季扩班采购项目招标公告,2026-07-23,湖南省,,采购/资审公告,,https://www.ggzy.gov.cn/information/deal/html/a/430000/0201/20260723/004315dcc2d4347440feb1b772a1a1df6b28.html,其他,其他,,一贯制未分段,否,否
0045525b26881cf1479b9dfc72d4cabb42b5,广西诚至达项目咨询有限公司关于贵港市第九高级中学小卖部副食品及学校食堂框架协议外物品配送服务项目（重）的竞争性磋商公告,2026-07-23,广西壮族自治区,,采购/资审公告,广西壮族自治区公共资源电子交易系统,https://www.ggzy.gov.cn/information/deal/html/a/450000/0201/20260723/0045525b26881cf1479b9dfc72d4cabb42b5.html,食堂设备,食堂设备,食堂设备;后勤服务,高中,否,否
0041d3b8fe6caa074eb5b855b780e3a05ee8,漯河市源汇区空冢郭镇初级中学九年级男生宿舍楼维修改造项目-竞争性磋商公告,2026-07-23,河南省,,采购/资审公告,漯河市公共资源交易中心,https://www.ggzy.gov.cn/information/deal/html/a/410000/0201/20260723/0041d3b8fe6caa074eb5b855b780e3a05ee8.html,校舍维修改造,校舍维修改造,校舍维修改造,初中,否,否
00506e9092964f8a4a70b7b83ddc3f66ee14,重庆市忠县第一中学校2026年教育设备设施采购(ZHZ26A00392)竞争性磋商公告,2026-07-23,重庆市,,采购/资审公告,重庆市公共资源交易服务平台,https://www.ggzy.gov.cn/information/deal/html/a/500000/0201/20260723/00506e9092964f8a4a70b7b83ddc3f66ee14.html,其他,其他,,一贯制未分段,否,否
003372e241a2e0ae4ef4807af2efc3fb7dce,浙江明业项目管理有限公司关于湖州市吴兴实验中学织里校区标准化试场项目的公开招标公告,2026-07-23,浙江省,,采购/资审公告,湖州市公共资源交易网,https://www.ggzy.gov.cn/information/deal/html/a/330000/0201/20260723/003372e241a2e0ae4ef4807af2efc3fb7dce.html,其他,其他,,一贯制未分段,否,否
0032cfb8356244fd4789815e1b6b480f5d44,沛县体育中学宿舍楼消防改造工程竞争性磋商公告,2026-07-23,江苏省,,采购/资审公告,,https://www.ggzy.gov.cn/information/deal/html/a/320000/0201/20260723/0032cfb8356244fd4789815e1b6b480f5d44.html,校舍维修改造,校舍维修改造,校舍维修改造;校园安防,一贯制未分段,否,否
00348e702ea575d74f13be7604c883e188e0,郎溪中学计算机机房升级改造设备采购项目（四次）招标公告,2026-07-23,安徽省,,采购/资审公告,宣城市公共资源交易平台电子交易系统,https://www.ggzy.gov.cn/information/deal/html/a/340000/0201/20260723/00348e702ea575d74f13be7604c883e188e0.html,信息化设备,信息化设备,信息化设备;校舍维修改造,一贯制未分段,是,否
0044235a9410fb274931acaa7c57a5392bab,信宜市华侨中学教学楼⑤建设项目第三方工程检测监测服务竞争性磋商公告,2026-07-23,广东省,,采购/资审公告,,https://www.ggzy.gov.cn/information/deal/html/a/440000/0201/20260723/0044235a9410fb274931acaa7c57a5392bab.html,其他,其他,,一贯制未分段,否,否
00357d2043a83c24487cb2ba3e3ad2fcf448,莆田第二十七中学2026年物业管理服务采购项目竞争性谈判公告,2026-07-23,福建省,,采购/资审公告,莆田市行政服务中心,https://www.ggzy.gov.cn/information/deal/html/a/350000/0201/20260723/00357d2043a83c24487cb2ba3e3ad2fcf448.html,后勤服务,其他,后勤服务,一贯制未分段,否,否
006234fa30ae564f40f3ba55d12359003b90,敦煌中学图书馆改造项目,2026-07-23,甘肃省,,采购/资审公告,酒泉市公共资源交易平台,https://www.ggzy.gov.cn/information/deal/html/a/620000/0201/20260723/006234fa30ae564f40f3ba55d12359003b90.html,校舍维修改造,校舍维修改造,校舍维修改造;图书,一贯制未分段,否,否
00438033ab5cc0f94df0977094a386355c3a,南县立达中学智慧黑板采购项目,2026-07-23,湖南省,,采购/资审公告,,https://www.ggzy.gov.cn/information/deal/html/a/430000/0201/20260723/00438033ab5cc0f94df0977094a386355c3a.html,智慧黑板,智慧黑板,智慧黑板,一贯制未分段,是,否
0035ab7a037005114dfab17e9bf786d69ff9,福建省龙岩市第二中学2026年空调货物类采购项目公开招标招标公告,2026-07-23,福建省,,采购/资审公告,龙岩市公共资源交易中心,https://www.ggzy.gov.cn/information/deal/html/a/350000/0201/20260723/0035ab7a037005114dfab17e9bf786d69ff9.html,工程配套,其他,工程配套,一贯制未分段,否,否
00432874b51a57ba4357b80aabb63c27c069,长沙县一中花园中学教室及办公用家具、功能室、厨具、电器等设施设备采购项目招标公告,2026-07-23,湖南省,,采购/资审公告,,https://www.ggzy.gov.cn/information/deal/html/a/430000/0201/20260723/00432874b51a57ba4357b80aabb63c27c069.html,实验室设备,实验室设备,实验室设备;课桌椅,一贯制未分段,否,否
0032a036d022fd65462aa1a21634ac7e6c7b,扬州市翠岗中学2026年基建项目塑胶跑道改造工程采购公告,2026-07-23,江苏省,,采购/资审公告,,https://www.ggzy.gov.cn/information/deal/html/a/320000/0201/20260723/0032a036d022fd65462aa1a21634ac7e6c7b.html,校舍维修改造,校舍维修改造,校舍维修改造,一贯制未分段,否,否
001385b3eeadf27f4161adeb1430979188d7,石家庄第二实验中学物业管理费(四次)竞争性磋商公告,2026-07-23,河北省,,采购/资审公告,石家庄公共资源交易网,https://www.ggzy.gov.cn/information/deal/html/a/130000/0201/20260723/001385b3eeadf27f4161adeb1430979188d7.html,后勤服务,其他,后勤服务,一贯制未分段,否,否
00336a86fcaec1b44b348369d6044cdbb1ad,宁波中广工程管理咨询有限公司关于宁海县西店镇初级中学创新体育空间项目的公开招标公告,2026-07-23,浙江省,,采购/资审公告,宁波市公共资源交易网,https://www.ggzy.gov.cn/information/deal/html/a/330000/0201/20260723/00336a86fcaec1b44b348369d6044cdbb1ad.html,后勤服务,其他,后勤服务,初中,否,否
0012a1f2b082aa35418190b9fbe9ca61f062,天津经济技术开发区企业服务局（天津经济技术开发区园区执法局） 天津经济技术开发区企业服务局（天津经济技术开发区园区执法局）采购天津市耀华中学滨城学校等三所学校2026新学年开办LED显示屏项目 (项目编号:TJBH-2026-A-0032)公开招标公告,2026-07-23,天津市,,采购/资审公告,天津市公共资源交易平台交易系统,https://www.ggzy.gov.cn/information/deal/html/a/120000/0201/20260723/0012a1f2b082aa35418190b9fbe9ca61f062.html,大屏,大屏,大屏,一贯制未分段,是,否
0050c84e45e7b0e24718a98432295e4d3337,巫溪县白马中学护眼灯设备采购（第二次）(WXX26A00171)询价公告,2026-07-23,重庆市,,采购/资审公告,重庆市公共资源交易服务平台,https://www.ggzy.gov.cn/information/deal/html/a/500000/0201/20260723/0050c84e45e7b0e24718a98432295e4d3337.html,工程配套,其他,工程配套,一贯制未分段,否,否
00511e7549717e1b42e2b756e03749b2ae03,绵阳市安州区第一初级中学安州一中学生公寓床采购竞争性谈判公告,2026-07-23,四川省,,采购/资审公告,,https://www.ggzy.gov.cn/information/deal/html/a/510000/0201/20260723/00511e7549717e1b42e2b756e03749b2ae03.html,课桌椅,课桌椅,课桌椅,初中,否,否
0051e7326944690946da91794b00c05219bc,南江县小河职业中学教学楼配电系统设施设备采购项目竞争性谈判公告,2026-07-23,四川省,,采购/资审公告,,https://www.ggzy.gov.cn/information/deal/html/a/510000/0201/20260723/0051e7326944690946da91794b00c05219bc.html,其他,其他,,一贯制未分段,否,否
00158de52ebb0ea54143b05d687b919ca23b,宁城县第三中学教学楼外墙修缮工程竞争性谈判公告,2026-07-23,内蒙古自治区,,采购/资审公告,,https://www.ggzy.gov.cn/information/deal/html/a/150000/0201/20260723/00158de52ebb0ea54143b05d687b919ca23b.html,校舍维修改造,校舍维修改造,校舍维修改造,一贯制未分段,否,否
0042e2cfa117687f4e87b8e85e3004bb88b6,武汉市英格中学2026年英格中学食堂劳务用工公开招标公告,2026-07-23,湖北省,,采购/资审公告,湖北省政府采购网,https://www.ggzy.gov.cn/information/deal/html/a/420000/0201/20260723/0042e2cfa117687f4e87b8e85e3004bb88b6.html,食堂设备,食堂设备,食堂设备;后勤服务,一贯制未分段,否,否
0043745844992e5c425391bd142d5bdc2fcc,邵阳市第十七中学2026年食堂食材采购项目公开招标公告,2026-07-23,湖南省,,采购/资审公告,,https://www.ggzy.gov.cn/information/deal/html/a/430000/0201/20260723/0043745844992e5c425391bd142d5bdc2fcc.html,食堂设备,食堂设备,食堂设备;后勤服务,一贯制未分段,否,否
003228b67e4bf0e24637a7c34709505701ec,无锡市第三高级中学屋面钢结构、运动场地及宿舍供水等维修项目采购公告(二),2026-07-23,江苏省,,采购/资审公告,,https://www.ggzy.gov.cn/information/deal/html/a/320000/0201/20260723/003228b67e4bf0e24637a7c34709505701ec.html,校舍维修改造,校舍维修改造,校舍维修改造,高中,否,否
00528e921200bec24d4e8fa40db3b158a8f7,威宁自治县第五中学教学楼、学生宿舍及学生食堂维修改造项目采购公告,2026-07-23,贵州省,,采购/资审公告,毕节市公共资源交易中心,https://www.ggzy.gov.cn/information/deal/html/a/520000/0201/20260723/00528e921200bec24d4e8fa40db3b158a8f7.html,校舍维修改造,校舍维修改造,校舍维修改造;食堂设备,一贯制未分段,否,否
0045ac49826dff23402689883f8f5fbaa2e5,河池市金城江区2022年城区教育攻坚项目——金城江区第八初级中学教育功能室、图书及生活设施设备采购公开招标公告,2026-07-23,广西壮族自治区,,采购/资审公告,河池市公共资源交易中心,https://www.ggzy.gov.cn/information/deal/html/a/450000/0201/20260723/0045ac49826dff23402689883f8f5fbaa2e5.html,实验室设备,实验室设备,实验室设备;图书,初中,否,否
0031f1a9f8b5dd2d45928bf1439a40921f16,上海市徐汇区政府采购中心----徐汇区教育局市四中学等学校标准化考场建设政府采购项目的公开招标公告,2026-07-23,上海市,,采购/资审公告,上海政府采购网,https://www.ggzy.gov.cn/information/deal/html/a/310000/0201/20260723/0031f1a9f8b5dd2d45928bf1439a40921f16.html,其他,其他,,教育局统筹,否,否
0052032a08720c984c25a8ef48bcdca632e7,清镇市第三中学二校区运动场改造项目采购公告,2026-07-23,贵州省,,采购/资审公告,贵阳市公共资源交易中心,https://www.ggzy.gov.cn/information/deal/html/a/520000/0201/20260723/0052032a08720c984c25a8ef48bcdca632e7.html,校舍维修改造,校舍维修改造,校舍维修改造,一贯制未分段,否,否
0033c1bb015c0290430687121b9e1556f13f,嘉兴市银建工程咨询评估有限公司关于桐乡市茅盾中学教辅用房新建工程实验室器材采购的公开招标公告,2026-07-23,浙江省,,采购/资审公告,嘉兴市公共资源交易网,https://www.ggzy.gov.cn/information/deal/html/a/330000/0201/20260723/0033c1bb015c0290430687121b9e1556f13f.html,校舍维修改造,校舍维修改造,校舍维修改造;实验室设备;音体美器材;后勤服务,一贯制未分段,否,否
0041b7fd9e3655ba43b78dd0c093f1206788,河南省实验中学6号公寓楼（文化路校区）维修改造项目-竞争性磋商公告,2026-07-23,河南省,,采购/资审公告,,https://www.ggzy.gov.cn/information/deal/html/a/410000/0201/20260723/0041b7fd9e3655ba43b78dd0c093f1206788.html,校舍维修改造,校舍维修改造,校舍维修改造,一贯制未分段,否,否
00337d16d5eddc05401eacd16f69e544ec27,杭州市钱塘区公共资源交易中心（杭州市公共资源交易中心钱塘分中心）关于杭州市钱塘高级中学2026-2027学年物业管理服务项目的公开招标公告,2026-07-23,浙江省,,采购/资审公告,杭州市公共资源交易网,https://www.ggzy.gov.cn/information/deal/html/a/330000/0201/20260723/00337d16d5eddc05401eacd16f69e544ec27.html,后勤服务,其他,后勤服务,高中,否,否
0033d6f63437eb654418b53a81991042b58f,湖州市公共资源交易中心关于湖州市第五中学教育集团四校区绿化、保洁服务采购项目的公开招标公告,2026-07-23,浙江省,,采购/资审公告,湖州市公共资源交易网,https://www.ggzy.gov.cn/information/deal/html/a/330000/0201/20260723/0033d6f63437eb654418b53a81991042b58f.html,工程配套,其他,工程配套,一贯制未分段,否,否
004136295cafa6944252aad46db0348d7614,光山县实验中学食堂食材采购配送项目-公开招标公告,2026-07-23,河南省,,采购/资审公告,,https://www.ggzy.gov.cn/information/deal/html/a/410000/0201/20260723/004136295cafa6944252aad46db0348d7614.html,食堂设备,食堂设备,食堂设备;后勤服务,一贯制未分段,否,否
00417eaf3eb9c549471e91486d0ea5cd6a2f,光山县第一初级中学食堂食材采购配送项目-公开招标公告,2026-07-23,河南省,,采购/资审公告,,https://www.ggzy.gov.cn/information/deal/html/a/410000/0201/20260723/00417eaf3eb9c549471e91486d0ea5cd6a2f.html,食堂设备,食堂设备,食堂设备;后勤服务,初中,否,否
004103c6aeb148ee40dabbeb74c7e2fdee1b,光山县第六初级中学食堂食材采购配送项目-公开招标公告,2026-07-23,河南省,,采购/资审公告,,https://www.ggzy.gov.cn/information/deal/html/a/410000/0201/20260723/004103c6aeb148ee40dabbeb74c7e2fdee1b.html,食堂设备,食堂设备,食堂设备;后勤服务,初中,否,否
00334b97846143ee4308a3cb2c93ed7f937f,金华市政府采购中心永康市分中心关于永康市第二中学建设工程（二期）课桌椅、柜和办公家具采购项目的公开招标公告,2026-07-23,浙江省,,采购/资审公告,金华市公共资源交易网,https://www.ggzy.gov.cn/information/deal/html/a/330000/0201/20260723/00334b97846143ee4308a3cb2c93ed7f937f.html,课桌椅,课桌椅,课桌椅,一贯制未分段,否,否
0033e1bf2cbc3f034b7a846387ac6dfed350,温州正风招标代理有限公司关于浙江省温州中学学生一楼厨房设备更新项目的公开招标公告,2026-07-23,浙江省,,采购/资审公告,温州市公共资源交易网,https://www.ggzy.gov.cn/information/deal/html/a/330000/0201/20260723/0033e1bf2cbc3f034b7a846387ac6dfed350.html,食堂设备,食堂设备,食堂设备,一贯制未分段,否,否
0037ccea2acefd61422fb11da69ea43962ad,山东省烟台第二中学烟台二中高新校区教室改造项目竞争性磋商公告,2026-07-23,山东省,,采购/资审公告,烟台市公共资源交易系统,https://www.ggzy.gov.cn/information/deal/html/a/370000/0201/20260723/0037ccea2acefd61422fb11da69ea43962ad.html,校舍维修改造,校舍维修改造,校舍维修改造,一贯制未分段,否,否
0036a84a3277b0c1401e931227444de9bf7b,江西强达建设工程有限公司关于江西省九江市柴桑区第三中学食堂劳务服务外包项目（项目编号：JXQD-2026-G04）电子化公开招标公告,2026-07-23,江西省,,采购/资审公告,九江市公共资源交易中心,https://www.ggzy.gov.cn/information/deal/html/a/360000/0201/20260723/0036a84a3277b0c1401e931227444de9bf7b.html,食堂设备,食堂设备,食堂设备;后勤服务,一贯制未分段,否,否
003680372b30986744ac89a3c9a8075f15fa,南昌市政府采购中心关于南昌市行知中学2026年台式计算机一批采购项目（项目编号：NCZFCG2026-0080）询价公告,2026-07-23,江西省,,采购/资审公告,南昌市公共资源交易中心,https://www.ggzy.gov.cn/information/deal/html/a/360000/0201/20260723/003680372b30986744ac89a3c9a8075f15fa.html,信息化设备,信息化设备,信息化设备,一贯制未分段,是,否
00366ab0473adf3f4361b371566e9d423cbc,赣州祥通项目咨询有限公司关于江西省寻乌中学寻乌中学宿舍改造提升项目（项目编号：GZXT2026-XW-C009）的“不见面”电子化竞争性磋商采购公告,2026-07-23,江西省,,采购/资审公告,赣州市公共资源交易中心,https://www.ggzy.gov.cn/information/deal/html/a/360000/0201/20260723/00366ab0473adf3f4361b371566e9d423cbc.html,校舍维修改造,校舍维修改造,校舍维修改造;后勤服务,一贯制未分段,否,否
003655f7a24ca9184a99915636fcf5ff9859,江西橙乡工程管理有限公司关于江西省信丰县志和中学信丰县志和中学校舍维修改造工程（项目编号：JXCX2026-XF-C012）的竞争性磋商公告（不见面开标）,2026-07-23,江西省,,采购/资审公告,赣州市公共资源交易中心,https://www.ggzy.gov.cn/information/deal/html/a/360000/0201/20260723/003655f7a24ca9184a99915636fcf5ff9859.html,校舍维修改造,校舍维修改造,校舍维修改造,一贯制未分段,否,否
003648e4318989a74424ab76c37ecc36f517,抚州浩腾工程咨询有限公司关于东馆中学校园环境提升改造工程（第二次）（项目编号FZHT-2026-CS07-1）的竞争性磋商招标公告,2026-07-23,江西省,,采购/资审公告,抚州市公共资源交易中心,https://www.ggzy.gov.cn/information/deal/html/a/360000/0201/20260723/003648e4318989a74424ab76c37ecc36f517.html,校舍维修改造,校舍维修改造,校舍维修改造;后勤服务,一贯制未分段,否,否
0036220bd18b6345402a8da084433e211e05,九鼎赣饶国际项目管理有限公司关于江西省寻乌中学寻乌中学2026-2027学年度物业管理劳务服务项目（项目编号：JDGR2026-XW-G004)电子化公开招标公告,2026-07-23,江西省,,采购/资审公告,赣州市公共资源交易中心,https://www.ggzy.gov.cn/information/deal/html/a/360000/0201/20260723/0036220bd18b6345402a8da084433e211e05.html,后勤服务,其他,后勤服务,一贯制未分段,否,否
00361eb12a5e89d64cf8aa94279035b0eea3,江西企恒企业管理有限公关于江西省吉安市第二中学空调采购项目（项目编号：赣企恒政采字〔2026〕13号）询价公告,2026-07-23,江西省,,采购/资审公告,吉安市公共资源交易中心,https://www.ggzy.gov.cn/information/deal/html/a/360000/0201/20260723/00361eb12a5e89d64cf8aa94279035b0eea3.html,工程配套,其他,工程配套,一贯制未分段,否,否
00217a17f3ab38554a5d833150390359ab2f,调兵山市第一高级中学物业（保洁、绿化）服务采购项目竞争性磋商公告,2026-07-23,辽宁省,,采购/资审公告,辽宁政府采购网,https://www.ggzy.gov.cn/information/deal/html/a/210000/0201/20260723/00217a17f3ab38554a5d833150390359ab2f.html,后勤服务,其他,后勤服务;工程配套,高中,否,否
0021484e918dfa4940ee93a7a89774521671,台安县桑林镇中心学校中学部教学楼供暖设施改造工程竞争性磋商公告,2026-07-23,辽宁省,,采购/资审公告,辽宁政府采购网,https://www.ggzy.gov.cn/information/deal/html/a/210000/0201/20260723/0021484e918dfa4940ee93a7a89774521671.html,校舍维修改造,校舍维修改造,校舍维修改造,一贯制未分段,否,否
0021471e3642f15e489fa5f85ee10554b934,锦州市逸夫中学东颐楼墙面改造工程竞争性磋商公告,2026-07-23,辽宁省,,采购/资审公告,辽宁政府采购网,https://www.ggzy.gov.cn/information/deal/html/a/210000/0201/20260723/0021471e3642f15e489fa5f85ee10554b934.html,校舍维修改造,校舍维修改造,校舍维修改造,一贯制未分段,否,否
0036b8fb3d06ce5643988eecb0fd359dd32c,江西正和义咨询服务有限公司关于江西省景德镇市田家炳中学高中部教学实验楼及体育馆项目设计（项目编号：JXZHY2026038号（第二次））竞争性磋商采购公告,2026-07-23,江西省,,采购/资审公告,景德镇市公共资源交易中心,https://www.ggzy.gov.cn/information/deal/html/a/360000/0201/20260723/0036b8fb3d06ce5643988eecb0fd359dd32c.html,后勤服务,其他,后勤服务,高中,否,否
0044fada508010e04cd490d598676f08549a,广东实验中学荔湾校区学生饭堂电力改造项目竞争性磋商公告,2026-07-22,广东省,,采购/资审公告,,https://www.ggzy.gov.cn/information/deal/html/a/440000/0201/20260722/0044fada508010e04cd490d598676f08549a.html,校舍维修改造,校舍维修改造,校舍维修改造,一贯制未分段,否,否
00350c935514e72f4035823926a90ec1b8ae,2026年福建省厦门第一中学思明分校家具采购公开招标招标公告,2026-07-22,福建省,,采购/资审公告,厦门市公共资源交易中心,https://www.ggzy.gov.cn/information/deal/html/a/350000/0201/20260722/00350c935514e72f4035823926a90ec1b8ae.html,课桌椅,课桌椅,课桌椅,一贯制未分段,否,否
00625129de541507465a9016433b12a2d39a,镇原县平泉中学 2025 级学生校服采购项目公开招标公告,2026-07-22,甘肃省,,采购/资审公告,庆阳市公共资源交易平台,https://www.ggzy.gov.cn/information/deal/html/a/620000/0201/20260722/00625129de541507465a9016433b12a2d39a.html,校服,校服,校服,一贯制未分段,否,否
0065489b461ce19e45adb49701cee519280c,哈密市第十中学校园监控设备更新服务竞争性磋商公告,2026-07-22,新疆维吾尔自治区,,采购/资审公告,新疆维吾尔自治区公共资源交易平台,https://www.ggzy.gov.cn/information/deal/html/a/650000/0201/20260722/0065489b461ce19e45adb49701cee519280c.html,校园安防,校园安防,校园安防,一贯制未分段,否,否
003450772987412a4c55bd154489a41e96f6,合肥市第九中学2026年校舍维修及校园环境整治项目第3-4包竞争性磋商公告,2026-07-22,安徽省,,采购/资审公告,,https://www.ggzy.gov.cn/information/deal/html/a/340000/0201/20260722/003450772987412a4c55bd154489a41e96f6.html,校舍维修改造,校舍维修改造,校舍维修改造,一贯制未分段,否,否
0065b3ec2ad151314285b149754a808666b1,乌鲁木齐市第二中学理化生实验室提升改造项目（二次）公开招标公告,2026-07-22,新疆维吾尔自治区,,采购/资审公告,新疆维吾尔自治区公共资源交易平台,https://www.ggzy.gov.cn/information/deal/html/a/650000/0201/20260722/0065b3ec2ad151314285b149754a808666b1.html,校舍维修改造,校舍维修改造,校舍维修改造;实验室设备,一贯制未分段,否,否
0064771903ae6dc44d46a31ab2fb70ee957e,平罗县第三中学2026年义务教育薄改设备采购项目招标公告,2026-07-22,宁夏回族自治区,,采购/资审公告,宁夏公共资源交易服务平台,https://www.ggzy.gov.cn/information/deal/html/a/640000/0201/20260722/0064771903ae6dc44d46a31ab2fb70ee957e.html,其他,其他,,一贯制未分段,否,否
006578908681c20a49cfbfaa7a051ccf40f7,新疆师范大学附属中学体育教学仪器采购项目公开招标公告,2026-07-22,新疆维吾尔自治区,,采购/资审公告,新疆维吾尔自治区公共资源交易平台,https://www.ggzy.gov.cn/information/deal/html/a/650000/0201/20260722/006578908681c20a49cfbfaa7a051ccf40f7.html,教学仪器,教学仪器,教学仪器,一贯制未分段,否,否
0065d3d4f2f7e74c4ad5b3b730fd523fc561,国门初级中学校园维修项目竞争性磋商公告,2026-07-22,新疆维吾尔自治区,,采购/资审公告,新疆维吾尔自治区公共资源交易平台,https://www.ggzy.gov.cn/information/deal/html/a/650000/0201/20260722/0065d3d4f2f7e74c4ad5b3b730fd523fc561.html,校舍维修改造,校舍维修改造,校舍维修改造,初中,否,否
00328df0a302994b4296a997c0895e85ae08,宿迁市湖滨高中、第一高级中学物业服务采购项目采购公告,2026-07-22,江苏省,,采购/资审公告,,https://www.ggzy.gov.cn/information/deal/html/a/320000/0201/20260722/00328df0a302994b4296a997c0895e85ae08.html,后勤服务,其他,后勤服务,高中,否,否
00342f613cb27d5449708ce8296a667d7cf7,合肥市第九中学2026年校舍维修及校园环境整治项目第1-2包竞争性磋商公告,2026-07-22,安徽省,,采购/资审公告,,https://www.ggzy.gov.cn/information/deal/html/a/340000/0201/20260722/00342f613cb27d5449708ce8296a667d7cf7.html,校舍维修改造,校舍维修改造,校舍维修改造,一贯制未分段,否,否
0065e48983d9c966417aaff28976acd0c521,岳普湖县普通教育能力提升项目（学校办学条件改造提升项目-完全中学改造提升项目）公开招标公告,2026-07-22,新疆维吾尔自治区,,采购/资审公告,新疆维吾尔自治区公共资源交易平台,https://www.ggzy.gov.cn/information/deal/html/a/650000/0201/20260722/0065e48983d9c966417aaff28976acd0c521.html,校舍维修改造,校舍维修改造,校舍维修改造,一贯制未分段,否,否
00539014f92a86c048c4b6d1965d2be75926,昌宁县第二中学2026年视频监控升级改造设备采购竞争性磋商公告,2026-07-22,云南省,,采购/资审公告,,https://www.ggzy.gov.cn/information/deal/html/a/530000/0201/20260722/00539014f92a86c048c4b6d1965d2be75926.html,校舍维修改造,校舍维修改造,校舍维修改造;校园安防,一贯制未分段,否,否
00650efd3f5bb3554b49aef0a2506a3dc272,乌鲁木齐市第十一中学更换教学楼内班级门及部分办公室门项目竞争性磋商公告,2026-07-22,新疆维吾尔自治区,,采购/资审公告,新疆维吾尔自治区公共资源交易平台,https://www.ggzy.gov.cn/information/deal/html/a/650000/0201/20260722/00650efd3f5bb3554b49aef0a2506a3dc272.html,其他,其他,,一贯制未分段,否,否
0015ee03d0999c0d4de0bbfef5473dda3a88,北京大学附属中学鄂尔多斯学校户外大屏及室内大屏建设项目招标公告,2026-07-22,内蒙古自治区,,采购/资审公告,,https://www.ggzy.gov.cn/information/deal/html/a/150000/0201/20260722/0015ee03d0999c0d4de0bbfef5473dda3a88.html,大屏,大屏,大屏,一贯制未分段,是,否
0065e7bc9eba561e48fbab83eaa04daea9de,沙雅县政务服务和公共资源交易中心关于沙雅县第三中学智慧教学等设施设备采购项目的询价公告,2026-07-22,新疆维吾尔自治区,,采购/资审公告,新疆维吾尔自治区公共资源交易平台,https://www.ggzy.gov.cn/information/deal/html/a/650000/0201/20260722/0065e7bc9eba561e48fbab83eaa04daea9de.html,其他,其他,,一贯制未分段,否,否
004109d2a94260ef4f5f91764cdc624a5924,安阳市实验中学室内消防设备、器材改造二期项目-竞争性磋商公告,2026-07-22,河南省,,采购/资审公告,安阳市公共资源交易中心,https://www.ggzy.gov.cn/information/deal/html/a/410000/0201/20260722/004109d2a94260ef4f5f91764cdc624a5924.html,校舍维修改造,校舍维修改造,校舍维修改造;音体美器材;校园安防,一贯制未分段,否,否
0044c7bb5351a3bf4b7fb18b7a075ebdde0e,阳江高级中学食堂食材供应商采购项目 （项目编号：0724-2631YJ024360）招标公告,2026-07-22,广东省,,采购/资审公告,,https://www.ggzy.gov.cn/information/deal/html/a/440000/0201/20260722/0044c7bb5351a3bf4b7fb18b7a075ebdde0e.html,食堂设备,食堂设备,食堂设备;后勤服务,高中,否,否
004576f7e8e44d7f4bf28116766451799017,广西众鼎建设工程咨询有限公司关于贵港市荷城中学采购复印纸、采购办公用具和文具、办公耗材和设备维修维护项目的竞争性谈判公告,2026-07-22,广西壮族自治区,,采购/资审公告,贵港市公共资源交易平台,https://www.ggzy.gov.cn/information/deal/html/a/450000/0201/20260722/004576f7e8e44d7f4bf28116766451799017.html,校舍维修改造,校舍维修改造,校舍维修改造;后勤服务,一贯制未分段,否,否
0013f5e7545deaa146fabcef5dba2a0a154c,行唐县第五中学、上方中学等5所学校建设项目竞争性磋商公告,2026-07-22,河北省,,采购/资审公告,石家庄公共资源交易网,https://www.ggzy.gov.cn/information/deal/html/a/130000/0201/20260722/0013f5e7545deaa146fabcef5dba2a0a154c.html,其他,其他,,一贯制未分段,否,否
0032e0e95ec5b2114f01bedd627d72084a92,西安交通大学苏州附属中学2026年台式电脑采购公告,2026-07-22,江苏省,,采购/资审公告,,https://www.ggzy.gov.cn/information/deal/html/a/320000/0201/20260722/0032e0e95ec5b2114f01bedd627d72084a92.html,信息化设备,信息化设备,信息化设备,一贯制未分段,是,否
005398919f93ee9f466b829163bff7374fc8,青华海实验初级中学设施设备采购竞争性磋商公告,2026-07-22,云南省,,采购/资审公告,,https://www.ggzy.gov.cn/information/deal/html/a/530000/0201/20260722/005398919f93ee9f466b829163bff7374fc8.html,其他,其他,,初中,否,否
00426424ba44a7cd40ffa5f8888c095b702e,罗田县凤山中学食堂劳务外包服务采购项目公告,2026-07-22,湖北省,,采购/资审公告,湖北省政府采购网,https://www.ggzy.gov.cn/information/deal/html/a/420000/0201/20260722/00426424ba44a7cd40ffa5f8888c095b702e.html,食堂设备,食堂设备,食堂设备;后勤服务,一贯制未分段,否,否
0013ace63def8cb5408baf85fd830fcc0e3f,秦皇岛市海港区教育和体育局萃文中学教学楼外墙等改造工程竞争性磋商公告,2026-07-22,河北省,,采购/资审公告,秦皇岛市公共资源交易网,https://www.ggzy.gov.cn/information/deal/html/a/130000/0201/20260722/0013ace63def8cb5408baf85fd830fcc0e3f.html,校舍维修改造,校舍维修改造,校舍维修改造,教育局统筹,否,否
0037524ad6d57d2c46b1ac01a0bec9c1a08b,郓城县随官屯镇中学建设工程项目教学设备采购（一期）厨房设备项目竞争性磋商公告,2026-07-22,山东省,,采购/资审公告,,https://www.ggzy.gov.cn/information/deal/html/a/370000/0201/20260722/0037524ad6d57d2c46b1ac01a0bec9c1a08b.html,教学仪器,教学仪器,教学仪器;食堂设备,一贯制未分段,否,否
0043b9cbe1e7e5694a7789d83c0b1b1e29d9,长沙市南雅中学东校信息化教学、办公设备建设项目项目第1次公开招标公告,2026-07-22,湖南省,,采购/资审公告,,https://www.ggzy.gov.cn/information/deal/html/a/430000/0201/20260722/0043b9cbe1e7e5694a7789d83c0b1b1e29d9.html,信息化,信息化,信息化,一贯制未分段,是,否
0051bf24b4b2d95c49298ccae5cb9aca19e1,会理市民族实验中学2026年学生生活设施采购项目竞争性谈判公告,2026-07-22,四川省,,采购/资审公告,,https://www.ggzy.gov.cn/information/deal/html/a/510000/0201/20260722/0051bf24b4b2d95c49298ccae5cb9aca19e1.html,其他,其他,,一贯制未分段,否,否
0015fa7736789794438e9ef06b1f5c3c5f54,准格尔旗第七中学第七中学改造宿舍楼卫生间工程竞争性磋商公告,2026-07-22,内蒙古自治区,,采购/资审公告,,https://www.ggzy.gov.cn/information/deal/html/a/150000/0201/20260722/0015fa7736789794438e9ef06b1f5c3c5f54.html,校舍维修改造,校舍维修改造,校舍维修改造,一贯制未分段,否,否
00419c3f30c49b1946909387b6b10f8bec51,汝州市第三高级中学物业管理服务项目竞争性磋商公告,2026-07-22,河南省,,采购/资审公告,,https://www.ggzy.gov.cn/information/deal/html/a/410000/0201/20260722/00419c3f30c49b1946909387b6b10f8bec51.html,后勤服务,其他,后勤服务,高中,否,否
0051f3e319c017d64a63b61ee77f85305bd0,四川省达川区麻柳中学实践基地建设项目竞争性磋商公告,2026-07-22,四川省,,采购/资审公告,,https://www.ggzy.gov.cn/information/deal/html/a/510000/0201/20260722/0051f3e319c017d64a63b61ee77f85305bd0.html,其他,其他,,一贯制未分段,否,否
0054cb5272c77d06405eaa664627959a00ec,昌都第五高级中学监控系统项目采购公告,2026-07-22,西藏自治区,,采购/资审公告,,https://www.ggzy.gov.cn/information/deal/html/a/540000/0201/20260722/0054cb5272c77d06405eaa664627959a00ec.html,校园安防,校园安防,校园安防,高中,否,否
00644f7f6af1cb3c43fc8ce57e4112a0c67a,平罗县第五中学2026年义务教育薄改设备采购项目招标公告,2026-07-22,宁夏回族自治区,,采购/资审公告,宁夏公共资源交易服务平台,https://www.ggzy.gov.cn/information/deal/html/a/640000/0201/20260722/00644f7f6af1cb3c43fc8ce57e4112a0c67a.html,其他,其他,,一贯制未分段,否,否
0044a194401be258496dba155b5a513b11f3,阳江市第一中学2026-2028学年保安和宿舍管理服务项目招标公告（项目编号：YJGPC2026045Z）,2026-07-22,广东省,,采购/资审公告,,https://www.ggzy.gov.cn/information/deal/html/a/440000/0201/20260722/0044a194401be258496dba155b5a513b11f3.html,后勤服务,其他,后勤服务,一贯制未分段,否,否
001334799f78cbc7400a916aea072d8d3e33,河北宁晋中学生物数码实验室设备公开招标公告,2026-07-22,河北省,,采购/资审公告,邢台市公共资源交易中心,https://www.ggzy.gov.cn/information/deal/html/a/130000/0201/20260722/001334799f78cbc7400a916aea072d8d3e33.html,实验室设备,实验室设备,实验室设备,一贯制未分段,否,否
0013d00255ff6ae8482c94097bb44039280d,石家庄市第一一九中学医生服务项目（二标段）（三次）竞争性磋商公告,2026-07-22,河北省,,采购/资审公告,石家庄公共资源交易网,https://www.ggzy.gov.cn/information/deal/html/a/130000/0201/20260722/0013d00255ff6ae8482c94097bb44039280d.html,其他,其他,,一贯制未分段,否,否
00351845300ab50647479eaa40612bbbf95f,晋江市季延中学（新塘校区）空调设备及安装服务采购（第二期）公开招标招标公告,2026-07-22,福建省,,采购/资审公告,泉州市公共资源交易中心,https://www.ggzy.gov.cn/information/deal/html/a/350000/0201/20260722/00351845300ab50647479eaa40612bbbf95f.html,工程配套,其他,工程配套,一贯制未分段,否,否
00141d0bb3b98efb4650bbeadab040c17c66,山西省教育厅公开招标全省中学实验仪器设备购置项目（临汾第三中学校）的公开招标公告,2026-07-22,山西省,,采购/资审公告,,https://www.ggzy.gov.cn/information/deal/html/a/140000/0201/20260722/00141d0bb3b98efb4650bbeadab040c17c66.html,实验室设备,实验室设备,实验室设备;教学仪器,一贯制未分段,否,否
0051189d073606e04351af818ded11b4fe5b,普格县教育体育和科学技术局普格县西洛初级中学课桌椅竞争性谈判公告,2026-07-22,四川省,,采购/资审公告,,https://www.ggzy.gov.cn/information/deal/html/a/510000/0201/20260722/0051189d073606e04351af818ded11b4fe5b.html,课桌椅,课桌椅,课桌椅,初中,否,否
001487c6e0ba0b4c411d9559f74a97d98c45,山西省教育厅公开招标全省中学实验仪器设备购置项目（临汾市第一中心学校）的公开招标公告,2026-07-22,山西省,,采购/资审公告,,https://www.ggzy.gov.cn/information/deal/html/a/140000/0201/20260722/001487c6e0ba0b4c411d9559f74a97d98c45.html,实验室设备,实验室设备,实验室设备;教学仪器,一贯制未分段,否,否
0013d1436906bbdd479ea0883b2005c3a462,高邑县第一中学提质升级项目设备采购公开招标公告,2026-07-22,河北省,,采购/资审公告,石家庄公共资源交易网,https://www.ggzy.gov.cn/information/deal/html/a/130000/0201/20260722/0013d1436906bbdd479ea0883b2005c3a462.html,其他,其他,,一贯制未分段,否,否
00133154801ef2af4ffda36034f73a2ff55d,大名县第一中学男生宿舍楼内部改造项目竞争性磋商公告,2026-07-22,河北省,,采购/资审公告,邯郸市公共资源电子交易平台,https://www.ggzy.gov.cn/information/deal/html/a/130000/0201/20260722/00133154801ef2af4ffda36034f73a2ff55d.html,校舍维修改造,校舍维修改造,校舍维修改造,一贯制未分段,否,否
0015b2f9780d07ea4f8f9e454fd79de57ea4,乌兰浩特市第四中学校舍及附属设施维修项目(宿舍楼更换门窗及卫生间改造工程）竞争性磋商公告,2026-07-22,内蒙古自治区,,采购/资审公告,,https://www.ggzy.gov.cn/information/deal/html/a/150000/0201/20260722/0015b2f9780d07ea4f8f9e454fd79de57ea4.html,校舍维修改造,校舍维修改造,校舍维修改造;工程配套,一贯制未分段,否,否
00377487ffa6d32d48f68d63e6e29aeaceac,山东省日照实验高级中学2026级学生军训服采购项目公开招标公告,2026-07-22,山东省,,采购/资审公告,日照市公共资源电子交易平台,https://www.ggzy.gov.cn/information/deal/html/a/370000/0201/20260722/00377487ffa6d32d48f68d63e6e29aeaceac.html,其他,其他,,高中,否,否
0037aaffd856c1d949ada515de598b5005e7,山东省日照实验高级中学2026级学生生活用品采购项目公开招标公告,2026-07-22,山东省,,采购/资审公告,日照市公共资源电子交易平台,https://www.ggzy.gov.cn/information/deal/html/a/370000/0201/20260722/0037aaffd856c1d949ada515de598b5005e7.html,其他,其他,,高中,否,否
00340110b2f4bdba4d6cb999080b088d009b,安庆市第十中学校园智能化改造项目（二次）招标公告,2026-07-22,安徽省,,采购/资审公告,安庆市公共资源交易平台电子交易系统,https://www.ggzy.gov.cn/information/deal/html/a/340000/0201/20260722/00340110b2f4bdba4d6cb999080b088d009b.html,校舍维修改造,校舍维修改造,校舍维修改造,一贯制未分段,否,否
005178c4ff643c904384acdba77394027f6d,甘孜藏族自治州高级中学甘孜州高级中学运动区域展示设施设备采购项目(三次)招标公告,2026-07-22,四川省,,采购/资审公告,,https://www.ggzy.gov.cn/information/deal/html/a/510000/0201/20260722/005178c4ff643c904384acdba77394027f6d.html,其他,其他,,高中,否,否
0052ba343f4220b642cf821ebd48569af5a1,安顺市第二高级中学物业管理项目,2026-07-22,贵州省,,采购/资审公告,安顺市公共资源交易中心,https://www.ggzy.gov.cn/information/deal/html/a/520000/0201/20260722/0052ba343f4220b642cf821ebd48569af5a1.html,后勤服务,其他,后勤服务,高中,否,否
0065108d2310ba214d7692785b05de85b179,昌吉市第五中学篮球场维修项目竞争性磋商公告,2026-07-22,新疆维吾尔自治区,,采购/资审公告,新疆维吾尔自治区公共资源交易平台,https://www.ggzy.gov.cn/information/deal/html/a/650000/0201/20260722/0065108d2310ba214d7692785b05de85b179.html,校舍维修改造,校舍维修改造,校舍维修改造;工程配套,一贯制未分段,否,否
00510e5712a2b18e42ffbdc423ad9742837b,古蔺县金兰高级中学校教学设备采购招标公告,2026-07-22,四川省,,采购/资审公告,,https://www.ggzy.gov.cn/information/deal/html/a/510000/0201/20260722/00510e5712a2b18e42ffbdc423ad9742837b.html,教学仪器,教学仪器,教学仪器,高中,否,否
0032660172e1d7744c819e71173886d76367,无锡市江南中学风洞实验室设备采购项目采购公告,2026-07-22,江苏省,,采购/资审公告,,https://www.ggzy.gov.cn/information/deal/html/a/320000/0201/20260722/0032660172e1d7744c819e71173886d76367.html,实验室设备,实验室设备,实验室设备,一贯制未分段,否,否
0037c61b8c4ebc67424ca3d87a5255c690ed,临沂第二十四中学食堂设备采购采购公告,2026-07-22,山东省,,采购/资审公告,临沂市公共资源电子交易系统,https://www.ggzy.gov.cn/information/deal/html/a/370000/0201/20260722/0037c61b8c4ebc67424ca3d87a5255c690ed.html,食堂设备,食堂设备,食堂设备,一贯制未分段,否,否
006594f972d45077486d999004977454c141,和布克赛尔县第三中学风雨操场附属工程建设项目竞争性磋商公告,2026-07-22,新疆维吾尔自治区,,采购/资审公告,新疆维吾尔自治区公共资源交易平台,https://www.ggzy.gov.cn/information/deal/html/a/650000/0201/20260722/006594f972d45077486d999004977454c141.html,校舍维修改造,校舍维修改造,校舍维修改造,一贯制未分段,否,否
00418ebe648b06d940e79050d016e1f2ca55,淅川县教育体育局淅川县西簧乡初级中学操场及其他项目-竞争性磋商公告,2026-07-22,河南省,,采购/资审公告,淅川县公共资源交易中心,https://www.ggzy.gov.cn/information/deal/html/a/410000/0201/20260722/00418ebe648b06d940e79050d016e1f2ca55.html,校舍维修改造,校舍维修改造,校舍维修改造,教育局统筹,否,否
0063f0cb43998b994c0fb90a4f9f3a9610e5,海东市七里店中学标准化考场及保管室升级改造项目的公开招标公告,2026-07-22,青海省,,采购/资审公告,青海省公共资源交易网,https://www.ggzy.gov.cn/information/deal/html/a/630000/0201/20260722/0063f0cb43998b994c0fb90a4f9f3a9610e5.html,校舍维修改造,校舍维修改造,校舍维修改造,一贯制未分段,否,否
0065af810d9fa46540e5a34a664a94240726,乌鲁木齐第七中学实验室及通用技术教室设备采购项目公开招标公告,2026-07-22,新疆维吾尔自治区,,采购/资审公告,新疆维吾尔自治区公共资源交易平台,https://www.ggzy.gov.cn/information/deal/html/a/650000/0201/20260722/0065af810d9fa46540e5a34a664a94240726.html,实验室设备,实验室设备,实验室设备,一贯制未分段,否,否
00522e600fa92b0e4acb8973d9c3af52ec49,大方县坡脚中学改造闲置校舍为宿舍项目采购公告,2026-07-22,贵州省,,采购/资审公告,毕节市公共资源交易中心,https://www.ggzy.gov.cn/information/deal/html/a/520000/0201/20260722/00522e600fa92b0e4acb8973d9c3af52ec49.html,校舍维修改造,校舍维修改造,校舍维修改造,一贯制未分段,否,否
003419789df343b44d0984e2e4b2b26bba46,万春中学校舍维修改造项目竞争性磋商公告,2026-07-22,安徽省,,采购/资审公告,芜湖市公共资源交易平台电子交易系统,https://www.ggzy.gov.cn/information/deal/html/a/340000/0201/20260722/003419789df343b44d0984e2e4b2b26bba46.html,校舍维修改造,校舍维修改造,校舍维修改造,一贯制未分段,否,否
0062002b891177474147af923ef1bbbf4103,天水市第三中学物业管理服务竞争性磋商采购项目第二次招标公告,2026-07-22,甘肃省,,采购/资审公告,天水市公共资源交易平台,https://www.ggzy.gov.cn/information/deal/html/a/620000/0201/20260722/0062002b891177474147af923ef1bbbf4103.html,后勤服务,其他,后勤服务,一贯制未分段,否,否
00453d82eb37855c46d4a32235554fa29d97,法正项目管理集团有限公司关于2026年融安县初级中学校园消防系统工程的竞争性磋商公告,2026-07-22,广西壮族自治区,,采购/资审公告,广西壮族自治区公共资源电子交易系统,https://www.ggzy.gov.cn/information/deal/html/a/450000/0201/20260722/00453d82eb37855c46d4a32235554fa29d97.html,校园安防,校园安防,校园安防,初中,否,否
0013fb4a8b624cd343bd910be0a762327393,赞皇县第三中学空气能改造工程项目竞争性磋商公告,2026-07-22,河北省,,采购/资审公告,石家庄公共资源交易网,https://www.ggzy.gov.cn/information/deal/html/a/130000/0201/20260722/0013fb4a8b624cd343bd910be0a762327393.html,校舍维修改造,校舍维修改造,校舍维修改造;工程配套,一贯制未分段,否,否
00521a2151b6f12e4e27a0e243e6e4638820,大方县绿塘乡绿塘中学校舍维修改造建设项目采购公告,2026-07-22,贵州省,,采购/资审公告,毕节市公共资源交易中心,https://www.ggzy.gov.cn/information/deal/html/a/520000/0201/20260722/00521a2151b6f12e4e27a0e243e6e4638820.html,校舍维修改造,校舍维修改造,校舍维修改造,一贯制未分段,否,否
0052452fbb052517496f87f68ac5c046620f,大方县 凤山乡凤山中学校舍维修改造建设项目采购公告,2026-07-22,贵州省,,采购/资审公告,毕节市公共资源交易中心,https://www.ggzy.gov.cn/information/deal/html/a/520000/0201/20260722/0052452fbb052517496f87f68ac5c046620f.html,校舍维修改造,校舍维修改造,校舍维修改造,一贯制未分段,否,否
0051d727aa38f0dd4ebfb87f7cf4fa6b112b,攀枝花市第七高级中学校新建理化生综合实验室项目招标公告,2026-07-22,四川省,,采购/资审公告,,https://www.ggzy.gov.cn/information/deal/html/a/510000/0201/20260722/0051d727aa38f0dd4ebfb87f7cf4fa6b112b.html,校舍维修改造,校舍维修改造,校舍维修改造;实验室设备,高中,否,否
00522bb832b3804c4a879ff1fd9fb8fbccbb,大方县八堡乡初级中学附属工程建设项目采购公告,2026-07-22,贵州省,,采购/资审公告,毕节市公共资源交易中心,https://www.ggzy.gov.cn/information/deal/html/a/520000/0201/20260722/00522bb832b3804c4a879ff1fd9fb8fbccbb.html,其他,其他,,初中,否,否
004113b49f87a24a44f898cf35f6bf9562b8,漯河市高级中学可升降课桌凳采购项目-竞争性磋商公告,2026-07-22,河南省,,采购/资审公告,漯河市公共资源交易中心,https://www.ggzy.gov.cn/information/deal/html/a/410000/0201/20260722/004113b49f87a24a44f898cf35f6bf9562b8.html,课桌椅,课桌椅,课桌椅,高中,否,否
00417ea67b80b70441fa9d5ac35e75673222,濮阳市油田第一中学校园数字IP广播系统项目竞争性谈判公告,2026-07-22,河南省,,采购/资审公告,濮阳市公共资源交易中心,https://www.ggzy.gov.cn/information/deal/html/a/410000/0201/20260722/00417ea67b80b70441fa9d5ac35e75673222.html,其他,其他,,一贯制未分段,否,否
001380245d18457c4b4aa3faafc22fbc5127,武安市第一中学新建学生宿舍楼室外附属工程竞争性磋商公告,2026-07-22,河北省,,采购/资审公告,邯郸市公共资源电子交易平台,https://www.ggzy.gov.cn/information/deal/html/a/130000/0201/20260722/001380245d18457c4b4aa3faafc22fbc5127.html,校舍维修改造,校舍维修改造,校舍维修改造,一贯制未分段,否,否
00320d6d08d7e64045548472eb95ead9a1ce,戴泽初级中学食堂宿舍卫生间监控室等维修改造工程采购公告,2026-07-22,江苏省,,采购/资审公告,,https://www.ggzy.gov.cn/information/deal/html/a/320000/0201/20260722/00320d6d08d7e64045548472eb95ead9a1ce.html,校舍维修改造,校舍维修改造,校舍维修改造;食堂设备;校园安防,初中,否,否
002257bacfdb686446a6a72a346adf46fbe2,吉林省北华建设项目管理有限公司关于通化市第一中学校追梦楼屋面防水修缮工程的竞争性磋商公告,2026-07-22,吉林省,,采购/资审公告,通化市电子招投标交易平台(新),https://www.ggzy.gov.cn/information/deal/html/a/220000/0201/20260722/002257bacfdb686446a6a72a346adf46fbe2.html,校舍维修改造,校舍维修改造,校舍维修改造,一贯制未分段,否,否
001418fd7630c90046ddb32783833967b4f4,大同市第四中学校后操场维修改造的采购公告,2026-07-22,山西省,,采购/资审公告,,https://www.ggzy.gov.cn/information/deal/html/a/140000/0201/20260722/001418fd7630c90046ddb32783833967b4f4.html,校舍维修改造,校舍维修改造,校舍维修改造,一贯制未分段,否,否
0042c58f7d466a1342328c1c9cd3eaacc804,武汉市洪山实验外国语中学滨江校区2026-2027学年食堂劳务服务项目公开招标公告,2026-07-22,湖北省,,采购/资审公告,湖北省政府采购网,https://www.ggzy.gov.cn/information/deal/html/a/420000/0201/20260722/0042c58f7d466a1342328c1c9cd3eaacc804.html,食堂设备,食堂设备,食堂设备;后勤服务,一贯制未分段,否,否
00226a04e2a6ffa545b3a6dba068273a3c07,吉林省北华建设项目管理有限公司关于通化钢铁集团有限责任公司第二中学消防水池及泵房工程的竞争性磋商公告,2026-07-22,吉林省,,采购/资审公告,通化市电子招投标交易平台(新),https://www.ggzy.gov.cn/information/deal/html/a/220000/0201/20260722/00226a04e2a6ffa545b3a6dba068273a3c07.html,校园安防,校园安防,校园安防,一贯制未分段,否,否
0052573d46add65d494bb4a98c73e942b02c,遵义市第二十三中学标准化考场设备采购采购公告,2026-07-22,贵州省,,采购/资审公告,遵义市公共资源交易中心,https://www.ggzy.gov.cn/information/deal/html/a/520000/0201/20260722/0052573d46add65d494bb4a98c73e942b02c.html,其他,其他,,一贯制未分段,否,否
0044d3578acf7ddb4b589d823fb26853a07f,东莞市南城第一初级中学食堂食材加工服务项目(二次)招标公告,2026-07-22,广东省,,采购/资审公告,,https://www.ggzy.gov.cn/information/deal/html/a/440000/0201/20260722/0044d3578acf7ddb4b589d823fb26853a07f.html,食堂设备,食堂设备,食堂设备;后勤服务,初中,否,否
0065dcd60dfacdf74df3a06e90a9eb9e7dd4,乌鲁木齐市第八十五中学阶梯教室LED显示屏采购项目（二次）公开招标公告,2026-07-22,新疆维吾尔自治区,,采购/资审公告,新疆维吾尔自治区公共资源交易平台,https://www.ggzy.gov.cn/information/deal/html/a/650000/0201/20260722/0065dcd60dfacdf74df3a06e90a9eb9e7dd4.html,大屏,大屏,大屏,一贯制未分段,是,否
0013b828dd1b188b49539002ab43ec692ff4,邯郸市第一中学教学辅助服务项目招标公告,2026-07-22,河北省,,采购/资审公告,邯郸市公共资源电子交易平台,https://www.ggzy.gov.cn/information/deal/html/a/130000/0201/20260722/0013b828dd1b188b49539002ab43ec692ff4.html,其他,其他,,一贯制未分段,否,否
006341bd9fff5f9e483e90c52063a3267837,海北州第三高级中学教育数字化建设项目（第二次）的公开招标公告,2026-07-22,青海省,,采购/资审公告,青海省公共资源交易网,https://www.ggzy.gov.cn/information/deal/html/a/630000/0201/20260722/006341bd9fff5f9e483e90c52063a3267837.html,信息化,信息化,信息化,高中,是,否
00145a48f5bb8fdb446cb31436088fcf7036,新建绛县中学校配套设施设备采购项目-室外体育器材设备的采购公告,2026-07-22,山西省,,采购/资审公告,,https://www.ggzy.gov.cn/information/deal/html/a/140000/0201/20260722/00145a48f5bb8fdb446cb31436088fcf7036.html,校舍维修改造,校舍维修改造,校舍维修改造;音体美器材,一贯制未分段,否,否
0037fb652432a40946c5bc8073ce1d1aa490,中国石油大学（华东）附属中学报告厅及会议室设备采购项目,2026-07-22,山东省,,采购/资审公告,东营市公共资源电子交易平台,https://www.ggzy.gov.cn/information/deal/html/a/370000/0201/20260722/0037fb652432a40946c5bc8073ce1d1aa490.html,其他,其他,,一贯制未分段,否,否
0034d58eb40bb0ad463683f44d50eebcc255,毛集实验区实验中学等学校教学楼维修改造等工程（一次）竞争性磋商公告,2026-07-22,安徽省,,采购/资审公告,淮南市公共资源交易平台电子交易系统,https://www.ggzy.gov.cn/information/deal/html/a/340000/0201/20260722/0034d58eb40bb0ad463683f44d50eebcc255.html,校舍维修改造,校舍维修改造,校舍维修改造,一贯制未分段,否,否
0032b82a0d5ace914f22860cc596a94f150c,射阳县海都中学物业管理服务采购项目采购公告,2026-07-22,江苏省,,采购/资审公告,,https://www.ggzy.gov.cn/information/deal/html/a/320000/0201/20260722/0032b82a0d5ace914f22860cc596a94f150c.html,后勤服务,其他,后勤服务,一贯制未分段,否,否
00326ec55b18c53449fb9ce518ba2800b7de,昆山市巴城高级中学物业管理服务项目采购公告(二),2026-07-22,江苏省,,采购/资审公告,,https://www.ggzy.gov.cn/information/deal/html/a/320000/0201/20260722/00326ec55b18c53449fb9ce518ba2800b7de.html,后勤服务,其他,后勤服务,高中,否,否
0013374024bf0e694757829a5fcb86db8747,迁安市第一初级中学厕所改造工程竞争性磋商公告,2026-07-22,河北省,,采购/资审公告,,https://www.ggzy.gov.cn/information/deal/html/a/130000/0201/20260722/0013374024bf0e694757829a5fcb86db8747.html,校舍维修改造,校舍维修改造,校舍维修改造,初中,否,否
004136c03e93d48a49468f8dbc14de49822f,安阳市龙安高级中学教学白板更换项目（二次）-竞争性磋商公告,2026-07-22,河南省,,采购/资审公告,安阳市公共资源交易中心,https://www.ggzy.gov.cn/information/deal/html/a/410000/0201/20260722/004136c03e93d48a49468f8dbc14de49822f.html,其他,其他,,高中,否,否
004297124fc9c79a4601b24b451815d46dfa,武汉市长虹中学2026-2027学年食堂劳务服务公开招标公告,2026-07-22,湖北省,,采购/资审公告,湖北省政府采购网,https://www.ggzy.gov.cn/information/deal/html/a/420000/0201/20260722/004297124fc9c79a4601b24b451815d46dfa.html,食堂设备,食堂设备,食堂设备;后勤服务,一贯制未分段,否,否
005373f9d908db664cb5be8b52940c30132c,昆明市第三中学西山学校运动场改造项目竞争性磋商公告,2026-07-22,云南省,,采购/资审公告,,https://www.ggzy.gov.cn/information/deal/html/a/530000/0201/20260722/005373f9d908db664cb5be8b52940c30132c.html,校舍维修改造,校舍维修改造,校舍维修改造,一贯制未分段,否,否
00505cce451e622949878d1b8a346bca64a8,重庆市清华中学外语校学生公寓改造（设备类）组合床采购项目(BNQ26A00271)询价公告,2026-07-22,重庆市,,采购/资审公告,重庆市公共资源交易服务平台,https://www.ggzy.gov.cn/information/deal/html/a/500000/0201/20260722/00505cce451e622949878d1b8a346bca64a8.html,校舍维修改造,校舍维修改造,校舍维修改造;课桌椅,一贯制未分段,否,否
0044892a87c5fedc4c1e8f35f363bc5c91c2,广州大学附属中学（大学城校区）自营食堂管理服务采购项目招标公告,2026-07-22,广东省,,采购/资审公告,,https://www.ggzy.gov.cn/information/deal/html/a/440000/0201/20260722/0044892a87c5fedc4c1e8f35f363bc5c91c2.html,食堂设备,食堂设备,食堂设备,一贯制未分段,否,否
005393a926fb1c4e41359a3dca89db4120ee,普洱市民族中学智慧课堂系统建设项目公开招标公告,2026-07-22,云南省,,采购/资审公告,,https://www.ggzy.gov.cn/information/deal/html/a/530000/0201/20260722/005393a926fb1c4e41359a3dca89db4120ee.html,智慧校园,智慧校园,智慧校园,一贯制未分段,是,否
0042fe9eb73e555f468983d76961955f6616,武汉市育英中学购买2026年学校食堂劳务用工服务公开招标公告,2026-07-22,湖北省,,采购/资审公告,湖北省政府采购网,https://www.ggzy.gov.cn/information/deal/html/a/420000/0201/20260722/0042fe9eb73e555f468983d76961955f6616.html,食堂设备,食堂设备,食堂设备;后勤服务,一贯制未分段,否,否
0042a5f18716ea984a249be78a03f16a1e4b,武汉市洪山实验中学食堂劳务服务公开招标公告,2026-07-22,湖北省,,采购/资审公告,湖北省政府采购网,https://www.ggzy.gov.cn/information/deal/html/a/420000/0201/20260722/0042a5f18716ea984a249be78a03f16a1e4b.html,食堂设备,食堂设备,食堂设备;后勤服务,一贯制未分段,否,否
00519f32e1a5aeae49709989b5077ea0d59c,四川省成都市第二中学凤凰校区2026餐饮桌椅及配套设施招标公告,2026-07-22,四川省,,采购/资审公告,,https://www.ggzy.gov.cn/information/deal/html/a/510000/0201/20260722/00519f32e1a5aeae49709989b5077ea0d59c.html,课桌椅,课桌椅,课桌椅;后勤服务,一贯制未分段,否,否
00220429c219cd7f4f518d481d253622171e,吉林省隆元工程管理咨询有限公司关于安图县第二中学改善普通高中办学条件项目的询价公告,2026-07-22,吉林省,,采购/资审公告,延边朝鲜族自治州政府采购中心(新),https://www.ggzy.gov.cn/information/deal/html/a/220000/0201/20260722/00220429c219cd7f4f518d481d253622171e.html,后勤服务,其他,后勤服务,高中,否,否
00438d1e2967fa0a4009930830c562f58bee,龙山县皇仓中学运动场塑胶塑草、教室智能扩音设备等目录外设备采购项目（包2）,2026-07-22,湖南省,,采购/资审公告,,https://www.ggzy.gov.cn/information/deal/html/a/430000/0201/20260722/00438d1e2967fa0a4009930830c562f58bee.html,校舍维修改造,校舍维修改造,校舍维修改造,一贯制未分段,否,否
004365c388d8dedc45bcaa3428a0aa0e89b5,龙山县皇仓中学运动场塑胶塑草、教室智能扩音设备等目录外设备采购项目（包1）,2026-07-22,湖南省,,采购/资审公告,,https://www.ggzy.gov.cn/information/deal/html/a/430000/0201/20260722/004365c388d8dedc45bcaa3428a0aa0e89b5.html,校舍维修改造,校舍维修改造,校舍维修改造,一贯制未分段,否,否
004105319038d18d445f8c6056592d005a2f,唐河县少拜寺镇中心学校唐河县少拜寺镇第一初级中学宿舍楼项目-竞争性磋商公告,2026-07-22,河南省,,采购/资审公告,,https://www.ggzy.gov.cn/information/deal/html/a/410000/0201/20260722/004105319038d18d445f8c6056592d005a2f.html,其他,其他,,初中,否,否
0052f9559a0015714248a38e76344eb12961,遵义市第二十三中学高中部班班通采购采购公告,2026-07-22,贵州省,,采购/资审公告,遵义市公共资源交易中心,https://www.ggzy.gov.cn/information/deal/html/a/520000/0201/20260722/0052f9559a0015714248a38e76344eb12961.html,其他,其他,,高中,否,否
004539f8e2ffd6524769b99ba10d874f1e7f,广西壮美工程管理有限公司关于贵港市荷城初级中学男生宿舍楼1、2栋外墙改造工程的竞争性磋商公告,2026-07-22,广西壮族自治区,,采购/资审公告,贵港市公共资源交易平台,https://www.ggzy.gov.cn/information/deal/html/a/450000/0201/20260722/004539f8e2ffd6524769b99ba10d874f1e7f.html,校舍维修改造,校舍维修改造,校舍维修改造,初中,否,否
004163b6d0d493bb4257a7839f676dff2177,原阳县第一高级中学科创楼中央空调、宿舍楼空调项目,2026-07-22,河南省,,采购/资审公告,,https://www.ggzy.gov.cn/information/deal/html/a/410000/0201/20260722/004163b6d0d493bb4257a7839f676dff2177.html,工程配套,其他,工程配套,高中,否,否
005061f430da98d246e48700a2084cf57b05,巫山县官渡中学‘升降课桌椅’等设备采购项目(WSX26A00371)询价公告,2026-07-22,重庆市,,采购/资审公告,重庆市公共资源交易服务平台,https://www.ggzy.gov.cn/information/deal/html/a/500000/0201/20260722/005061f430da98d246e48700a2084cf57b05.html,课桌椅,课桌椅,课桌椅,一贯制未分段,否,否
00520eb8a2d381d149cd8720431fe7557435,玉屏侗族自治县田坪中学教学楼维修改造项目（2026年）,2026-07-22,贵州省,,采购/资审公告,铜仁市公共资源交易中心,https://www.ggzy.gov.cn/information/deal/html/a/520000/0201/20260722/00520eb8a2d381d149cd8720431fe7557435.html,校舍维修改造,校舍维修改造,校舍维修改造,一贯制未分段,否,否
0021a85ab0b923214e3485f90944368dcfd0,大连市第七十九中学教育集团兴工校区弱电设备（监控 广播 网络）采购项目公开招标公告,2026-07-22,辽宁省,,采购/资审公告,大连市公共资源交易平台,https://www.ggzy.gov.cn/information/deal/html/a/210000/0201/20260722/0021a85ab0b923214e3485f90944368dcfd0.html,校园安防,校园安防,校园安防,一贯制未分段,否,否
006139d3cf34796f4c93b77338d70fe0748f,汉阴县初级中学教育集团2026-2027学年营养改善计划原辅食材采购项目招标公告,2026-07-22,陕西省,,采购/资审公告,全国公共资源交易平台（陕西省·安康市）电子交易系统,https://www.ggzy.gov.cn/information/deal/html/a/610000/0201/20260722/006139d3cf34796f4c93b77338d70fe0748f.html,后勤服务,其他,后勤服务,初中,否,否
0052446ecf66836a4b56b50fa0fc40f92325,[采购公告]黎平县第二中学2025级七年级学生校服采购（二次）,2026-07-22,贵州省,,采购/资审公告,黔东南州公共资源交易中心,https://www.ggzy.gov.cn/information/deal/html/a/520000/0201/20260722/0052446ecf66836a4b56b50fa0fc40f92325.html,校服,校服,校服,一贯制未分段,否,否
0052831a864d7a50455c998e8824e6bcf7e8,六盘水市第六中学食堂食材配送服务项目（二次）采购公告招标公告,2026-07-22,贵州省,,采购/资审公告,六盘水市公共资源交易中心,https://www.ggzy.gov.cn/information/deal/html/a/520000/0201/20260722/0052831a864d7a50455c998e8824e6bcf7e8.html,食堂设备,食堂设备,食堂设备;后勤服务,一贯制未分段,否,否
0043f763754ad00143dd8fcb3386c8384837,郴州市第二中学市二中学校园半军事化管理（2026年-2028年两年）项目竞争性磋商邀请公告,2026-07-22,湖南省,,采购/资审公告,,https://www.ggzy.gov.cn/information/deal/html/a/430000/0201/20260722/0043f763754ad00143dd8fcb3386c8384837.html,其他,其他,,一贯制未分段,否,否
0045440b2d926758427b8440f1142d940a17,云之龙咨询集团有限公司关于2026年平南县六陈镇第二初级中学学生食堂食材配送服务项目的竞争性磋商公告,2026-07-22,广西壮族自治区,,采购/资审公告,广西壮族自治区公共资源电子交易系统,https://www.ggzy.gov.cn/information/deal/html/a/450000/0201/20260722/0045440b2d926758427b8440f1142d940a17.html,食堂设备,食堂设备,食堂设备;后勤服务,初中,否,否
005193639d897b424d6e81d5cdc9a9a2acd2,四川省成都市第二中学科技与艺术廊氛围深化设计及布展服务项目竞争性磋商公告,2026-07-22,四川省,,采购/资审公告,,https://www.ggzy.gov.cn/information/deal/html/a/510000/0201/20260722/005193639d897b424d6e81d5cdc9a9a2acd2.html,其他,其他,,一贯制未分段,否,否
00141cad5d69a6644fd7a109406608d73db0,长治市屯留区第一中学校触控一体机购置的采购公告,2026-07-22,山西省,,采购/资审公告,,https://www.ggzy.gov.cn/information/deal/html/a/140000/0201/20260722/00141cad5d69a6644fd7a109406608d73db0.html,大屏,大屏,大屏,一贯制未分段,是,否
00417d3adcc6426749a3b49d1f87d30d164f,河南省漯河市实验中学漯河市泰山路实验中学10KV配电工程项目（二次）-竞争性磋商公告,2026-07-22,河南省,,采购/资审公告,漯河市公共资源交易中心,https://www.ggzy.gov.cn/information/deal/html/a/410000/0201/20260722/00417d3adcc6426749a3b49d1f87d30d164f.html,其他,其他,,一贯制未分段,否,否
0015cd5441f9e4c142d9a9dde6fce37b3813,鄂温克族自治旗职业中学室外围栏围墙改造工程(二次)竞争性磋商公告,2026-07-22,内蒙古自治区,,采购/资审公告,,https://www.ggzy.gov.cn/information/deal/html/a/150000/0201/20260722/0015cd5441f9e4c142d9a9dde6fce37b3813.html,校舍维修改造,校舍维修改造,校舍维修改造,一贯制未分段,否,否
002211e11272a0c9446cbe6bff5f2c93fa79,吉林易成项目管理有限公司关于长春市第一五一中学入户门、看台及路灯改造项目（二次）的竞争性磋商公告,2026-07-22,吉林省,,采购/资审公告,长春市公共资源交易中心(新),https://www.ggzy.gov.cn/information/deal/html/a/220000/0201/20260722/002211e11272a0c9446cbe6bff5f2c93fa79.html,校舍维修改造,校舍维修改造,校舍维修改造,一贯制未分段,否,否
0041b13a75a4878e4a16a9309113d78a33bd,唐河县第一高级中学保洁服务及学生宿舍管理服务采购项目-竞争性磋商公告,2026-07-22,河南省,,采购/资审公告,,https://www.ggzy.gov.cn/information/deal/html/a/410000/0201/20260722/0041b13a75a4878e4a16a9309113d78a33bd.html,后勤服务,其他,后勤服务,高中,否,否
003546ce3a1b7c1346d7bef63bf37d6c5352,光泽县第二中学塑胶跑道提升改造项目竞争性磋商公告,2026-07-22,福建省,,采购/资审公告,南平市招标投标服务中心,https://www.ggzy.gov.cn/information/deal/html/a/350000/0201/20260722/003546ce3a1b7c1346d7bef63bf37d6c5352.html,校舍维修改造,校舍维修改造,校舍维修改造,一贯制未分段,否,否
0021e306470238b64b319dcc6f513b7dbb97,大连市第十五中学、第三十五中学体育馆修缮项目竞争性磋商公告,2026-07-22,辽宁省,,采购/资审公告,大连市公共资源交易平台,https://www.ggzy.gov.cn/information/deal/html/a/210000/0201/20260722/0021e306470238b64b319dcc6f513b7dbb97.html,校舍维修改造,校舍维修改造,校舍维修改造,一贯制未分段,否,否
0037e2f32abcc491486d8eb9d7f64f94d3a4,鄄城县实验中学普通高中教学楼建设设计项目二次招标竞争性磋商公告,2026-07-22,山东省,,采购/资审公告,,https://www.ggzy.gov.cn/information/deal/html/a/370000/0201/20260722/0037e2f32abcc491486d8eb9d7f64f94d3a4.html,其他,其他,,高中,否,否
0052c57e9300ab434d37affdb5dc329c0e42,遵义市第五十三中学班级教学班班通设备采购项目采购公告,2026-07-22,贵州省,,采购/资审公告,遵义市公共资源交易中心,https://www.ggzy.gov.cn/information/deal/html/a/520000/0201/20260722/0052c57e9300ab434d37affdb5dc329c0e42.html,其他,其他,,一贯制未分段,否,否
0043cefd5ad229e841a9a3073cf359e9b1d7,浏阳市第五中学运动场塑胶跑道铺设采购项目招标公告,2026-07-22,湖南省,,采购/资审公告,,https://www.ggzy.gov.cn/information/deal/html/a/430000/0201/20260722/0043cefd5ad229e841a9a3073cf359e9b1d7.html,校舍维修改造,校舍维修改造,校舍维修改造,一贯制未分段,否,否
00411d42ff5ca93540ffacc2cd761ca635f3,封丘县第一中学新校区广场提升改造项目-竞争性谈判公告,2026-07-22,河南省,,采购/资审公告,,https://www.ggzy.gov.cn/information/deal/html/a/410000/0201/20260722/00411d42ff5ca93540ffacc2cd761ca635f3.html,校舍维修改造,校舍维修改造,校舍维修改造,一贯制未分段,否,否
0061e3e2946f1c544a208b91f7b5c6591dbb,宝鸡市晁峪初级中学消防整改项目采购公告,2026-07-22,陕西省,,采购/资审公告,全国公共资源交易平台（陕西省）,https://www.ggzy.gov.cn/information/deal/html/a/610000/0201/20260722/0061e3e2946f1c544a208b91f7b5c6591dbb.html,校园安防,校园安防,校园安防,初中,否,否
0061db0088bfae1d4a4a8ae49e00e24ae4f1,西安市远东第一中学部室建设项目招标公告,2026-07-22,陕西省,,采购/资审公告,全国公共资源交易平台（陕西省·西安市）电子交易系统,https://www.ggzy.gov.cn/information/deal/html/a/610000/0201/20260722/0061db0088bfae1d4a4a8ae49e00e24ae4f1.html,其他,其他,,一贯制未分段,否,否
004138b4b05d6cee412e8e804d46eb3cfc93,光山县第七初级中学食堂食材采购配送项目-公开招标公告,2026-07-22,河南省,,采购/资审公告,,https://www.ggzy.gov.cn/information/deal/html/a/410000/0201/20260722/004138b4b05d6cee412e8e804d46eb3cfc93.html,食堂设备,食堂设备,食堂设备;后勤服务,初中,否,否
00419002a510802f4ed9b264d01e85144546,光山县第八初级中学食堂食材采购配送项目-公开招标公告,2026-07-22,河南省,,采购/资审公告,,https://www.ggzy.gov.cn/information/deal/html/a/410000/0201/20260722/00419002a510802f4ed9b264d01e85144546.html,食堂设备,食堂设备,食堂设备;后勤服务,初中,否,否
003307a3045ff21545548607b1d3146d3898,云和县公共资源交易中心关于云和县梅源中学校舍提升改造工程报告厅及配套功能厅设施设备采购项目（第二次）的公开招标公告,2026-07-22,浙江省,,采购/资审公告,丽水市公共资源交易网,https://www.ggzy.gov.cn/information/deal/html/a/330000/0201/20260722/003307a3045ff21545548607b1d3146d3898.html,校舍维修改造,校舍维修改造,校舍维修改造,一贯制未分段,否,否
0041b113f0773fc148eca6138cf978bbb019,河南大学附属中学明伦校区办公楼加固项目-竞争性磋商公告,2026-07-22,河南省,,采购/资审公告,,https://www.ggzy.gov.cn/information/deal/html/a/410000/0201/20260722/0041b113f0773fc148eca6138cf978bbb019.html,其他,其他,,一贯制未分段,否,否
0037f70acc038baa470d9f511082994225e2,2026年莱州市第一中学值班室家具采购项目竞争性谈判公告,2026-07-22,山东省,,采购/资审公告,烟台市公共资源交易系统,https://www.ggzy.gov.cn/information/deal/html/a/370000/0201/20260722/0037f70acc038baa470d9f511082994225e2.html,课桌椅,课桌椅,课桌椅,一贯制未分段,否,否
0037c6642cefc8d5441daff3943688e2d9fe,山东省烟台第二中学义务教育学生增加教室改造（芝罘校区）竞争性磋商公告（政府采购工程、面向中小企业）,2026-07-22,山东省,,采购/资审公告,烟台市公共资源交易系统,https://www.ggzy.gov.cn/information/deal/html/a/370000/0201/20260722/0037c6642cefc8d5441daff3943688e2d9fe.html,校舍维修改造,校舍维修改造,校舍维修改造,一贯制未分段,否,否
0037ad5ef533e8fd42838d2756d8de4efa6b,山东省招远第一中学后勤综合服务采购招标公告,2026-07-22,山东省,,采购/资审公告,烟台市公共资源交易系统,https://www.ggzy.gov.cn/information/deal/html/a/370000/0201/20260722/0037ad5ef533e8fd42838d2756d8de4efa6b.html,后勤服务,其他,后勤服务,一贯制未分段,否,否
003753586bb58439421683e73c7e183c05d7,山东省烟台第十中学会议室装修改造工程（政府采购工程、面向中小企业）竞争性磋商公告,2026-07-22,山东省,,采购/资审公告,烟台市公共资源交易系统,https://www.ggzy.gov.cn/information/deal/html/a/370000/0201/20260722/003753586bb58439421683e73c7e183c05d7.html,校舍维修改造,校舍维修改造,校舍维修改造,一贯制未分段,否,否
003736475117b8934fb9a759e66a944b59c5,山东省招远第一中学印刷服务采购招标公告,2026-07-22,山东省,,采购/资审公告,烟台市公共资源交易系统,https://www.ggzy.gov.cn/information/deal/html/a/370000/0201/20260722/003736475117b8934fb9a759e66a944b59c5.html,后勤服务,其他,后勤服务,一贯制未分段,否,否
0037043e52aeaaeb4d5d9e2cc5ab9566a42f,山东省烟台第二中学义务教育学生增加教室改造（莱山校区）竞争性磋商公告（政府采购工程、面向中小企业）,2026-07-22,山东省,,采购/资审公告,烟台市公共资源交易系统,https://www.ggzy.gov.cn/information/deal/html/a/370000/0201/20260722/0037043e52aeaaeb4d5d9e2cc5ab9566a42f.html,校舍维修改造,校舍维修改造,校舍维修改造,一贯制未分段,否,否
0036ebb27dbc3cba46fcb412893a79034a6b,乐平市第五中学食堂重启设备采购与安装项目,2026-07-22,江西省,,采购/资审公告,景德镇市公共资源交易中心,https://www.ggzy.gov.cn/information/deal/html/a/360000/0201/20260722/0036ebb27dbc3cba46fcb412893a79034a6b.html,食堂设备,食堂设备,食堂设备,一贯制未分段,否,否
0036bdd8065813804558b42739f5391d2d25,铅山县第三中学多功能报告厅、篮球馆配套设备采购项目（项目编号：JHDLCG-2026-012#）电子化不见面公开招标公告,2026-07-22,江西省,,采购/资审公告,上饶市公共资源交易中心,https://www.ggzy.gov.cn/information/deal/html/a/360000/0201/20260722/0036bdd8065813804558b42739f5391d2d25.html,其他,其他,,一贯制未分段,否,否
003694b99536354045dc98170b464cf7215a,江西省宁冈中学（高中部）印刷服务项目（第三次）,2026-07-22,江西省,,采购/资审公告,吉安市公共资源交易中心,https://www.ggzy.gov.cn/information/deal/html/a/360000/0201/20260722/003694b99536354045dc98170b464cf7215a.html,后勤服务,其他,后勤服务,高中,否,否
003667b5bea7817c42ddb3caf1b9fb68f79b,上饶市政务服务中心关于上饶中学学生宿舍公寓床采购（项目编号：SRZFCG-2026-096#）公开招标采购公告,2026-07-22,江西省,,采购/资审公告,上饶市公共资源交易中心,https://www.ggzy.gov.cn/information/deal/html/a/360000/0201/20260722/003667b5bea7817c42ddb3caf1b9fb68f79b.html,课桌椅,课桌椅,课桌椅,一贯制未分段,否,否
0036147d84114e9d4e88b30b9acea15b9177,江西铎瀚建设工程有限公司关于鹰潭市第十二中学多功能室改造工程（第三次）（项目编号：JXYH-YT2606-001-3）竞争性谈判公告,2026-07-22,江西省,,采购/资审公告,鹰潭市公共资源交易中心,https://www.ggzy.gov.cn/information/deal/html/a/360000/0201/20260722/0036147d84114e9d4e88b30b9acea15b9177.html,校舍维修改造,校舍维修改造,校舍维修改造;实验室设备,一贯制未分段,否,否
00216cd0947a15be4ee6872dd0c30aa4efa6,海城市耿庄镇初级中学更换窗户等维修改造项目竞争性磋商公告,2026-07-22,辽宁省,,采购/资审公告,辽宁政府采购网,https://www.ggzy.gov.cn/information/deal/html/a/210000/0201/20260722/00216cd0947a15be4ee6872dd0c30aa4efa6.html,校舍维修改造,校舍维修改造,校舍维修改造,初中,否,否
00212debd1318e884997a438102f95e7fad0,海城市牛庄镇初级中学教学楼窗户及教室门改造项目竞争性磋商公告,2026-07-22,辽宁省,,采购/资审公告,辽宁政府采购网,https://www.ggzy.gov.cn/information/deal/html/a/210000/0201/20260722/00212debd1318e884997a438102f95e7fad0.html,校舍维修改造,校舍维修改造,校舍维修改造,初中,否,否
0037d8bc84daa5cc4a439e7368bbcdcc60fc,山东省烟台第二中学烟台二中防水、金刚网安装工程（二次）竞争性磋商公告,2026-07-22,山东省,,采购/资审公告,烟台市公共资源交易系统,https://www.ggzy.gov.cn/information/deal/html/a/370000/0201/20260722/0037d8bc84daa5cc4a439e7368bbcdcc60fc.html,其他,其他,,一贯制未分段,否,否
00361015f9f31d314dad9b3347ec6de8dfdb,上饶市政务服务中心关于上饶中学空调采购项目（项目编号：SRZFCG-2026-108#）询价采购公告,2026-07-22,江西省,,采购/资审公告,上饶市公共资源交易中心,https://www.ggzy.gov.cn/information/deal/html/a/360000/0201/20260722/00361015f9f31d314dad9b3347ec6de8dfdb.html,工程配套,其他,工程配套,一贯制未分段,否,否
00360353db4145ff4efe960625c57145c44f,江西诚信伟业招标咨询有限公司关于江西师范大学附属中学教师发展中心维修改造项目（项目编号：1493-266106252042第三次）竞争性磋商采购公告,2026-07-22,江西省,,采购/资审公告,江西省公共资源交易中心,https://www.ggzy.gov.cn/information/deal/html/a/360000/0201/20260722/00360353db4145ff4efe960625c57145c44f.html,教研,教研,教研;校舍维修改造;后勤服务,一贯制未分段,是,否
003597ba57e74c2a4f0e931471143272b1c2,培元中学北峰校区26-27学年家具采购项目竞争性谈判公告,2026-07-21,福建省,,采购/资审公告,泉州市公共资源交易中心,https://www.ggzy.gov.cn/information/deal/html/a/350000/0201/20260721/003597ba57e74c2a4f0e931471143272b1c2.html,课桌椅,课桌椅,课桌椅,一贯制未分段,否,否
0065dd3bd640204a4481a449c31ef224a93d,巴里坤哈萨克自治县萨尔乔克乡中学文化建设项目竞争性磋商公告,2026-07-21,新疆维吾尔自治区,,采购/资审公告,新疆维吾尔自治区公共资源交易平台,https://www.ggzy.gov.cn/information/deal/html/a/650000/0201/20260721/0065dd3bd640204a4481a449c31ef224a93d.html,校园文化,其他,校园文化,一贯制未分段,否,否
0035208b701883ad41baa744a84edb3cbec6,莆田中山中学壶兰学校（初中）教学仪器设备等采购公开招标招标公告,2026-07-21,福建省,,采购/资审公告,莆田市行政服务中心,https://www.ggzy.gov.cn/information/deal/html/a/350000/0201/20260721/0035208b701883ad41baa744a84edb3cbec6.html,教学仪器,教学仪器,教学仪器,初中,否,否
00633ae1401839274237a98ffcfeebef1296,海北州第三高级中学标准化考场建设项目（第二次）的公开招标公告,2026-07-21,青海省,,采购/资审公告,青海省公共资源交易网,https://www.ggzy.gov.cn/information/deal/html/a/630000/0201/20260721/00633ae1401839274237a98ffcfeebef1296.html,其他,其他,,高中,否,否
003520633e3a9f8543a2874cc218eed00cfa,秀屿区实验中学2026年物业管理服务采购竞争性磋商公告,2026-07-21,福建省,,采购/资审公告,莆田市行政服务中心,https://www.ggzy.gov.cn/information/deal/html/a/350000/0201/20260721/003520633e3a9f8543a2874cc218eed00cfa.html,后勤服务,其他,后勤服务,一贯制未分段,否,否
006575b79fd21cc64894b1287e8e5c4d7811,乌鲁木齐市第八十五中学卫生间改造项目二次竞争性磋商公告,2026-07-21,新疆维吾尔自治区,,采购/资审公告,新疆维吾尔自治区公共资源交易平台,https://www.ggzy.gov.cn/information/deal/html/a/650000/0201/20260721/006575b79fd21cc64894b1287e8e5c4d7811.html,校舍维修改造,校舍维修改造,校舍维修改造,一贯制未分段,否,否
00650a9fb8b99a3048c8aad034ad0a66cb65,2026年柯坪县第三中学图书室改造项目公开招标公告,2026-07-21,新疆维吾尔自治区,,采购/资审公告,新疆维吾尔自治区公共资源交易平台,https://www.ggzy.gov.cn/information/deal/html/a/650000/0201/20260721/00650a9fb8b99a3048c8aad034ad0a66cb65.html,校舍维修改造,校舍维修改造,校舍维修改造;图书,一贯制未分段,否,否
0014a38a7844a2924683adcfe4fce00a9498,运城中学新风系统购置的采购公告,2026-07-21,山西省,,采购/资审公告,,https://www.ggzy.gov.cn/information/deal/html/a/140000/0201/20260721/0014a38a7844a2924683adcfe4fce00a9498.html,其他,其他,,一贯制未分段,否,否
00636997407f1d53415d8931b2a0a04b346a,虎台中学校园文化建设项目公开招标公告,2026-07-21,青海省,,采购/资审公告,青海省公共资源交易网,https://www.ggzy.gov.cn/information/deal/html/a/630000/0201/20260721/00636997407f1d53415d8931b2a0a04b346a.html,校园文化,其他,校园文化,一贯制未分段,否,否
0064eea5f23ac9b14088acd1b28171bc4cee,银川市西夏区兴泾中学2026年教育数字化战略行动“揭榜挂帅”项目招标公告,2026-07-21,宁夏回族自治区,,采购/资审公告,宁夏公共资源交易服务平台,https://www.ggzy.gov.cn/information/deal/html/a/640000/0201/20260721/0064eea5f23ac9b14088acd1b28171bc4cee.html,信息化,信息化,信息化,一贯制未分段,是,否
0063be5d90aca8da472eb4abaa2ba74c60df,西宁市总寨中学教学综合楼建设项目监理的竞争性磋商公告,2026-07-21,青海省,,采购/资审公告,青海省公共资源交易网,https://www.ggzy.gov.cn/information/deal/html/a/630000/0201/20260721/0063be5d90aca8da472eb4abaa2ba74c60df.html,后勤服务,其他,后勤服务,一贯制未分段,否,否
00441f5b5579e5d842b38fc4d89179c75626,广东肇庆中学2026-2027学年物业管理服务采购(二次)公开招标公告,2026-07-21,广东省,,采购/资审公告,,https://www.ggzy.gov.cn/information/deal/html/a/440000/0201/20260721/00441f5b5579e5d842b38fc4d89179c75626.html,后勤服务,其他,后勤服务,一贯制未分段,否,否
00638f7e44a902a049549398a533564da022,青海浩驰招标代理有限公司关于青海省2025年中学购置实验设备项目（二期）（第二次）的公开招标公告,2026-07-21,青海省,,采购/资审公告,青海省公共资源交易网,https://www.ggzy.gov.cn/information/deal/html/a/630000/0201/20260721/00638f7e44a902a049549398a533564da022.html,实验室设备,实验室设备,实验室设备,一贯制未分段,否,否
0044fb144dfb2d554646981b157c1417d016,深圳中学深汕学校电脑类采购项目（A）招标公告,2026-07-21,广东省,,采购/资审公告,,https://www.ggzy.gov.cn/information/deal/html/a/440000/0201/20260721/0044fb144dfb2d554646981b157c1417d016.html,信息化设备,信息化设备,信息化设备,一贯制未分段,是,否
0045d225bb19ee0145bebd10d76c73c194d7,广西誉骏工程咨询有限公司关于北流市民乐镇第二初级中学运动场、挡土墙、围墙项目竞争性磋商公告,2026-07-21,广西壮族自治区,,采购/资审公告,玉林市公共资源交易中心,https://www.ggzy.gov.cn/information/deal/html/a/450000/0201/20260721/0045d225bb19ee0145bebd10d76c73c194d7.html,校舍维修改造,校舍维修改造,校舍维修改造;后勤服务,初中,否,否
0035656e3f9f673f4855820de4b5ce7b1bdb,福建省龙岩市第二中学2026年计算机货物类采购项目公开招标招标公告,2026-07-21,福建省,,采购/资审公告,龙岩市公共资源交易中心,https://www.ggzy.gov.cn/information/deal/html/a/350000/0201/20260721/0035656e3f9f673f4855820de4b5ce7b1bdb.html,信息化设备,信息化设备,信息化设备,一贯制未分段,是,否
0044dd38ba8c6585410b9b4bc5901c9f8f3a,高州市第一中学校园安保服务采购竞争性磋商公告,2026-07-21,广东省,,采购/资审公告,,https://www.ggzy.gov.cn/information/deal/html/a/440000/0201/20260721/0044dd38ba8c6585410b9b4bc5901c9f8f3a.html,校园安防,校园安防,校园安防,一贯制未分段,否,否
00538a1a2c2000464841b311869c1a299f9f,普洱市第一中学2026年校园零星修缮、校舍设施设备维修项目竞争性磋商公告,2026-07-21,云南省,,采购/资审公告,,https://www.ggzy.gov.cn/information/deal/html/a/530000/0201/20260721/00538a1a2c2000464841b311869c1a299f9f.html,校舍维修改造,校舍维修改造,校舍维修改造,一贯制未分段,否,否
0013a3a3dad637724ab98bec59657bec9bab,秦皇岛市海港区教育和体育局第七中学（在水一方校区）草皮更换等维修改造二次竞争性磋商公告,2026-07-21,河北省,,采购/资审公告,秦皇岛市公共资源交易网,https://www.ggzy.gov.cn/information/deal/html/a/130000/0201/20260721/0013a3a3dad637724ab98bec59657bec9bab.html,校舍维修改造,校舍维修改造,校舍维修改造,教育局统筹,否,否
004660274664531043098779049bcff3647b,万宁中学高中部（二期）设施设备采购公开招标招标公告,2026-07-21,海南省,,采购/资审公告,,https://www.ggzy.gov.cn/information/deal/html/a/460000/0201/20260721/004660274664531043098779049bcff3647b.html,其他,其他,,高中,否,否
0044a2e6292fa31f42c5bee5f3cb8dfa41e3,2026年广东省中学生排球锦标赛赛事运营服务项目（重新采购第2次）竞争性谈判公告,2026-07-21,广东省,,采购/资审公告,,https://www.ggzy.gov.cn/information/deal/html/a/440000/0201/20260721/0044a2e6292fa31f42c5bee5f3cb8dfa41e3.html,其他,其他,,一贯制未分段,否,否
0045c0fa6f00a4924ceba3fb87879cde269a,广西誉骏工程咨询有限公司关于北流市民乐镇第二初级中学运动场、挡土墙、围墙项目的竞争性磋商公告,2026-07-21,广西壮族自治区,,采购/资审公告,广西壮族自治区公共资源电子交易系统,https://www.ggzy.gov.cn/information/deal/html/a/450000/0201/20260721/0045c0fa6f00a4924ceba3fb87879cde269a.html,校舍维修改造,校舍维修改造,校舍维修改造;后勤服务,初中,否,否
001334cb82de62184e3cb9dce645522d4aa6,雄县第二高级中学物业服务项目招标公告,2026-07-21,河北省,,采购/资审公告,,https://www.ggzy.gov.cn/information/deal/html/a/130000/0201/20260721/001334cb82de62184e3cb9dce645522d4aa6.html,后勤服务,其他,后勤服务,高中,否,否
004451a729d008294cbc8f2f782c663c11e7,广州市执信中学宿舍管理服务购置项目 [CZ2026-1015]招标公告,2026-07-21,广东省,,采购/资审公告,,https://www.ggzy.gov.cn/information/deal/html/a/440000/0201/20260721/004451a729d008294cbc8f2f782c663c11e7.html,后勤服务,其他,后勤服务,一贯制未分段,否,否
0051cf1940739cfb4d42a474434bc81de6a3,四川省东汽八一中学海油楼、艺术楼教室空调采购询价公告,2026-07-21,四川省,,采购/资审公告,,https://www.ggzy.gov.cn/information/deal/html/a/510000/0201/20260721/0051cf1940739cfb4d42a474434bc81de6a3.html,工程配套,其他,工程配套,一贯制未分段,否,否
0015adc09603d4d44631a30ea7ec63bbbcf4,宁城县八里罕初级中学男女生宿舍外墙保温及窗户更换工程竞争性谈判公告,2026-07-21,内蒙古自治区,,采购/资审公告,,https://www.ggzy.gov.cn/information/deal/html/a/150000/0201/20260721/0015adc09603d4d44631a30ea7ec63bbbcf4.html,校舍维修改造,校舍维修改造,校舍维修改造,初中,否,否
0051554de5779a4e4633b40812c398fd3cf9,四川省达川区麻柳中学校园环境公辅基础设施提升改造项目竞争性磋商公告,2026-07-21,四川省,,采购/资审公告,,https://www.ggzy.gov.cn/information/deal/html/a/510000/0201/20260721/0051554de5779a4e4633b40812c398fd3cf9.html,校舍维修改造,校舍维修改造,校舍维修改造,一贯制未分段,否,否
0065478021889a1b4ef19e9a314f1ebc127b,新疆屹昇工程项目管理有限公司关于喀什地区地直中学2026年度食材采购项目（第一包）公开招标公告,2026-07-21,新疆维吾尔自治区,,采购/资审公告,新疆维吾尔自治区公共资源交易平台,https://www.ggzy.gov.cn/information/deal/html/a/650000/0201/20260721/0065478021889a1b4ef19e9a314f1ebc127b.html,后勤服务,其他,后勤服务,一贯制未分段,否,否
0052547c57ed04e24765be6800941906f2b6,遵义市第十六中学运动场改造工程采购公告,2026-07-21,贵州省,,采购/资审公告,遵义市公共资源交易中心,https://www.ggzy.gov.cn/information/deal/html/a/520000/0201/20260721/0052547c57ed04e24765be6800941906f2b6.html,校舍维修改造,校舍维修改造,校舍维修改造,一贯制未分段,否,否
0065a34215db73fb4a75b400a9be84e26772,新疆信实工程招标咨询服务有限公司关于喀什地区地直中学2026年度食材采购项目（第二包）公开招标公告,2026-07-21,新疆维吾尔自治区,,采购/资审公告,新疆维吾尔自治区公共资源交易平台,https://www.ggzy.gov.cn/information/deal/html/a/650000/0201/20260721/0065a34215db73fb4a75b400a9be84e26772.html,后勤服务,其他,后勤服务,一贯制未分段,否,否
0065d42d6e6f4515419e9cc28c34f0758a37,于田县2026年改善普通高中学校办学条件设备购置项目（包一设备购置）（二次）公开招标公告,2026-07-21,新疆维吾尔自治区,,采购/资审公告,新疆维吾尔自治区公共资源交易平台,https://www.ggzy.gov.cn/information/deal/html/a/650000/0201/20260721/0065d42d6e6f4515419e9cc28c34f0758a37.html,其他,其他,,高中,否,否
005111951a485a56439786c817c66ed0785f,四川省江安中学校江安中学办学物资采购项目（空调等物资）(二次)招标公告,2026-07-21,四川省,,采购/资审公告,,https://www.ggzy.gov.cn/information/deal/html/a/510000/0201/20260721/005111951a485a56439786c817c66ed0785f.html,工程配套,其他,工程配套,一贯制未分段,否,否
00114d82500a9c3444759180a90075db70ca,北京实验学校附属中学操场维修改造工程竞争性磋商公告,2026-07-21,北京,,采购/资审公告,北京市政府采购网,https://www.ggzy.gov.cn/information/deal/html/a/110000/0201/20260721/00114d82500a9c3444759180a90075db70ca.html,校舍维修改造,校舍维修改造,校舍维修改造,一贯制未分段,否,否
00521dbfcb59f1dc4d1ba5d52150715a3129,[采购公告]凯里市湾水中学运动场维修改造项目,2026-07-21,贵州省,,采购/资审公告,黔东南州公共资源交易中心,https://www.ggzy.gov.cn/information/deal/html/a/520000/0201/20260721/00521dbfcb59f1dc4d1ba5d52150715a3129.html,校舍维修改造,校舍维修改造,校舍维修改造,一贯制未分段,否,否
00138524615d31c54be2b6750d8d4e649572,唐县第六中学新建宿舍楼和餐厅项目附属工程竞争性磋商公告,2026-07-21,河北省,,采购/资审公告,保定市公共资源交易中心,https://www.ggzy.gov.cn/information/deal/html/a/130000/0201/20260721/00138524615d31c54be2b6750d8d4e649572.html,校舍维修改造,校舍维修改造,校舍维修改造;食堂设备,一贯制未分段,否,否
004361d5af9664aa4793bdc837dc1a8e0d8d,吉首市第一中学学生宿舍楼建设项目-床、桌椅及柜子采购,2026-07-21,湖南省,,采购/资审公告,,https://www.ggzy.gov.cn/information/deal/html/a/430000/0201/20260721/004361d5af9664aa4793bdc837dc1a8e0d8d.html,课桌椅,课桌椅,课桌椅,一贯制未分段,否,否
0051146f7667677846219b0d994bd1423597,四川省隆昌市城关职业中学隆昌市城关职业中学校园文化建设竞争性磋商公告,2026-07-21,四川省,,采购/资审公告,,https://www.ggzy.gov.cn/information/deal/html/a/510000/0201/20260721/0051146f7667677846219b0d994bd1423597.html,校园文化,其他,校园文化,一贯制未分段,否,否
004110cb42f7712a454ea25e348a6568fb01,卢氏县官道口镇初级中学运动场改造项目-竞争性磋商公告,2026-07-21,河南省,,采购/资审公告,三门峡市公共资源交易中心,https://www.ggzy.gov.cn/information/deal/html/a/410000/0201/20260721/004110cb42f7712a454ea25e348a6568fb01.html,校舍维修改造,校舍维修改造,校舍维修改造,初中,否,否
001308e3d1df170348f9991dc54dc95a9766,唐山市第一中学教学资料印刷服务竞争性谈判公告,2026-07-21,河北省,,采购/资审公告,,https://www.ggzy.gov.cn/information/deal/html/a/130000/0201/20260721/001308e3d1df170348f9991dc54dc95a9766.html,后勤服务,其他,后勤服务,一贯制未分段,否,否
00322edbca8d4b814adc8ed12d9d5cb14803,新海初级中学2026年暑期维修项目（专门面向中小企业）采购公告,2026-07-21,江苏省,,采购/资审公告,,https://www.ggzy.gov.cn/information/deal/html/a/320000/0201/20260721/00322edbca8d4b814adc8ed12d9d5cb14803.html,校舍维修改造,校舍维修改造,校舍维修改造,初中,否,否
0032ec7b64d8d7eb43b6baa18d0c36a1240f,睢宁县魏集中学食堂操作间改扩建及餐厅顶棚维修竞争性磋商公告,2026-07-21,江苏省,,采购/资审公告,,https://www.ggzy.gov.cn/information/deal/html/a/320000/0201/20260721/0032ec7b64d8d7eb43b6baa18d0c36a1240f.html,校舍维修改造,校舍维修改造,校舍维修改造;食堂设备,一贯制未分段,否,否
0043ba737730b9ac4e7497b0374bb3bdf632,怀化市铁路第一中学食堂大宗食材采购招标公告,2026-07-21,湖南省,,采购/资审公告,,https://www.ggzy.gov.cn/information/deal/html/a/430000/0201/20260721/0043ba737730b9ac4e7497b0374bb3bdf632.html,食堂设备,食堂设备,食堂设备;后勤服务,一贯制未分段,否,否
0011d708485a81db480daa3adc12867f7cde,北京市海淀实验中学西校区游泳馆改运动场地改造工程房屋修缮采购项目竞争性磋商公告,2026-07-21,北京,,采购/资审公告,北京市政府采购网,https://www.ggzy.gov.cn/information/deal/html/a/110000/0201/20260721/0011d708485a81db480daa3adc12867f7cde.html,校舍维修改造,校舍维修改造,校舍维修改造,一贯制未分段,否,否
005210157bdb270f4670b79156da79860284,[采购公告]贵州省瓮安第九中学改扩建(一期)项目采购班班通、校园广播、网络系统及监 控设施设备,2026-07-21,贵州省,,采购/资审公告,黔南州公共资源交易中心,https://www.ggzy.gov.cn/information/deal/html/a/520000/0201/20260721/005210157bdb270f4670b79156da79860284.html,校舍维修改造,校舍维修改造,校舍维修改造,一贯制未分段,否,否
00432b9f98acbadf441bb1fd0e81b1179615,岳阳市云溪区第一中学岳阳市云溪区第一中学设备采购项目项目公开招标公告,2026-07-21,湖南省,,采购/资审公告,,https://www.ggzy.gov.cn/information/deal/html/a/430000/0201/20260721/00432b9f98acbadf441bb1fd0e81b1179615.html,其他,其他,,一贯制未分段,否,否
0015403175dc9dbc404bac667475940ac9d3,包头市第四中学学生生活提升项目竞争性磋商公告,2026-07-21,内蒙古自治区,,采购/资审公告,,https://www.ggzy.gov.cn/information/deal/html/a/150000/0201/20260721/0015403175dc9dbc404bac667475940ac9d3.html,其他,其他,,一贯制未分段,否,否
0011b92b32561c114e0a8023bdba0e2b833d,北京市第一六五中学2026年8月至2027年8月委托经营食堂公开招标公告,2026-07-21,北京,,采购/资审公告,北京市政府采购网,https://www.ggzy.gov.cn/information/deal/html/a/110000/0201/20260721/0011b92b32561c114e0a8023bdba0e2b833d.html,食堂设备,食堂设备,食堂设备,一贯制未分段,否,否
0045ed70462a0d0b4c00a393bffd3eb80dd3,广西御和投资有限公司巴马瑶族自治县高级中学“深研引航 智教助力”赋能巴高学子成长项目招标公告,2026-07-21,广西壮族自治区,,采购/资审公告,河池市公共资源交易中心,https://www.ggzy.gov.cn/information/deal/html/a/450000/0201/20260721/0045ed70462a0d0b4c00a393bffd3eb80dd3.html,其他,其他,,高中,否,否
0051839c6301f86745068573aa9a95149eb0,西华师范大学附属中学教学设施设备采购项目(二次)竞争性谈判公告,2026-07-21,四川省,,采购/资审公告,,https://www.ggzy.gov.cn/information/deal/html/a/510000/0201/20260721/0051839c6301f86745068573aa9a95149eb0.html,其他,其他,,一贯制未分段,否,否
00515063259106b546638cd03e1e37d8cc91,会理市教育和体育局会理市第三中学建设项目地质勘察政府采购竞争性磋商公告,2026-07-21,四川省,,采购/资审公告,,https://www.ggzy.gov.cn/information/deal/html/a/510000/0201/20260721/00515063259106b546638cd03e1e37d8cc91.html,其他,其他,,教育局统筹,否,否
00131688682dd1d0414bad77d0d9bb47ed74,河北内丘中学多功能厅改造提升竞争性磋商公告,2026-07-21,河北省,,采购/资审公告,邢台市公共资源交易中心,https://www.ggzy.gov.cn/information/deal/html/a/130000/0201/20260721/00131688682dd1d0414bad77d0d9bb47ed74.html,校舍维修改造,校舍维修改造,校舍维修改造,一贯制未分段,否,否
00415e6f451041f84321a481ac4b90819a2d,舞钢市教育体育局杨庄乡初级中学围墙及大门项目竞争性磋商公告,2026-07-21,河南省,,采购/资审公告,,https://www.ggzy.gov.cn/information/deal/html/a/410000/0201/20260721/00415e6f451041f84321a481ac4b90819a2d.html,校舍维修改造,校舍维修改造,校舍维修改造,教育局统筹,否,否
0041d47f412aadd14139a26083c020c244ea,三门峡市陕州区第二高级中学餐厅提升改造项目-竞争性磋商公告,2026-07-21,河南省,,采购/资审公告,三门峡市公共资源交易中心,https://www.ggzy.gov.cn/information/deal/html/a/410000/0201/20260721/0041d47f412aadd14139a26083c020c244ea.html,校舍维修改造,校舍维修改造,校舍维修改造;食堂设备,高中,否,否
0022b46e4682dedb4c2caf945dea1d1f4d4d,吉林易成项目管理有限公司关于长春市第一六四中学教学楼外墙、窗户、大门、大厅门、自来水及消防改造项目（二次）的竞争性磋商公告,2026-07-21,吉林省,,采购/资审公告,长春市公共资源交易中心(新),https://www.ggzy.gov.cn/information/deal/html/a/220000/0201/20260721/0022b46e4682dedb4c2caf945dea1d1f4d4d.html,校舍维修改造,校舍维修改造,校舍维修改造;校园安防,一贯制未分段,否,否
0035a4d8a3406a8944a1b15b41357e3b3fad,晋江市紫华中学采购项目-空调公开招标招标公告,2026-07-21,福建省,,采购/资审公告,泉州市公共资源交易中心,https://www.ggzy.gov.cn/information/deal/html/a/350000/0201/20260721/0035a4d8a3406a8944a1b15b41357e3b3fad.html,工程配套,其他,工程配套,一贯制未分段,否,否
004308234aaaf6364b269f0608c111bca9d8,永顺一中学生宿舍维修及设备购置项目,2026-07-21,湖南省,,采购/资审公告,,https://www.ggzy.gov.cn/information/deal/html/a/430000/0201/20260721/004308234aaaf6364b269f0608c111bca9d8.html,校舍维修改造,校舍维修改造,校舍维修改造,一贯制未分段,否,否
00138eac3b0d6b054f81a149fad1b8521368,赵县石塔中学赵县石塔中学教室、宿舍、操场等维修改造提升工程竞争性磋商公告,2026-07-21,河北省,,采购/资审公告,石家庄公共资源交易网,https://www.ggzy.gov.cn/information/deal/html/a/130000/0201/20260721/00138eac3b0d6b054f81a149fad1b8521368.html,校舍维修改造,校舍维修改造,校舍维修改造,一贯制未分段,否,否
0065c223690eeec84d1b925916c7f594cd8a,哈密市第十中学修建换热站及更换暖气主管网项目竞争性磋商公告,2026-07-21,新疆维吾尔自治区,,采购/资审公告,新疆维吾尔自治区公共资源交易平台,https://www.ggzy.gov.cn/information/deal/html/a/650000/0201/20260721/0065c223690eeec84d1b925916c7f594cd8a.html,其他,其他,,一贯制未分段,否,否
0043832e48da09a94adc8529508e8ef1c8f1,长沙县一中花园中学班班通、校园网络、广播等设施设备采购招标公告,2026-07-21,湖南省,,采购/资审公告,,https://www.ggzy.gov.cn/information/deal/html/a/430000/0201/20260721/0043832e48da09a94adc8529508e8ef1c8f1.html,其他,其他,,一贯制未分段,否,否
0043c2963a4cfe89459d9fab840013b9145c,市二中学公寓准军事化管理（2026-2029年三年）竞争性磋商公告,2026-07-21,辽宁省,,采购/资审公告,,https://www.ggzy.gov.cn/information/deal/html/a/210000/0201/20260721/0043c2963a4cfe89459d9fab840013b9145c.html,其他,其他,,一贯制未分段,否,否
0013b91ec1cd395a43f29fd073512eeffcb7,河北省玉田县第二中学玉田县第二中学教学楼、宿舍楼老旧门窗改造工程竞争性磋商公告,2026-07-21,河北省,,采购/资审公告,,https://www.ggzy.gov.cn/information/deal/html/a/130000/0201/20260721/0013b91ec1cd395a43f29fd073512eeffcb7.html,校舍维修改造,校舍维修改造,校舍维修改造;工程配套,一贯制未分段,否,否
0032fb626dfedbdb4507a396cca5e0698aa1,2026年扬州市第一中学食堂改造项目采购公告,2026-07-21,江苏省,,采购/资审公告,,https://www.ggzy.gov.cn/information/deal/html/a/320000/0201/20260721/0032fb626dfedbdb4507a396cca5e0698aa1.html,校舍维修改造,校舍维修改造,校舍维修改造;食堂设备,一贯制未分段,否,否
003283a817a44097430da1d1a8cfc3a02eec,徐州市贾汪区教育局2026年潘安湖初级中学校区学位扩容改造工程竞争性磋商公告,2026-07-21,江苏省,,采购/资审公告,,https://www.ggzy.gov.cn/information/deal/html/a/320000/0201/20260721/003283a817a44097430da1d1a8cfc3a02eec.html,校舍维修改造,校舍维修改造,校舍维修改造,教育局统筹,否,否
0062522b0266ba364609a3ee4e4083d944a6,甘肃省庆阳第一中学2026级学生校服采购项目公开招标公告,2026-07-21,甘肃省,,采购/资审公告,庆阳市公共资源交易平台,https://www.ggzy.gov.cn/information/deal/html/a/620000/0201/20260721/0062522b0266ba364609a3ee4e4083d944a6.html,校服,校服,校服,一贯制未分段,否,否
0042bbb44c54acad4763965b3ce3af6a9e26,保康县第一中学教学设备采购项目招标公告,2026-07-21,湖北省,,采购/资审公告,湖北省政府采购网,https://www.ggzy.gov.cn/information/deal/html/a/420000/0201/20260721/0042bbb44c54acad4763965b3ce3af6a9e26.html,教学仪器,教学仪器,教学仪器,一贯制未分段,否,否
00423da044be07bc4dc68d0ffb12e02dfdd7,武汉市卓刀泉中学张家湾分校2026-2027年食堂劳务公开招标公告,2026-07-21,湖北省,,采购/资审公告,湖北省政府采购网,https://www.ggzy.gov.cn/information/deal/html/a/420000/0201/20260721/00423da044be07bc4dc68d0ffb12e02dfdd7.html,食堂设备,食堂设备,食堂设备;后勤服务,一贯制未分段,否,否
0022c138ee2c38e94779996a84a4f83c5699,吉林省建设项目招标有限责任公司关于农安县第五中学教学楼维修及硬化项目的竞争性磋商公告,2026-07-21,吉林省,,采购/资审公告,长春市公共资源交易中心(新),https://www.ggzy.gov.cn/information/deal/html/a/220000/0201/20260721/0022c138ee2c38e94779996a84a4f83c5699.html,校舍维修改造,校舍维修改造,校舍维修改造,一贯制未分段,否,否
002237e6bf746cff42ddab3cdb9ae2ef0e3b,吉林市政府采购中心关于吉化第三中学校购置教育服务及后勤服务项目的竞争性磋商公告,2026-07-21,吉林省,,采购/资审公告,吉林市公共资源交易网上招投标系统,https://www.ggzy.gov.cn/information/deal/html/a/220000/0201/20260721/002237e6bf746cff42ddab3cdb9ae2ef0e3b.html,后勤服务,其他,后勤服务,一贯制未分段,否,否
00329878e36b06094cf28de03466988d68ac,无锡市公共资源交易中心关于江苏省天一中学新吴分校2026年度物业服务采购项目采购公告JSZC-320200-JZCG-G2026-0061,2026-07-21,江苏省,,采购/资审公告,,https://www.ggzy.gov.cn/information/deal/html/a/320000/0201/20260721/00329878e36b06094cf28de03466988d68ac.html,后勤服务,其他,后勤服务,一贯制未分段,否,否
0032658a97a32d324a499fbd170f31fea852,无锡市新吴区文博实验中学物业管理服务项目采购公告,2026-07-21,江苏省,,采购/资审公告,,https://www.ggzy.gov.cn/information/deal/html/a/320000/0201/20260721/0032658a97a32d324a499fbd170f31fea852.html,后勤服务,其他,后勤服务,一贯制未分段,否,否
003204ffcdd360cf40b38570a18f4f4c41db,灌云县高新区高级中学建设项目音体美器材采购安装项目（专门面向中小企业）采购公告,2026-07-21,江苏省,,采购/资审公告,,https://www.ggzy.gov.cn/information/deal/html/a/320000/0201/20260721/003204ffcdd360cf40b38570a18f4f4c41db.html,音体美器材,音体美器材,音体美器材,高中,否,否
0022b66b24303e754e6194342106b0f6d257,东辽县政府采购中心关于东辽县第一高级中学校异地新建项目购买学生床铺的公开招标公告,2026-07-21,吉林省,,采购/资审公告,辽源市公共资源交易中心(新),https://www.ggzy.gov.cn/information/deal/html/a/220000/0201/20260721/0022b66b24303e754e6194342106b0f6d257.html,校舍维修改造,校舍维修改造,校舍维修改造;课桌椅,高中,否,否
0013b91d7132a8f24606840032d6b67225c3,赵县第六中学食堂餐厅、供暖设施等改造提升工程竞争性磋商公告,2026-07-21,河北省,,采购/资审公告,石家庄公共资源交易网,https://www.ggzy.gov.cn/information/deal/html/a/130000/0201/20260721/0013b91d7132a8f24606840032d6b67225c3.html,校舍维修改造,校舍维修改造,校舍维修改造;食堂设备,一贯制未分段,否,否
0015c66e57717a364eff9d1ab30e3f9e6562,鄂托克旗教育体育局鄂托克旗第二中学综合楼实验室设备采购项目（理化生教室、科技教室、通用教室、综合学科教室设备）招标公告,2026-07-21,内蒙古自治区,,采购/资审公告,,https://www.ggzy.gov.cn/information/deal/html/a/150000/0201/20260721/0015c66e57717a364eff9d1ab30e3f9e6562.html,实验室设备,实验室设备,实验室设备,教育局统筹,否,否
0013f2cacf769e9d472793d6ca9628e18047,河北师范大学附属中学智慧中考体育器材购置项目公开招标公告,2026-07-21,河北省,,采购/资审公告,河北省公共资源交易中心网站,https://www.ggzy.gov.cn/information/deal/html/a/130000/0201/20260721/0013f2cacf769e9d472793d6ca9628e18047.html,音体美器材,音体美器材,音体美器材,一贯制未分段,否,否
0015f39db8741e8f4f93984a1ed2dfb9d79e,通辽市第五中学硅PU（篮球、排球）运动场地项目竞争性磋商公告,2026-07-21,内蒙古自治区,,采购/资审公告,,https://www.ggzy.gov.cn/information/deal/html/a/150000/0201/20260721/0015f39db8741e8f4f93984a1ed2dfb9d79e.html,校舍维修改造,校舍维修改造,校舍维修改造;工程配套,一贯制未分段,否,否
0041ae675e8542ad46e9918a31e45649be11,漯河实验高级中学教室空调采购-竞争性磋商公告,2026-07-21,河南省,,采购/资审公告,漯河市公共资源交易中心,https://www.ggzy.gov.cn/information/deal/html/a/410000/0201/20260721/0041ae675e8542ad46e9918a31e45649be11.html,工程配套,其他,工程配套,高中,否,否
006346c21e1b056c4dab846b81601bcd8ad5,西宁市虎台中学物业管理服务的公开招标公告,2026-07-21,青海省,,采购/资审公告,青海省公共资源交易网,https://www.ggzy.gov.cn/information/deal/html/a/630000/0201/20260721/006346c21e1b056c4dab846b81601bcd8ad5.html,后勤服务,其他,后勤服务,一贯制未分段,否,否
0052c3bfe8cf0c8545c99af19dbc5036d5a0,镇宁自治县2026年高中学校维修改造项目（施工）B包、A包,2026-07-21,贵州省,,采购/资审公告,安顺市公共资源交易中心,https://www.ggzy.gov.cn/information/deal/html/a/520000/0201/20260721/0052c3bfe8cf0c8545c99af19dbc5036d5a0.html,校舍维修改造,校舍维修改造,校舍维修改造,高中,否,否
0053a28733fd960b4b098f69c938b6aafab6,楚雄彝族自治州彝海高级中学校园绿化保洁等物业管理服务采购项目公开招标公告,2026-07-21,云南省,,采购/资审公告,,https://www.ggzy.gov.cn/information/deal/html/a/530000/0201/20260721/0053a28733fd960b4b098f69c938b6aafab6.html,后勤服务,其他,后勤服务;工程配套,高中,否,否
0051fc0c893fc89c4e098be51f9063b94a3d,四川省泸州高级中学校监控设备购置招标公告,2026-07-21,四川省,,采购/资审公告,,https://www.ggzy.gov.cn/information/deal/html/a/510000/0201/20260721/0051fc0c893fc89c4e098be51f9063b94a3d.html,校园安防,校园安防,校园安防,高中,否,否
004333d2f8f66f3f40bbb7f0b0e9046ebfcd,龙山县皇仓中学电脑、打印机等目录内设备采购项目,2026-07-21,湖南省,,采购/资审公告,,https://www.ggzy.gov.cn/information/deal/html/a/430000/0201/20260721/004333d2f8f66f3f40bbb7f0b0e9046ebfcd.html,信息化设备,信息化设备,信息化设备,一贯制未分段,是,否
0052aded9b51a8ba4e4ba44a20bd478b5c98,威宁自治县民族初级中学教学楼及综合楼维修改造项目采购公告,2026-07-21,贵州省,,采购/资审公告,毕节市公共资源交易中心,https://www.ggzy.gov.cn/information/deal/html/a/520000/0201/20260721/0052aded9b51a8ba4e4ba44a20bd478b5c98.html,校舍维修改造,校舍维修改造,校舍维修改造,初中,否,否
0052913bb9f1d04d4fb194611143eb926b35,威宁自治县哲觉镇哲觉中学一二三号学生宿舍、一二号教学楼及综合楼维修改造项目采购公告,2026-07-21,贵州省,,采购/资审公告,毕节市公共资源交易中心,https://www.ggzy.gov.cn/information/deal/html/a/520000/0201/20260721/0052913bb9f1d04d4fb194611143eb926b35.html,校舍维修改造,校舍维修改造,校舍维修改造,一贯制未分段,否,否
0043fe0b10de6ab34e14b60aca8226ad09e1,邵阳市第九中学食堂食材采购项目（第二次）公开招标公告,2026-07-21,湖南省,,采购/资审公告,,https://www.ggzy.gov.cn/information/deal/html/a/430000/0201/20260721/0043fe0b10de6ab34e14b60aca8226ad09e1.html,食堂设备,食堂设备,食堂设备;后勤服务,一贯制未分段,否,否
0013bd78523cb2de4c60b0a631abc574058f,河北隆尧第一中学宿舍管理服务项目(二次)招标公告,2026-07-21,河北省,,采购/资审公告,邢台市公共资源交易中心,https://www.ggzy.gov.cn/information/deal/html/a/130000/0201/20260721/0013bd78523cb2de4c60b0a631abc574058f.html,后勤服务,其他,后勤服务,一贯制未分段,否,否
0011cdfbfd80841c49199f425bdc340db58d,北京市第十九中学申报“北京市第十九中学物业管理及绿化服务采购项目”政府采购项目公开招标公告,2026-07-21,北京,,采购/资审公告,北京市政府采购网,https://www.ggzy.gov.cn/information/deal/html/a/110000/0201/20260721/0011cdfbfd80841c49199f425bdc340db58d.html,后勤服务,其他,后勤服务;工程配套,一贯制未分段,否,否
0011f8795f6c919d4f8f8e426f90439a3ce3,平谷区山东庄中学操场维修改造工程竞争性磋商公告,2026-07-21,北京,,采购/资审公告,北京市政府采购网,https://www.ggzy.gov.cn/information/deal/html/a/110000/0201/20260721/0011f8795f6c919d4f8f8e426f90439a3ce3.html,校舍维修改造,校舍维修改造,校舍维修改造,一贯制未分段,否,否
0042c7a0a5a2a6164105b80d139a08d425ac,武汉市石牌岭高级职业中学采购食堂劳务服务公开招标公告,2026-07-21,湖北省,,采购/资审公告,湖北省政府采购网,https://www.ggzy.gov.cn/information/deal/html/a/420000/0201/20260721/0042c7a0a5a2a6164105b80d139a08d425ac.html,食堂设备,食堂设备,食堂设备;后勤服务,一贯制未分段,否,否
0065d7e1d756ac114562b611858422a27f30,温泉高级中学2026-2027学年食堂运营管理服务采购（三次）竞争性磋商公告,2026-07-21,新疆维吾尔自治区,,采购/资审公告,新疆维吾尔自治区公共资源交易平台,https://www.ggzy.gov.cn/information/deal/html/a/650000/0201/20260721/0065d7e1d756ac114562b611858422a27f30.html,食堂设备,食堂设备,食堂设备,高中,否,否
00519e1038d10c944019bb2edb6a7c8f12cb,邛崃市第一中学校教师办公计算机询价公告,2026-07-21,四川省,,采购/资审公告,,https://www.ggzy.gov.cn/information/deal/html/a/510000/0201/20260721/00519e1038d10c944019bb2edb6a7c8f12cb.html,信息化设备,信息化设备,信息化设备,一贯制未分段,是,否
004557798a7ddd7a44d4bda2ed772a88ed8f,广西御和投资有限公司关于巴马瑶族自治县高级中学“深研引航 智教助力”赋能巴高学子成长项目的公开招标公告,2026-07-21,广西壮族自治区,,采购/资审公告,广西壮族自治区公共资源电子交易系统,https://www.ggzy.gov.cn/information/deal/html/a/450000/0201/20260721/004557798a7ddd7a44d4bda2ed772a88ed8f.html,其他,其他,,高中,否,否
0051351152a45ec64e01a12578901a5b2a17,四川省成都市玉林中学2026年玉林中学紫荆校区标准化考场建设项目（新采）招标公告,2026-07-21,四川省,,采购/资审公告,,https://www.ggzy.gov.cn/information/deal/html/a/510000/0201/20260721/0051351152a45ec64e01a12578901a5b2a17.html,其他,其他,,一贯制未分段,否,否
00625ba3f23b9f2f4032ba0160ee9488908d,白银市白银区培文中学宿舍设备购置项目-公开招标招标公告,2026-07-21,甘肃省,,采购/资审公告,白银市公共资源交易平台,https://www.ggzy.gov.cn/information/deal/html/a/620000/0201/20260721/00625ba3f23b9f2f4032ba0160ee9488908d.html,其他,其他,,一贯制未分段,否,否
00419066cd0e16134076b5127aa8f4cb6a90,新乡市红旗区第一中学教学办公设备及实验室配套设施采购项目-竞争性谈判公告,2026-07-21,河南省,,采购/资审公告,,https://www.ggzy.gov.cn/information/deal/html/a/410000/0201/20260721/00419066cd0e16134076b5127aa8f4cb6a90.html,实验室设备,实验室设备,实验室设备,一贯制未分段,否,否
004119199bbbc26a473193b69bb97ded0fdf,河南省潢川高级中学碧湖校区设备购置项目-公开招标公告,2026-07-21,河南省,,采购/资审公告,,https://www.ggzy.gov.cn/information/deal/html/a/410000/0201/20260721/004119199bbbc26a473193b69bb97ded0fdf.html,其他,其他,,高中,否,否
00442b5c5071af4f41db97a12bbe0dd9b986,深圳益新中学教师宿舍家具采购项目（A）招标公告,2026-07-21,广东省,,采购/资审公告,,https://www.ggzy.gov.cn/information/deal/html/a/440000/0201/20260721/00442b5c5071af4f41db97a12bbe0dd9b986.html,课桌椅,课桌椅,课桌椅,一贯制未分段,否,否
0043115b6b24f88144c2a57754cf4098a38c,邵阳市第十中学2026-2027学年食堂大宗食材采购项目招标公告,2026-07-21,湖南省,,采购/资审公告,,https://www.ggzy.gov.cn/information/deal/html/a/430000/0201/20260721/0043115b6b24f88144c2a57754cf4098a38c.html,食堂设备,食堂设备,食堂设备;后勤服务,一贯制未分段,否,否
0015835b95abadfe47b2a334798ee54559e2,包头师范学院附属中学新建教学楼教学配套设施---数字化阅览室、篮球场及体育馆设备采购项目竞争性磋商公告,2026-07-21,内蒙古自治区,,采购/资审公告,,https://www.ggzy.gov.cn/information/deal/html/a/150000/0201/20260721/0015835b95abadfe47b2a334798ee54559e2.html,信息化,信息化,信息化;校舍维修改造;工程配套,一贯制未分段,是,否
0015a678a01a543f496dac68f5324748a707,鄂尔多斯市东胜区第一中学南校区旧房加固改造工程竞争性磋商公告,2026-07-21,内蒙古自治区,,采购/资审公告,,https://www.ggzy.gov.cn/information/deal/html/a/150000/0201/20260721/0015a678a01a543f496dac68f5324748a707.html,校舍维修改造,校舍维修改造,校舍维修改造,一贯制未分段,否,否
0032fdd47aa8c1094c50b0524ef82883b256,南京市雨花台中学岱山校区2026年运动场人造草坪、塑胶跑道采购及相关服务采购公告,2026-07-21,江苏省,,采购/资审公告,,https://www.ggzy.gov.cn/information/deal/html/a/320000/0201/20260721/0032fdd47aa8c1094c50b0524ef82883b256.html,校舍维修改造,校舍维修改造,校舍维修改造;工程配套,一贯制未分段,否,否
0051cd6f579fe7c943b685a1dead7f89aa00,四川省宜宾市第三中学校长江校区篮球场地地面改造项目(二次)竞争性谈判公告,2026-07-21,四川省,,采购/资审公告,,https://www.ggzy.gov.cn/information/deal/html/a/510000/0201/20260721/0051cd6f579fe7c943b685a1dead7f89aa00.html,校舍维修改造,校舍维修改造,校舍维修改造;工程配套,一贯制未分段,否,否
0042e7bad7f6254b4d17add2d1be8bfa7b70,应城市第一高级中学教学楼维修改造项目（艺术楼）竞争性磋商公告,2026-07-21,湖北省,,采购/资审公告,湖北省政府采购网,https://www.ggzy.gov.cn/information/deal/html/a/420000/0201/20260721/0042e7bad7f6254b4d17add2d1be8bfa7b70.html,校舍维修改造,校舍维修改造,校舍维修改造,高中,否,否
0043073a8040340a4aaaa251cb64c247d78b,长沙市雅礼中学（光达校区）物业管理服务项目招标公告,2026-07-21,湖南省,,采购/资审公告,,https://www.ggzy.gov.cn/information/deal/html/a/430000/0201/20260721/0043073a8040340a4aaaa251cb64c247d78b.html,后勤服务,其他,后勤服务,一贯制未分段,否,否
0032f76545bb0e1a4be9967a9e1bb50c3a88,【铜】铜山区棠张中学校园塑胶操场维修工程竞争性磋商公告,2026-07-21,江苏省,,采购/资审公告,,https://www.ggzy.gov.cn/information/deal/html/a/320000/0201/20260721/0032f76545bb0e1a4be9967a9e1bb50c3a88.html,校舍维修改造,校舍维修改造,校舍维修改造,一贯制未分段,否,否
00438d4598b51551461984af31fe39c3a17e,邵阳市第十三中学食堂食材采购及配送项目公开招标公告,2026-07-21,湖南省,,采购/资审公告,,https://www.ggzy.gov.cn/information/deal/html/a/430000/0201/20260721/00438d4598b51551461984af31fe39c3a17e.html,食堂设备,食堂设备,食堂设备;后勤服务,一贯制未分段,否,否
0052ecaf40658d714bf495dc7ed716527926,贵阳市第十五中学食堂改造项目采购公告,2026-07-21,贵州省,,采购/资审公告,贵阳市公共资源交易中心,https://www.ggzy.gov.cn/information/deal/html/a/520000/0201/20260721/0052ecaf40658d714bf495dc7ed716527926.html,校舍维修改造,校舍维修改造,校舍维修改造;食堂设备,一贯制未分段,否,否
004395f0a18ecd8f4d008b9177372c083b6b,冷水江市第六中学新建训练场馆建设(室外球场)项目招标公告,2026-07-21,湖南省,,采购/资审公告,,https://www.ggzy.gov.cn/information/deal/html/a/430000/0201/20260721/004395f0a18ecd8f4d008b9177372c083b6b.html,校舍维修改造,校舍维修改造,校舍维修改造,一贯制未分段,否,否
0052bdfaf587f07e44f7bdf53e3c7fcb9b45,贵阳市第二十六中学食堂改造项目采购公告,2026-07-21,贵州省,,采购/资审公告,贵阳市公共资源交易中心,https://www.ggzy.gov.cn/information/deal/html/a/520000/0201/20260721/0052bdfaf587f07e44f7bdf53e3c7fcb9b45.html,校舍维修改造,校舍维修改造,校舍维修改造;食堂设备,一贯制未分段,否,否
001424bdebc921e5452098b26e71e7dbb3b0,太原市成成中学校公寓床、存储柜和学生课桌凳等家具公开招标采购的采购公告,2026-07-21,山西省,,采购/资审公告,,https://www.ggzy.gov.cn/information/deal/html/a/140000/0201/20260721/001424bdebc921e5452098b26e71e7dbb3b0.html,课桌椅,课桌椅,课桌椅,一贯制未分段,否,否
0015da3d0916fcae47ecb5b3dcc39d800e9e,扎兰屯市公安局交通管理大队扎兰屯市吊桥公园、第一中学路口建设交通信号灯项目询价公告,2026-07-21,内蒙古自治区,,采购/资审公告,,https://www.ggzy.gov.cn/information/deal/html/a/150000/0201/20260721/0015da3d0916fcae47ecb5b3dcc39d800e9e.html,其他,其他,,一贯制未分段,否,否
0014b292467a1428457f9ebff9a357862959,太原市第六十一中学校教学楼消防专项整治项目竞争性磋商采购的采购公告,2026-07-21,山西省,,采购/资审公告,,https://www.ggzy.gov.cn/information/deal/html/a/140000/0201/20260721/0014b292467a1428457f9ebff9a357862959.html,校园安防,校园安防,校园安防,一贯制未分段,否,否
0035fc29a289b1804958878b81921ea69beb,南平剑津中学计算机室建设项目公开招标招标公告,2026-07-21,福建省,,采购/资审公告,南平市招标投标服务中心,https://www.ggzy.gov.cn/information/deal/html/a/350000/0201/20260721/0035fc29a289b1804958878b81921ea69beb.html,信息化设备,信息化设备,信息化设备,一贯制未分段,是,否
00414283c664dcfc4ac1bc2912c0ca84e37f,鹿邑县第二高级中学校安装宿舍及教学楼空调项目-竞争性谈判公告,2026-07-21,河南省,,采购/资审公告,,https://www.ggzy.gov.cn/information/deal/html/a/410000/0201/20260721/00414283c664dcfc4ac1bc2912c0ca84e37f.html,工程配套,其他,工程配套,高中,否,否
001361c3c507c9df427cad53de38e989afa7,张北县第二中学“第二课堂”教学展演设备采购项目公开招标公告,2026-07-21,河北省,,采购/资审公告,张家口公共资源交易综合信息平台,https://www.ggzy.gov.cn/information/deal/html/a/130000/0201/20260721/001361c3c507c9df427cad53de38e989afa7.html,其他,其他,,一贯制未分段,否,否
0043ea17541fcaf24c9eb5c886b2eb5715db,长沙县实验中学长沙县实验中学物业管理服务采购项目招标公告,2026-07-21,湖南省,,采购/资审公告,,https://www.ggzy.gov.cn/information/deal/html/a/430000/0201/20260721/0043ea17541fcaf24c9eb5c886b2eb5715db.html,后勤服务,其他,后勤服务,一贯制未分段,否,否
002299e41073478548a69a156dd0b5977fce,吉林省实验中学食堂设施维修改造工程项目竞争性磋商公告,2026-07-21,吉林省,,采购/资审公告,吉林省公共资源交易信息网,https://www.ggzy.gov.cn/information/deal/html/a/220000/0201/20260721/002299e41073478548a69a156dd0b5977fce.html,校舍维修改造,校舍维修改造,校舍维修改造;食堂设备,一贯制未分段,否,否
00154d85c93fd1cf457b9f109d9cce234847,乌兰浩特市第四中学校舍及附属设施维修项目（教学楼、食堂、宿舍改造工程）竞争性磋商公告,2026-07-21,内蒙古自治区,,采购/资审公告,,https://www.ggzy.gov.cn/information/deal/html/a/150000/0201/20260721/00154d85c93fd1cf457b9f109d9cce234847.html,校舍维修改造,校舍维修改造,校舍维修改造;食堂设备,一贯制未分段,否,否
00135d2075f400fc4b8496a9a57d1393d7e4,张家口市第十中学军事化管理服务项目公开招标公告,2026-07-21,河北省,,采购/资审公告,张家口公共资源交易综合信息平台,https://www.ggzy.gov.cn/information/deal/html/a/130000/0201/20260721/00135d2075f400fc4b8496a9a57d1393d7e4.html,其他,其他,,一贯制未分段,否,否
0015d602434c796b4610bb28dee9b3a05642,呼和浩特市第二中学2026年厨房设备采购项目招标公告,2026-07-21,内蒙古自治区,,采购/资审公告,,https://www.ggzy.gov.cn/information/deal/html/a/150000/0201/20260721/0015d602434c796b4610bb28dee9b3a05642.html,食堂设备,食堂设备,食堂设备,一贯制未分段,否,否
0015ca8a504643ee4320ab79f07b9eeaa74a,包头市第四中学操场改造项目竞争性磋商公告,2026-07-21,内蒙古自治区,,采购/资审公告,,https://www.ggzy.gov.cn/information/deal/html/a/150000/0201/20260721/0015ca8a504643ee4320ab79f07b9eeaa74a.html,校舍维修改造,校舍维修改造,校舍维修改造,一贯制未分段,否,否
00619e71ec6037524dc583d70963e4e1bce4,延安市宝塔区第四中学餐饮服务团队政府采购项目采购公告,2026-07-21,陕西省,,采购/资审公告,全国公共资源交易平台（陕西省）,https://www.ggzy.gov.cn/information/deal/html/a/610000/0201/20260721/00619e71ec6037524dc583d70963e4e1bce4.html,后勤服务,其他,后勤服务,一贯制未分段,否,否
0037d9e9ea2c40bd460f896b55c30ca4e540,莒县文心高级中学2026级新生校服采购项目招标公告,2026-07-21,山东省,,采购/资审公告,日照市公共资源电子交易平台,https://www.ggzy.gov.cn/information/deal/html/a/370000/0201/20260721/0037d9e9ea2c40bd460f896b55c30ca4e540.html,校服,校服,校服,高中,否,否
00375243ad8f79a6410eb0f1e75632bccd76,莒县文心高级中学2026级新生床上用品采购项目招标公告,2026-07-21,山东省,,采购/资审公告,日照市公共资源电子交易平台,https://www.ggzy.gov.cn/information/deal/html/a/370000/0201/20260721/00375243ad8f79a6410eb0f1e75632bccd76.html,其他,其他,,高中,否,否
0037e6b711dbb8024067a244298301c867d6,山东省日照实验高级中学拔尖创新人才培养项目（二）竞争性磋商公告,2026-07-21,山东省,,采购/资审公告,日照市公共资源电子交易平台,https://www.ggzy.gov.cn/information/deal/html/a/370000/0201/20260721/0037e6b711dbb8024067a244298301c867d6.html,其他,其他,,高中,否,否
0014c71343305c674341985c5ffcb0ce2f86,黎城县第一中学校竞争性磋商黎城县高级中学建设项目建设管理服务的采购公告,2026-07-21,山西省,,采购/资审公告,,https://www.ggzy.gov.cn/information/deal/html/a/140000/0201/20260721/0014c71343305c674341985c5ffcb0ce2f86.html,其他,其他,,高中,否,否
00332d891dfea970465ca7f4c0e539506d10,浙江新世纪工程咨询有限公司关于衢州市兴华中学食堂劳务外包项目(2026学年、2027学年)的公开招标公告,2026-07-21,浙江省,,采购/资审公告,衢州市公共资源交易网,https://www.ggzy.gov.cn/information/deal/html/a/330000/0201/20260721/00332d891dfea970465ca7f4c0e539506d10.html,食堂设备,食堂设备,食堂设备;后勤服务,一贯制未分段,否,否
004103a593646efa4ec6a961de1deab19acc,辉县市第一初级中学实验楼加固项目-竞争性谈判公告,2026-07-21,河南省,,采购/资审公告,,https://www.ggzy.gov.cn/information/deal/html/a/410000/0201/20260721/004103a593646efa4ec6a961de1deab19acc.html,其他,其他,,初中,否,否
0033d1a5dcf99ebb47e7b50e54c09a1c29f4,温州德臻招标代理有限公司关于温州水心高级中学理化生通用实验室采购的公开招标公告,2026-07-21,浙江省,,采购/资审公告,温州市公共资源交易网,https://www.ggzy.gov.cn/information/deal/html/a/330000/0201/20260721/0033d1a5dcf99ebb47e7b50e54c09a1c29f4.html,实验室设备,实验室设备,实验室设备,高中,否,否
003306914c972756472fa06ee2664986fb11,浙江中正工程项目管理有限公司关于开化中学高三教师教学能力提升培训项目二次的公开招标公告,2026-07-21,浙江省,,采购/资审公告,衢州市公共资源交易网,https://www.ggzy.gov.cn/information/deal/html/a/330000/0201/20260721/003306914c972756472fa06ee2664986fb11.html,培训,培训,培训,一贯制未分段,是,否
00610890d59a5ea947178b359c7a10716828,陇县中学学生公寓楼管理和校园保洁服务项目.采购公告,2026-07-21,陕西省,,采购/资审公告,全国公共资源交易平台（陕西省）,https://www.ggzy.gov.cn/information/deal/html/a/610000/0201/20260721/00610890d59a5ea947178b359c7a10716828.html,其他,其他,,一贯制未分段,否,否
00330cf1bfcc602f4d329fc6a183285a53b9,浙江建科工程项目管理有限公司关于浙江省萧山中学智慧教室硬件更新项目政府采购的公开招标公告,2026-07-21,浙江省,,采购/资审公告,杭州市公共资源交易网,https://www.ggzy.gov.cn/information/deal/html/a/330000/0201/20260721/00330cf1bfcc602f4d329fc6a183285a53b9.html,其他,其他,,一贯制未分段,否,否
006164c90fbfc2bb442285bb420665d46698,凤县凤州初级中学安全教育基地项目采购公告,2026-07-21,陕西省,,采购/资审公告,全国公共资源交易平台（陕西省）,https://www.ggzy.gov.cn/information/deal/html/a/610000/0201/20260721/006164c90fbfc2bb442285bb420665d46698.html,其他,其他,,初中,否,否
00368bcad90492124acda98278eb6c180473,宁都县第一初级中学教学楼修缮及卫生设施提升工程项目竞争性磋商公告,2026-07-21,江西省,,采购/资审公告,赣州市公共资源交易中心,https://www.ggzy.gov.cn/information/deal/html/a/360000/0201/20260721/00368bcad90492124acda98278eb6c180473.html,校舍维修改造,校舍维修改造,校舍维修改造,初中,否,否
00367727cbf0b9a2499f82c1a792b4e67609,定南县政务服务中心关于定南县教育体育局定南中学北校区一号教学楼设备（采购编号：DNJC2026-G02）公开招标公告,2026-07-21,江西省,,采购/资审公告,赣州市公共资源交易中心,https://www.ggzy.gov.cn/information/deal/html/a/360000/0201/20260721/00367727cbf0b9a2499f82c1a792b4e67609.html,其他,其他,,教育局统筹,否,否
00364812f6897dca49d3ae3537a984769eb2,萍乡中学翠湖校区体育馆运动木地板采购项目,2026-07-21,江西省,,采购/资审公告,萍乡市公共资源交易中心,https://www.ggzy.gov.cn/information/deal/html/a/360000/0201/20260721/00364812f6897dca49d3ae3537a984769eb2.html,其他,其他,,一贯制未分段,否,否
00360fc644fc903041cf8085523201727f90,江西卓诚项目管理有限公司关于吉安县第二中学食堂宿舍楼电梯采购竞争性磋商公告,2026-07-21,江西省,,采购/资审公告,吉安市公共资源交易中心,https://www.ggzy.gov.cn/information/deal/html/a/360000/0201/20260721/00360fc644fc903041cf8085523201727f90.html,食堂设备,食堂设备,食堂设备;工程配套,一贯制未分段,否,否
00360a3528eef7444806b2dcd9373bc4489b,江西川海项目管理有限公司赣川海政采字2026-03号关于湖滨中学食堂设备采购项目竞争性磋商公告,2026-07-21,江西省,,采购/资审公告,吉安市公共资源交易中心,https://www.ggzy.gov.cn/information/deal/html/a/360000/0201/20260721/00360a3528eef7444806b2dcd9373bc4489b.html,食堂设备,食堂设备,食堂设备,一贯制未分段,否,否
002164be432eb804491bab6e51c4c6e1f3bc,调兵山市第一高级中学设施设备搬迁服务项目竞争性磋商公告,2026-07-21,辽宁省,,采购/资审公告,辽宁政府采购网,https://www.ggzy.gov.cn/information/deal/html/a/210000/0201/20260721/002164be432eb804491bab6e51c4c6e1f3bc.html,其他,其他,,高中,否,否
00215e1bb0a652dc4e4ea0ed1aabcc8c8093,沈阳市第一0三中学食堂委托服务招标公告,2026-07-21,辽宁省,,采购/资审公告,辽宁政府采购网,https://www.ggzy.gov.cn/information/deal/html/a/210000/0201/20260721/00215e1bb0a652dc4e4ea0ed1aabcc8c8093.html,食堂设备,食堂设备,食堂设备,一贯制未分段,否,否
00363e4a3c5baf054cc1adb169d84a788569,遂川县思源中学报告厅设施及设备采购,2026-07-21,江西省,,采购/资审公告,吉安市公共资源交易中心,https://www.ggzy.gov.cn/information/deal/html/a/360000/0201/20260721/00363e4a3c5baf054cc1adb169d84a788569.html,其他,其他,,一贯制未分段,否,否
0054bfaa7a4b08a04357ad01ea8616a4c402,墨脱县中学维修工程磋商公告,2026-07-20,西藏自治区,,采购/资审公告,,https://www.ggzy.gov.cn/information/deal/html/a/540000/0201/20260720/0054bfaa7a4b08a04357ad01ea8616a4c402.html,校舍维修改造,校舍维修改造,校舍维修改造,一贯制未分段,否,否
0014d28cbdd319db497bb665758e3d9245f3,大同市云州区第一中学校院道路、场地更新修缮项目的采购公告,2026-07-20,山西省,,采购/资审公告,,https://www.ggzy.gov.cn/information/deal/html/a/140000/0201/20260720/0014d28cbdd319db497bb665758e3d9245f3.html,校舍维修改造,校舍维修改造,校舍维修改造,一贯制未分段,否,否
00624a3df23a7f6b4eb5ba4dcd47a416ccf1,兰州市第二十七中学信息化建设项目公开招标公告,2026-07-20,甘肃省,,采购/资审公告,兰州市公共资源交易平台,https://www.ggzy.gov.cn/information/deal/html/a/620000/0201/20260720/00624a3df23a7f6b4eb5ba4dcd47a416ccf1.html,信息化,信息化,信息化,一贯制未分段,是,否
0035e0cef383ece44dafbd968fa49d0ef049,泉州市第九中学城东校区2026年教学仪器设备采购竞争性谈判公告,2026-07-20,福建省,,采购/资审公告,泉州市公共资源交易中心,https://www.ggzy.gov.cn/information/deal/html/a/350000/0201/20260720/0035e0cef383ece44dafbd968fa49d0ef049.html,教学仪器,教学仪器,教学仪器,一贯制未分段,否,否
005150e2438453544ed78cf7bd821d0a72e6,攀枝花市仁和区教育和体育局攀枝花市大河中学校采购学生床询价公告,2026-07-20,四川省,,采购/资审公告,,https://www.ggzy.gov.cn/information/deal/html/a/510000/0201/20260720/005150e2438453544ed78cf7bd821d0a72e6.html,课桌椅,课桌椅,课桌椅,教育局统筹,否,否
0035819c205e0c514b169c76cdd96256a1a1,晋江市第十中学一期办公设备及机房建设采购公开招标招标公告,2026-07-20,福建省,,采购/资审公告,泉州市公共资源交易中心,https://www.ggzy.gov.cn/information/deal/html/a/350000/0201/20260720/0035819c205e0c514b169c76cdd96256a1a1.html,信息化设备,信息化设备,信息化设备,一贯制未分段,是,否
00354bc76eac366142b99a2fdab734cc9a70,福建省南安国光中学高中部学生宿舍准军事化管理服务项目竞争性磋商公告,2026-07-20,福建省,,采购/资审公告,泉州市公共资源交易中心,https://www.ggzy.gov.cn/information/deal/html/a/350000/0201/20260720/00354bc76eac366142b99a2fdab734cc9a70.html,其他,其他,,高中,否,否
00468d2d769f6fe34d96ae91902258a6d2e6,海口市第一中学高中部2026-2027年物业管理服务公开招标招标公告,2026-07-20,海南省,,采购/资审公告,,https://www.ggzy.gov.cn/information/deal/html/a/460000/0201/20260720/00468d2d769f6fe34d96ae91902258a6d2e6.html,后勤服务,其他,后勤服务,高中,否,否
0014e6751acd1cf341989e9289ced0069e50,黎城县第一中学校竞争性磋商黎城县高级中学配套附属用房建设项目监理的采购公告,2026-07-20,山西省,,采购/资审公告,,https://www.ggzy.gov.cn/information/deal/html/a/140000/0201/20260720/0014e6751acd1cf341989e9289ced0069e50.html,后勤服务,其他,后勤服务,高中,否,否
0065892882b0dc604256aa4d585e53745ce4,乌鲁木齐市第十一中学厕所环境改造工程竞争性磋商公告,2026-07-20,新疆维吾尔自治区,,采购/资审公告,新疆维吾尔自治区公共资源交易平台,https://www.ggzy.gov.cn/information/deal/html/a/650000/0201/20260720/0065892882b0dc604256aa4d585e53745ce4.html,校舍维修改造,校舍维修改造,校舍维修改造,一贯制未分段,否,否
0065cfed7a0433224438a991b5e98ef59978,乌鲁木齐市第十一中学弘志楼内部改造工程竞争性磋商公告,2026-07-20,新疆维吾尔自治区,,采购/资审公告,新疆维吾尔自治区公共资源交易平台,https://www.ggzy.gov.cn/information/deal/html/a/650000/0201/20260720/0065cfed7a0433224438a991b5e98ef59978.html,校舍维修改造,校舍维修改造,校舍维修改造,一贯制未分段,否,否
00643f66f73d291b4f44b75e7da2bc2eebe6,中卫市教育局机关中卫市第三中学化学生物实验室采购项目招标公告,2026-07-20,宁夏回族自治区,,采购/资审公告,宁夏公共资源交易服务平台,https://www.ggzy.gov.cn/information/deal/html/a/640000/0201/20260720/00643f66f73d291b4f44b75e7da2bc2eebe6.html,实验室设备,实验室设备,实验室设备,教育局统筹,否,否
006226f94f5ca7b54a06afeb97f00fcdef22,庆阳第五中学保安服务项目招标公告,2026-07-20,甘肃省,,采购/资审公告,庆阳市公共资源交易平台,https://www.ggzy.gov.cn/information/deal/html/a/620000/0201/20260720/006226f94f5ca7b54a06afeb97f00fcdef22.html,后勤服务,其他,后勤服务,一贯制未分段,否,否
006558f8619f4ff44ab7ba56f0f03ae3fd2f,乌鲁木齐市第127中学新建消防水池、泵房及其配套设施项目（二次）竞争性磋商公告,2026-07-20,新疆维吾尔自治区,,采购/资审公告,新疆维吾尔自治区公共资源交易平台,https://www.ggzy.gov.cn/information/deal/html/a/650000/0201/20260720/006558f8619f4ff44ab7ba56f0f03ae3fd2f.html,校舍维修改造,校舍维修改造,校舍维修改造;校园安防,一贯制未分段,否,否
004484a2db8439654d918cfaa34c1c5fc1ef,东莞高级中学南区食堂食材配送供应服务项目招标公告,2026-07-20,广东省,,采购/资审公告,,https://www.ggzy.gov.cn/information/deal/html/a/440000/0201/20260720/004484a2db8439654d918cfaa34c1c5fc1ef.html,食堂设备,食堂设备,食堂设备;后勤服务,高中,否,否
00655d17e0b544c54c488f38ee2843818e6e,乌什县教育教学质量提升项目-乌什县教育教学质量提升项目（乌什县第二中学）（四次）竞争性谈判公告,2026-07-20,新疆维吾尔自治区,,采购/资审公告,新疆维吾尔自治区公共资源交易平台,https://www.ggzy.gov.cn/information/deal/html/a/650000/0201/20260720/00655d17e0b544c54c488f38ee2843818e6e.html,其他,其他,,一贯制未分段,否,否
0022b222f8b4759e44d989d46c6a8198cc1e,通化县政府采购中心关于通化县第八中学冰雪训练设备及配套服务采购项目的竞争性磋商公告,2026-07-20,吉林省,,采购/资审公告,通化市电子招投标交易平台(新),https://www.ggzy.gov.cn/information/deal/html/a/220000/0201/20260720/0022b222f8b4759e44d989d46c6a8198cc1e.html,其他,其他,,一贯制未分段,否,否
0045ffe6c65a12134146a5c551cfddca73cb,广西睿翼工程咨询有限公司关于大化瑶族自治县第七初级中学（一期）食堂设备采购项目的公开招标公告,2026-07-20,广西壮族自治区,,采购/资审公告,广西壮族自治区公共资源电子交易系统,https://www.ggzy.gov.cn/information/deal/html/a/450000/0201/20260720/0045ffe6c65a12134146a5c551cfddca73cb.html,食堂设备,食堂设备,食堂设备;后勤服务,初中,否,否
004105b28c0c87894b5da484e7c24d8002e8,三门峡市陕州区第一高级中学学生宿舍楼提升改造项目-竞争性磋商公告,2026-07-20,河南省,,采购/资审公告,三门峡市公共资源交易中心,https://www.ggzy.gov.cn/information/deal/html/a/410000/0201/20260720/004105b28c0c87894b5da484e7c24d8002e8.html,校舍维修改造,校舍维修改造,校舍维修改造,高中,否,否
0051dab80540df3044e3a84e79c8f8bf5d07,广元市利州区雪峰初级中学学生课桌椅及公寓设施采购招标公告,2026-07-20,四川省,,采购/资审公告,,https://www.ggzy.gov.cn/information/deal/html/a/510000/0201/20260720/0051dab80540df3044e3a84e79c8f8bf5d07.html,课桌椅,课桌椅,课桌椅,初中,否,否
00448d9bd800fcd94993aef2428ada361c51,2026年广州市执信中学四校区清洁绿化物业服务（CZ2026-1013）招标公告,2026-07-20,广东省,,采购/资审公告,,https://www.ggzy.gov.cn/information/deal/html/a/440000/0201/20260720/00448d9bd800fcd94993aef2428ada361c51.html,后勤服务,其他,后勤服务;工程配套,一贯制未分段,否,否
001364996e2f56be47f1a5e726dbb6e72534,抚宁区第四中学维修改造工程竞争性磋商公告,2026-07-20,河北省,,采购/资审公告,秦皇岛市公共资源交易网,https://www.ggzy.gov.cn/information/deal/html/a/130000/0201/20260720/001364996e2f56be47f1a5e726dbb6e72534.html,校舍维修改造,校舍维修改造,校舍维修改造,一贯制未分段,否,否
00657d4febc2ecd940b0b833a308727e12a5,伽师县西克尔库勒镇中学设备采购项目公开招标公告,2026-07-20,新疆维吾尔自治区,,采购/资审公告,新疆维吾尔自治区公共资源交易平台,https://www.ggzy.gov.cn/information/deal/html/a/650000/0201/20260720/00657d4febc2ecd940b0b833a308727e12a5.html,其他,其他,,一贯制未分段,否,否
0015d19b6b684a5f4214b3e1428a7273f001,赤峰新城实验中学卫生保健室设备、中学理化生实验室设备、其他功能教室设备、阅览室图书及设备采购项目招标公告,2026-07-20,内蒙古自治区,,采购/资审公告,,https://www.ggzy.gov.cn/information/deal/html/a/150000/0201/20260720/0015d19b6b684a5f4214b3e1428a7273f001.html,实验室设备,实验室设备,实验室设备;图书,一贯制未分段,否,否
00341c185acdf4a241e9af40acd492e3bde5,安徽省太湖朴初中学采购2026年度物业服务项目竞争性磋商公告,2026-07-20,安徽省,,采购/资审公告,安庆市公共资源交易平台电子交易系统,https://www.ggzy.gov.cn/information/deal/html/a/340000/0201/20260720/00341c185acdf4a241e9af40acd492e3bde5.html,后勤服务,其他,后勤服务,初中,否,否
00357e961ec5c1a640a0b24fba3a14a9f7c8,福州第十八中学触控一体机及智慧黑板公开招标招标公告,2026-07-20,福建省,,采购/资审公告,福州市公共资源交易服务中心,https://www.ggzy.gov.cn/information/deal/html/a/350000/0201/20260720/00357e961ec5c1a640a0b24fba3a14a9f7c8.html,智慧黑板,智慧黑板,智慧黑板;大屏,一贯制未分段,是,否
004536dd1d65995642cd919c4865e042be31,桂平市南木镇第一初级中学闲置土地公开招租,2026-07-20,广西壮族自治区,,采购/资审公告,贵港市公共资源交易平台,https://www.ggzy.gov.cn/information/deal/html/a/450000/0201/20260720/004536dd1d65995642cd919c4865e042be31.html,其他,其他,,初中,否,否
00374058069ee6ca471fb7e5d2534276017c,郓城县随官屯镇中学建设工程项目教学设备采购(一期)围栏等室外配套工程竞争性磋商公告,2026-07-20,山东省,,采购/资审公告,,https://www.ggzy.gov.cn/information/deal/html/a/370000/0201/20260720/00374058069ee6ca471fb7e5d2534276017c.html,教学仪器,教学仪器,教学仪器,一贯制未分段,否,否
00131676a5692847481996f145a8d68b567f,滦南县第三中学护眼灯采购安装项目（第四次）竞争性谈判公告,2026-07-20,河北省,,采购/资审公告,,https://www.ggzy.gov.cn/information/deal/html/a/130000/0201/20260720/00131676a5692847481996f145a8d68b567f.html,工程配套,其他,工程配套,一贯制未分段,否,否
00515d77f2779e4e498ba1eea1e0e4d5985b,四川天府新区元音初级中学物业管理服务采购项目招标公告,2026-07-20,四川省,,采购/资审公告,,https://www.ggzy.gov.cn/information/deal/html/a/510000/0201/20260720/00515d77f2779e4e498ba1eea1e0e4d5985b.html,后勤服务,其他,后勤服务,初中,否,否
0013fc158a9b0f2d4938940bbc8a666f1285,邯郸市第三十一中学实验室升级改造项目（二次）公开招标公告,2026-07-20,河北省,,采购/资审公告,邯郸市公共资源电子交易平台,https://www.ggzy.gov.cn/information/deal/html/a/130000/0201/20260720/0013fc158a9b0f2d4938940bbc8a666f1285.html,校舍维修改造,校舍维修改造,校舍维修改造;实验室设备,一贯制未分段,否,否
0064534c6bf05d71406cacb379f91aa777fb,中卫市教育局机关中卫中学智慧教室采购项目招标公告项目招标公告,2026-07-20,宁夏回族自治区,,采购/资审公告,宁夏公共资源交易服务平台,https://www.ggzy.gov.cn/information/deal/html/a/640000/0201/20260720/0064534c6bf05d71406cacb379f91aa777fb.html,其他,其他,,教育局统筹,否,否
00501a3d20516dff45efb6f0f34b72f2fa81,重庆市聚奎中学校教室护眼灯改造工程采购(JJQ26B00019)竞争性谈判公告,2026-07-20,重庆市,,采购/资审公告,重庆市公共资源交易服务平台,https://www.ggzy.gov.cn/information/deal/html/a/500000/0201/20260720/00501a3d20516dff45efb6f0f34b72f2fa81.html,校舍维修改造,校舍维修改造,校舍维修改造;工程配套,一贯制未分段,否,否
0037f461c8d125e64608baf70a138667ea99,郓城县随官屯镇中学建设工程项目教学设备采购(一期)水电改造工程竞争性磋商公告,2026-07-20,山东省,,采购/资审公告,,https://www.ggzy.gov.cn/information/deal/html/a/370000/0201/20260720/0037f461c8d125e64608baf70a138667ea99.html,校舍维修改造,校舍维修改造,校舍维修改造;教学仪器;工程配套,一贯制未分段,否,否
0045788028fd946d4978ae59defd57e82fea,广西泰鑫项目管理有限公司关于贵港市江南中学2026年采购学生架床、空调项目的竞争性谈判公告,2026-07-20,广西壮族自治区,,采购/资审公告,广西壮族自治区公共资源电子交易系统,https://www.ggzy.gov.cn/information/deal/html/a/450000/0201/20260720/0045788028fd946d4978ae59defd57e82fea.html,工程配套,其他,工程配套,一贯制未分段,否,否
0045f3d17431f5ca4a668a52b7076c96c8ea,广西誉骏工程咨询有限公司关于北流市新丰镇第二初级中学教学楼、学生宿舍楼维修项目竞争性磋商公告,2026-07-20,广西壮族自治区,,采购/资审公告,玉林市公共资源交易中心,https://www.ggzy.gov.cn/information/deal/html/a/450000/0201/20260720/0045f3d17431f5ca4a668a52b7076c96c8ea.html,校舍维修改造,校舍维修改造,校舍维修改造;后勤服务,初中,否,否
0051a3c600c82f2b467eab00af43574a49fc,凉山州泸峰中学食堂后勤服务项目招标公告,2026-07-20,四川省,,采购/资审公告,,https://www.ggzy.gov.cn/information/deal/html/a/510000/0201/20260720/0051a3c600c82f2b467eab00af43574a49fc.html,食堂设备,食堂设备,食堂设备;后勤服务,一贯制未分段,否,否
0042b4c9e082367b418e879f0c4d6eaec955,秭归县杨林桥镇初级中学综合楼（二）、东侧挡土墙围墙及校园公厕改造项目竞争性磋商公告,2026-07-20,湖北省,,采购/资审公告,湖北省政府采购网,https://www.ggzy.gov.cn/information/deal/html/a/420000/0201/20260720/0042b4c9e082367b418e879f0c4d6eaec955.html,校舍维修改造,校舍维修改造,校舍维修改造,初中,否,否
0042a90302b9b7b342ef9e2d3a4ea272d860,房县实验中学房县实验中学学生食堂改扩建建设项目竞争性磋商公告,2026-07-20,湖北省,,采购/资审公告,湖北省政府采购网,https://www.ggzy.gov.cn/information/deal/html/a/420000/0201/20260720/0042a90302b9b7b342ef9e2d3a4ea272d860.html,校舍维修改造,校舍维修改造,校舍维修改造;食堂设备,一贯制未分段,否,否
001118b0e475568b4878bda5e9403fbf126a,初高中学位供给保障（装备配备）教具采购项目公开招标公告,2026-07-20,北京,,采购/资审公告,北京市政府采购网,https://www.ggzy.gov.cn/information/deal/html/a/110000/0201/20260720/001118b0e475568b4878bda5e9403fbf126a.html,教学仪器,教学仪器,教学仪器,高中,否,否
0014d85288a192fb4d08acf9623579b09524,山西大学附属中学晋源学校教学设施设备采购项目（办公家具类采购）的采购公告,2026-07-20,山西省,,采购/资审公告,,https://www.ggzy.gov.cn/information/deal/html/a/140000/0201/20260720/0014d85288a192fb4d08acf9623579b09524.html,课桌椅,课桌椅,课桌椅,一贯制未分段,否,否
003512089255c47548de83b19e324497da3e,宁德市民族中学2026-2027、2027-2028两学年学校物业管理服务采购项目竞争性谈判公告,2026-07-20,福建省,,采购/资审公告,宁德市公共资源交易中心,https://www.ggzy.gov.cn/information/deal/html/a/350000/0201/20260720/003512089255c47548de83b19e324497da3e.html,后勤服务,其他,后勤服务,一贯制未分段,否,否
00620e1e2cf92bc74fbb9dcd26d2065a61ed,镇原县孟坝初级中学2025级学生校服采购项目公开招标公告,2026-07-20,甘肃省,,采购/资审公告,庆阳市公共资源交易平台,https://www.ggzy.gov.cn/information/deal/html/a/620000/0201/20260720/00620e1e2cf92bc74fbb9dcd26d2065a61ed.html,校服,校服,校服,初中,否,否
0051767a21f979624d35b8c40812708a1ce0,四川省隆昌市第二中学学生课桌椅、学生床采购竞争性磋商公告,2026-07-20,四川省,,采购/资审公告,,https://www.ggzy.gov.cn/information/deal/html/a/510000/0201/20260720/0051767a21f979624d35b8c40812708a1ce0.html,课桌椅,课桌椅,课桌椅,一贯制未分段,否,否
00326b3e1bcf1d42497dba3b403104f5318c,2026年潘安湖高级中学学位扩容改造工程采购公告,2026-07-20,江苏省,,采购/资审公告,,https://www.ggzy.gov.cn/information/deal/html/a/320000/0201/20260720/00326b3e1bcf1d42497dba3b403104f5318c.html,校舍维修改造,校舍维修改造,校舍维修改造,高中,否,否
00133747e4e3d6394786969c709adf556f04,河北祁州中学食堂维修改造项目竞争性磋商公告,2026-07-20,河北省,,采购/资审公告,保定市公共资源交易中心,https://www.ggzy.gov.cn/information/deal/html/a/130000/0201/20260720/00133747e4e3d6394786969c709adf556f04.html,校舍维修改造,校舍维修改造,校舍维修改造;食堂设备,一贯制未分段,否,否
00130f3193e56fc84c47b0e7eb488da8821b,石家庄市第八十一中学开班设备采购项目四标段：课桌椅等家具（二次）公开招标公告,2026-07-20,河北省,,采购/资审公告,石家庄公共资源交易网,https://www.ggzy.gov.cn/information/deal/html/a/130000/0201/20260720/00130f3193e56fc84c47b0e7eb488da8821b.html,课桌椅,课桌椅,课桌椅,一贯制未分段,否,否
0044f3127e0e9fe9417cb921b296e6bd9f33,2026-2027年广东第二师范学院番禺附属中学综合服务采购招标公告,2026-07-20,广东省,,采购/资审公告,,https://www.ggzy.gov.cn/information/deal/html/a/440000/0201/20260720/0044f3127e0e9fe9417cb921b296e6bd9f33.html,其他,其他,,一贯制未分段,否,否
0044220a0dd45df0479b8b92084a06111c04,珠海市红旗中学智能化弱电系统建设采购项目招标公告,2026-07-20,广东省,,采购/资审公告,,https://www.ggzy.gov.cn/information/deal/html/a/440000/0201/20260720/0044220a0dd45df0479b8b92084a06111c04.html,其他,其他,,一贯制未分段,否,否
0015f0f1136db44e48ee88f04cbf8085199c,宁城县第八中学办公教学设备采购(二次)招标公告,2026-07-20,内蒙古自治区,,采购/资审公告,,https://www.ggzy.gov.cn/information/deal/html/a/150000/0201/20260720/0015f0f1136db44e48ee88f04cbf8085199c.html,教学仪器,教学仪器,教学仪器,一贯制未分段,否,否
004329892e36eee3407cbeec39f1398210f0,怀化市湖天中学食堂劳务外包招标公告,2026-07-20,湖南省,,采购/资审公告,,https://www.ggzy.gov.cn/information/deal/html/a/430000/0201/20260720/004329892e36eee3407cbeec39f1398210f0.html,食堂设备,食堂设备,食堂设备;后勤服务,一贯制未分段,否,否
0045492f6d9dcefe4812b923302a305777a7,广西睿翼工程咨询有限公司关于大化瑶族自治县第七初级中学（一期）食堂设备采购项目公开招标公告,2026-07-20,广西壮族自治区,,采购/资审公告,河池市公共资源交易中心,https://www.ggzy.gov.cn/information/deal/html/a/450000/0201/20260720/0045492f6d9dcefe4812b923302a305777a7.html,食堂设备,食堂设备,食堂设备;后勤服务,初中,否,否
0051b4318ed1340644f8baebc8fbaaff4512,四川省成都市中和中学润和分校2026年部分定制家具采购项目询价公告,2026-07-20,四川省,,采购/资审公告,,https://www.ggzy.gov.cn/information/deal/html/a/510000/0201/20260720/0051b4318ed1340644f8baebc8fbaaff4512.html,课桌椅,课桌椅,课桌椅,一贯制未分段,否,否
001498853e90d31044b094bd92cf3152ca28,太原市第十二中学校学生课桌椅、餐桌椅、校园智能互动体验设备公开招标采购的采购公告,2026-07-20,山西省,,采购/资审公告,,https://www.ggzy.gov.cn/information/deal/html/a/140000/0201/20260720/001498853e90d31044b094bd92cf3152ca28.html,课桌椅,课桌椅,课桌椅,一贯制未分段,否,否
0052f7184d3b3e314bf785f42cff65514a22,威宁自治县黑石头镇第三中学教学楼维修改造项目采购公告,2026-07-20,贵州省,,采购/资审公告,毕节市公共资源交易中心,https://www.ggzy.gov.cn/information/deal/html/a/520000/0201/20260720/0052f7184d3b3e314bf785f42cff65514a22.html,校舍维修改造,校舍维修改造,校舍维修改造,一贯制未分段,否,否
00119512faa50c5e423f825ae414ae04a820,[ID40102]首都师范大学附属中学育鸿学校西教学楼综修配套信息化建设项目公开招标公告,2026-07-20,北京,,采购/资审公告,北京市政府采购网,https://www.ggzy.gov.cn/information/deal/html/a/110000/0201/20260720/00119512faa50c5e423f825ae414ae04a820.html,信息化,信息化,信息化,一贯制未分段,是,否
0022ede36d18ed91404e95222306ed5f0d49,吉林省鸿泰合项目管理有限公司关于伊通满族自治县满族高级中学校变压器设置及配套线路改造工程的竞争性磋商公告,2026-07-20,吉林省,,采购/资审公告,四平市政务服务中心(新),https://www.ggzy.gov.cn/information/deal/html/a/220000/0201/20260720/0022ede36d18ed91404e95222306ed5f0d49.html,校舍维修改造,校舍维修改造,校舍维修改造,高中,否,否
0044ce875e8e179e4c5980b3eb5d15688abd,广东实验中学荔湾校区数学实验室专用设备采购项目招标公告,2026-07-20,广东省,,采购/资审公告,,https://www.ggzy.gov.cn/information/deal/html/a/440000/0201/20260720/0044ce875e8e179e4c5980b3eb5d15688abd.html,实验室设备,实验室设备,实验室设备,一贯制未分段,否,否
0045321e944e14d94b2ea6419325aebd9b0f,广西誉骏工程咨询有限公司关于北流市新丰镇第二初级中学教学楼、学生宿舍楼维修项目的竞争性磋商公告,2026-07-20,广西壮族自治区,,采购/资审公告,广西壮族自治区公共资源电子交易系统,https://www.ggzy.gov.cn/information/deal/html/a/450000/0201/20260720/0045321e944e14d94b2ea6419325aebd9b0f.html,校舍维修改造,校舍维修改造,校舍维修改造;后勤服务,初中,否,否
005108686c9d628a45c091c622389752629c,四川省成都市财贸职业高级中学校财贸职高新校区（职教园区）窗帘采购项目财贸职高新校区（职教园区）窗帘采购项目(二次)招标公告,2026-07-20,四川省,,采购/资审公告,,https://www.ggzy.gov.cn/information/deal/html/a/510000/0201/20260720/005108686c9d628a45c091c622389752629c.html,工程配套,其他,工程配套,高中,否,否
0051977bfee2aabc40179349b68b40900005,资阳市第一中学宿管、保洁、绿化、内保、水电工后勤管理服务项目竞争性谈判公告,2026-07-20,四川省,,采购/资审公告,,https://www.ggzy.gov.cn/information/deal/html/a/510000/0201/20260720/0051977bfee2aabc40179349b68b40900005.html,后勤服务,其他,后勤服务;工程配套,一贯制未分段,否,否
00510e6f78c85c7343eabb2465ff03c1fc5c,四川省资阳市雁江区第一中学雁江区第一中学后勤管理服务项目竞争性谈判公告,2026-07-20,四川省,,采购/资审公告,,https://www.ggzy.gov.cn/information/deal/html/a/510000/0201/20260720/00510e6f78c85c7343eabb2465ff03c1fc5c.html,后勤服务,其他,后勤服务,一贯制未分段,否,否
0062f1c46536305f4dcb92ea130c8f07bec1,静宁县雷大初级中学附属工程招标公告,2026-07-20,甘肃省,,采购/资审公告,平凉市公共资源交易平台,https://www.ggzy.gov.cn/information/deal/html/a/620000/0201/20260720/0062f1c46536305f4dcb92ea130c8f07bec1.html,其他,其他,,初中,否,否
00456ed4b033eb334faf80f0f10496f616ad,广西建城工程咨询有限公司关于2026年第一批农村义务教育校舍安全保障长效机制补助资金项目（平南县思旺镇第一初级中学宿舍楼维修，围墙、挡土墙工程）的竞争性磋商公告,2026-07-20,广西壮族自治区,,采购/资审公告,贵港市公共资源交易平台,https://www.ggzy.gov.cn/information/deal/html/a/450000/0201/20260720/00456ed4b033eb334faf80f0f10496f616ad.html,校舍维修改造,校舍维修改造,校舍维修改造;后勤服务,初中,否,否
0064810d7032cee9470a85602bff1cf7c362,银川市第十八中学教育数字化建设与数据赋能因材施教规模化应用项目招标公告,2026-07-20,宁夏回族自治区,,采购/资审公告,宁夏公共资源交易服务平台,https://www.ggzy.gov.cn/information/deal/html/a/640000/0201/20260720/0064810d7032cee9470a85602bff1cf7c362.html,信息化,信息化,信息化,一贯制未分段,是,否
001180ee44a3ab294876956c1f9c78a6bb01,2026年北京市第一六六中学扩班改造工程采购项目竞争性磋商公告,2026-07-20,北京,,采购/资审公告,北京市政府采购网,https://www.ggzy.gov.cn/information/deal/html/a/110000/0201/20260720/001180ee44a3ab294876956c1f9c78a6bb01.html,校舍维修改造,校舍维修改造,校舍维修改造,一贯制未分段,否,否
0051da4a6963dbb947d0afa2c51943237731,四川省夹江第一中学夹江一中高中部与云吟职中合并办学电子设备购置采购项目竞争性谈判公告,2026-07-20,四川省,,采购/资审公告,,https://www.ggzy.gov.cn/information/deal/html/a/510000/0201/20260720/0051da4a6963dbb947d0afa2c51943237731.html,其他,其他,,高中,否,否
001566528b3deb7d4e539c9488b53c7f45f0,包头市第三十三中学高考综合改革设施设备采购招标公告,2026-07-20,内蒙古自治区,,采购/资审公告,,https://www.ggzy.gov.cn/information/deal/html/a/150000/0201/20260720/001566528b3deb7d4e539c9488b53c7f45f0.html,其他,其他,,一贯制未分段,否,否
0042c23283cd176440e8b83b524115f9561d,黄石经济技术开发区·铁山区教育局汪仁中学教学空间扩优提质改善项目竞争性磋商公告,2026-07-20,湖北省,,采购/资审公告,湖北省政府采购网,https://www.ggzy.gov.cn/information/deal/html/a/420000/0201/20260720/0042c23283cd176440e8b83b524115f9561d.html,其他,其他,,教育局统筹,否,否
0042295950f6de374affb8126d6b96f0e4ee,罗田县葆心中学保安服务采购项目（第二次）公告,2026-07-20,湖北省,,采购/资审公告,湖北省政府采购网,https://www.ggzy.gov.cn/information/deal/html/a/420000/0201/20260720/0042295950f6de374affb8126d6b96f0e4ee.html,后勤服务,其他,后勤服务,一贯制未分段,否,否
0014b809aa7c168549978cec0f81662197ee,山西大学附属中学晋源学校教学设施设备采购项目（信息化类部分设备采购）的采购公告,2026-07-20,山西省,,采购/资审公告,,https://www.ggzy.gov.cn/information/deal/html/a/140000/0201/20260720/0014b809aa7c168549978cec0f81662197ee.html,信息化,信息化,信息化,一贯制未分段,是,否
00512772ffa6375043a282f274bdb983a023,四川省自贡市江姐中学新建学生公寓空气能热水系统采购项目竞争性谈判公告,2026-07-20,四川省,,采购/资审公告,,https://www.ggzy.gov.cn/information/deal/html/a/510000/0201/20260720/00512772ffa6375043a282f274bdb983a023.html,校舍维修改造,校舍维修改造,校舍维修改造;工程配套,一贯制未分段,否,否
005150f531ff7fb44a2f9b305fe9df222594,四川省新津中学广告宣传服务供应商采购项目竞争性磋商公告,2026-07-20,四川省,,采购/资审公告,,https://www.ggzy.gov.cn/information/deal/html/a/510000/0201/20260720/005150f531ff7fb44a2f9b305fe9df222594.html,其他,其他,,一贯制未分段,否,否
0051929b800c9b044f36b5ab3ec7cbfc3402,四川省新津中学日杂用品配送服务供应商采购项目竞争性磋商公告,2026-07-20,四川省,,采购/资审公告,,https://www.ggzy.gov.cn/information/deal/html/a/510000/0201/20260720/0051929b800c9b044f36b5ab3ec7cbfc3402.html,后勤服务,其他,后勤服务,一贯制未分段,否,否
00350bfca5633d544c5fb037b4e1aa903b89,晋江市第十中学一期空调采购公开招标招标公告,2026-07-20,福建省,,采购/资审公告,泉州市公共资源交易中心,https://www.ggzy.gov.cn/information/deal/html/a/350000/0201/20260720/00350bfca5633d544c5fb037b4e1aa903b89.html,工程配套,其他,工程配套,一贯制未分段,否,否
001399e6aa594de6497db03ed3297c4c1ffd,石家庄市第四十中学求真校区食堂自营设备购置及配套项目公开招标公告,2026-07-20,河北省,,采购/资审公告,石家庄公共资源交易网,https://www.ggzy.gov.cn/information/deal/html/a/130000/0201/20260720/001399e6aa594de6497db03ed3297c4c1ffd.html,食堂设备,食堂设备,食堂设备,一贯制未分段,否,否
00524845b284aa8343bf9d16f7ba4d19a395,威宁自治县斗古镇斗古中学教学楼、学生宿舍及学生食堂维修改造项目采购公告,2026-07-20,贵州省,,采购/资审公告,毕节市公共资源交易中心,https://www.ggzy.gov.cn/information/deal/html/a/520000/0201/20260720/00524845b284aa8343bf9d16f7ba4d19a395.html,校舍维修改造,校舍维修改造,校舍维修改造;食堂设备,一贯制未分段,否,否
0052f341ccae9b654838be61d4cdd6252a05,修文县第四中学（林校校区）2026年运动场维修改造项目采购公告,2026-07-20,贵州省,,采购/资审公告,贵阳市公共资源交易中心,https://www.ggzy.gov.cn/information/deal/html/a/520000/0201/20260720/0052f341ccae9b654838be61d4cdd6252a05.html,校舍维修改造,校舍维修改造,校舍维修改造,一贯制未分段,否,否
005156cd44faa2504efdaec3c86e711a5260,南江县沙河中学“复旦班”学生宿舍床柜及教学桌椅等设备采购竞争性谈判公告,2026-07-20,四川省,,采购/资审公告,,https://www.ggzy.gov.cn/information/deal/html/a/510000/0201/20260720/005156cd44faa2504efdaec3c86e711a5260.html,课桌椅,课桌椅,课桌椅,一贯制未分段,否,否
00511d1efef0fcd44ab78efe19f516416655,成都市盐道街中学外语学校物业管理服务采购项目竞争性谈判公告,2026-07-20,四川省,,采购/资审公告,,https://www.ggzy.gov.cn/information/deal/html/a/510000/0201/20260720/00511d1efef0fcd44ab78efe19f516416655.html,后勤服务,其他,后勤服务,一贯制未分段,否,否
001339417616c5f04b2e89dc50f1b19504f3,邯郸市第三十三中学等三所学校2026年教育教学设备购置项目二次公开招标公告,2026-07-20,河北省,,采购/资审公告,邯郸市公共资源电子交易平台,https://www.ggzy.gov.cn/information/deal/html/a/130000/0201/20260720/001339417616c5f04b2e89dc50f1b19504f3.html,教学仪器,教学仪器,教学仪器,一贯制未分段,否,否
003489c702b3ad974425ac44c4f6b3920b2f,颍上县第九中学公寓楼改造工程竞争性谈判公告,2026-07-20,安徽省,,采购/资审公告,阜阳市公共资源交易平台电子交易系统,https://www.ggzy.gov.cn/information/deal/html/a/340000/0201/20260720/003489c702b3ad974425ac44c4f6b3920b2f.html,校舍维修改造,校舍维修改造,校舍维修改造,一贯制未分段,否,否
0051619030a0851c4de582cd0495490e3bbf,成都市棕北中学西区实验学校物业管理服务采购项目招标公告,2026-07-20,四川省,,采购/资审公告,,https://www.ggzy.gov.cn/information/deal/html/a/510000/0201/20260720/0051619030a0851c4de582cd0495490e3bbf.html,后勤服务,其他,后勤服务,一贯制未分段,否,否
00455515f77499a9412da09eb8c085b88dca,广西邕政采购代理有限公司南宁市第三中学初中部青秀校区教室及多功能教室改造、五象校区教室改造竞争性磋商公告,2026-07-20,广西壮族自治区,,采购/资审公告,南宁市公共资源交易中心,https://www.ggzy.gov.cn/information/deal/html/a/450000/0201/20260720/00455515f77499a9412da09eb8c085b88dca.html,校舍维修改造,校舍维修改造,校舍维修改造,初中,否,否
0013fe8a4991f2a04ffb921e3d5082e3de08,秦皇岛市海港区教育和体育局杜庄学区初级中学草皮更换等维修改造（二次）竞争性磋商公告,2026-07-20,河北省,,采购/资审公告,秦皇岛市公共资源交易网,https://www.ggzy.gov.cn/information/deal/html/a/130000/0201/20260720/0013fe8a4991f2a04ffb921e3d5082e3de08.html,校舍维修改造,校舍维修改造,校舍维修改造,教育局统筹,否,否
0032b63f6a4972d840949245e3bfee6d56d2,兴化市周庄高级中学学生食堂维修改造工程 采购公告,2026-07-20,江苏省,,采购/资审公告,,https://www.ggzy.gov.cn/information/deal/html/a/320000/0201/20260720/0032b63f6a4972d840949245e3bfee6d56d2.html,校舍维修改造,校舍维修改造,校舍维修改造;食堂设备,高中,否,否
0032c149966159b5439b80300cc5953838e7,苏州市第五中学校关于苏州市第五中学校萃渊楼修复等五个项目的采购公告,2026-07-20,江苏省,,采购/资审公告,,https://www.ggzy.gov.cn/information/deal/html/a/320000/0201/20260720/0032c149966159b5439b80300cc5953838e7.html,其他,其他,,一贯制未分段,否,否
00153e11ab5a31a441b8b8cc41f55d24fe52,巴林左旗林东第二中学信息化建设项目询价公告,2026-07-20,内蒙古自治区,,采购/资审公告,,https://www.ggzy.gov.cn/information/deal/html/a/150000/0201/20260720/00153e11ab5a31a441b8b8cc41f55d24fe52.html,信息化,信息化,信息化,一贯制未分段,是,否
0045c6a85cb88fad4bfb9e0865feb68a43d4,贺州市政府采购中心关于贺州第一高级中学2026年度校园绿化养护服务管理采购（HZZC2026-C3-990142-HZSZ）竞争性磋商公告,2026-07-20,广西壮族自治区,,采购/资审公告,广西壮族自治区公共资源电子交易系统,https://www.ggzy.gov.cn/information/deal/html/a/450000/0201/20260720/0045c6a85cb88fad4bfb9e0865feb68a43d4.html,工程配套,其他,工程配套,高中,否,否
0012865a641af2154a17ac47b4b40b79871d,天津市实验中学津南学校物业管理项目 (项目编号:TGPC-2026-D-0781)公开招标公告,2026-07-20,天津市,,采购/资审公告,天津市公共资源交易平台交易系统,https://www.ggzy.gov.cn/information/deal/html/a/120000/0201/20260720/0012865a641af2154a17ac47b4b40b79871d.html,后勤服务,其他,后勤服务,一贯制未分段,否,否
00510f4a8ac264c04bbfa15f17bf60f3bd56,四川省眉山中学校建设提升工程宿舍食堂设备采购招标公告,2026-07-20,四川省,,采购/资审公告,,https://www.ggzy.gov.cn/information/deal/html/a/510000/0201/20260720/00510f4a8ac264c04bbfa15f17bf60f3bd56.html,食堂设备,食堂设备,食堂设备,一贯制未分段,否,否
005069ec9a9efd0040209bc40a0a24b4b812,重庆市涪陵第五中学校学生公寓多功能家具采购项目（2026年）(FLQ26A00361)公开招标公告,2026-07-20,重庆市,,采购/资审公告,重庆市公共资源交易服务平台,https://www.ggzy.gov.cn/information/deal/html/a/500000/0201/20260720/005069ec9a9efd0040209bc40a0a24b4b812.html,课桌椅,课桌椅,课桌椅,一贯制未分段,否,否
00373d8e25e5704948d1a8c25161aaf5f037,莒县第二中学新生夏季校服服装采购项目招标公告,2026-07-20,山东省,,采购/资审公告,日照市公共资源电子交易平台,https://www.ggzy.gov.cn/information/deal/html/a/370000/0201/20260720/00373d8e25e5704948d1a8c25161aaf5f037.html,校服,校服,校服,一贯制未分段,否,否
0052751536545b2546d0b0a2b973643cf07e,威宁自治县大街乡大街中学学生宿舍维修改造项目采购公告,2026-07-20,贵州省,,采购/资审公告,毕节市公共资源交易中心,https://www.ggzy.gov.cn/information/deal/html/a/520000/0201/20260720/0052751536545b2546d0b0a2b973643cf07e.html,校舍维修改造,校舍维修改造,校舍维修改造,一贯制未分段,否,否
0037891ed7ad793743c28905751a74b7b484,山东省德州市武城县第二中学教室用智能黑板采购项目公开招标公告,2026-07-20,山东省,,采购/资审公告,德州市公共资源交易系统,https://www.ggzy.gov.cn/information/deal/html/a/370000/0201/20260720/0037891ed7ad793743c28905751a74b7b484.html,其他,其他,,一贯制未分段,否,否
0022f18cd6d27c70411a871d55a357e5ba9e,吉林省实验中学电气改造工程（铺装电缆）竞争性磋商公告,2026-07-20,吉林省,,采购/资审公告,吉林省公共资源交易信息网,https://www.ggzy.gov.cn/information/deal/html/a/220000/0201/20260720/0022f18cd6d27c70411a871d55a357e5ba9e.html,校舍维修改造,校舍维修改造,校舍维修改造,一贯制未分段,否,否
0052f340050f8a504c56816e767d8561c817,威宁自治县第三中学一二三号学生宿舍及教学楼维修改造项目采购公告,2026-07-20,贵州省,,采购/资审公告,毕节市公共资源交易中心,https://www.ggzy.gov.cn/information/deal/html/a/520000/0201/20260720/0052f340050f8a504c56816e767d8561c817.html,校舍维修改造,校舍维修改造,校舍维修改造,一贯制未分段,否,否
0037c9123c34192f4587b8b9f2c6cbdbc955,临淄中学南运动场提升改造工程竞争性磋商公告,2026-07-20,山东省,,采购/资审公告,淄博市公共资源交易平台电子交易系统,https://www.ggzy.gov.cn/information/deal/html/a/370000/0201/20260720/0037c9123c34192f4587b8b9f2c6cbdbc955.html,校舍维修改造,校舍维修改造,校舍维修改造,一贯制未分段,否,否
00422cf5062ad71a42bd802d3b33b0b1e840,武汉市武珞路实验初级中学食堂餐具消毒服务竞争性磋商公告,2026-07-20,湖北省,,采购/资审公告,湖北省政府采购网,https://www.ggzy.gov.cn/information/deal/html/a/420000/0201/20260720/00422cf5062ad71a42bd802d3b33b0b1e840.html,食堂设备,食堂设备,食堂设备,初中,否,否
0022bf2da111480a486da6c6e57cabbb9fa9,吉林省常卓工程管理咨询有限公司关于东丰县三合满族朝鲜族乡五道岗中学食堂改造及运动场改造项目的竞争性磋商公告,2026-07-20,吉林省,,采购/资审公告,辽源市公共资源交易中心(新),https://www.ggzy.gov.cn/information/deal/html/a/220000/0201/20260720/0022bf2da111480a486da6c6e57cabbb9fa9.html,校舍维修改造,校舍维修改造,校舍维修改造;食堂设备;后勤服务,一贯制未分段,否,否
003741b0ad214c44499cb3d2018892e69e0a,日照实验高级中学（本部校区）学校配套实验室安装工程(二次)竞争性磋商公告,2026-07-20,山东省,,采购/资审公告,日照市公共资源电子交易平台,https://www.ggzy.gov.cn/information/deal/html/a/370000/0201/20260720/003741b0ad214c44499cb3d2018892e69e0a.html,实验室设备,实验室设备,实验室设备,高中,否,否
0065ba9599d59c8843ebbb8c9e3cacb075c8,乌鲁木齐市第三十九中学教室粉刷及教室铺设塑胶地板工程竞争性磋商公告,2026-07-20,新疆维吾尔自治区,,采购/资审公告,新疆维吾尔自治区公共资源交易平台,https://www.ggzy.gov.cn/information/deal/html/a/650000/0201/20260720/0065ba9599d59c8843ebbb8c9e3cacb075c8.html,其他,其他,,一贯制未分段,否,否
0032b79c267a26204185b9616bcb8f12fd65,江宁高级中学等校教学设备采购公告,2026-07-20,江苏省,,采购/资审公告,,https://www.ggzy.gov.cn/information/deal/html/a/320000/0201/20260720/0032b79c267a26204185b9616bcb8f12fd65.html,教学仪器,教学仪器,教学仪器,高中,否,否
00324dedc99d9a4042c6a31b45b2471d72cd,洪泽中学教师办公室升级改造及教室门更换项目（采购包2：教室门更换）采购公告,2026-07-20,江苏省,,采购/资审公告,,https://www.ggzy.gov.cn/information/deal/html/a/320000/0201/20260720/00324dedc99d9a4042c6a31b45b2471d72cd.html,校舍维修改造,校舍维修改造,校舍维修改造,一贯制未分段,否,否
00626a840394945648b6b73e249582e8626d,兰州市第十一中学理化生实验室改造公开招标公告,2026-07-20,甘肃省,,采购/资审公告,兰州市公共资源交易平台,https://www.ggzy.gov.cn/information/deal/html/a/620000/0201/20260720/00626a840394945648b6b73e249582e8626d.html,校舍维修改造,校舍维修改造,校舍维修改造;实验室设备,一贯制未分段,否,否
004388ed79ea7dc44bb480096a8b6a6ce47b,长沙市长郡湘府中学教学综合楼信息类设备购置项目招标公告,2026-07-20,湖南省,,采购/资审公告,,https://www.ggzy.gov.cn/information/deal/html/a/430000/0201/20260720/004388ed79ea7dc44bb480096a8b6a6ce47b.html,其他,其他,,一贯制未分段,否,否
0022127f7a3584144d18bedbefc23e48f2e3,梅河口市博信项目管理有限公司关于梅河口市第五中学新建工程结算评审服务的公开招标公告,2026-07-20,吉林省,,采购/资审公告,通化市电子招投标交易平台(新),https://www.ggzy.gov.cn/information/deal/html/a/220000/0201/20260720/0022127f7a3584144d18bedbefc23e48f2e3.html,校舍维修改造,校舍维修改造,校舍维修改造,一贯制未分段,否,否
0065e82387f7a84247bcae32160512a1b9cb,奇台县第三中学消防联动项目竞争性磋商公告,2026-07-20,新疆维吾尔自治区,,采购/资审公告,新疆维吾尔自治区公共资源交易平台,https://www.ggzy.gov.cn/information/deal/html/a/650000/0201/20260720/0065e82387f7a84247bcae32160512a1b9cb.html,校园安防,校园安防,校园安防,一贯制未分段,否,否
004300b59bb183dd46a2b13278a44bfceade,湘南中学田径运动场足球场提质改造工程竞争性磋商邀请公告,2026-07-20,辽宁省,,采购/资审公告,,https://www.ggzy.gov.cn/information/deal/html/a/210000/0201/20260720/004300b59bb183dd46a2b13278a44bfceade.html,校舍维修改造,校舍维修改造,校舍维修改造;工程配套,一贯制未分段,否,否
004531cfaa0d72bd411cae7b661e433d2cc1,广西邕政采购代理有限公司关于南宁市第三中学初中部青秀校区教室及多功能教室改造、五象校区教室改造的竞争性磋商公告,2026-07-20,广西壮族自治区,,采购/资审公告,广西壮族自治区公共资源电子交易系统,https://www.ggzy.gov.cn/information/deal/html/a/450000/0201/20260720/004531cfaa0d72bd411cae7b661e433d2cc1.html,校舍维修改造,校舍维修改造,校舍维修改造,初中,否,否
004522c9f2c45eff4b4d96832a9c3b5f9902,广西泰鑫项目管理有限公司关于贵港市江南中学2026年采购学生架床、空调项目(GGZC2026-J1-990205-GXTX)竞争性谈判公告,2026-07-20,广西壮族自治区,,采购/资审公告,贵港市公共资源交易平台,https://www.ggzy.gov.cn/information/deal/html/a/450000/0201/20260720/004522c9f2c45eff4b4d96832a9c3b5f9902.html,工程配套,其他,工程配套,一贯制未分段,否,否
00654d525997c29d4b3091b329651c321f3b,沙湾市第四中学消防水池及消防管网改造工程项目竞争性磋商公告,2026-07-20,新疆维吾尔自治区,,采购/资审公告,新疆维吾尔自治区公共资源交易平台,https://www.ggzy.gov.cn/information/deal/html/a/650000/0201/20260720/00654d525997c29d4b3091b329651c321f3b.html,校舍维修改造,校舍维修改造,校舍维修改造;校园安防,一贯制未分段,否,否
0042a82cff8249fb4518ad68b41e2d17d1a2,曾都区洛阳初级中学其他用房改扩建竞争性磋商公告,2026-07-20,湖北省,,采购/资审公告,湖北省政府采购网,https://www.ggzy.gov.cn/information/deal/html/a/420000/0201/20260720/0042a82cff8249fb4518ad68b41e2d17d1a2.html,校舍维修改造,校舍维修改造,校舍维修改造,初中,否,否
0061db6393ea146143189a0cb5147aab9050,榆林中学采购学生公寓棕垫子货物项目竞争性谈判公告,2026-07-20,陕西省,,采购/资审公告,全国公共资源交易平台（陕西省）,https://www.ggzy.gov.cn/information/deal/html/a/610000/0201/20260720/0061db6393ea146143189a0cb5147aab9050.html,其他,其他,,一贯制未分段,否,否
005144c171476aa545408dfbb01b556414b0,绵竹中学初中部绵竹市城东中学计算机网络教室和教学用计算机采购询价公告,2026-07-20,四川省,,采购/资审公告,,https://www.ggzy.gov.cn/information/deal/html/a/510000/0201/20260720/005144c171476aa545408dfbb01b556414b0.html,信息化设备,信息化设备,信息化设备,初中,是,否
00142c9902552d1c419587ca7b434d60deee,黎城县第一中学校竞争性磋商黎城县高级中学建设项目质量检测服务的采购公告,2026-07-20,山西省,,采购/资审公告,,https://www.ggzy.gov.cn/information/deal/html/a/140000/0201/20260720/00142c9902552d1c419587ca7b434d60deee.html,其他,其他,,高中,否,否
00514f9accfb97154791b64f770b434ced14,遂宁市广德初级中学校食堂劳务服务采购项目竞争性磋商公告,2026-07-20,四川省,,采购/资审公告,,https://www.ggzy.gov.cn/information/deal/html/a/510000/0201/20260720/00514f9accfb97154791b64f770b434ced14.html,食堂设备,食堂设备,食堂设备;后勤服务,初中,否,否
004200b54a2359e048c48fd9dde88bfed2a5,十堰市郧阳区青曲镇中心学校郧阳区青曲镇初级中学学生宿舍改造项目竞争性磋商公告,2026-07-20,湖北省,,采购/资审公告,湖北省政府采购网,https://www.ggzy.gov.cn/information/deal/html/a/420000/0201/20260720/004200b54a2359e048c48fd9dde88bfed2a5.html,校舍维修改造,校舍维修改造,校舍维修改造,初中,否,否
005002a35a9043f34ea7b4d40b413a696632,重庆市杨家坪中学班班通设备采购(JLP26A00516)竞争性磋商公告,2026-07-20,重庆市,,采购/资审公告,重庆市公共资源交易服务平台,https://www.ggzy.gov.cn/information/deal/html/a/500000/0201/20260720/005002a35a9043f34ea7b4d40b413a696632.html,其他,其他,,一贯制未分段,否,否
005162eb84f8c6aa488f92d19ec555adefbf,四川省美姑县中学美姑县中学塑胶跑道人造草皮监控设备等招标公告,2026-07-20,四川省,,采购/资审公告,,https://www.ggzy.gov.cn/information/deal/html/a/510000/0201/20260720/005162eb84f8c6aa488f92d19ec555adefbf.html,校舍维修改造,校舍维修改造,校舍维修改造;校园安防,一贯制未分段,否,否
004411eb6174b2864e6195e8852c153c4d90,惠州市惠阳区第一中学高中部宿舍楼空气能中央热水系统采购招标公告,2026-07-20,广东省,,采购/资审公告,,https://www.ggzy.gov.cn/information/deal/html/a/440000/0201/20260720/004411eb6174b2864e6195e8852c153c4d90.html,工程配套,其他,工程配套,高中,否,否
00371eb1098b73cd42bd93bde2c75f57e657,东营市第一中学多功能一体机采购项目,2026-07-20,山东省,,采购/资审公告,东营市公共资源电子交易平台,https://www.ggzy.gov.cn/information/deal/html/a/370000/0201/20260720/00371eb1098b73cd42bd93bde2c75f57e657.html,其他,其他,,一贯制未分段,否,否
00113d00b55dad2b4a9eb534c0782e88e147,平谷区第五中学消防维修改造工程竞争性磋商公告,2026-07-20,北京,,采购/资审公告,北京市政府采购网,https://www.ggzy.gov.cn/information/deal/html/a/110000/0201/20260720/00113d00b55dad2b4a9eb534c0782e88e147.html,校舍维修改造,校舍维修改造,校舍维修改造;校园安防,一贯制未分段,否,否
0011533d10327b074b0bb64cecea17e678ef,平谷区第五中学外立面综合维修工程竞争性磋商公告,2026-07-20,北京,,采购/资审公告,北京市政府采购网,https://www.ggzy.gov.cn/information/deal/html/a/110000/0201/20260720/0011533d10327b074b0bb64cecea17e678ef.html,校舍维修改造,校舍维修改造,校舍维修改造,一贯制未分段,否,否
0015712ad665443346e1b61b95d710a6eb4a,巴林左旗林东第三中学优质均衡创建维修改造项目竞争性谈判公告,2026-07-20,内蒙古自治区,,采购/资审公告,,https://www.ggzy.gov.cn/information/deal/html/a/150000/0201/20260720/0015712ad665443346e1b61b95d710a6eb4a.html,校舍维修改造,校舍维修改造,校舍维修改造,一贯制未分段,否,否
00223558c24523a345d99cd266a624986775,长春市长春中学教师及办公设备采购项目采购公告,2026-07-20,吉林省,,采购/资审公告,长春市公共资源交易中心(新),https://www.ggzy.gov.cn/information/deal/html/a/220000/0201/20260720/00223558c24523a345d99cd266a624986775.html,其他,其他,,一贯制未分段,否,否
00427027953161e741eb85b07026a0196f57,巴东县官渡口镇初级中学学校食堂劳务用工服务采购项目公告,2026-07-20,湖北省,,采购/资审公告,湖北省政府采购网,https://www.ggzy.gov.cn/information/deal/html/a/420000/0201/20260720/00427027953161e741eb85b07026a0196f57.html,食堂设备,食堂设备,食堂设备;后勤服务,初中,否,否
0051a7b5cdcea6444d1c83216aabe0d12326,四川省北川中学民族文化提升项目（非集采））竞争性磋商公告,2026-07-20,四川省,,采购/资审公告,,https://www.ggzy.gov.cn/information/deal/html/a/510000/0201/20260720/0051a7b5cdcea6444d1c83216aabe0d12326.html,其他,其他,,一贯制未分段,否,否
00220fcdff7c6ca141199e9c34b81046338c,长岭县政府采购中心关于长岭县第二中学空调等设备采购项目的公开招标公告,2026-07-20,吉林省,,采购/资审公告,松原市公共资源交易中心,https://www.ggzy.gov.cn/information/deal/html/a/220000/0201/20260720/00220fcdff7c6ca141199e9c34b81046338c.html,工程配套,其他,工程配套,一贯制未分段,否,否
00614467bcc1023e4ed78c488b99d1dcd154,平利县城关初级中学食堂劳务采购 项目采购公告,2026-07-20,陕西省,,采购/资审公告,全国公共资源交易平台（陕西省·安康市）电子交易系统,https://www.ggzy.gov.cn/information/deal/html/a/610000/0201/20260720/00614467bcc1023e4ed78c488b99d1dcd154.html,食堂设备,食堂设备,食堂设备;后勤服务,初中,否,否
0033f8f95f2c44fc4d6d9a4471b818a1fb35,衢州市公共资源交易江山市分中心关于浙江省江山市滨江高级中学物业管理服务采购项目的公开招标公告,2026-07-20,浙江省,,采购/资审公告,衢州市公共资源交易网,https://www.ggzy.gov.cn/information/deal/html/a/330000/0201/20260720/0033f8f95f2c44fc4d6d9a4471b818a1fb35.html,后勤服务,其他,后勤服务,高中,否,否
006154d59e832abc4b16af3ccc348ce68801,延安市新区第四中学餐饮服务团队采购公告,2026-07-20,陕西省,,采购/资审公告,全国公共资源交易平台（陕西省）,https://www.ggzy.gov.cn/information/deal/html/a/610000/0201/20260720/006154d59e832abc4b16af3ccc348ce68801.html,后勤服务,其他,后勤服务,一贯制未分段,否,否
0061e6dad327f9084073aeb07aa0fcc3e5a6,甘泉县初级中学等8所学校互联智慧黑板建设项目招标公告,2026-07-20,陕西省,,采购/资审公告,全国公共资源交易平台（陕西省）,https://www.ggzy.gov.cn/information/deal/html/a/610000/0201/20260720/0061e6dad327f9084073aeb07aa0fcc3e5a6.html,智慧黑板,智慧黑板,智慧黑板,初中,是,否
00610c8c3cb22ee04a19bb2494d09fbc4585,榆林高新区第一中学关于学校电力维修及看台、排水等安全隐患整改项目采购公告,2026-07-20,陕西省,,采购/资审公告,全国公共资源交易平台（陕西省）,https://www.ggzy.gov.cn/information/deal/html/a/610000/0201/20260720/00610c8c3cb22ee04a19bb2494d09fbc4585.html,校舍维修改造,校舍维修改造,校舍维修改造,一贯制未分段,否,否
0061e2f977327877430ebe1c22f260e5da7f,2026年眉县中学校园提升改造项目采购公告,2026-07-20,陕西省,,采购/资审公告,全国公共资源交易平台（陕西省）,https://www.ggzy.gov.cn/information/deal/html/a/610000/0201/20260720/0061e2f977327877430ebe1c22f260e5da7f.html,校舍维修改造,校舍维修改造,校舍维修改造,一贯制未分段,否,否
00412ee4e2f378c34ca88d06c33c5190a2da,焦作市第三十七中学教官服务项目-竞争性磋商公告,2026-07-20,河南省,,采购/资审公告,,https://www.ggzy.gov.cn/information/deal/html/a/410000/0201/20260720/00412ee4e2f378c34ca88d06c33c5190a2da.html,其他,其他,,一贯制未分段,否,否
0041e7c59840d1db4e3b878290d0792540ce,新乡市第十中学直录播教室升级改造项目-竞争性谈判公告,2026-07-20,河南省,,采购/资审公告,,https://www.ggzy.gov.cn/information/deal/html/a/410000/0201/20260720/0041e7c59840d1db4e3b878290d0792540ce.html,信息化设备,信息化设备,信息化设备;校舍维修改造,一贯制未分段,是,否
004192a14c56721a48d0883cd91e9e81804d,焦作市第一中学一号、二号餐厅委托经营服务项目竞争性磋商公告,2026-07-20,河南省,,采购/资审公告,,https://www.ggzy.gov.cn/information/deal/html/a/410000/0201/20260720/004192a14c56721a48d0883cd91e9e81804d.html,食堂设备,食堂设备,食堂设备,一贯制未分段,否,否
0061efef802d69c346229f999eefc32a9a8c,宝鸡市斗鸡中学物业管理服务采购项目竞争性磋商公告,2026-07-20,陕西省,,采购/资审公告,全国公共资源交易平台（陕西省）,https://www.ggzy.gov.cn/information/deal/html/a/610000/0201/20260720/0061efef802d69c346229f999eefc32a9a8c.html,后勤服务,其他,后勤服务,一贯制未分段,否,否
00616e96770efe1a4f8ca7bea17e7e51952a,榆林高新区第一中学关于校园安全隐患整改维修、设施设备采购项目采购公告,2026-07-20,陕西省,,采购/资审公告,全国公共资源交易平台（陕西省）,https://www.ggzy.gov.cn/information/deal/html/a/610000/0201/20260720/00616e96770efe1a4f8ca7bea17e7e51952a.html,校舍维修改造,校舍维修改造,校舍维修改造,一贯制未分段,否,否
0061b7fe6567d6c8455194d4cbf6472e0070,米脂中学校舍维修改造项目采购公告,2026-07-20,陕西省,,采购/资审公告,全国公共资源交易平台（陕西省）,https://www.ggzy.gov.cn/information/deal/html/a/610000/0201/20260720/0061b7fe6567d6c8455194d4cbf6472e0070.html,校舍维修改造,校舍维修改造,校舍维修改造,一贯制未分段,否,否
0033c92582a980924fa7b45c656738ec1bb8,耀华建设管理有限公司关于杭州市临平中学校园文化采购项目（线上电子招投标）的公开招标公告,2026-07-20,浙江省,,采购/资审公告,杭州市公共资源交易网,https://www.ggzy.gov.cn/information/deal/html/a/330000/0201/20260720/0033c92582a980924fa7b45c656738ec1bb8.html,校园文化,其他,校园文化,一贯制未分段,否,否
00338cc0376cb7d848818f980fcbfe833b65,浙江同诚建设管理有限公司关于桐乡市求是实验中学2026学年餐饮服务（劳务）外包服务采购项目的公开招标公告,2026-07-20,浙江省,,采购/资审公告,嘉兴市公共资源交易网,https://www.ggzy.gov.cn/information/deal/html/a/330000/0201/20260720/00338cc0376cb7d848818f980fcbfe833b65.html,后勤服务,其他,后勤服务,一贯制未分段,否,否
0033fcad5ea522234fa489abbe8210c882cf,禾泽都林设计集团有限公司关于马寅初中学(镇海中学嵊州分校)改造智能化设备采购项目的公开招标公告,2026-07-20,浙江省,,采购/资审公告,绍兴市公共资源交易网,https://www.ggzy.gov.cn/information/deal/html/a/330000/0201/20260720/0033fcad5ea522234fa489abbe8210c882cf.html,校舍维修改造,校舍维修改造,校舍维修改造,初中,否,否
00619a23dd476dd642c39357601f99a29d4d,宝鸡市凤翔区竞存第一中学智慧黑板采购项目采购公告,2026-07-20,陕西省,,采购/资审公告,全国公共资源交易平台（陕西省）,https://www.ggzy.gov.cn/information/deal/html/a/610000/0201/20260720/00619a23dd476dd642c39357601f99a29d4d.html,智慧黑板,智慧黑板,智慧黑板,一贯制未分段,是,否
0014ef052681fd9646ee8b7935cc90de5b30,山西省曲沃中学校竞争性谈判山西省曲沃中学校物业管理服务的采购公告,2026-07-20,山西省,,采购/资审公告,,https://www.ggzy.gov.cn/information/deal/html/a/140000/0201/20260720/0014ef052681fd9646ee8b7935cc90de5b30.html,后勤服务,其他,后勤服务,一贯制未分段,否,否
00378c04a8f358284f309d1eea8b89a17558,莱阳市柏林庄中心初级中学校园改造工程竞争性磋商公告（二次）,2026-07-20,山东省,,采购/资审公告,烟台市公共资源交易系统,https://www.ggzy.gov.cn/information/deal/html/a/370000/0201/20260720/00378c04a8f358284f309d1eea8b89a17558.html,校舍维修改造,校舍维修改造,校舍维修改造,初中,否,否
0021d742b56f287343bf873b215cdb3488fd,义县第一初级中学校舍维修工程竞争性磋商公告,2026-07-20,辽宁省,,采购/资审公告,辽宁政府采购网,https://www.ggzy.gov.cn/information/deal/html/a/210000/0201/20260720/0021d742b56f287343bf873b215cdb3488fd.html,校舍维修改造,校舍维修改造,校舍维修改造,初中,否,否
0021c08adf8562414995b24783b072cafd88,建平县三家蒙古族乡中学消防给水管网及水池建设项目竞争性磋商公告,2026-07-20,辽宁省,,采购/资审公告,辽宁政府采购网,https://www.ggzy.gov.cn/information/deal/html/a/210000/0201/20260720/0021c08adf8562414995b24783b072cafd88.html,校园安防,校园安防,校园安防,一贯制未分段,否,否
0021a71375eef7cf49ce884d96e079c906ae,抚顺市实验中学南校区厨房设备采购项目招标公告,2026-07-20,辽宁省,,采购/资审公告,辽宁政府采购网,https://www.ggzy.gov.cn/information/deal/html/a/210000/0201/20260720/0021a71375eef7cf49ce884d96e079c906ae.html,食堂设备,食堂设备,食堂设备,一贯制未分段,否,否
00219380826e37f2417d9442007ab5c89267,抚顺市第二十六中学2026暑期维修改造工程竞争性磋商公告,2026-07-20,辽宁省,,采购/资审公告,辽宁政府采购网,https://www.ggzy.gov.cn/information/deal/html/a/210000/0201/20260720/00219380826e37f2417d9442007ab5c89267.html,校舍维修改造,校舍维修改造,校舍维修改造,一贯制未分段,否,否
00217e0d378616e7440f914081b143f7c3e9,沈阳市第一六0中学教学楼体育馆改造工程竞争性磋商公告,2026-07-20,辽宁省,,采购/资审公告,辽宁政府采购网,https://www.ggzy.gov.cn/information/deal/html/a/210000/0201/20260720/00217e0d378616e7440f914081b143f7c3e9.html,校舍维修改造,校舍维修改造,校舍维修改造,一贯制未分段,否,否
002134abfa607a944461bae8a10134f86c7e,沈阳市第一六二中学采购食堂餐饮服务项目招标公告,2026-07-20,辽宁省,,采购/资审公告,辽宁政府采购网,https://www.ggzy.gov.cn/information/deal/html/a/210000/0201/20260720/002134abfa607a944461bae8a10134f86c7e.html,食堂设备,食堂设备,食堂设备;后勤服务,一贯制未分段,否,否
0033a756a54a57fd46e2a83f48f5f6e09986,浙江国际招投标有限公司关于杭州市保俶塔实验学校（之江校区）校园文化设施采购项目的公开招标公告,2026-07-26,浙江省,,采购/资审公告,杭州市公共资源交易网,https://www.ggzy.gov.cn/information/deal/html/a/330000/0201/20260726/0033a756a54a57fd46e2a83f48f5f6e09986.html,校园文化,其他,校园文化,一贯制未分段,否,否
0031ea074f25b7d5496487019c579f3cf56b,上海市松江区泗泾实验学校标准化食堂建设项目的竞争性磋商公告,2026-07-26,上海市,,采购/资审公告,上海政府采购网,https://www.ggzy.gov.cn/information/deal/html/a/310000/0201/20260726/0031ea074f25b7d5496487019c579f3cf56b.html,食堂设备,食堂设备,食堂设备,一贯制未分段,否,否
004402a5507c54b444f184b3d4ff4c15e980,深圳市坪山区树人实验学校物业服务项目（A）招标公告,2026-07-25,广东省,,采购/资审公告,,https://www.ggzy.gov.cn/information/deal/html/a/440000/0201/20260725/004402a5507c54b444f184b3d4ff4c15e980.html,后勤服务,其他,后勤服务,一贯制未分段,否,否
0013696a0e8c73634379b250432147779d86,廊坊经济技术开发区第二实验学校大数据精准教学系统采购项目公开招标交易公告,2026-07-24,河北省,,采购/资审公告,廊坊市公共资源交易中心,https://www.ggzy.gov.cn/information/deal/html/a/130000/0201/20260724/0013696a0e8c73634379b250432147779d86.html,教学软件,教学软件,教学软件,一贯制未分段,是,否
00134e9bf65be5a849098c1c956d618c08e1,廊坊经济技术开发区第二实验学校AI听说课堂采购项目公开招标交易公告,2026-07-24,河北省,,采购/资审公告,廊坊市公共资源交易中心,https://www.ggzy.gov.cn/information/deal/html/a/130000/0201/20260724/00134e9bf65be5a849098c1c956d618c08e1.html,人工智能,人工智能,人工智能,一贯制未分段,是,否
00445e9b16106a6742d1af1d8602ace2fea9,深圳市罗湖区仙湖实验学校2026-2027年后勤管理服务项目（A）招标公告,2026-07-24,广东省,,采购/资审公告,,https://www.ggzy.gov.cn/information/deal/html/a/440000/0201/20260724/00445e9b16106a6742d1af1d8602ace2fea9.html,后勤服务,其他,后勤服务,一贯制未分段,否,否
0043b2c621c50ec141498b22227613fe0ab7,蒸湘区成章实验学校食堂食材配送服务政府采购项目公开招标公告,2026-07-24,湖南省,,采购/资审公告,,https://www.ggzy.gov.cn/information/deal/html/a/430000/0201/20260724/0043b2c621c50ec141498b22227613fe0ab7.html,食堂设备,食堂设备,食堂设备;后勤服务,一贯制未分段,否,否
0032f55920c1b35d4bfa802e9f775ca6724a,盐城市亭湖区青墩实验学校物业服务项目采购公告,2026-07-24,江苏省,,采购/资审公告,,https://www.ggzy.gov.cn/information/deal/html/a/320000/0201/20260724/0032f55920c1b35d4bfa802e9f775ca6724a.html,后勤服务,其他,后勤服务,一贯制未分段,否,否
0034317bbea88b294bb6ac12f29861574b6c,怀远榴城实验学校报告厅、档案室货物采购项目一包(二次)竞争性谈判公告,2026-07-24,安徽省,,采购/资审公告,蚌埠市公共资源交易平台电子交易系统,https://www.ggzy.gov.cn/information/deal/html/a/340000/0201/20260724/0034317bbea88b294bb6ac12f29861574b6c.html,后勤服务,其他,后勤服务,一贯制未分段,否,否
0035054f4992244c4482827667e545f10f74,安溪县参内中心学校设备设施采购项目(用于安溪县城东第三实验学校(暂名))竞争性磋商公告,2026-07-24,福建省,,采购/资审公告,泉州市公共资源交易中心,https://www.ggzy.gov.cn/information/deal/html/a/350000/0201/20260724/0035054f4992244c4482827667e545f10f74.html,其他,其他,,一贯制未分段,否,否
0032245af971dbd44777be732d28217cf096,盐城市解放路实验学校物业服务项目采购公告,2026-07-24,江苏省,,采购/资审公告,,https://www.ggzy.gov.cn/information/deal/html/a/320000/0201/20260724/0032245af971dbd44777be732d28217cf096.html,后勤服务,其他,后勤服务,一贯制未分段,否,否
0034c64a8426ffec443a8c94819f3631516e,2026年当涂实验学校釜山路学校运动场塑胶采购与安装项目招标公告,2026-07-24,安徽省,,采购/资审公告,马鞍山市公共资源交易平台电子交易系统,https://www.ggzy.gov.cn/information/deal/html/a/340000/0201/20260724/0034c64a8426ffec443a8c94819f3631516e.html,校舍维修改造,校舍维修改造,校舍维修改造,一贯制未分段,否,否
0011b6bea150cd5b466db1c0b1c9f45a68a8,专用设备购置类项目-北京第五实验学校教育教学设备购置公开招标公告,2026-07-24,北京,,采购/资审公告,北京市政府采购网,https://www.ggzy.gov.cn/information/deal/html/a/110000/0201/20260724/0011b6bea150cd5b466db1c0b1c9f45a68a8.html,教学仪器,教学仪器,教学仪器,一贯制未分段,否,否
003351bdac3225a64c93a4cd745d280a4e34,嘉兴经投工程咨询服务有限公司关于嘉兴市马家浜实验学校智慧校园集成采购项目的公开招标公告,2026-07-24,浙江省,,采购/资审公告,嘉兴市公共资源交易网,https://www.ggzy.gov.cn/information/deal/html/a/330000/0201/20260724/003351bdac3225a64c93a4cd745d280a4e34.html,智慧校园,智慧校园,智慧校园;后勤服务,一贯制未分段,是,否
00364b5d0721ef6c4548bd444da52d6000ca,乐平市实验学校教室升级改造设备采购项目(第二次),2026-07-24,江西省,,采购/资审公告,景德镇市公共资源交易中心,https://www.ggzy.gov.cn/information/deal/html/a/360000/0201/20260724/00364b5d0721ef6c4548bd444da52d6000ca.html,校舍维修改造,校舍维修改造,校舍维修改造,一贯制未分段,否,否
0021d935e21c75414df1b0d5810e4f240ed8,沈阳市沈水实验学校采购师生餐饮服务招标公告,2026-07-24,辽宁省,,采购/资审公告,辽宁政府采购网,https://www.ggzy.gov.cn/information/deal/html/a/210000/0201/20260724/0021d935e21c75414df1b0d5810e4f240ed8.html,后勤服务,其他,后勤服务,一贯制未分段,否,否
00211efc386a01d64df9ab228769eb6b0028,鞍山腾鳌经济开发区实验学校维修改造项目竞争性磋商公告,2026-07-24,辽宁省,,采购/资审公告,辽宁政府采购网,https://www.ggzy.gov.cn/information/deal/html/a/210000/0201/20260724/00211efc386a01d64df9ab228769eb6b0028.html,校舍维修改造,校舍维修改造,校舍维修改造,一贯制未分段,否,否
0037b035079315474d0d8cb0292d97aedd80,山东省滨州市滨州实验学校南校区办学条件完善改造二期项目课桌椅采购项目竞争性磋商公告,2026-07-23,山东省,,采购/资审公告,滨州市公共资源电子交易系统,https://www.ggzy.gov.cn/information/deal/html/a/370000/0201/20260723/0037b035079315474d0d8cb0292d97aedd80.html,校舍维修改造,校舍维修改造,校舍维修改造;课桌椅,一贯制未分段,否,否
0011d1c4f95358eb48168775797a99108ebb,[ID44068]2026年食堂硬件提升项目（清华大学附属实验学校）公开招标公告,2026-07-23,北京,,采购/资审公告,北京市政府采购网,https://www.ggzy.gov.cn/information/deal/html/a/110000/0201/20260723/0011d1c4f95358eb48168775797a99108ebb.html,食堂设备,食堂设备,食堂设备,一贯制未分段,否,否
00509145bc31faeb4996a15b40cfb6bae834,重庆市教科院巴蜀实验学校智慧校园(NAQ26A00250)竞争性磋商公告,2026-07-23,重庆市,,采购/资审公告,重庆市公共资源交易服务平台,https://www.ggzy.gov.cn/information/deal/html/a/500000/0201/20260723/00509145bc31faeb4996a15b40cfb6bae834.html,智慧校园,智慧校园,智慧校园,一贯制未分段,是,否
0013e7d99642a6e84fd28abe5893ee37fcf5,石家庄市十七中实验学校校园维修工程项目竞争性磋商公告,2026-07-23,河北省,,采购/资审公告,石家庄公共资源交易网,https://www.ggzy.gov.cn/information/deal/html/a/130000/0201/20260723/0013e7d99642a6e84fd28abe5893ee37fcf5.html,校舍维修改造,校舍维修改造,校舍维修改造,一贯制未分段,否,否
00416f1f38cfc5f14e77bb542ae489822eae,通许县第三实验学校采购项目--竞争性磋商公告,2026-07-23,河南省,,采购/资审公告,,https://www.ggzy.gov.cn/information/deal/html/a/410000/0201/20260723/00416f1f38cfc5f14e77bb542ae489822eae.html,其他,其他,,一贯制未分段,否,否
0033b8218d59079349f3915fa0390f459d3c,舟山建银工程造价审查中心有限公司关于舟山南海教育集团（南海实验学校）智慧校园建设采购项目的公开招标公告,2026-07-23,浙江省,,采购/资审公告,舟山市公共资源交易网,https://www.ggzy.gov.cn/information/deal/html/a/330000/0201/20260723/0033b8218d59079349f3915fa0390f459d3c.html,智慧校园,智慧校园,智慧校园,一贯制未分段,是,否
005351192ee7253c42d5b4a84db3643851f3,南华县思源实验学校听力考试教室建设项目的公开招标公告,2026-07-22,云南省,,采购/资审公告,,https://www.ggzy.gov.cn/information/deal/html/a/530000/0201/20260722/005351192ee7253c42d5b4a84db3643851f3.html,其他,其他,,一贯制未分段,否,否
00442c3e8d0931994cf89bd7fc5d26ac8849,东莞市松山湖横沥实验学校采购教学服务项目招标公告,2026-07-22,广东省,,采购/资审公告,,https://www.ggzy.gov.cn/information/deal/html/a/440000/0201/20260722/00442c3e8d0931994cf89bd7fc5d26ac8849.html,其他,其他,,一贯制未分段,否,否
00344fd0f33837d04f05a7f7857276f4134b,黄山市新城实验学校4#教学楼及室外智能化等设备采购项目询价公告,2026-07-22,安徽省,,采购/资审公告,黄山市公共资源交易平台电子交易系统,https://www.ggzy.gov.cn/information/deal/html/a/340000/0201/20260722/00344fd0f33837d04f05a7f7857276f4134b.html,其他,其他,,一贯制未分段,否,否
00329f61478a508d4d0c84d004eaeb478951,宿迁市第一实验学校物业服务采购项目竞争性磋商公告,2026-07-22,江苏省,,采购/资审公告,,https://www.ggzy.gov.cn/information/deal/html/a/320000/0201/20260722/00329f61478a508d4d0c84d004eaeb478951.html,后勤服务,其他,后勤服务,一贯制未分段,否,否
0022f892c0b962c04323af228c01f159e738,吉林市船营区政府采购中心关于吉林市船营区教育技术装备中心吉林市船营区实验学校图书室设备采购项目的公开招标公告,2026-07-22,吉林省,,采购/资审公告,吉林市公共资源交易网上招投标系统,https://www.ggzy.gov.cn/information/deal/html/a/220000/0201/20260722/0022f892c0b962c04323af228c01f159e738.html,图书,图书,图书,一贯制未分段,否,否
00135d81961591a4482f91bf3e479ac39022,沽源县实验学校沽源县实验学校新建综合教室项目竞争性磋商公告,2026-07-21,河北省,,采购/资审公告,张家口公共资源交易综合信息平台,https://www.ggzy.gov.cn/information/deal/html/a/130000/0201/20260721/00135d81961591a4482f91bf3e479ac39022.html,校舍维修改造,校舍维修改造,校舍维修改造,一贯制未分段,否,否
00437cf087570a8949598864d45e4ccf1a92,长沙市雨花区教育局2026年中雅实验学校、湘郡培粹外国语学校等校保开学保运转教学家具类设备采购项目招标公告,2026-07-21,湖南省,,采购/资审公告,,https://www.ggzy.gov.cn/information/deal/html/a/430000/0201/20260721/00437cf087570a8949598864d45e4ccf1a92.html,课桌椅,课桌椅,课桌椅,教育局统筹,否,否
0032e4a85e8771234cc5b1d7d68147c63947,省锡中实验学校新城校区物业服务项目采购公告,2026-07-21,江苏省,,采购/资审公告,,https://www.ggzy.gov.cn/information/deal/html/a/320000/0201/20260721/0032e4a85e8771234cc5b1d7d68147c63947.html,后勤服务,其他,后勤服务,一贯制未分段,否,否
00323c775750ec854978b04e0fabc0f0486f,无锡市新吴区世新实验学校物业管理服务项目采购公告,2026-07-21,江苏省,,采购/资审公告,,https://www.ggzy.gov.cn/information/deal/html/a/320000/0201/20260721/00323c775750ec854978b04e0fabc0f0486f.html,后勤服务,其他,后勤服务,一贯制未分段,否,否
003286d5bb423c7a46799dec6e8c3f2723a3,句容市琅琊实验学校专用教室教学设备采购采购公告,2026-07-21,江苏省,,采购/资审公告,,https://www.ggzy.gov.cn/information/deal/html/a/320000/0201/20260721/003286d5bb423c7a46799dec6e8c3f2723a3.html,实验室设备,实验室设备,实验室设备;教学仪器,一贯制未分段,否,否
0011d6c00f4613964eadaf0e1d19ae6bda29,直属单位业务发展-北京第一实验学校图书配置更新项目采购项目公开招标公告,2026-07-21,北京,,采购/资审公告,北京市政府采购网,https://www.ggzy.gov.cn/information/deal/html/a/110000/0201/20260721/0011d6c00f4613964eadaf0e1d19ae6bda29.html,图书,图书,图书,一贯制未分段,否,否
00112aad4efb4b7c4100a4e7b1f8b34cd6ff,2025年设备新购-北京启喑实验学校-京财教育指[2025]1402号十五年一贯制特殊教育学校项目经费其他信息化设备采购项目2包公开招标公告,2026-07-21,北京,,采购/资审公告,北京市政府采购网,https://www.ggzy.gov.cn/information/deal/html/a/110000/0201/20260721/00112aad4efb4b7c4100a4e7b1f8b34cd6ff.html,信息化,信息化,信息化,一贯制未分段,是,否
003479fc881b43814b05b03505376d2eb91f,黄山市新城实验学校北大门及校舍等基础设施提升改造工程采购项目竞争性谈判公告,2026-07-21,安徽省,,采购/资审公告,黄山市公共资源交易平台电子交易系统,https://www.ggzy.gov.cn/information/deal/html/a/340000/0201/20260721/003479fc881b43814b05b03505376d2eb91f.html,校舍维修改造,校舍维修改造,校舍维修改造,一贯制未分段,否,否
0032621732e0975049eb9e25b9b6bbb549f7,宿迁市第七实验学校综合楼、运动场、污水管网、围墙、绿化、路灯、零星路面改造工程采购公告,2026-07-20,江苏省,,采购/资审公告,,https://www.ggzy.gov.cn/information/deal/html/a/320000/0201/20260720/0032621732e0975049eb9e25b9b6bbb549f7.html,校舍维修改造,校舍维修改造,校舍维修改造;工程配套,一贯制未分段,否,否
003425a637c09a84433b9ec9b6f1ea2e62a7,中新苏滁高新区苏滁实验学校物业综合服务外包项目招标公告,2026-07-20,安徽省,,采购/资审公告,滁州市公共资源交易平台电子交易系统,https://www.ggzy.gov.cn/information/deal/html/a/340000/0201/20260720/003425a637c09a84433b9ec9b6f1ea2e62a7.html,后勤服务,其他,后勤服务,一贯制未分段,否,否
0051b3702fabf0c849d79ce83cf51a2b01e2,攀枝花市实验学校智慧体育招标公告,2026-07-20,四川省,,采购/资审公告,,https://www.ggzy.gov.cn/information/deal/html/a/510000/0201/20260720/0051b3702fabf0c849d79ce83cf51a2b01e2.html,其他,其他,,一贯制未分段,否,否
0011c9bab9bfdd5d454eb1d6305fc271a746,开办项目-信息化系统新建项目-北京第三实验学校信息化项目（二期）01包公开招标公告,2026-07-20,北京,,采购/资审公告,北京市政府采购网,https://www.ggzy.gov.cn/information/deal/html/a/110000/0201/20260720/0011c9bab9bfdd5d454eb1d6305fc271a746.html,信息化,信息化,信息化;校舍维修改造,一贯制未分段,是,否
0011bac47e73268e44b285bee1c7b0f8c98d,开办项目-信息化系统新建项目-北京第三实验学校信息化项目（二期）02包公开招标公告,2026-07-20,北京,,采购/资审公告,北京市政府采购网,https://www.ggzy.gov.cn/information/deal/html/a/110000/0201/20260720/0011bac47e73268e44b285bee1c7b0f8c98d.html,信息化,信息化,信息化;校舍维修改造,一贯制未分段,是,否
006255dfd7e3e3004e95b3cfc2a3923399bc,七里河区教育局马滩实验学校理化生吊装实验室项目招标公告,2026-07-20,甘肃省,,采购/资审公告,兰州市公共资源交易平台,https://www.ggzy.gov.cn/information/deal/html/a/620000/0201/20260720/006255dfd7e3e3004e95b3cfc2a3923399bc.html,实验室设备,实验室设备,实验室设备,教育局统筹,否,否
00339aad41d0d13943e196ec5af141f569f4,浙江同诚建设管理有限公司关于桐乡市现代实验学校2026学年餐饮服务（劳务）外包服务采购项目的公开招标公告,2026-07-20,浙江省,,采购/资审公告,嘉兴市公共资源交易网,https://www.ggzy.gov.cn/information/deal/html/a/330000/0201/20260720/00339aad41d0d13943e196ec5af141f569f4.html,后勤服务,其他,后勤服务,一贯制未分段,否,否
003335c93f5fabdf4eb7a59e2e7ada77e4a1,宁波杜威工程项目管理有限公司关于北仑横杨未来社区配套基础设施—东海实验学校庐南校区配套道路路灯采购（第三次）的公开招标公告,2026-07-20,浙江省,,采购/资审公告,宁波市公共资源交易网,https://www.ggzy.gov.cn/information/deal/html/a/330000/0201/20260720/003335c93f5fabdf4eb7a59e2e7ada77e4a1.html,其他,其他,,一贯制未分段,否,否
00429708cf7031a64762be9853cfae9f981a,武汉市东西湖区柏景湾学校柏景湾学校（筹备武汉临空港外国语学校（暂定名））AI智慧体育、心理咨询室器材采购项目（第二次）公开招标公告,2026-07-26,湖北省,,采购/资审公告,湖北省政府采购网,https://www.ggzy.gov.cn/information/deal/html/a/420000/0201/20260726/00429708cf7031a64762be9853cfae9f981a.html,人工智能,人工智能,人工智能;音体美器材;后勤服务,一贯制未分段,是,否
00515d4e4a7296a948d384b9827b505d7636,攀枝花市花城外国语学校学生宿舍及教师公寓太阳能空气能热水系统采购及防水工程竞争性谈判公告,2026-07-24,四川省,,采购/资审公告,,https://www.ggzy.gov.cn/information/deal/html/a/510000/0201/20260724/00515d4e4a7296a948d384b9827b505d7636.html,工程配套,其他,工程配套,一贯制未分段,否,否
00438797065923604d34a2c0fc8d91e5cca2,常德外国语学校学生宿舍改造项目第一包：学生宿舍双层实木床、第二包：常德外国语学校男女宿舍墙漆维修项目,2026-07-23,湖南省,,采购/资审公告,,https://www.ggzy.gov.cn/information/deal/html/a/430000/0201/20260723/00438797065923604d34a2c0fc8d91e5cca2.html,校舍维修改造,校舍维修改造,校舍维修改造,一贯制未分段,否,否
00221e2ec137340a4d03b2879e0159e3e0c8,长春外国语学校物业服务,2026-07-23,吉林省,,采购/资审公告,吉林省公共资源交易信息网,https://www.ggzy.gov.cn/information/deal/html/a/220000/0201/20260723/00221e2ec137340a4d03b2879e0159e3e0c8.html,后勤服务,其他,后勤服务,一贯制未分段,否,否
0032559e924569b545478c9a2d41a394d925,市外国语学校学府路分校交通安全提升工程采购公告,2026-07-21,江苏省,,采购/资审公告,,https://www.ggzy.gov.cn/information/deal/html/a/320000/0201/20260721/0032559e924569b545478c9a2d41a394d925.html,其他,其他,,一贯制未分段,否,否
0044dd2ae42689b04405be06a85035f39553,深圳市龙华区外国语学校教育集团物业服务项目（A）招标公告,2026-07-21,广东省,,采购/资审公告,,https://www.ggzy.gov.cn/information/deal/html/a/440000/0201/20260721/0044dd2ae42689b04405be06a85035f39553.html,后勤服务,其他,后勤服务,一贯制未分段,否,否
0033b03c91c1822a41aaace847e0efe3d90a,浙江求真工程管理咨询有限公司关于上海尚阳外国语学校桐乡丰子恺学校2026年度劳务外包服务项目（第二次）的公开招标公告,2026-07-21,浙江省,,采购/资审公告,嘉兴市公共资源交易网,https://www.ggzy.gov.cn/information/deal/html/a/330000/0201/20260721/0033b03c91c1822a41aaace847e0efe3d90a.html,后勤服务,其他,后勤服务,一贯制未分段,否,否
0014af57ecaf793145839f89e921b41ebc7f,盂县教育局2026-2027学年度义教阶段寄宿学生营养 早餐奶项目公开招标采购公告,2026-07-26,山西省,,采购/资审公告,,https://www.ggzy.gov.cn/information/deal/html/a/140000/0201/20260726/0014af57ecaf793145839f89e921b41ebc7f.html,其他,其他,,教育局统筹,否,否
00624947f1f85b4f4b939a3bbcf74cdeb16a,永昌县教育局永昌县2026年度校园餐大宗食材供应商框架协议采购项目（第三包）第二次征集公告,2026-07-24,甘肃省,,采购/资审公告,金昌市公共资源交易平台,https://www.ggzy.gov.cn/information/deal/html/a/620000/0201/20260724/00624947f1f85b4f4b939a3bbcf74cdeb16a.html,后勤服务,其他,后勤服务,教育局统筹,否,否
0043cd6dd7f4f0c24b7f90dbcd548b69024a,长沙市芙蓉区教育局2026年新校新园及特殊教育信息设备采购招标公告,2026-07-24,湖南省,,采购/资审公告,,https://www.ggzy.gov.cn/information/deal/html/a/430000/0201/20260724/0043cd6dd7f4f0c24b7f90dbcd548b69024a.html,其他,其他,,教育局统筹,否,否
001588f4785fa40e4b44845ae5a15bcab992,巴林左旗教育局巴林左旗教育系统学校食堂大宗食材集中采购项目招标公告,2026-07-24,内蒙古自治区,,采购/资审公告,,https://www.ggzy.gov.cn/information/deal/html/a/150000/0201/20260724/001588f4785fa40e4b44845ae5a15bcab992.html,食堂设备,食堂设备,食堂设备;后勤服务,教育局统筹,否,否
0054524cddecb2bb41929e1849f763811db1,琼结县教育局2026年学生装备采购项目采购公告,2026-07-24,西藏自治区,,采购/资审公告,,https://www.ggzy.gov.cn/information/deal/html/a/540000/0201/20260724/0054524cddecb2bb41929e1849f763811db1.html,其他,其他,,教育局统筹,否,否
00513dcb08586bf1491f8088d32a213eeb51,成都市双流区教育局2026年双流区智慧教育云平台运维服务项目竞争性磋商公告,2026-07-24,四川省,,采购/资审公告,,https://www.ggzy.gov.cn/information/deal/html/a/510000/0201/20260724/00513dcb08586bf1491f8088d32a213eeb51.html,智慧校园,智慧校园,智慧校园,教育局统筹,是,否
0064a6e05704a13d46d39facb6f698b82ed3,同心县教育局2026-2027学年营养改善计划原辅食材采购项目（大米、鸡蛋）项目招标公告,2026-07-24,宁夏回族自治区,,采购/资审公告,宁夏公共资源交易服务平台,https://www.ggzy.gov.cn/information/deal/html/a/640000/0201/20260724/0064a6e05704a13d46d39facb6f698b82ed3.html,后勤服务,其他,后勤服务,教育局统筹,否,否
0051cb96cbf262774988a7d7713f31437950,茂县教育局2026年茂县教师及青少年交往交流交融研学活动服务采购项目竞争性磋商公告,2026-07-24,四川省,,采购/资审公告,,https://www.ggzy.gov.cn/information/deal/html/a/510000/0201/20260724/0051cb96cbf262774988a7d7713f31437950.html,其他,其他,,教育局统筹,否,否
00221008ceee027e44d3addb9a11051327c7,吉林省鸿泰合项目管理有限公司关于梨树县教育局学前室外娱乐设备的公开招标公告,2026-07-24,吉林省,,采购/资审公告,四平市政务服务中心(新),https://www.ggzy.gov.cn/information/deal/html/a/220000/0201/20260724/00221008ceee027e44d3addb9a11051327c7.html,其他,其他,,教育局统筹,否,否
006408a5210d77ec4b26a424d5061f6a8051,同心县教育局2026-2027学年营养改善计划原辅食材（牛肉）四至六标段项目招标公告,2026-07-24,宁夏回族自治区,,采购/资审公告,宁夏公共资源交易服务平台,https://www.ggzy.gov.cn/information/deal/html/a/640000/0201/20260724/006408a5210d77ec4b26a424d5061f6a8051.html,后勤服务,其他,后勤服务,教育局统筹,否,否
00647e429d2ee2ac435697f99478f8470640,同心县教育局2026-2027学年营养改善计划原辅食材（牛肉）一至三标段项目招标公告,2026-07-24,宁夏回族自治区,,采购/资审公告,宁夏公共资源交易服务平台,https://www.ggzy.gov.cn/information/deal/html/a/640000/0201/20260724/00647e429d2ee2ac435697f99478f8470640.html,后勤服务,其他,后勤服务,教育局统筹,否,否
0064478df35d0d7e49ee913b0f7fe515c030,同心县教育局2026-2027学年农村义务教育学生营养改善计划原辅食材鸡蛋采购项目一至四标段项目招标公告,2026-07-24,宁夏回族自治区,,采购/资审公告,宁夏公共资源交易服务平台,https://www.ggzy.gov.cn/information/deal/html/a/640000/0201/20260724/0064478df35d0d7e49ee913b0f7fe515c030.html,后勤服务,其他,后勤服务,教育局统筹,否,否
0032ea29ec1f4a7e46858514683b9009e68f,苏州工业园区教育局关于斜塘学校改建修缮项目厨房设备采购项目采购公告,2026-07-24,江苏省,,采购/资审公告,,https://www.ggzy.gov.cn/information/deal/html/a/320000/0201/20260724/0032ea29ec1f4a7e46858514683b9009e68f.html,校舍维修改造,校舍维修改造,校舍维修改造;食堂设备,教育局统筹,否,否
00643de6bf9b36e2484b93942cbffdf2991e,同心县教育局2026-2027学年营养改善计划原辅食材采购项目（蔬菜、调味品）（一至四标段）项目招标公告,2026-07-24,宁夏回族自治区,,采购/资审公告,宁夏公共资源交易服务平台,https://www.ggzy.gov.cn/information/deal/html/a/640000/0201/20260724/00643de6bf9b36e2484b93942cbffdf2991e.html,后勤服务,其他,后勤服务,教育局统筹,否,否
0064f4a5e1b59c4f464da29f407377f1fc31,同心县教育局2026-2027学年营养改善计划原辅食材采购项目（蔬菜、调味品）（五至六标段）项目招标公告,2026-07-24,宁夏回族自治区,,采购/资审公告,宁夏公共资源交易服务平台,https://www.ggzy.gov.cn/information/deal/html/a/640000/0201/20260724/0064f4a5e1b59c4f464da29f407377f1fc31.html,后勤服务,其他,后勤服务,教育局统筹,否,否
00158e70f17c77594dbfa7d4aeef79262fc7,呼和浩特市教育局2026年呼和浩特市幼儿足球嘉年华低年龄段校园足球比赛呼包鄂乌青少年校园足球冬令营集训选拔赛及市长杯校园足球联赛市四区赛事服务竞争性磋商公告,2026-07-24,内蒙古自治区,,采购/资审公告,,https://www.ggzy.gov.cn/information/deal/html/a/150000/0201/20260724/00158e70f17c77594dbfa7d4aeef79262fc7.html,其他,其他,,教育局统筹,否,否
00424b7eb1382ced4d9ea76dd8ab95039e9d,黄梅县教育局2026年学校食堂米面油集采集配项目公开招标公告,2026-07-24,湖北省,,采购/资审公告,湖北省政府采购网,https://www.ggzy.gov.cn/information/deal/html/a/420000/0201/20260724/00424b7eb1382ced4d9ea76dd8ab95039e9d.html,食堂设备,食堂设备,食堂设备,教育局统筹,否,否
003356a718d7716c4c78a6218aca845b64d9,温州历程招标有限公司关于温州市洞头区教育局洞头区北岙学前教育（托育）建设工程厨房设备采购的公开招标公告,2026-07-24,浙江省,,采购/资审公告,温州市公共资源交易网,https://www.ggzy.gov.cn/information/deal/html/a/330000/0201/20260724/003356a718d7716c4c78a6218aca845b64d9.html,食堂设备,食堂设备,食堂设备,教育局统筹,否,否
0021f8fd6edd151040008a04c1a0003022c1,喀左县教育局营养改善计划大宗食材（大米、小麦粉、大豆油）采购项目招标公告,2026-07-24,辽宁省,,采购/资审公告,辽宁政府采购网,https://www.ggzy.gov.cn/information/deal/html/a/210000/0201/20260724/0021f8fd6edd151040008a04c1a0003022c1.html,后勤服务,其他,后勤服务,教育局统筹,否,否
00659e8d8a83b38b42e6a720d003b286d629,墨玉县教育局2026年“我爱北京天安门”-墨玉县京疆学子“融铸式”系列主题三交活动项目公开招标公告,2026-07-23,新疆维吾尔自治区,,采购/资审公告,新疆维吾尔自治区公共资源交易平台,https://www.ggzy.gov.cn/information/deal/html/a/650000/0201/20260723/00659e8d8a83b38b42e6a720d003b286d629.html,其他,其他,,教育局统筹,否,否
0062bc79008768b4490ab41f4dfe99c6ca60,永昌县教育局2026年校车安全工程服务项目公开招标公告,2026-07-23,甘肃省,,采购/资审公告,金昌市公共资源交易平台,https://www.ggzy.gov.cn/information/deal/html/a/620000/0201/20260723/0062bc79008768b4490ab41f4dfe99c6ca60.html,后勤服务,其他,后勤服务,教育局统筹,否,否
0013a9d5f6308f1b48139a21cc6eafcd667f,平山县教育局办公设备、家具采购项目公开招标公告,2026-07-23,河北省,,采购/资审公告,石家庄公共资源交易网,https://www.ggzy.gov.cn/information/deal/html/a/130000/0201/20260723/0013a9d5f6308f1b48139a21cc6eafcd667f.html,课桌椅,课桌椅,课桌椅,教育局统筹,否,否
0012a7d3b3df662947f0a0d9e8a2920a486e,天津市红桥区教育局机关 2026年红桥区部分学校反恐设施（监控）改造项目 (项目编号:HZ26-418-111A)公开招标公告,2026-07-23,天津市,,采购/资审公告,天津市公共资源交易平台交易系统,https://www.ggzy.gov.cn/information/deal/html/a/120000/0201/20260723/0012a7d3b3df662947f0a0d9e8a2920a486e.html,校舍维修改造,校舍维修改造,校舍维修改造;校园安防,教育局统筹,否,否
0037552daa9b0863402b9bde2433697aa031,威海市教育局（第二实验高中）实验室设施设备公开招标采购公告,2026-07-23,山东省,,采购/资审公告,威海市公共资源交易电子交易系统,https://www.ggzy.gov.cn/information/deal/html/a/370000/0201/20260723/0037552daa9b0863402b9bde2433697aa031.html,实验室设备,实验室设备,实验室设备,教育局统筹,否,否
0044cb65d24de9e147b985b3f109bae4280b,市教育局政务信息系统网络安全等级保护测评、商用密码应用安全性评估项目招标公告,2026-07-23,广东省,,采购/资审公告,,https://www.ggzy.gov.cn/information/deal/html/a/440000/0201/20260723/0044cb65d24de9e147b985b3f109bae4280b.html,后勤服务,其他,后勤服务,教育局统筹,否,否
00139f36ac5d1e9d4c4abbb974954578f0b6,平山县教育局设施设备采购项目公开招标公告,2026-07-23,河北省,,采购/资审公告,石家庄公共资源交易网,https://www.ggzy.gov.cn/information/deal/html/a/130000/0201/20260723/00139f36ac5d1e9d4c4abbb974954578f0b6.html,其他,其他,,教育局统筹,否,否
0051c65863fe614b4221995ff63bbbc5934e,青川县教育局青川县2025年教育城域网宽带配置项目竞争性磋商公告,2026-07-23,四川省,,采购/资审公告,,https://www.ggzy.gov.cn/information/deal/html/a/510000/0201/20260723/0051c65863fe614b4221995ff63bbbc5934e.html,其他,其他,,教育局统筹,否,否
0064ae65f431e0a941f4b0257f66d6de0d1b,中卫市沙坡头区教育局中考实验设备采购项目招标公告,2026-07-23,宁夏回族自治区,,采购/资审公告,宁夏公共资源交易服务平台,https://www.ggzy.gov.cn/information/deal/html/a/640000/0201/20260723/0064ae65f431e0a941f4b0257f66d6de0d1b.html,实验室设备,实验室设备,实验室设备,教育局统筹,否,否
0051fa1359b1bc8947cbbc390fd7b8b3c6e1,乐山市沙湾区教育局采购义务教育学校教学仪器设备项目招标公告,2026-07-23,四川省,,采购/资审公告,,https://www.ggzy.gov.cn/information/deal/html/a/510000/0201/20260723/0051fa1359b1bc8947cbbc390fd7b8b3c6e1.html,教学仪器,教学仪器,教学仪器,教育局统筹,否,否
0022d7ea05c2d14f462b88627471c04d5c0d,吉林省奥博项目管理有限公司关于梨树县教育局普通高中助教机采购项目的公开招标公告,2026-07-23,吉林省,,采购/资审公告,四平市政务服务中心(新),https://www.ggzy.gov.cn/information/deal/html/a/220000/0201/20260723/0022d7ea05c2d14f462b88627471c04d5c0d.html,其他,其他,,教育局统筹,否,否
004200b154ec95554014b739196d365aa250,武汉市新洲区教育局教育技术装备站2026年智慧教育构建及应用提升项目公开招标公告,2026-07-23,湖北省,,采购/资审公告,湖北省政府采购网,https://www.ggzy.gov.cn/information/deal/html/a/420000/0201/20260723/004200b154ec95554014b739196d365aa250.html,智慧校园,智慧校园,智慧校园,教育局统筹,是,否
00139b49ae9efc5d4b038173fdd950287cd3,Z130204260020唐山市古冶区教育局2026年古冶区教育局所属学校改造工程竞争性磋商,2026-07-23,河北省,,采购/资审公告,,https://www.ggzy.gov.cn/information/deal/html/a/130000/0201/20260723/00139b49ae9efc5d4b038173fdd950287cd3.html,校舍维修改造,校舍维修改造,校舍维修改造,教育局统筹,否,否
001482b5ef54d57e49b48f0910a194980b2a,山西省长治市潞城区教育局2026-2027学年农村义务教育营养改善计划营养餐食材采购项目的采购公告,2026-07-23,山西省,,采购/资审公告,,https://www.ggzy.gov.cn/information/deal/html/a/140000/0201/20260723/001482b5ef54d57e49b48f0910a194980b2a.html,后勤服务,其他,后勤服务,教育局统筹,否,否
00322297553a187b429f89d74a2b810e1c2a,南通市教育局直属学校2026年理化生仪器采购项目采购公告,2026-07-23,江苏省,,采购/资审公告,,https://www.ggzy.gov.cn/information/deal/html/a/320000/0201/20260723/00322297553a187b429f89d74a2b810e1c2a.html,实验室设备,实验室设备,实验室设备;教学仪器,教育局统筹,否,否
0041376a4636bfc24b41993a397f918c001b,巩义市教育局2026年义务教育学校校舍维修改造项目（四次）-竞争性谈判公告,2026-07-23,河南省,,采购/资审公告,,https://www.ggzy.gov.cn/information/deal/html/a/410000/0201/20260723/0041376a4636bfc24b41993a397f918c001b.html,校舍维修改造,校舍维修改造,校舍维修改造,教育局统筹,否,否
0051a355d45054764b37a553dd45df3e674c,井研县教育局2026-2027学年度义务教育阶段学生作业本采购竞争性谈判公告,2026-07-23,四川省,,采购/资审公告,,https://www.ggzy.gov.cn/information/deal/html/a/510000/0201/20260723/0051a355d45054764b37a553dd45df3e674c.html,其他,其他,,教育局统筹,否,否
003247a7a61fc14241dab8ab16cc34ecb6e4,宝应县教育局2026-2027学年校车服务项目采购公告,2026-07-23,江苏省,,采购/资审公告,,https://www.ggzy.gov.cn/information/deal/html/a/320000/0201/20260723/003247a7a61fc14241dab8ab16cc34ecb6e4.html,后勤服务,其他,后勤服务,教育局统筹,否,否
006459a1bb6e08d94eb19686f3f2e0dc53d0,原州区教育局2026年理化生实验室设备采购采购项目招标公告,2026-07-23,宁夏回族自治区,,采购/资审公告,宁夏公共资源交易服务平台,https://www.ggzy.gov.cn/information/deal/html/a/640000/0201/20260723/006459a1bb6e08d94eb19686f3f2e0dc53d0.html,实验室设备,实验室设备,实验室设备,教育局统筹,否,否
00355304ef0420f54f26bec331c884f3809e,武平县教育局2026年义务教育阶段学生簿籍采购项目(二次)公开招标招标公告,2026-07-22,福建省,,采购/资审公告,龙岩市公共资源交易中心,https://www.ggzy.gov.cn/information/deal/html/a/350000/0201/20260722/00355304ef0420f54f26bec331c884f3809e.html,其他,其他,,教育局统筹,否,否
005293a51804a61441dd9661435b9d5e39f9,息烽县教育局教师能力提升专业支持项目（三次）采购公告,2026-07-22,贵州省,,采购/资审公告,贵阳市公共资源交易中心,https://www.ggzy.gov.cn/information/deal/html/a/520000/0201/20260722/005293a51804a61441dd9661435b9d5e39f9.html,培训,培训,培训,教育局统筹,是,否
00158cda22d47d3346eea9dd03302e99d0e2,克什克腾旗教育局2026年克旗教育局义务教育学校维修改造项目竞争性磋商公告,2026-07-22,内蒙古自治区,,采购/资审公告,,https://www.ggzy.gov.cn/information/deal/html/a/150000/0201/20260722/00158cda22d47d3346eea9dd03302e99d0e2.html,校舍维修改造,校舍维修改造,校舍维修改造,教育局统筹,否,否
003508dc89246bff44678e0e975ae0347a10,古田县教育局可升降课桌椅采购询价公告,2026-07-22,福建省,,采购/资审公告,宁德市公共资源交易中心,https://www.ggzy.gov.cn/information/deal/html/a/350000/0201/20260722/003508dc89246bff44678e0e975ae0347a10.html,课桌椅,课桌椅,课桌椅,教育局统筹,否,否
00644a907de8f0b745e8a5fc9c51cdab6457,吴忠市红寺堡区教育局2026年区域数字教育生态构建项目招标公告,2026-07-22,宁夏回族自治区,,采购/资审公告,宁夏公共资源交易服务平台,https://www.ggzy.gov.cn/information/deal/html/a/640000/0201/20260722/00644a907de8f0b745e8a5fc9c51cdab6457.html,其他,其他,,教育局统筹,否,否
00321351f4e5aad34ea1866dfa1c0d079124,2026年南通市教育局直属学校体育设施设备采购项目采购公告,2026-07-22,江苏省,,采购/资审公告,,https://www.ggzy.gov.cn/information/deal/html/a/320000/0201/20260722/00321351f4e5aad34ea1866dfa1c0d079124.html,音体美器材,音体美器材,音体美器材,教育局统筹,否,否
00321accb43f915a44f3bdc32fc8bd974ca2,2026年南通市教育局直属学校智慧黑板采购项目采购公告,2026-07-22,江苏省,,采购/资审公告,,https://www.ggzy.gov.cn/information/deal/html/a/320000/0201/20260722/00321accb43f915a44f3bdc32fc8bd974ca2.html,智慧黑板,智慧黑板,智慧黑板,教育局统筹,是,否
0033b00d9e776865496fa464ea4fcb994971,宁波市国际招标有限公司关于宁波市江北区教育局体育健身路径采购项目的公开招标公告,2026-07-22,浙江省,,采购/资审公告,宁波市公共资源交易网,https://www.ggzy.gov.cn/information/deal/html/a/330000/0201/20260722/0033b00d9e776865496fa464ea4fcb994971.html,其他,其他,,教育局统筹,否,否
00151c4caeaae05342ffaf8301f80ea0cf6e,阿鲁科尔沁旗教育局阿鲁科尔沁旗学校食堂大宗食材采购招标公告,2026-07-21,内蒙古自治区,,采购/资审公告,,https://www.ggzy.gov.cn/information/deal/html/a/150000/0201/20260721/00151c4caeaae05342ffaf8301f80ea0cf6e.html,食堂设备,食堂设备,食堂设备;后勤服务,教育局统筹,否,否
0013cf096f802cfb422b99bb31a5dad187d6,沧州市教育局2026年农村学校营养改善计划学生奶供奶服务项目公开招标公告,2026-07-21,河北省,,采购/资审公告,,https://www.ggzy.gov.cn/information/deal/html/a/130000/0201/20260721/0013cf096f802cfb422b99bb31a5dad187d6.html,其他,其他,,教育局统筹,否,否
00150c762659e871464cb6e09371b4bd16f4,乌拉特后旗教育局乌拉特后旗教育领域体育设施功能提升工程（一完小体育场地改造提升）竞争性磋商公告,2026-07-21,内蒙古自治区,,采购/资审公告,,https://www.ggzy.gov.cn/information/deal/html/a/150000/0201/20260721/00150c762659e871464cb6e09371b4bd16f4.html,校舍维修改造,校舍维修改造,校舍维修改造;音体美器材,教育局统筹,否,否
0051a3521e3798a1419aac9469bdcb49654b,成都市教育局2026年学校社会工作试点项目竞争性磋商公告,2026-07-21,四川省,,采购/资审公告,,https://www.ggzy.gov.cn/information/deal/html/a/510000/0201/20260721/0051a3521e3798a1419aac9469bdcb49654b.html,其他,其他,,教育局统筹,否,否
002264d710e4dea44976bc80c9b5e0542504,吉林省博信项目管理有限公司关于长春汽车经济技术开发区教育局2026年-2029年互联网宽带和光纤维护服务项目的竞争性磋商公告,2026-07-21,吉林省,,采购/资审公告,长春市公共资源交易中心(新),https://www.ggzy.gov.cn/information/deal/html/a/220000/0201/20260721/002264d710e4dea44976bc80c9b5e0542504.html,其他,其他,,教育局统筹,否,否
004585424c48cc6c478390523dd14385cd0e,广西亦横嘉项目管理咨询有限公司关于2026年柳州市教育局局属单位教职工体检项目的公开招标公告,2026-07-21,广西壮族自治区,,采购/资审公告,广西壮族自治区公共资源电子交易系统,https://www.ggzy.gov.cn/information/deal/html/a/450000/0201/20260721/004585424c48cc6c478390523dd14385cd0e.html,后勤服务,其他,后勤服务,教育局统筹,否,否
00529f6550ec11174b32b5f4e87dfe912536,黔西市教育局学生食宿配套设施打捆项目（黔西市17所学校食堂、供水、宿舍等设施设备采购）采购公告,2026-07-21,贵州省,,采购/资审公告,毕节市公共资源交易中心,https://www.ggzy.gov.cn/information/deal/html/a/520000/0201/20260721/00529f6550ec11174b32b5f4e87dfe912536.html,食堂设备,食堂设备,食堂设备,教育局统筹,否,否
0041d4557484b7584ba5844c2bb4a6026317,正阳县教育局关于立德、树人学校教学设备采购项目-竞争性谈判公告,2026-07-21,河南省,,采购/资审公告,,https://www.ggzy.gov.cn/information/deal/html/a/410000/0201/20260721/0041d4557484b7584ba5844c2bb4a6026317.html,教学仪器,教学仪器,教学仪器,教育局统筹,否,否
00427dfa0746697346c58fc0792965fed0f0,天门市教育局(系统)竟陵高中和岳口高中等2所学校设备设施采购项目第二次招标公告,2026-07-21,湖北省,,采购/资审公告,湖北省政府采购网,https://www.ggzy.gov.cn/information/deal/html/a/420000/0201/20260721/00427dfa0746697346c58fc0792965fed0f0.html,其他,其他,,教育局统筹,否,否
0033efaf133273194d46810bfc0ce9bc4eb5,温州华晟招标代理有限公司关于乐清市教育局2026学年地方课程教材的公开招标公告,2026-07-21,浙江省,,采购/资审公告,温州市公共资源交易网,https://www.ggzy.gov.cn/information/deal/html/a/330000/0201/20260721/0033efaf133273194d46810bfc0ce9bc4eb5.html,其他,其他,,教育局统筹,否,否
00333d932fd4f9d54833922f3257255d9f7d,科信联合工程咨询有限公司关于义乌市教育局食堂设施设备采购项目的公开招标公告,2026-07-21,浙江省,,采购/资审公告,金华市公共资源交易网,https://www.ggzy.gov.cn/information/deal/html/a/330000/0201/20260721/00333d932fd4f9d54833922f3257255d9f7d.html,食堂设备,食堂设备,食堂设备;后勤服务,教育局统筹,否,否
0033ac049559e7c048898fdb3162c6fbe1f1,义乌市辉京工程造价咨询有限公司关于义乌市教育局学校窗帘布采购项目的公开招标公告,2026-07-21,浙江省,,采购/资审公告,金华市公共资源交易网,https://www.ggzy.gov.cn/information/deal/html/a/330000/0201/20260721/0033ac049559e7c048898fdb3162c6fbe1f1.html,后勤服务,其他,后勤服务;工程配套,教育局统筹,否,否
0042fdef53aa965a490db2579c9ea4ae3ca1,2026年武汉经开区教育局所属学校（园）食堂电气设备、饮水机及配套设备购置项目竞争性磋商公告,2026-07-20,湖北省,,采购/资审公告,湖北省政府采购网,https://www.ggzy.gov.cn/information/deal/html/a/420000/0201/20260720/0042fdef53aa965a490db2579c9ea4ae3ca1.html,食堂设备,食堂设备,食堂设备;工程配套,教育局统筹,否,否
0062f16d52f82caf4819b9a9ab43c4b96942,兰州市红古区教育局学校实验室及功能室采购项目竞争性磋商公告,2026-07-20,甘肃省,,采购/资审公告,兰州市公共资源交易平台,https://www.ggzy.gov.cn/information/deal/html/a/620000/0201/20260720/0062f16d52f82caf4819b9a9ab43c4b96942.html,实验室设备,实验室设备,实验室设备,教育局统筹,否,否
00657b022c4b26c24cba93bc22c0f42928eb,疏勒县教育局2026年义务教育薄弱环节改善与能力提升项目（二次）公开招标公告,2026-07-20,新疆维吾尔自治区,,采购/资审公告,新疆维吾尔自治区公共资源交易平台,https://www.ggzy.gov.cn/information/deal/html/a/650000/0201/20260720/00657b022c4b26c24cba93bc22c0f42928eb.html,其他,其他,,教育局统筹,否,否
0031ad1e24c8c3614d0a93b5112518610715,上海市徐汇区教育局改善办学条件设备采购项目的竞争性磋商公告,2026-07-20,上海市,,采购/资审公告,上海政府采购网,https://www.ggzy.gov.cn/information/deal/html/a/310000/0201/20260720/0031ad1e24c8c3614d0a93b5112518610715.html,其他,其他,,教育局统筹,否,否
0015e4dc97b8eaaf4b2fbb6af649875062a3,赤峰市松山区教育局松山区计算机打印机电子设备购置项目询价公告,2026-07-20,内蒙古自治区,,采购/资审公告,,https://www.ggzy.gov.cn/information/deal/html/a/150000/0201/20260720/0015e4dc97b8eaaf4b2fbb6af649875062a3.html,信息化设备,信息化设备,信息化设备,教育局统筹,是,否
0051704a10b457444f16bfb7af846833ab7a,马尔康市教育局马尔康市长征学校后勤配套设备采购项目(二次)招标公告,2026-07-20,四川省,,采购/资审公告,,https://www.ggzy.gov.cn/information/deal/html/a/510000/0201/20260720/0051704a10b457444f16bfb7af846833ab7a.html,后勤服务,其他,后勤服务,教育局统筹,否,否
0051177cdc712eea49819e295a1cda992281,汶川县教育局2026年度浙江对口支援汶川县交往交流交融（青少年夏令营）项目竞争性磋商公告,2026-07-20,四川省,,采购/资审公告,,https://www.ggzy.gov.cn/information/deal/html/a/510000/0201/20260720/0051177cdc712eea49819e295a1cda992281.html,其他,其他,,教育局统筹,否,否
0062715db016b07b45cbbe6a21c96e82eb8c,兰州市红古区教育局学校智慧黑板采购项目竞争性磋商公告,2026-07-20,甘肃省,,采购/资审公告,兰州市公共资源交易平台,https://www.ggzy.gov.cn/information/deal/html/a/620000/0201/20260720/0062715db016b07b45cbbe6a21c96e82eb8c.html,智慧黑板,智慧黑板,智慧黑板,教育局统筹,是,否
0032eec2204a5c2a41a6a866d59615516219,2026年南通市教育局直属学校食堂厨具项目（第一批次）采购公告,2026-07-20,江苏省,,采购/资审公告,,https://www.ggzy.gov.cn/information/deal/html/a/320000/0201/20260720/0032eec2204a5c2a41a6a866d59615516219.html,食堂设备,食堂设备,食堂设备,教育局统筹,否,否
004146507cd70022429a8c36f341c3c1918e,汤阴县教育局安阳市专门学校改建采购项目包2（二次）-竞争性谈判公告,2026-07-20,河南省,,采购/资审公告,,https://www.ggzy.gov.cn/information/deal/html/a/410000/0201/20260720/004146507cd70022429a8c36f341c3c1918e.html,其他,其他,,教育局统筹,否,否
00144e50f451de174b3fab7bd651ed6bc14a,晋中市太谷区教育局公开招标晋中市太谷区教育局教师机学生机房设备购置项目的采购公告,2026-07-20,山西省,,采购/资审公告,,https://www.ggzy.gov.cn/information/deal/html/a/140000/0201/20260720/00144e50f451de174b3fab7bd651ed6bc14a.html,信息化设备,信息化设备,信息化设备,教育局统筹,是,否
006264334825ac0d4fde87a0a1d9c602ce12,嘉峪关市教育局2026年义务教育学校数字化设备采购项目招标公告,2026-07-20,甘肃省,,采购/资审公告,嘉峪关市公共资源交易平台,https://www.ggzy.gov.cn/information/deal/html/a/620000/0201/20260720/006264334825ac0d4fde87a0a1d9c602ce12.html,信息化,信息化,信息化,教育局统筹,是,否
0061b42239f1a2f849768915913b6cd2b7b4,西安市新城区教育局2026-2027年新城区教育系统保安服务项目招标公告,2026-07-20,陕西省,,采购/资审公告,全国公共资源交易平台（陕西省·西安市）电子交易系统,https://www.ggzy.gov.cn/information/deal/html/a/610000/0201/20260720/0061b42239f1a2f849768915913b6cd2b7b4.html,后勤服务,其他,后勤服务,教育局统筹,否,否
0054d9fd9422f05a49bea0a10aa93c631f1d,尼玛县教育局2026-2027年秋春季学期各学校“三包”及营养改善物资采购项目采购公告,2026-07-20,西藏自治区,,采购/资审公告,,https://www.ggzy.gov.cn/information/deal/html/a/540000/0201/20260720/0054d9fd9422f05a49bea0a10aa93c631f1d.html,其他,其他,,教育局统筹,否,否
003682b32515cace40ecb80f5e22d19c3ff9,南昌县教体局莲塘一中县一幼等校厨具采购项目,2026-07-25,江西省,,采购/资审公告,南昌市公共资源交易中心,https://www.ggzy.gov.cn/information/deal/html/a/360000/0201/20260725/003682b32515cace40ecb80f5e22d19c3ff9.html,其他,其他,,教育局统筹,否,否
0061786f36824c0141d48bd08e854ce3bcea,府谷县教体局教育信息化设备购置项目采购公告,2026-07-22,陕西省,,采购/资审公告,全国公共资源交易平台（陕西省）,https://www.ggzy.gov.cn/information/deal/html/a/610000/0201/20260722/0061786f36824c0141d48bd08e854ce3bcea.html,信息化,信息化,信息化,教育局统筹,是,否
00369498e6f93fbd40f4b053367320785835,江西省机电设备招标有限公司关于贵溪市教体局2026年全民健身中心（二期）户外健身器材及配套设备设施采购项目（项目编号：JXTC2026110094）公开招标公告,2026-07-22,江西省,,采购/资审公告,鹰潭市公共资源交易中心,https://www.ggzy.gov.cn/information/deal/html/a/360000/0201/20260722/00369498e6f93fbd40f4b053367320785835.html,音体美器材,音体美器材,音体美器材,教育局统筹,否,否
001587f2e35ef3b34eeda8ab4b2fb134798d,霍林郭勒市教育体育局霍林郭勒市义务教育优质均衡达标创建项目第五包招标公告,2026-07-26,内蒙古自治区,,采购/资审公告,,https://www.ggzy.gov.cn/information/deal/html/a/150000/0201/20260726/001587f2e35ef3b34eeda8ab4b2fb134798d.html,其他,其他,,教育局统筹,否,否
00155266f6e9b4a5473f8e67039ea7a31e72,霍林郭勒市义务教育优质均衡达标创建项目第四包招标公告,2026-07-26,内蒙古自治区,,采购/资审公告,,https://www.ggzy.gov.cn/information/deal/html/a/150000/0201/20260726/00155266f6e9b4a5473f8e67039ea7a31e72.html,其他,其他,,一贯制未分段,否,否
006110c7bf9b521e4b1d9e234c2a279e5d8f,清涧县2026-2027学年义务教育阶段作业本项目采购公告,2026-07-26,陕西省,,采购/资审公告,全国公共资源交易平台（陕西省）,https://www.ggzy.gov.cn/information/deal/html/a/610000/0201/20260726/006110c7bf9b521e4b1d9e234c2a279e5d8f.html,其他,其他,,一贯制未分段,否,否
0064f02876c9dc21483ca46b5972427bd7d3,贺兰县2026年义务教育薄弱环节改善与能力提升、改善普通高中办学条件设备采购项目（一至四标段）（二标段）(二次）项目招标公告,2026-07-24,宁夏回族自治区,,采购/资审公告,宁夏公共资源交易服务平台,https://www.ggzy.gov.cn/information/deal/html/a/640000/0201/20260724/0064f02876c9dc21483ca46b5972427bd7d3.html,其他,其他,,高中,否,否
00355b7397e232064a20bd53c12c506c56cb,2026年义务教育薄弱环节改善与能力提升信息化设备采购竞争性磋商公告,2026-07-24,福建省,,采购/资审公告,南平市招标投标服务中心,https://www.ggzy.gov.cn/information/deal/html/a/350000/0201/20260724/00355b7397e232064a20bd53c12c506c56cb.html,信息化,信息化,信息化,一贯制未分段,是,否
00623667601dc9d04f6590144ec01328d30d,崇信县2026-2027学年度农村义务教育学生营养改善计划大宗食材采购项目（二次）招标公告,2026-07-24,甘肃省,,采购/资审公告,平凉市公共资源交易平台,https://www.ggzy.gov.cn/information/deal/html/a/620000/0201/20260724/00623667601dc9d04f6590144ec01328d30d.html,后勤服务,其他,后勤服务,一贯制未分段,否,否
002287d25bf2fd444d62a6f0ce25bd08b501,吉林前信工程咨询有限公司关于2026年义务教育学校校舍安全保障项目的竞争性磋商公告,2026-07-24,吉林省,,采购/资审公告,松原市公共资源交易中心,https://www.ggzy.gov.cn/information/deal/html/a/220000/0201/20260724/002287d25bf2fd444d62a6f0ce25bd08b501.html,校舍维修改造,校舍维修改造,校舍维修改造;后勤服务,一贯制未分段,否,否
0015e6cfc765b09d42f9a65cd6495d2996db,内蒙古自治区教育厅2026年秋季免费教科书项目（义务教育阶段）招标公告,2026-07-24,内蒙古自治区,,采购/资审公告,,https://www.ggzy.gov.cn/information/deal/html/a/150000/0201/20260724/0015e6cfc765b09d42f9a65cd6495d2996db.html,其他,其他,,一贯制未分段,否,否
0033dbad911b07c5480ea19081e528e85030,嘉兴市公共资源交易中心关于2026学年嘉兴经济技术开发区义务教育配套空白作业本采购项目的公开招标公告,2026-07-24,浙江省,,采购/资审公告,嘉兴市公共资源交易网,https://www.ggzy.gov.cn/information/deal/html/a/330000/0201/20260724/0033dbad911b07c5480ea19081e528e85030.html,其他,其他,,一贯制未分段,否,否
0036d2783f736cb54c6891c3722671d16931,鄱阳县农村义务教育学生营养改善计划配送项目,2026-07-24,江西省,,采购/资审公告,上饶市公共资源交易中心,https://www.ggzy.gov.cn/information/deal/html/a/360000/0201/20260724/0036d2783f736cb54c6891c3722671d16931.html,后勤服务,其他,后勤服务,一贯制未分段,否,否
0064094004fd4610429bb92cbd912570c1dd,隆德县教育体育局2026-2027学年农村义务教育学生营养改善计划、农村学前幼儿大宗食材(米、面、油、鸡蛋)政府采购项目四至五标段项目招标公告,2026-07-23,宁夏回族自治区,,采购/资审公告,宁夏公共资源交易服务平台,https://www.ggzy.gov.cn/information/deal/html/a/640000/0201/20260723/0064094004fd4610429bb92cbd912570c1dd.html,后勤服务,其他,后勤服务,教育局统筹,否,否
00647cfa2efa9681480b9c47680f659032ea,隆德县教育体育局2026-2027学年农村义务教育学生营养改善计划、农村学前幼儿大宗食材(米、面、油、鸡蛋)政府采购项目一至三标段项目招标公告,2026-07-23,宁夏回族自治区,,采购/资审公告,宁夏公共资源交易服务平台,https://www.ggzy.gov.cn/information/deal/html/a/640000/0201/20260723/00647cfa2efa9681480b9c47680f659032ea.html,后勤服务,其他,后勤服务,教育局统筹,否,否
006498cdd40072824ccd9afebecca5563a1e,隆德县教育体育局2026-2027学年农村义务教育学生营养改善计划、农村学前幼儿大宗食材（蔬菜、辅料、粉条）政府采购项目招标公告,2026-07-23,宁夏回族自治区,,采购/资审公告,宁夏公共资源交易服务平台,https://www.ggzy.gov.cn/information/deal/html/a/640000/0201/20260723/006498cdd40072824ccd9afebecca5563a1e.html,后勤服务,其他,后勤服务,教育局统筹,否,否
00643a42151a713f459db0c7cf1daab4777b,隆德县教育体育局2026-2027学年农村义务教育学生营养改善计划、农村学前幼儿大宗食材(肉类)政府采购项目一至三标段项目招标公告,2026-07-23,宁夏回族自治区,,采购/资审公告,宁夏公共资源交易服务平台,https://www.ggzy.gov.cn/information/deal/html/a/640000/0201/20260723/00643a42151a713f459db0c7cf1daab4777b.html,后勤服务,其他,后勤服务,教育局统筹,否,否
00354ca6169e62774a3eb73d376f8d19093e,2026年长汀县义务教育薄弱环节改善与能力提升设备购置项目公开招标招标公告,2026-07-23,福建省,,采购/资审公告,龙岩市公共资源交易中心,https://www.ggzy.gov.cn/information/deal/html/a/350000/0201/20260723/00354ca6169e62774a3eb73d376f8d19093e.html,其他,其他,,一贯制未分段,否,否
0034eb176238248c45e29d63ff3a1d9a2690,金寨县37所农村义务教育学校2026-2027学年度食堂米油采购公开招标公告,2026-07-23,安徽省,,采购/资审公告,六安市公共资源交易平台电子交易系统,https://www.ggzy.gov.cn/information/deal/html/a/340000/0201/20260723/0034eb176238248c45e29d63ff3a1d9a2690.html,食堂设备,食堂设备,食堂设备,一贯制未分段,否,否
0015024f8d5dc6604bbebbd0e6c74999c32a,鄂尔多斯市东胜区教育体育局2026年东胜区义务教育阶段教辅用书招标公告,2026-07-23,内蒙古自治区,,采购/资审公告,,https://www.ggzy.gov.cn/information/deal/html/a/150000/0201/20260723/0015024f8d5dc6604bbebbd0e6c74999c32a.html,其他,其他,,教育局统筹,否,否
0051e643bf402c414c95b2f1464ad2713b4f,江安县教育和体育局江安县2026年秋期至2027年春期农村义务教育学生营养改善计划食材采购招标公告,2026-07-23,四川省,,采购/资审公告,,https://www.ggzy.gov.cn/information/deal/html/a/510000/0201/20260723/0051e643bf402c414c95b2f1464ad2713b4f.html,后勤服务,其他,后勤服务,教育局统筹,否,否
0051186aa9a4ebee42059de9e7022460acf9,盐亭县教育和体育局盐亭县2026—2027学年义务教育学校学生作业本采购询价公告,2026-07-23,四川省,,采购/资审公告,,https://www.ggzy.gov.cn/information/deal/html/a/510000/0201/20260723/0051186aa9a4ebee42059de9e7022460acf9.html,其他,其他,,教育局统筹,否,否
0035f4ae3268cffc49d58b5998d54c7fcf14,2026年秋—2027年春南安市义务教育阶段免费作业本采购项目(二次)公开招标招标公告,2026-07-23,福建省,,采购/资审公告,泉州市公共资源交易中心,https://www.ggzy.gov.cn/information/deal/html/a/350000/0201/20260723/0035f4ae3268cffc49d58b5998d54c7fcf14.html,其他,其他,,一贯制未分段,否,否
0062166776adbc3848e3a17127d3ff50a6ae,西和县2026年秋季学期农村义务教育学生营养改善计划采购项目招标公告,2026-07-23,甘肃省,,采购/资审公告,陇南市公共资源交易平台,https://www.ggzy.gov.cn/information/deal/html/a/620000/0201/20260723/0062166776adbc3848e3a17127d3ff50a6ae.html,其他,其他,,一贯制未分段,否,否
0013205289bc4c6246f7838fa6e3fdcf3f6b,曹妃甸区教育体育局本级2026年曹妃甸区特殊教育学校（义务教育学段）教学器材购置项目竞争性谈判公告,2026-07-23,河北省,,采购/资审公告,,https://www.ggzy.gov.cn/information/deal/html/a/130000/0201/20260723/0013205289bc4c6246f7838fa6e3fdcf3f6b.html,音体美器材,音体美器材,音体美器材,教育局统筹,否,否
00501cd1edadf7fe43bbb13e6b9504e7b1f3,义务教育薄弱环节改善与能力提升项目教育教学设施设备采购（第二次）(TNQ26A00289)公开招标公告,2026-07-23,重庆市,,采购/资审公告,重庆市公共资源交易服务平台,https://www.ggzy.gov.cn/information/deal/html/a/500000/0201/20260723/00501cd1edadf7fe43bbb13e6b9504e7b1f3.html,其他,其他,,一贯制未分段,否,否
0050e4af5312a46042a19b570fa8537cd825,义务教育薄弱环节改善与能力提升项目教育教学设施设备采购（第二次(TNQ26A00289)公开招标公告,2026-07-23,重庆市,,采购/资审公告,重庆市公共资源交易服务平台,https://www.ggzy.gov.cn/information/deal/html/a/500000/0201/20260723/0050e4af5312a46042a19b570fa8537cd825.html,其他,其他,,一贯制未分段,否,否
006274cabff9f72e419297bc1e85bc061339,2026－2027学年度景泰县农村义务教育学生营养改善计划食材采购项目第一包（二次）-公开招标招标公告,2026-07-23,甘肃省,,采购/资审公告,白银市公共资源交易平台,https://www.ggzy.gov.cn/information/deal/html/a/620000/0201/20260723/006274cabff9f72e419297bc1e85bc061339.html,后勤服务,其他,后勤服务,一贯制未分段,否,否
003573c2e8f3e57e4f36b013c843d65fbb9f,连城县义务教育学校设施设备更新项目(包一）公开招标招标公告,2026-07-23,福建省,,采购/资审公告,龙岩市公共资源交易中心,https://www.ggzy.gov.cn/information/deal/html/a/350000/0201/20260723/003573c2e8f3e57e4f36b013c843d65fbb9f.html,其他,其他,,一贯制未分段,否,否
00353c2d1343b11d48faa7057266173073fd,2026年义务教育薄弱环节改善与能力提升家具和用具采购竞争性磋商公告,2026-07-23,福建省,,采购/资审公告,南平市招标投标服务中心,https://www.ggzy.gov.cn/information/deal/html/a/350000/0201/20260723/00353c2d1343b11d48faa7057266173073fd.html,课桌椅,课桌椅,课桌椅,一贯制未分段,否,否
0042b3a38e9337344995a8bd1fb4997ba86a,公安县电化教育馆2026年义务教育薄弱环节改善与能力提升项目学生课桌椅采购招标公告,2026-07-23,湖北省,,采购/资审公告,湖北省政府采购网,https://www.ggzy.gov.cn/information/deal/html/a/420000/0201/20260723/0042b3a38e9337344995a8bd1fb4997ba86a.html,课桌椅,课桌椅,课桌椅,一贯制未分段,否,否
006175b717eabe5e453e96011dc4a6530d15,定边县教育和体育局关于2026年义务教育阶段一、四、七年级学生夏季和秋季校服采购项目采购公告,2026-07-23,陕西省,,采购/资审公告,全国公共资源交易平台（陕西省）,https://www.ggzy.gov.cn/information/deal/html/a/610000/0201/20260723/006175b717eabe5e453e96011dc4a6530d15.html,校服,校服,校服,教育局统筹,否,否
0061a6fb97d74dae40b1a0f40684a07667c9,宝鸡市陈仓区2026-2027学年农村义务教育学生营养改善计划食材采购项目招标公告,2026-07-23,陕西省,,采购/资审公告,全国公共资源交易平台（陕西省）,https://www.ggzy.gov.cn/information/deal/html/a/610000/0201/20260723/0061a6fb97d74dae40b1a0f40684a07667c9.html,后勤服务,其他,后勤服务,一贯制未分段,否,否
00535391ed26bb5344b78529ca3473f2c1d2,陇川县2026-2027学年农村义务教育学生营养改善计划（课间加餐）食品采购项目的公开招标公告,2026-07-22,云南省,,采购/资审公告,,https://www.ggzy.gov.cn/information/deal/html/a/530000/0201/20260722/00535391ed26bb5344b78529ca3473f2c1d2.html,其他,其他,,一贯制未分段,否,否
0053d675e1db55d74146848382b232726ac3,陇川县2026-2027学年农村义务教育学生营养改善计划（食堂供餐）食材采购项目公开招标公告,2026-07-22,云南省,,采购/资审公告,,https://www.ggzy.gov.cn/information/deal/html/a/530000/0201/20260722/0053d675e1db55d74146848382b232726ac3.html,食堂设备,食堂设备,食堂设备;后勤服务,一贯制未分段,否,否
0034f37b10e0b30442fab67d83b34fbb464a,金寨县37所农村义务教育学校2026-2027学年度荤素食材采购公开招标公告,2026-07-22,安徽省,,采购/资审公告,六安市公共资源交易平台电子交易系统,https://www.ggzy.gov.cn/information/deal/html/a/340000/0201/20260722/0034f37b10e0b30442fab67d83b34fbb464a.html,后勤服务,其他,后勤服务,一贯制未分段,否,否
001450d87dacd8c148d5ac42ac8e6f427196,2026-2027学年度兴县农村义务教育学生及农村学前幼儿营养改善计划采购项目招标公告,2026-07-22,山西省,,采购/资审公告,,https://www.ggzy.gov.cn/information/deal/html/a/140000/0201/20260722/001450d87dacd8c148d5ac42ac8e6f427196.html,其他,其他,,一贯制未分段,否,否
001382385b39fd8947b09ea39377cf4a7968,武强县2026-2027年农村义务教育学生营养改善计划采购项目公开招标公告,2026-07-22,河北省,,采购/资审公告,,https://www.ggzy.gov.cn/information/deal/html/a/130000/0201/20260722/001382385b39fd8947b09ea39377cf4a7968.html,其他,其他,,一贯制未分段,否,否
0013e30d85e451cc4168b85d23d7480ebb88,盐山县2026-2027学年农村义务教育学生营养改善计划招标公告,2026-07-22,河北省,,采购/资审公告,,https://www.ggzy.gov.cn/information/deal/html/a/130000/0201/20260722/0013e30d85e451cc4168b85d23d7480ebb88.html,其他,其他,,一贯制未分段,否,否
0015c55262a82997446b818a842d38dae977,霍林郭勒市教育体育局霍林郭勒市义务教育优质均衡达标创建项目第二包招标公告,2026-07-22,内蒙古自治区,,采购/资审公告,,https://www.ggzy.gov.cn/information/deal/html/a/150000/0201/20260722/0015c55262a82997446b818a842d38dae977.html,其他,其他,,教育局统筹,否,否
00430aa221e09e6243bf94d851f7aa1eb3e3,义务教育学校教育信息化装备（班班通）采购项目,2026-07-22,湖南省,,采购/资审公告,,https://www.ggzy.gov.cn/information/deal/html/a/430000/0201/20260722/00430aa221e09e6243bf94d851f7aa1eb3e3.html,信息化,信息化,信息化,一贯制未分段,是,否
00345f55e18c9ed04be88277732f151d4f27,太湖县2026-2027学年度农村义务教育营养改善计划学校大宗食材(米面油)采购及配送服务项目第一包招标公告,2026-07-22,安徽省,,采购/资审公告,安庆市公共资源交易平台电子交易系统,https://www.ggzy.gov.cn/information/deal/html/a/340000/0201/20260722/00345f55e18c9ed04be88277732f151d4f27.html,后勤服务,其他,后勤服务,一贯制未分段,否,否
00347d76127bc1714bc9a1af6a32305e8cbe,太湖县2026-2027学年度农村义务教育营养改善计划学校大宗食材(米面油)采购及配送服务项目第二包招标公告,2026-07-22,安徽省,,采购/资审公告,安庆市公共资源交易平台电子交易系统,https://www.ggzy.gov.cn/information/deal/html/a/340000/0201/20260722/00347d76127bc1714bc9a1af6a32305e8cbe.html,后勤服务,其他,后勤服务,一贯制未分段,否,否
0051428602c5ba994de5a4685c431fe9493a,绵阳市游仙区教育和体育局游仙区义务教育阶段学生作业本采购配送服务项目竞争性磋商公告,2026-07-22,四川省,,采购/资审公告,,https://www.ggzy.gov.cn/information/deal/html/a/510000/0201/20260722/0051428602c5ba994de5a4685c431fe9493a.html,后勤服务,其他,后勤服务,教育局统筹,否,否
006180daca2f6aa54a009f617bad45a9e73e,宝鸡高新区2026-2027学年度城市义务教育阶段学生营养餐及配送采购项目采购公告,2026-07-22,陕西省,,采购/资审公告,全国公共资源交易平台（陕西省）,https://www.ggzy.gov.cn/information/deal/html/a/610000/0201/20260722/006180daca2f6aa54a009f617bad45a9e73e.html,后勤服务,其他,后勤服务,一贯制未分段,否,否
00526cdd19653d63449791ca7c08ff906694,六枝特区高寒地区供暖项目(义务教育)采购公告招标公告,2026-07-22,贵州省,,采购/资审公告,六盘水市公共资源交易中心,https://www.ggzy.gov.cn/information/deal/html/a/520000/0201/20260722/00526cdd19653d63449791ca7c08ff906694.html,其他,其他,,一贯制未分段,否,否
0043de6856e1aeb544a49d9525cef87102d0,2026年宁远县农村义务教育营养改善计划学校学生食堂大宗食材及原辅料集中采购项目招标公告,2026-07-22,湖南省,,采购/资审公告,,https://www.ggzy.gov.cn/information/deal/html/a/430000/0201/20260722/0043de6856e1aeb544a49d9525cef87102d0.html,食堂设备,食堂设备,食堂设备;后勤服务,一贯制未分段,否,否
0035ba82a2076d154e2e86705687d6b6cd6e,2026年义务教育薄弱环节改善与能力提升教学仪器采购竞争性磋商公告,2026-07-22,福建省,,采购/资审公告,南平市招标投标服务中心,https://www.ggzy.gov.cn/information/deal/html/a/350000/0201/20260722/0035ba82a2076d154e2e86705687d6b6cd6e.html,教学仪器,教学仪器,教学仪器,一贯制未分段,否,否
0061e58e3bdd832d433aabf56c63ae91d23b,安康长兴学校及汉阴县阳光学校2026至2028学年义务教育学生营养改善计划用蔬菜、调味品、杂粮干货、禽畜肉类等原辅食材采购采购公告,2026-07-22,陕西省,,采购/资审公告,全国公共资源交易平台（陕西省·安康市）电子交易系统,https://www.ggzy.gov.cn/information/deal/html/a/610000/0201/20260722/0061e58e3bdd832d433aabf56c63ae91d23b.html,后勤服务,其他,后勤服务,一贯制未分段,否,否
00410579bb88a84c4d09969ba93302f7004e,鹿邑县教育体育局2025年第二批义务教育中央综合奖补资金实施设备采购项目-公开招标公告,2026-07-22,河南省,,采购/资审公告,,https://www.ggzy.gov.cn/information/deal/html/a/410000/0201/20260722/00410579bb88a84c4d09969ba93302f7004e.html,其他,其他,,教育局统筹,否,否
0045f7077f8ad36d408eb9ea7cc2fe0e0feb,广西中信恒泰工程顾问有限公司关于容县农村义务教育学生营养改善计划食材采购及配送服务项目的公开招标公告,2026-07-21,广西壮族自治区,,采购/资审公告,玉林市公共资源交易中心,https://www.ggzy.gov.cn/information/deal/html/a/450000/0201/20260721/0045f7077f8ad36d408eb9ea7cc2fe0e0feb.html,后勤服务,其他,后勤服务,一贯制未分段,否,否
0041f481fb74ecca4ecb816c5a80464f85bb,2026--2027学年栾川县农村义务教育学生营养改善计划及校园餐食品原材料采购项目-公开招标公告,2026-07-21,河南省,,采购/资审公告,,https://www.ggzy.gov.cn/information/deal/html/a/410000/0201/20260721/0041f481fb74ecca4ecb816c5a80464f85bb.html,其他,其他,,一贯制未分段,否,否
0065cd0f8b3ec1af45529e28430fb926578f,2026年岳普湖县义务教育薄弱环节改善与能力提升项目公开招标公告,2026-07-21,新疆维吾尔自治区,,采购/资审公告,新疆维吾尔自治区公共资源交易平台,https://www.ggzy.gov.cn/information/deal/html/a/650000/0201/20260721/0065cd0f8b3ec1af45529e28430fb926578f.html,其他,其他,,一贯制未分段,否,否
003457b1b6e6dad647ddbac6ba69762c3b84,颍上县2026-2027学年度农村义务教育学生营养改善计划食材采购配送服务项目七包公开招标公告,2026-07-21,安徽省,,采购/资审公告,阜阳市公共资源交易平台电子交易系统,https://www.ggzy.gov.cn/information/deal/html/a/340000/0201/20260721/003457b1b6e6dad647ddbac6ba69762c3b84.html,后勤服务,其他,后勤服务,一贯制未分段,否,否
003447e5375e8a004a01971b926344c602fd,颍上县2026-2027学年度农村义务教育学生营养改善计划食材采购配送服务项目五包公开招标公告,2026-07-21,安徽省,,采购/资审公告,阜阳市公共资源交易平台电子交易系统,https://www.ggzy.gov.cn/information/deal/html/a/340000/0201/20260721/003447e5375e8a004a01971b926344c602fd.html,后勤服务,其他,后勤服务,一贯制未分段,否,否
0034e95aff8d7c8f48ee98c4549dbe812059,颍上县2026-2027学年度农村义务教育学生营养改善计划食材采购配送服务项目六包公开招标公告,2026-07-21,安徽省,,采购/资审公告,阜阳市公共资源交易平台电子交易系统,https://www.ggzy.gov.cn/information/deal/html/a/340000/0201/20260721/0034e95aff8d7c8f48ee98c4549dbe812059.html,后勤服务,其他,后勤服务,一贯制未分段,否,否
0034b57ce1c0eabf4d3ea633be369f06a297,颍上县2026-2027学年度农村义务教育学生营养改善计划食材采购配送服务项目四包公开招标公告,2026-07-21,安徽省,,采购/资审公告,阜阳市公共资源交易平台电子交易系统,https://www.ggzy.gov.cn/information/deal/html/a/340000/0201/20260721/0034b57ce1c0eabf4d3ea633be369f06a297.html,后勤服务,其他,后勤服务,一贯制未分段,否,否
003411f4ed60c15843bc9e04d20a2f2ea312,颍上县2026-2027学年度农村义务教育学生营养改善计划食材采购配送服务项目三包公开招标公告,2026-07-21,安徽省,,采购/资审公告,阜阳市公共资源交易平台电子交易系统,https://www.ggzy.gov.cn/information/deal/html/a/340000/0201/20260721/003411f4ed60c15843bc9e04d20a2f2ea312.html,后勤服务,其他,后勤服务,一贯制未分段,否,否
0034b68ca2ee593641a296c49f8fdbcfb8f8,颍上县2026-2027学年度农村义务教育学生营养改善计划食材采购配送服务项目一包公开招标公告,2026-07-21,安徽省,,采购/资审公告,阜阳市公共资源交易平台电子交易系统,https://www.ggzy.gov.cn/information/deal/html/a/340000/0201/20260721/0034b68ca2ee593641a296c49f8fdbcfb8f8.html,后勤服务,其他,后勤服务,一贯制未分段,否,否
0034b72697139e9c4990834f6173e187783e,颍上县2026-2027学年度农村义务教育学生营养改善计划食材采购配送服务项目二包公开招标公告,2026-07-21,安徽省,,采购/资审公告,阜阳市公共资源交易平台电子交易系统,https://www.ggzy.gov.cn/information/deal/html/a/340000/0201/20260721/0034b72697139e9c4990834f6173e187783e.html,后勤服务,其他,后勤服务,一贯制未分段,否,否
005118fd3385ec1d4609a4d69b314ade554d,合江县教育和体育局合江县2026至2027学年义务教育学校学生营养改善计划大米食用油采购项目招标公告,2026-07-21,四川省,,采购/资审公告,,https://www.ggzy.gov.cn/information/deal/html/a/510000/0201/20260721/005118fd3385ec1d4609a4d69b314ade554d.html,其他,其他,,教育局统筹,否,否
00150534b8219dda4b8ab0197efbcf815d8a,霍林郭勒市教育体育局霍林郭勒市义务教育优质均衡达标创建项目第一包招标公告,2026-07-21,内蒙古自治区,,采购/资审公告,,https://www.ggzy.gov.cn/information/deal/html/a/150000/0201/20260721/00150534b8219dda4b8ab0197efbcf815d8a.html,其他,其他,,教育局统筹,否,否
00459988c56a86a9413b987463b7b2158783,广西德元工程项目管理有限责任公司东兴市2026年秋季学期至2027年春季学期农村义务教育学生营养改善计划供应商定点采购（FCZC2026-G3-810054-GXDY）公开招标公告（远程异地评标）,2026-07-21,广西壮族自治区,,采购/资审公告,防城港市电子招标投标系统,https://www.ggzy.gov.cn/information/deal/html/a/450000/0201/20260721/00459988c56a86a9413b987463b7b2158783.html,其他,其他,,一贯制未分段,否,否
0034e2b6e2cd632d42bba6e820516742d503,太湖县2026-2027学年度农村义务教育营养改善计划学校生鲜食材采购及配送服务项目第三包招标公告,2026-07-21,安徽省,,采购/资审公告,安庆市公共资源交易平台电子交易系统,https://www.ggzy.gov.cn/information/deal/html/a/340000/0201/20260721/0034e2b6e2cd632d42bba6e820516742d503.html,后勤服务,其他,后勤服务,一贯制未分段,否,否
003413bd634fff8e46df9ca0ddcc2a89b93f,蒙城县2026年义务教育阶段学校设备配备（智慧黑板）项目招标公告,2026-07-21,安徽省,,采购/资审公告,亳州市公共资源交易平台电子交易系统,https://www.ggzy.gov.cn/information/deal/html/a/340000/0201/20260721/003413bd634fff8e46df9ca0ddcc2a89b93f.html,智慧黑板,智慧黑板,智慧黑板,一贯制未分段,是,否
005266baefdec0f24f868e7bcb228454e73b,[采购公告]岑巩县2026年农村义务教育学校校舍安全保障长效机制中央补助资金维修改造项目（第一批）（B包）-岑巩县平庄镇九年一贯制学校2026年维修改造工程,2026-07-21,贵州省,,采购/资审公告,黔东南州公共资源交易中心,https://www.ggzy.gov.cn/information/deal/html/a/520000/0201/20260721/005266baefdec0f24f868e7bcb228454e73b.html,校舍维修改造,校舍维修改造,校舍维修改造,一贯制未分段,否,否
0034684c7677d8144525a947c023a92f0868,太湖县2026-2027学年度农村义务教育营养改善计划学校生鲜食材采购及配送服务项目第一包招标公告,2026-07-21,安徽省,,采购/资审公告,安庆市公共资源交易平台电子交易系统,https://www.ggzy.gov.cn/information/deal/html/a/340000/0201/20260721/0034684c7677d8144525a947c023a92f0868.html,后勤服务,其他,后勤服务,一贯制未分段,否,否
003412add8cc51314cd3b156953593cecc18,太湖县2026-2027学年度农村义务教育营养改善计划学校生鲜食材采购及配送服务项目第二包招标公告,2026-07-21,安徽省,,采购/资审公告,安庆市公共资源交易平台电子交易系统,https://www.ggzy.gov.cn/information/deal/html/a/340000/0201/20260721/003412add8cc51314cd3b156953593cecc18.html,后勤服务,其他,后勤服务,一贯制未分段,否,否
004509d079df8418497990688d876fd376d5,广西德元工程项目管理有限责任公司关于东兴市2026年秋季学期至2027年春季学期农村义务教育学生营养改善计划供应商定点采购的公开招标公告,2026-07-21,广西壮族自治区,,采购/资审公告,广西壮族自治区公共资源电子交易系统,https://www.ggzy.gov.cn/information/deal/html/a/450000/0201/20260721/004509d079df8418497990688d876fd376d5.html,其他,其他,,一贯制未分段,否,否
003548c51e8dcd5a4af5839d75a9f86debcf,采购2026年秋季义务教育学生教育教学服务项目公开招标招标公告,2026-07-21,福建省,,采购/资审公告,泉州市公共资源交易中心,https://www.ggzy.gov.cn/information/deal/html/a/350000/0201/20260721/003548c51e8dcd5a4af5839d75a9f86debcf.html,其他,其他,,一贯制未分段,否,否
0051b65fc48223d447e3af452ed27ce5409e,合江县教育和体育局合江县2026至2027学年义务教育学生作业本采购项目竞争性谈判公告,2026-07-21,四川省,,采购/资审公告,,https://www.ggzy.gov.cn/information/deal/html/a/510000/0201/20260721/0051b65fc48223d447e3af452ed27ce5409e.html,其他,其他,,教育局统筹,否,否
004169ba380eb841491296d28ec6f9fe4033,柘城县教育体育局柘城县农村义务教育寄宿制学校食堂提升改造项目竞争性磋商公告,2026-07-21,河南省,,采购/资审公告,,https://www.ggzy.gov.cn/information/deal/html/a/410000/0201/20260721/004169ba380eb841491296d28ec6f9fe4033.html,校舍维修改造,校舍维修改造,校舍维修改造;食堂设备,教育局统筹,否,否
0051dd912bc634ab42e086feb4ab33af3a15,四川天府新区眉山教育体育和文化旅游局眉山天府新区2026-2027学年度义务教育阶段作业本采购项目竞争性谈判公告,2026-07-21,四川省,,采购/资审公告,,https://www.ggzy.gov.cn/information/deal/html/a/510000/0201/20260721/0051dd912bc634ab42e086feb4ab33af3a15.html,其他,其他,,一贯制未分段,否,否
0022d9254b625aab4748bd856eec8b3a706a,前郭尔罗斯蒙古族自治县政府采购中心关于2026年前郭县义务教育薄弱环节改善与能力提升—教学计算机采购项目的公开招标公告,2026-07-21,吉林省,,采购/资审公告,松原市公共资源交易中心,https://www.ggzy.gov.cn/information/deal/html/a/220000/0201/20260721/0022d9254b625aab4748bd856eec8b3a706a.html,信息化设备,信息化设备,信息化设备,一贯制未分段,是,否
0035716c21b760ce4ae689a99e7865c57678,洛江区义务教育食堂大宗食品及原辅材料配送服务采购公开招标招标公告,2026-07-21,福建省,,采购/资审公告,泉州市公共资源交易中心,https://www.ggzy.gov.cn/information/deal/html/a/350000/0201/20260721/0035716c21b760ce4ae689a99e7865c57678.html,食堂设备,食堂设备,食堂设备;后勤服务,一贯制未分段,否,否
00642903f53eb7dc477687e1fda841675f1b,平罗县黄渠桥九年制学校义务教育优化布局项目招标公告,2026-07-21,宁夏回族自治区,,采购/资审公告,宁夏公共资源交易服务平台,https://www.ggzy.gov.cn/information/deal/html/a/640000/0201/20260721/00642903f53eb7dc477687e1fda841675f1b.html,其他,其他,,一贯制未分段,否,否
0051107f4f0a537c4434a858a7dec06297e0,仪陇县教育和体育局仪陇县义务教育学生作业本印刷及配送服务项目招标公告,2026-07-21,四川省,,采购/资审公告,,https://www.ggzy.gov.cn/information/deal/html/a/510000/0201/20260721/0051107f4f0a537c4434a858a7dec06297e0.html,后勤服务,其他,后勤服务,教育局统筹,否,否
0035bc771d71327549648702e311f31f52c7,2026年义务教育薄弱环节改善与能力提升信息化设备采购竞争性磋商公告,2026-07-21,福建省,,采购/资审公告,南平市招标投标服务中心,https://www.ggzy.gov.cn/information/deal/html/a/350000/0201/20260721/0035bc771d71327549648702e311f31f52c7.html,信息化,信息化,信息化,一贯制未分段,是,否
0061537c8076527f4e19aeda2a3c6dd42485,2026年榆阳区城乡义务教育段学生防近视作业本制作服务采购项目采购公告,2026-07-21,陕西省,,采购/资审公告,全国公共资源交易平台（陕西省）,https://www.ggzy.gov.cn/information/deal/html/a/610000/0201/20260721/0061537c8076527f4e19aeda2a3c6dd42485.html,其他,其他,,一贯制未分段,否,否
006193c604f95fec4e7c9edcca1bb11214fc,陕西省西咸新区沣西新城管理委员会西咸新区教育体育局（沣西）工作部2026-2027学年度农村义务教育学生营养改善计划早餐配送项目竞争性磋商公告,2026-07-21,陕西省,,采购/资审公告,全国公共资源交易平台（陕西省）,https://www.ggzy.gov.cn/information/deal/html/a/610000/0201/20260721/006193c604f95fec4e7c9edcca1bb11214fc.html,后勤服务,其他,后勤服务,教育局统筹,否,否
002144846a6f88864480aad13db3d7d5e1c4,2025年义务教育学校校舍安全保障项目竞争性磋商公告,2026-07-20,辽宁省,,采购/资审公告,大连市公共资源交易平台,https://www.ggzy.gov.cn/information/deal/html/a/210000/0201/20260720/002144846a6f88864480aad13db3d7d5e1c4.html,校舍维修改造,校舍维修改造,校舍维修改造,一贯制未分段,否,否
0044548d7355a8b04510ace94e58debf8628,清远市清新区农村义务教育学生营养改善计划食材采购项目公开招标公告,2026-07-20,广东省,,采购/资审公告,,https://www.ggzy.gov.cn/information/deal/html/a/440000/0201/20260720/0044548d7355a8b04510ace94e58debf8628.html,后勤服务,其他,后勤服务,一贯制未分段,否,否
0035ff797b7e4982458a9ffe58ddbb173a14,2026-2027学年义务教育阶段学生免费作业本公开招标招标公告,2026-07-20,福建省,,采购/资审公告,漳州市公共资源交易中心,https://www.ggzy.gov.cn/information/deal/html/a/350000/0201/20260720/0035ff797b7e4982458a9ffe58ddbb173a14.html,其他,其他,,一贯制未分段,否,否
004274fc1e1d404849bf8eb454107eb59d45,大冶市电化教育馆大冶市2026年义务教育薄弱环节改善与能力提升学生课桌凳采购项目询价公告,2026-07-20,湖北省,,采购/资审公告,湖北省政府采购网,https://www.ggzy.gov.cn/information/deal/html/a/420000/0201/20260720/004274fc1e1d404849bf8eb454107eb59d45.html,课桌椅,课桌椅,课桌椅,一贯制未分段,否,否
00422c5a18b5000f4188ba71a0e35e791e79,宜昌市夷陵区教育技术保障中心夷陵区农村义务教育学生营养改善计划第二次公开招标公告,2026-07-20,湖北省,,采购/资审公告,湖北省政府采购网,https://www.ggzy.gov.cn/information/deal/html/a/420000/0201/20260720/00422c5a18b5000f4188ba71a0e35e791e79.html,其他,其他,,一贯制未分段,否,否
00432f4dcf81c07b4f4c9e6d8e7daa126d37,永兴县2026年农村义务教育学生营养改善计划专项资金项目（含非营改资金）招标公告,2026-07-20,湖南省,,采购/资审公告,,https://www.ggzy.gov.cn/information/deal/html/a/430000/0201/20260720/00432f4dcf81c07b4f4c9e6d8e7daa126d37.html,其他,其他,,一贯制未分段,否,否
004696fa0d6ef77d43069cf6d7eede955cd0,2026年陵水县义务教育薄弱环节改善与能力提升设备类项目公开招标招标公告,2026-07-20,海南省,,采购/资审公告,,https://www.ggzy.gov.cn/information/deal/html/a/460000/0201/20260720/004696fa0d6ef77d43069cf6d7eede955cd0.html,其他,其他,,一贯制未分段,否,否
00354ae265adbdbf4d398bb8091201d4cd35,2026年市属校义务教育免费提供作业本项目公开招标招标公告,2026-07-20,福建省,,采购/资审公告,宁德市公共资源交易中心,https://www.ggzy.gov.cn/information/deal/html/a/350000/0201/20260720/00354ae265adbdbf4d398bb8091201d4cd35.html,其他,其他,,一贯制未分段,否,否
0045877cfd259e11409b80506c247341ce24,广西建展建设工程管理集团有限公司关于平南县义务教育阶段学校学生营养膳食食材框架协议采购供应商服务征集公告,2026-07-20,广西壮族自治区,,采购/资审公告,贵港市公共资源交易平台,https://www.ggzy.gov.cn/information/deal/html/a/450000/0201/20260720/0045877cfd259e11409b80506c247341ce24.html,后勤服务,其他,后勤服务,一贯制未分段,否,否
0043f568c3e742944d809028ee76e85b5357,江永县农村义务教育学生营养改善计划学生专用牛奶项目资金采购竞争性磋商公告,2026-07-20,湖南省,,采购/资审公告,,https://www.ggzy.gov.cn/information/deal/html/a/430000/0201/20260720/0043f568c3e742944d809028ee76e85b5357.html,其他,其他,,一贯制未分段,否,否
00333adafdb329494feb828415c5e0d23a71,浙江恒广工程管理有限公司关于景宁畲族自治县2026学年义务教育阶段地方教材及辅助学习材料等采购的公开招标公告,2026-07-20,浙江省,,采购/资审公告,丽水市公共资源交易网,https://www.ggzy.gov.cn/information/deal/html/a/330000/0201/20260720/00333adafdb329494feb828415c5e0d23a71.html,其他,其他,,一贯制未分段,否,否
006109e3fc792ea74f64a015389aeb4e50bc,清涧县2026-2027学年义务教育阶段作业本项目采购公告,2026-07-20,陕西省,,采购/资审公告,全国公共资源交易平台（陕西省）,https://www.ggzy.gov.cn/information/deal/html/a/610000/0201/20260720/006109e3fc792ea74f64a015389aeb4e50bc.html,其他,其他,,一贯制未分段,否,否
0061911167a69d504930b54fbf7dde35717d,蓝田县2026年义务教育薄弱环节改善与能力提升采购项目招标公告,2026-07-20,陕西省,,采购/资审公告,全国公共资源交易平台（陕西省·西安市）电子交易系统,https://www.ggzy.gov.cn/information/deal/html/a/610000/0201/20260720/0061911167a69d504930b54fbf7dde35717d.html,其他,其他,,一贯制未分段,否,否
00617691b01631c64b97ae43660bfa56d90c,吴堡县第二完全小学教学设施设备采购项目采购结果公告,2026-07-26,陕西省,,中标公告,全国公共资源交易平台（陕西省）,https://www.ggzy.gov.cn/information/deal/html/a/610000/0202/20260726/00617691b01631c64b97ae43660bfa56d90c.html,其他,其他,,小学,否,否
0037fc253bf40e8b43afa61b5556ce4685ae,高新区实验小学配套路网提升改造工程成交公告,2026-07-25,山东省,,中标公告,,https://www.ggzy.gov.cn/information/deal/html/a/370000/0202/20260725/0037fc253bf40e8b43afa61b5556ce4685ae.html,校舍维修改造,校舍维修改造,校舍维修改造,小学,否,否
00135401a3b08726484882f579f338694c4c,Z1307222601132301张北县北辰路实验小学2026年农村义务教育校舍安全保障维修改造工程结果公告,2026-07-24,河北省,,中标公告,张家口公共资源交易综合信息平台,https://www.ggzy.gov.cn/information/deal/html/a/130000/0202/20260724/00135401a3b08726484882f579f338694c4c.html,校舍维修改造,校舍维修改造,校舍维修改造,小学,否,否
0044f499aba213bd439eab389dfbef43ee1b,深圳市布心小学2026-2027年食堂人工服务项目中标（成交）结果公告,2026-07-24,广东省,,中标公告,,https://www.ggzy.gov.cn/information/deal/html/a/440000/0202/20260724/0044f499aba213bd439eab389dfbef43ee1b.html,食堂设备,食堂设备,食堂设备,小学,否,否
00455857f46e28504ff483790d629b990627,广西盾邦工程项目管理有限公司东兰县武篆镇中心小学塑胶跑道及硅PU篮球场工程成交结果公告,2026-07-24,广西壮族自治区,,中标公告,河池市公共资源交易中心,https://www.ggzy.gov.cn/information/deal/html/a/450000/0202/20260724/00455857f46e28504ff483790d629b990627.html,校舍维修改造,校舍维修改造,校舍维修改造;工程配套,小学,否,否
0041a28ca4c3418242f8924c27db28415e66,郑州航空港经济综合实验区郑港办事处慈航路小学改扩建地块垃圾清运项目-中标公告,2026-07-24,河南省,,中标公告,郑州航空港经济综合实验区（郑州新郑综合保税区）公共资源交易中心,https://www.ggzy.gov.cn/information/deal/html/a/410000/0202/20260724/0041a28ca4c3418242f8924c27db28415e66.html,校舍维修改造,校舍维修改造,校舍维修改造,小学,否,否
004137604bd9c0ce4c7b8eff4792fdd8da6b,郑州航空港经济综合实验区银河办事处滨河西路小学扩建地块建筑垃圾清运服务项目-成交公告,2026-07-24,河南省,,中标公告,郑州航空港经济综合实验区（郑州新郑综合保税区）公共资源交易中心,https://www.ggzy.gov.cn/information/deal/html/a/410000/0202/20260724/004137604bd9c0ce4c7b8eff4792fdd8da6b.html,校舍维修改造,校舍维修改造,校舍维修改造,小学,否,否
0045060a899315d04b7baaa85cdd761f7121,广西盾邦工程项目管理有限公司关于东兰县武篆镇中心小学塑胶跑道及硅PU篮球场工程成交公告,2026-07-24,广西壮族自治区,,中标公告,广西壮族自治区公共资源电子交易系统,https://www.ggzy.gov.cn/information/deal/html/a/450000/0202/20260724/0045060a899315d04b7baaa85cdd761f7121.html,校舍维修改造,校舍维修改造,校舍维修改造;工程配套,小学,否,否
004515614f109df847cc91704c9aad01ffbb,广西建荣工程项目管理有限公司关于河池市金城江区2022年教育攻坚项目--金城江区第十五小学教育信息化设备采购工程 (HCZB2026-G1-003-GXJR) 中标结果公告,2026-07-24,广西壮族自治区,,中标公告,河池市公共资源交易中心,https://www.ggzy.gov.cn/information/deal/html/a/450000/0202/20260724/004515614f109df847cc91704c9aad01ffbb.html,信息化,信息化,信息化,小学,是,是
0045cd0c7b53b382405db68da514b547f2ab,河池市金城江区2022年教育攻坚项目--金城江区第十四小学教育信息化设备采购工程(KWMD2G2026017)  中标结果公告,2026-07-24,广西壮族自治区,,中标公告,河池市公共资源交易中心,https://www.ggzy.gov.cn/information/deal/html/a/450000/0202/20260724/0045cd0c7b53b382405db68da514b547f2ab.html,信息化,信息化,信息化,小学,是,是
0044f22174b191624ca6943a6d9a1657dc1b,深圳市布心小学2026-2027学年后勤管理服务项目中标（成交）结果公告,2026-07-24,广东省,,中标公告,,https://www.ggzy.gov.cn/information/deal/html/a/440000/0202/20260724/0044f22174b191624ca6943a6d9a1657dc1b.html,后勤服务,其他,后勤服务,小学,否,否
00136d63ac0ada2346ea9c57a496b1a4641e,南宫市保安小学运动场项目中标公告,2026-07-24,河北省,,中标公告,邢台市公共资源交易中心,https://www.ggzy.gov.cn/information/deal/html/a/130000/0202/20260724/00136d63ac0ada2346ea9c57a496b1a4641e.html,校舍维修改造,校舍维修改造,校舍维修改造;后勤服务,小学,否,否
0065eb82b015fa3e4795bf7ba8864eb8fc7e,霍城县2026年中小学校（园）大宗食材采购项目（服务）中标(成交)结果公告,2026-07-24,新疆维吾尔自治区,,中标公告,新疆维吾尔自治区公共资源交易平台,https://www.ggzy.gov.cn/information/deal/html/a/650000/0202/20260724/0065eb82b015fa3e4795bf7ba8864eb8fc7e.html,后勤服务,其他,后勤服务,教育局统筹,否,否
00524f1abe2485744793ba37b77096a6ebec,威宁自治县么站镇汤朗小学教学楼、学生食堂及学生宿舍维修改造项目中标（成交）结果公告,2026-07-24,贵州省,,中标公告,毕节市公共资源交易中心,https://www.ggzy.gov.cn/information/deal/html/a/520000/0202/20260724/00524f1abe2485744793ba37b77096a6ebec.html,校舍维修改造,校舍维修改造,校舍维修改造;食堂设备,小学,否,否
0035a1c9d83513f245679882a3e375292d7d,南平市延平区实验小学多功能录播室设施设备采购结果公告（采购包1）,2026-07-24,福建省,,中标公告,南平市招标投标服务中心,https://www.ggzy.gov.cn/information/deal/html/a/350000/0202/20260724/0035a1c9d83513f245679882a3e375292d7d.html,信息化设备,信息化设备,信息化设备,小学,是,是
00353c07fc781a354b0a88d68ff07e6e2deb,福建漳州蓝田经济开发区第二实验小学梯形教室改造结果公告（采购包1）,2026-07-24,福建省,,中标公告,漳州市公共资源交易中心,https://www.ggzy.gov.cn/information/deal/html/a/350000/0202/20260724/00353c07fc781a354b0a88d68ff07e6e2deb.html,校舍维修改造,校舍维修改造,校舍维修改造,小学,否,否
00323ac07d193dc34322a39b5d7f935f3f6c,盐城市亭湖区便仓小学2026-2027年度物业服务项目中标公告采购包1,2026-07-24,江苏省,,中标公告,,https://www.ggzy.gov.cn/information/deal/html/a/320000/0202/20260724/00323ac07d193dc34322a39b5d7f935f3f6c.html,后勤服务,其他,后勤服务,小学,否,否
00440f120cfd5cb84b499493a9d32b61e56e,东莞市南城阳光第五小学2026-2027学年学生午餐配餐服务项目结果公告,2026-07-24,广东省,,中标公告,,https://www.ggzy.gov.cn/information/deal/html/a/440000/0202/20260724/00440f120cfd5cb84b499493a9d32b61e56e.html,其他,其他,,小学,否,否
0014d7236ed1f60c4bde897c7f48b05c3b12,平定县实验小学校主教学楼外墙改造楼顶防漏等维修工程、综合楼教室地面墙面维护及尚德楼防漏等维修工程结果公告,2026-07-24,山西省,,中标公告,,https://www.ggzy.gov.cn/information/deal/html/a/140000/0202/20260724/0014d7236ed1f60c4bde897c7f48b05c3b12.html,校舍维修改造,校舍维修改造,校舍维修改造,小学,否,否
0052fc6823c77a9146e9a44b8374bbd84d19,威宁自治县么站镇抱都小学教学楼、学生食堂及学生宿舍维修改造项目中标（成交）结果公告,2026-07-24,贵州省,,中标公告,毕节市公共资源交易中心,https://www.ggzy.gov.cn/information/deal/html/a/520000/0202/20260724/0052fc6823c77a9146e9a44b8374bbd84d19.html,校舍维修改造,校舍维修改造,校舍维修改造;食堂设备,小学,否,否
0051f984089fec814fbfaef29991e2fda52d,成都市凤凰小学校2026年凤凰小学综合排危改造项目中标（成交）结果公告,2026-07-24,四川省,,中标公告,,https://www.ggzy.gov.cn/information/deal/html/a/510000/0202/20260724/0051f984089fec814fbfaef29991e2fda52d.html,校舍维修改造,校舍维修改造,校舍维修改造,小学,否,否
00513575bb7e3ee34ab3a5339f89be3281dc,巴中市中坝小学2026年学生午休课桌椅采购项目中标（成交）结果公告,2026-07-24,四川省,,中标公告,,https://www.ggzy.gov.cn/information/deal/html/a/510000/0202/20260724/00513575bb7e3ee34ab3a5339f89be3281dc.html,课桌椅,课桌椅,课桌椅,小学,否,否
0051275a8d38ff4c4712b54207ab5346d3c2,高县蕉村镇中心小学校运动场安全隐患整治及电力扩容改造项目中标（成交）结果公告,2026-07-24,四川省,,中标公告,,https://www.ggzy.gov.cn/information/deal/html/a/510000/0202/20260724/0051275a8d38ff4c4712b54207ab5346d3c2.html,校舍维修改造,校舍维修改造,校舍维修改造,小学,否,否
0015809ce95480254cd2a13fdc22d163040a,乌审旗沙尔利格小学暖气管道电力改造(二次)中标（成交）结果公告,2026-07-24,内蒙古自治区,,中标公告,,https://www.ggzy.gov.cn/information/deal/html/a/150000/0202/20260724/0015809ce95480254cd2a13fdc22d163040a.html,校舍维修改造,校舍维修改造,校舍维修改造,小学,否,否
00513cb5e6eb82b04a48bde956c016e528a7,成都市郫都区郫筒二小书院街小学监控设施采购项目中标（成交）结果公告,2026-07-24,四川省,,中标公告,,https://www.ggzy.gov.cn/information/deal/html/a/510000/0202/20260724/00513cb5e6eb82b04a48bde956c016e528a7.html,校园安防,校园安防,校园安防,小学,否,否
00343b08e4cb840f45ee840330935b5de477,2026年安徽师范大学附属小学教室设备采购项目一包中标结果公告,2026-07-24,安徽省,,中标公告,芜湖市公共资源交易平台电子交易系统,https://www.ggzy.gov.cn/information/deal/html/a/340000/0202/20260724/00343b08e4cb840f45ee840330935b5de477.html,其他,其他,,小学,否,否
00115f4bfcaf34474ff4a82c796a1cbe7ed0,北京翠微小学密云分校食堂提升炊事机械设备更新补充项目中标公告,2026-07-24,北京,,中标公告,北京市政府采购网,https://www.ggzy.gov.cn/information/deal/html/a/110000/0202/20260724/00115f4bfcaf34474ff4a82c796a1cbe7ed0.html,食堂设备,食堂设备,食堂设备,小学,否,否
00154d9244ea63724d418a3555ef849495e2,固阳县教育局固阳县文化路小学塑胶操场维修改造项目中标（成交）结果公告,2026-07-24,内蒙古自治区,,中标公告,,https://www.ggzy.gov.cn/information/deal/html/a/150000/0202/20260724/00154d9244ea63724d418a3555ef849495e2.html,校舍维修改造,校舍维修改造,校舍维修改造,教育局统筹,否,否
00348c01f6288b7a4c308db5e8b7d82a8577,2026年安徽师范大学附属小学教室设备采购项目二包中标结果公告,2026-07-24,安徽省,,中标公告,芜湖市公共资源交易平台电子交易系统,https://www.ggzy.gov.cn/information/deal/html/a/340000/0202/20260724/00348c01f6288b7a4c308db5e8b7d82a8577.html,其他,其他,,小学,否,否
00513fe0935269b94747a5ea9e3042e18f7c,高县沙河实验小学校空调线路安装及电力扩容项目中标（成交）结果公告,2026-07-24,四川省,,中标公告,,https://www.ggzy.gov.cn/information/deal/html/a/510000/0202/20260724/00513fe0935269b94747a5ea9e3042e18f7c.html,工程配套,其他,工程配套,小学,否,否
006539d9afcf58ff4f0c9523c08380ecd665,乌鲁木齐市第一百二十六小学运动场维修改造项目中标(成交)结果公告,2026-07-24,新疆维吾尔自治区,,中标公告,新疆维吾尔自治区公共资源交易平台,https://www.ggzy.gov.cn/information/deal/html/a/650000/0202/20260724/006539d9afcf58ff4f0c9523c08380ecd665.html,校舍维修改造,校舍维修改造,校舍维修改造,小学,否,否
00129d82eaf802e2461bae2148461ad2b681,天津市河北区昆纬路第一小学 天津市河北区昆纬路第一小学保安服务项目 (项目编号:TJHB-2026-D-0022)中标公告,2026-07-24,天津市,,中标公告,天津市公共资源交易平台交易系统,https://www.ggzy.gov.cn/information/deal/html/a/120000/0202/20260724/00129d82eaf802e2461bae2148461ad2b681.html,后勤服务,其他,后勤服务,小学,否,否
004266ac8a7c377c43f292ac090b3aa3c7b0,武汉市江汉区教育局基建维修仪器设备管理站江汉区中小学课桌椅、实验室仪器设备利旧搬迁服务项目结果公告,2026-07-24,湖北省,,中标公告,湖北省政府采购网,https://www.ggzy.gov.cn/information/deal/html/a/420000/0202/20260724/004266ac8a7c377c43f292ac090b3aa3c7b0.html,校舍维修改造,校舍维修改造,校舍维修改造;实验室设备;教学仪器;课桌椅,教育局统筹,否,否
00650f21ecd95e4e4f51a2d0e26988c86424,库车市齐满镇中心小学校园食堂餐饮服务外包项目中标(成交)结果公告,2026-07-24,新疆维吾尔自治区,,中标公告,新疆维吾尔自治区公共资源交易平台,https://www.ggzy.gov.cn/information/deal/html/a/650000/0202/20260724/00650f21ecd95e4e4f51a2d0e26988c86424.html,食堂设备,食堂设备,食堂设备;后勤服务,小学,否,否
0015b9bace13706d4ae8bda9f6065a9e25c8,阿拉善高新技术产业开发区（乌斯太镇）社会事务办公室阿拉善高新技术产业开发区（乌斯太镇）第二小学屋顶瓦片更换项目中标（成交）结果公告,2026-07-24,内蒙古自治区,,中标公告,,https://www.ggzy.gov.cn/information/deal/html/a/150000/0202/20260724/0015b9bace13706d4ae8bda9f6065a9e25c8.html,其他,其他,,小学,否,否
00646c2c1f35455c440986b8f267cb3a13cd,大武口区教学研究室石嘴山市大武口区2026年国培计划GP26009县级骨干教师培养对象培训项目-（学前教育、中小学道德与法治、中小学信息科技）第三标包：中小学信息科技中标公告,2026-07-24,宁夏回族自治区,,中标公告,宁夏公共资源交易服务平台,https://www.ggzy.gov.cn/information/deal/html/a/640000/0202/20260724/00646c2c1f35455c440986b8f267cb3a13cd.html,培训,培训,培训,教育局统筹,是,是
005028243a907e2b4b8fa26f600518315e38,秀山县2026年中小学理化生实验室设备采购(XSX26A00400)中标（成交）结果公告,2026-07-24,重庆市,,中标公告,重庆市公共资源交易服务平台,https://www.ggzy.gov.cn/information/deal/html/a/500000/0202/20260724/005028243a907e2b4b8fa26f600518315e38.html,实验室设备,实验室设备,实验室设备,教育局统筹,否,否
0051605f9ce69f974b3fb1f386237428c1c0,射洪市第六小学校校舍维修改造项目中标（成交）结果公告,2026-07-24,四川省,,中标公告,,https://www.ggzy.gov.cn/information/deal/html/a/510000/0202/20260724/0051605f9ce69f974b3fb1f386237428c1c0.html,校舍维修改造,校舍维修改造,校舍维修改造,小学,否,否
00510e646ce572c94979a85ceac1adeb92b9,旺苍县石桥小学运动场面层采购（含施工）项目(二次)中标（成交）结果公告,2026-07-24,四川省,,中标公告,,https://www.ggzy.gov.cn/information/deal/html/a/510000/0202/20260724/00510e646ce572c94979a85ceac1adeb92b9.html,校舍维修改造,校舍维修改造,校舍维修改造,小学,否,否
0063ca5d9be2f7034180988404af3663ead3,西宁市城中区政府采购服务中心关于春晖小学信息化建设项目中标(成交)结果公告,2026-07-24,青海省,,中标公告,青海省公共资源交易网,https://www.ggzy.gov.cn/information/deal/html/a/630000/0202/20260724/0063ca5d9be2f7034180988404af3663ead3.html,信息化,信息化,信息化,小学,是,是
0044d603867b5bc24f34b610482e0d7ae3a1,韶关市武江区东岗小学低部新建教学楼设施设备采购项目-集中类设施设备采购结果公告,2026-07-24,广东省,,中标公告,,https://www.ggzy.gov.cn/information/deal/html/a/440000/0202/20260724/0044d603867b5bc24f34b610482e0d7ae3a1.html,校舍维修改造,校舍维修改造,校舍维修改造,小学,否,否
0011f4aac6b399c74e26ba8518b6377173a5,密云区中小学学校教室照明改造工程成交公告,2026-07-24,北京,,中标公告,北京市政府采购网,https://www.ggzy.gov.cn/information/deal/html/a/110000/0202/20260724/0011f4aac6b399c74e26ba8518b6377173a5.html,校舍维修改造,校舍维修改造,校舍维修改造;工程配套,教育局统筹,否,否
001140dc352f5ff240b393a1683ed9d36c72,城乡义务教育生均公用经费（小学）物业管理服务采购项目中标公告,2026-07-24,北京,,中标公告,北京市政府采购网,https://www.ggzy.gov.cn/information/deal/html/a/110000/0202/20260724/001140dc352f5ff240b393a1683ed9d36c72.html,后勤服务,其他,后勤服务,小学,否,否
0051ffcfcf696bfc4ce585d270beb307845a,成都市人民北路小学校2026年人北小学综合排危改造项目中标（成交）结果公告,2026-07-24,四川省,,中标公告,,https://www.ggzy.gov.cn/information/deal/html/a/510000/0202/20260724/0051ffcfcf696bfc4ce585d270beb307845a.html,校舍维修改造,校舍维修改造,校舍维修改造,小学,否,否
004206b17738f9e749ada467d05c077879b0,咸丰县第三实验中小学购置生活设施设备（三次）成交结果公告,2026-07-24,湖北省,,中标公告,湖北省政府采购网,https://www.ggzy.gov.cn/information/deal/html/a/420000/0202/20260724/004206b17738f9e749ada467d05c077879b0.html,其他,其他,,教育局统筹,否,否
00428b1b5d1af4d846cc8a70048c5c839341,黄石市有色小学黄石市有色中小学教学楼立面改造项目中标（成交）结果公告,2026-07-24,湖北省,,中标公告,湖北省政府采购网,https://www.ggzy.gov.cn/information/deal/html/a/420000/0202/20260724/00428b1b5d1af4d846cc8a70048c5c839341.html,校舍维修改造,校舍维修改造,校舍维修改造,教育局统筹,否,否
0012cabf8a94ea9c45d6a0ba7b99a67d361d,天津市河东区前程小学 天津市河东区前程小学2026年外聘教师服务项目 (项目编号:JU2026-ZCHD-012)中标公告,2026-07-24,天津市,,中标公告,天津市公共资源交易平台交易系统,https://www.ggzy.gov.cn/information/deal/html/a/120000/0202/20260724/0012cabf8a94ea9c45d6a0ba7b99a67d361d.html,其他,其他,,小学,否,否
0044125f19f51ad7471b83fe4e6b8fd5fb92,茂名市乙烯小学校舍加固、维修工程采购项目结果公告,2026-07-24,广东省,,中标公告,,https://www.ggzy.gov.cn/information/deal/html/a/440000/0202/20260724/0044125f19f51ad7471b83fe4e6b8fd5fb92.html,校舍维修改造,校舍维修改造,校舍维修改造,小学,否,否
001379599114b7d8459492d9b643b893ab1a,Z1302082600772201唐山市丰润区东实验小学建平校区开学启动项目补充设备采购结果公告,2026-07-24,河北省,,中标公告,,https://www.ggzy.gov.cn/information/deal/html/a/130000/0202/20260724/001379599114b7d8459492d9b643b893ab1a.html,其他,其他,,小学,否,否
001510fa9e5a56dc4310bdf688d6ac70eb9c,土默特左旗教育局土默特左旗中小学租赁人工智能与机器人教育设备项目中标（成交）结果公告,2026-07-24,内蒙古自治区,,中标公告,,https://www.ggzy.gov.cn/information/deal/html/a/150000/0202/20260724/001510fa9e5a56dc4310bdf688d6ac70eb9c.html,人工智能,人工智能,人工智能;后勤服务,教育局统筹,是,是
0022145c4c2d08194996a5a9ef20415f604e,通化市东昌区第一实验小学塑胶操场铺设项目中标(成交)结果公告,2026-07-24,吉林省,,中标公告,通化市电子招投标交易平台(新),https://www.ggzy.gov.cn/information/deal/html/a/220000/0202/20260724/0022145c4c2d08194996a5a9ef20415f604e.html,校舍维修改造,校舍维修改造,校舍维修改造,小学,否,否
005099983ce6182441e0a6302264417126da,巫溪县先锋小学校科技设备采购(WXX26A00173)中标（成交）结果公告,2026-07-24,重庆市,,中标公告,重庆市公共资源交易服务平台,https://www.ggzy.gov.cn/information/deal/html/a/500000/0202/20260724/005099983ce6182441e0a6302264417126da.html,其他,其他,,小学,否,否
0041c5ce4fbfe61b42988c267a42231bb1fb,义马市实验小学智慧校园建设(数字教育资源)项目-中标公告,2026-07-24,河南省,,中标公告,三门峡市公共资源交易中心,https://www.ggzy.gov.cn/information/deal/html/a/410000/0202/20260724/0041c5ce4fbfe61b42988c267a42231bb1fb.html,智慧校园,智慧校园,智慧校园,小学,是,是
00514bc980a7aa83405b8083d7b1a7d04a84,资阳市教育和体育局兰家坡小学图书采购项目(二次)中标（成交）结果公告,2026-07-24,四川省,,中标公告,,https://www.ggzy.gov.cn/information/deal/html/a/510000/0202/20260724/00514bc980a7aa83405b8083d7b1a7d04a84.html,图书,图书,图书,教育局统筹,否,否
00336e042a5aaccd434dafebd6327be0badf,建经投资咨询有限公司关于蓬街中心小学新型教学空间专用设备采购及安装项目中标(成交)结果公告,2026-07-24,浙江省,,中标公告,台州市公共资源交易网,https://www.ggzy.gov.cn/information/deal/html/a/330000/0202/20260724/00336e042a5aaccd434dafebd6327be0badf.html,后勤服务,其他,后勤服务,小学,否,否
0054af6040795bd44127a9657c562b920b51,米林市中学、市小学、多卡小学云机房建设项目中标公告,2026-07-24,西藏自治区,,中标公告,,https://www.ggzy.gov.cn/information/deal/html/a/540000/0202/20260724/0054af6040795bd44127a9657c562b920b51.html,信息化设备,信息化设备,信息化设备,小学,是,是
00357028908362354cf68e4e1a3b02c5c194,2026年为民办实事中小学校学生近视防控视力健康指数建设项目(二次)结果公告（采购包1）,2026-07-24,福建省,,中标公告,漳州市公共资源交易中心,https://www.ggzy.gov.cn/information/deal/html/a/350000/0202/20260724/00357028908362354cf68e4e1a3b02c5c194.html,其他,其他,,教育局统筹,否,否
0035ea069868d85d40eb8b07e265fbdaaf5d,2026－2027学年蕉城区中小学学生作业本采购项目(二次)结果公告（采购包1）,2026-07-24,福建省,,中标公告,宁德市公共资源交易中心,https://www.ggzy.gov.cn/information/deal/html/a/350000/0202/20260724/0035ea069868d85d40eb8b07e265fbdaaf5d.html,其他,其他,,教育局统筹,否,否
00616ede0154a1d140ae923a187798baba59,麟游县西街小学体育场地校舍维修改造及教学设施设备购置项目(二次)采购结果公告,2026-07-24,陕西省,,中标公告,全国公共资源交易平台（陕西省）,https://www.ggzy.gov.cn/information/deal/html/a/610000/0202/20260724/00616ede0154a1d140ae923a187798baba59.html,校舍维修改造,校舍维修改造,校舍维修改造,小学,否,否
005008556da764324d8faabf439245158b0c,长寿区晶山小学校课桌椅联合采购项目(CSQ26A00358)中标（成交）结果公告,2026-07-24,重庆市,,中标公告,重庆市公共资源交易服务平台,https://www.ggzy.gov.cn/information/deal/html/a/500000/0202/20260724/005008556da764324d8faabf439245158b0c.html,课桌椅,课桌椅,课桌椅,小学,否,否
00140023d28e769f4049969ac07ee56e38d5,和顺县教育局单一来源采购和顺县2026-2027年义务教育学生教辅用书及中小学生读本采购结果公告,2026-07-24,山西省,,中标公告,,https://www.ggzy.gov.cn/information/deal/html/a/140000/0202/20260724/00140023d28e769f4049969ac07ee56e38d5.html,其他,其他,,教育局统筹,否,否
0033f0e5375cd091495bbbf95a16776605c0,浙江致信招标代理有限公司关于慈溪市长河镇蓝天小学厨房设备采购项目中标(成交)结果公告,2026-07-24,浙江省,,中标公告,宁波市公共资源交易网,https://www.ggzy.gov.cn/information/deal/html/a/330000/0202/20260724/0033f0e5375cd091495bbbf95a16776605c0.html,食堂设备,食堂设备,食堂设备,小学,否,否
0014aec97e961a904d14a72395d4177b7919,潞州区下南街小学校校园设施设备购置项目结果公告,2026-07-24,山西省,,中标公告,,https://www.ggzy.gov.cn/information/deal/html/a/140000/0202/20260724/0014aec97e961a904d14a72395d4177b7919.html,其他,其他,,小学,否,否
004280f0c6a9eeb441c0a0dd274909164094,大冶市罗家桥街道办事处桃花小学大冶市第六实验学校（高中部）改造电脑采购项目（二次）中标（成交）结果公告,2026-07-24,湖北省,,中标公告,湖北省政府采购网,https://www.ggzy.gov.cn/information/deal/html/a/420000/0202/20260724/004280f0c6a9eeb441c0a0dd274909164094.html,信息化设备,信息化设备,信息化设备;校舍维修改造,高中,是,是
0042e9cbdbd397cc4e169d841cd5239f999d,蕲春县第二实验小学豁口校区新建食堂工程中标结果公告,2026-07-24,湖北省,,中标公告,湖北省政府采购网,https://www.ggzy.gov.cn/information/deal/html/a/420000/0202/20260724/0042e9cbdbd397cc4e169d841cd5239f999d.html,校舍维修改造,校舍维修改造,校舍维修改造;食堂设备,小学,否,否
0022266b34745eb1438981d0335d36106d28,长春市双阳区新安中心小学场地改造项目中标(成交)结果公告,2026-07-24,吉林省,,中标公告,长春市公共资源交易中心(新),https://www.ggzy.gov.cn/information/deal/html/a/220000/0202/20260724/0022266b34745eb1438981d0335d36106d28.html,校舍维修改造,校舍维修改造,校舍维修改造,小学,否,否
00133fcc1bd294a24fcd9fefcf7c2e533dc2,井陉县中小学智慧黑板采购项目中标公告,2026-07-24,河北省,,中标公告,石家庄公共资源交易网,https://www.ggzy.gov.cn/information/deal/html/a/130000/0202/20260724/00133fcc1bd294a24fcd9fefcf7c2e533dc2.html,智慧黑板,智慧黑板,智慧黑板,教育局统筹,是,是
00336bc1550806544559a6748caf978e038c,诸暨市公共资源交易中心关于诸暨市暨阳街道浣江小学教育集团行知小学体艺馆改造设备采购项目中标(成交)结果公告,2026-07-24,浙江省,,中标公告,绍兴市公共资源交易网,https://www.ggzy.gov.cn/information/deal/html/a/330000/0202/20260724/00336bc1550806544559a6748caf978e038c.html,校舍维修改造,校舍维修改造,校舍维修改造,小学,否,否
0051b9d3a79e4a5349f7be44f9383cf95f3e,成都市石笋街小学校2026年石笋街小学运动场、总平综合排危改造项目中标（成交）结果公告,2026-07-24,四川省,,中标公告,,https://www.ggzy.gov.cn/information/deal/html/a/510000/0202/20260724/0051b9d3a79e4a5349f7be44f9383cf95f3e.html,校舍维修改造,校舍维修改造,校舍维修改造,小学,否,否
0042fe76985195d84f55a8df4f0a5a586c36,大冶市罗家桥街道办事处桃花小学大冶市第六实验学校（高中部）改造空调采购项目中标（成交）结果公告,2026-07-24,湖北省,,中标公告,湖北省政府采购网,https://www.ggzy.gov.cn/information/deal/html/a/420000/0202/20260724/0042fe76985195d84f55a8df4f0a5a586c36.html,校舍维修改造,校舍维修改造,校舍维修改造;工程配套,高中,否,否
00144f07754f8d114a7e847a733aaa8e8161,吉县屯里联合学校桑峨小学活动场地维修改造项目结果公告,2026-07-24,山西省,,中标公告,,https://www.ggzy.gov.cn/information/deal/html/a/140000/0202/20260724/00144f07754f8d114a7e847a733aaa8e8161.html,校舍维修改造,校舍维修改造,校舍维修改造,小学,否,否
0014f0a64396869f43718008c8dce9db1498,侯马市教育体育局晋都小学建设项目10千伏配电工程结果公告,2026-07-24,山西省,,中标公告,,https://www.ggzy.gov.cn/information/deal/html/a/140000/0202/20260724/0014f0a64396869f43718008c8dce9db1498.html,其他,其他,,教育局统筹,否,否
00332823e43f703f45a896166c0f745ac178,（编号：QWZFCG26048）宁波前湾新区观塘湖小学家具采购项目中标结果公告,2026-07-24,浙江省,,中标公告,宁波市公共资源交易网,https://www.ggzy.gov.cn/information/deal/html/a/330000/0202/20260724/00332823e43f703f45a896166c0f745ac178.html,课桌椅,课桌椅,课桌椅,小学,否,否
0061c7ed8d33802b4ee380024d92e283c31b,宜川县第一小学教学及附属用房维修工程项目采购结果公告,2026-07-24,陕西省,,中标公告,全国公共资源交易平台（陕西省）,https://www.ggzy.gov.cn/information/deal/html/a/610000/0202/20260724/0061c7ed8d33802b4ee380024d92e283c31b.html,校舍维修改造,校舍维修改造,校舍维修改造,小学,否,否
0041bcaa17c5d13a4483a84fa9ff4a920ca8,西平县教育局西平县2024年农村中小学校舍安全保障长效机制资金项目工程设计项目-成交公告,2026-07-24,河南省,,中标公告,,https://www.ggzy.gov.cn/information/deal/html/a/410000/0202/20260724/0041bcaa17c5d13a4483a84fa9ff4a920ca8.html,校舍维修改造,校舍维修改造,校舍维修改造,教育局统筹,否,否
004177e8dedf8e394776aacd1f45b3b28a09,郑州中学附属小学物业服务采购项目-成交公告,2026-07-24,河南省,,中标公告,,https://www.ggzy.gov.cn/information/deal/html/a/410000/0202/20260724/004177e8dedf8e394776aacd1f45b3b28a09.html,后勤服务,其他,后勤服务,小学,否,否
0033f22393618f5e42b0a039b406c415d549,浙江立创项目管理有限公司关于2026年瓯海区中小学午休课桌和手摇课桌椅采购中标(成交)结果公告,2026-07-24,浙江省,,中标公告,温州市公共资源交易网,https://www.ggzy.gov.cn/information/deal/html/a/330000/0202/20260724/0033f22393618f5e42b0a039b406c415d549.html,课桌椅,课桌椅,课桌椅,教育局统筹,否,否
0036a72bd27a798d44e29c484834e6ed61c2,江西灏和项目管理咨询有限公司关于抚州市临川区第四小学建设足球场与车棚及教学楼等维修改造工程结果公示,2026-07-24,江西省,,中标公告,抚州市公共资源交易中心,https://www.ggzy.gov.cn/information/deal/html/a/360000/0202/20260724/0036a72bd27a798d44e29c484834e6ed61c2.html,校舍维修改造,校舍维修改造,校舍维修改造;后勤服务;工程配套,小学,否,否
0036567eebc035a240f69ad5415daae6f484,江西省机电设备招标有限公司关于九江市柴桑区第四小学食堂劳务管理服务项目（项目编号：JXTC2026130163C1）结果公示,2026-07-24,江西省,,中标公告,九江市公共资源交易中心,https://www.ggzy.gov.cn/information/deal/html/a/360000/0202/20260724/0036567eebc035a240f69ad5415daae6f484.html,食堂设备,食堂设备,食堂设备;后勤服务,小学,否,否
0036337889b1510a47138825f5f91acd78b4,江西省机电设备招标有限公司关于九江市柴桑区第四小学智慧体育设备采购项目（项目编号：JXTC2026130116C1）结果公示,2026-07-24,江西省,,中标公告,九江市公共资源交易中心,https://www.ggzy.gov.cn/information/deal/html/a/360000/0202/20260724/0036337889b1510a47138825f5f91acd78b4.html,其他,其他,,小学,否,否
0036260e68377b7146a6b243a34ecf2d2d67,广昌县创新工程造价咨询有限公司关于广昌县第五小学运动场维修挡土墙加固工程,2026-07-24,江西省,,中标公告,抚州市公共资源交易中心,https://www.ggzy.gov.cn/information/deal/html/a/360000/0202/20260724/0036260e68377b7146a6b243a34ecf2d2d67.html,校舍维修改造,校舍维修改造,校舍维修改造;后勤服务,小学,否,否
00361bc370d1602b42d8a2b9de8f475eee27,南丰县桔都小学2026年教学楼维修改造等工程结果公示,2026-07-24,江西省,,中标公告,抚州市公共资源交易中心,https://www.ggzy.gov.cn/information/deal/html/a/360000/0202/20260724/00361bc370d1602b42d8a2b9de8f475eee27.html,校舍维修改造,校舍维修改造,校舍维修改造,小学,否,否
00360db68540cba14bc985277faf8c156951,江西企恒企业管理有限公司关于吉州区明德小学教学楼连廊卫生间防水修缮项目（项目编号：赣企恒政采字〔2026〕12号）竞争性谈判结果公告,2026-07-24,江西省,,中标公告,吉安市公共资源交易中心,https://www.ggzy.gov.cn/information/deal/html/a/360000/0202/20260724/00360db68540cba14bc985277faf8c156951.html,校舍维修改造,校舍维修改造,校舍维修改造,小学,否,否
0034688b7c2b31af4803909123cd69ce0dde,2026年庐阳区南门小学立贤校区等2所校园空调设备采购与安装项目中标（成交）结果公告,2026-07-24,安徽省,,中标公告,安徽合肥公共资源交易中心电子交易系统,https://www.ggzy.gov.cn/information/deal/html/a/340000/0202/20260724/0034688b7c2b31af4803909123cd69ce0dde.html,工程配套,其他,工程配套,小学,否,否
00345924c968238b49148bd0e87ac484272b,庐江县2026年中小学课桌椅采购中标结果变更公告,2026-07-24,安徽省,,中标公告,安徽合肥公共资源交易中心电子交易系统,https://www.ggzy.gov.cn/information/deal/html/a/340000/0202/20260724/00345924c968238b49148bd0e87ac484272b.html,课桌椅,课桌椅,课桌椅,教育局统筹,否,否
0021da34f522f40945eba113e50db8f69d58,东北大学附属小学(浑南)食堂委托经营项目采购结果公告,2026-07-24,辽宁省,,中标公告,辽宁政府采购网,https://www.ggzy.gov.cn/information/deal/html/a/210000/0202/20260724/0021da34f522f40945eba113e50db8f69d58.html,食堂设备,食堂设备,食堂设备,小学,否,否
0021c5c5f27cddc943f596d65333b053f992,盘锦市辽东湾实验小学校园建筑及配套设施维修改造工程（第二次）结果公告,2026-07-24,辽宁省,,中标公告,辽宁政府采购网,https://www.ggzy.gov.cn/information/deal/html/a/210000/0202/20260724/0021c5c5f27cddc943f596d65333b053f992.html,校舍维修改造,校舍维修改造,校舍维修改造,小学,否,否
0021a52ee643ff5541eab182caee5a36f379,沈阳市大东区上园路第一小学整体维修改造工程结果公告,2026-07-24,辽宁省,,中标公告,辽宁政府采购网,https://www.ggzy.gov.cn/information/deal/html/a/210000/0202/20260724/0021a52ee643ff5541eab182caee5a36f379.html,校舍维修改造,校舍维修改造,校舍维修改造,小学,否,否
00219880aa2969924de093fcde9530ff8e18,锦州铁合金小学--室内外消防改造工程结果公告,2026-07-24,辽宁省,,中标公告,辽宁政府采购网,https://www.ggzy.gov.cn/information/deal/html/a/210000/0202/20260724/00219880aa2969924de093fcde9530ff8e18.html,校舍维修改造,校舍维修改造,校舍维修改造;校园安防,小学,否,否
0021427dab7ea35f402088e402a217b0fb75,锦州市太和区平和小学校—室内外消防改造工程结果公告,2026-07-24,辽宁省,,中标公告,辽宁政府采购网,https://www.ggzy.gov.cn/information/deal/html/a/210000/0202/20260724/0021427dab7ea35f402088e402a217b0fb75.html,校舍维修改造,校舍维修改造,校舍维修改造;校园安防,小学,否,否
00319ab25cebc14244a186a73ade30438612,2026年浦东新区新开办学校教学仪器设备（上海市浦东新区周浦第二小学）的中标（成交）结果公告,2026-07-23,上海市,,中标公告,上海政府采购网,https://www.ggzy.gov.cn/information/deal/html/a/310000/0202/20260723/00319ab25cebc14244a186a73ade30438612.html,教学仪器,教学仪器,教学仪器,小学,否,否
001475f28a589c744aa6855182f73504b881,万荣县八一小学多功能室建设项目结果公告,2026-07-23,山西省,,中标公告,,https://www.ggzy.gov.cn/information/deal/html/a/140000/0202/20260723/001475f28a589c744aa6855182f73504b881.html,实验室设备,实验室设备,实验室设备,小学,否,否
0044908e23d828bc4432a02071911dd81cd8,2026年广州市增城区新塘镇甘泉小学食堂运营管理服务项目结果公告,2026-07-23,广东省,,中标公告,,https://www.ggzy.gov.cn/information/deal/html/a/440000/0202/20260723/0044908e23d828bc4432a02071911dd81cd8.html,食堂设备,食堂设备,食堂设备,小学,否,否
00653a58cfac02e542fa826770dc928d59a8,吐鲁番市第六小学2026年义务教育城市校舍安全保障长效机制项目--教学楼维修改造项目成交结果公告,2026-07-23,新疆维吾尔自治区,,中标公告,新疆维吾尔自治区公共资源交易平台,https://www.ggzy.gov.cn/information/deal/html/a/650000/0202/20260723/00653a58cfac02e542fa826770dc928d59a8.html,校舍维修改造,校舍维修改造,校舍维修改造,小学,否,否
00446587ebe02cda49b4aec176fa26c9053d,东莞市洪梅镇公办中小学2026-2027购买教育教学服务项目结果公告,2026-07-23,广东省,,中标公告,,https://www.ggzy.gov.cn/information/deal/html/a/440000/0202/20260723/00446587ebe02cda49b4aec176fa26c9053d.html,其他,其他,,教育局统筹,否,否
0051958046626cda44a1874a39f0e3758b60,武胜县烈面小学校烈面小学学生午休课桌椅购置中标（成交）结果公告,2026-07-23,四川省,,中标公告,,https://www.ggzy.gov.cn/information/deal/html/a/510000/0202/20260723/0051958046626cda44a1874a39f0e3758b60.html,课桌椅,课桌椅,课桌椅,小学,否,否
0015cd1a07d14a3248c3adfd2e2192899955,包头市青山区教育局2026年内蒙古自治区校园足球小学组总决赛赛事及活动项目中标（成交）结果公告,2026-07-23,内蒙古自治区,,中标公告,,https://www.ggzy.gov.cn/information/deal/html/a/150000/0202/20260723/0015cd1a07d14a3248c3adfd2e2192899955.html,其他,其他,,教育局统筹,否,否
0051461e64e3226d4375ab4ae3478d252d6c,峨边彝族自治县教育局2026年秋季—2027年春季全县中小学生作业本采购项目中标（成交）结果公告,2026-07-23,四川省,,中标公告,,https://www.ggzy.gov.cn/information/deal/html/a/510000/0202/20260723/0051461e64e3226d4375ab4ae3478d252d6c.html,其他,其他,,教育局统筹,否,否
0051f60ab3efc36244a582c3d8d14042abdf,成都高新区新川科技园小学2026年物业管理服务采购项目(二次)中标（成交）结果公告,2026-07-23,四川省,,中标公告,,https://www.ggzy.gov.cn/information/deal/html/a/510000/0202/20260723/0051f60ab3efc36244a582c3d8d14042abdf.html,后勤服务,其他,后勤服务,小学,否,否
00342b83c45a47f642c5a7c5a7cfc95a7ce7,宿松县松兹小学维修改造项目成交结果公告,2026-07-23,安徽省,,中标公告,安庆市公共资源交易平台电子交易系统,https://www.ggzy.gov.cn/information/deal/html/a/340000/0202/20260723/00342b83c45a47f642c5a7c5a7cfc95a7ce7.html,校舍维修改造,校舍维修改造,校舍维修改造,小学,否,否
003418fb0febb8af4f97bf7a7d6fde936ce9,宿松县城关小学维修改造项目成交结果公告,2026-07-23,安徽省,,中标公告,安庆市公共资源交易平台电子交易系统,https://www.ggzy.gov.cn/information/deal/html/a/340000/0202/20260723/003418fb0febb8af4f97bf7a7d6fde936ce9.html,校舍维修改造,校舍维修改造,校舍维修改造,小学,否,否
0052ce8ee86406094389830e42e6ff186bbe,威宁自治县盐仓镇黎坪小学教学楼维修改造项目中标（成交）结果公告,2026-07-23,贵州省,,中标公告,毕节市公共资源交易中心,https://www.ggzy.gov.cn/information/deal/html/a/520000/0202/20260723/0052ce8ee86406094389830e42e6ff186bbe.html,校舍维修改造,校舍维修改造,校舍维修改造,小学,否,否
005246ca35582a6b41aa9878c1a111e58f56,威宁自治县哲觉镇哲觉小学教学楼及一二号学生宿舍维修改造项目中标（成交）结果公告,2026-07-23,贵州省,,中标公告,毕节市公共资源交易中心,https://www.ggzy.gov.cn/information/deal/html/a/520000/0202/20260723/005246ca35582a6b41aa9878c1a111e58f56.html,校舍维修改造,校舍维修改造,校舍维修改造,小学,否,否
00222c64a91e24a94e318b03013d147ec5d7,吉林市丰满区教育局丰满区中小学校学生桶装饮用水采购项目中标(成交)结果公告,2026-07-23,吉林省,,中标公告,吉林市公共资源交易网上招投标系统,https://www.ggzy.gov.cn/information/deal/html/a/220000/0202/20260723/00222c64a91e24a94e318b03013d147ec5d7.html,其他,其他,,教育局统筹,否,否
0051813b01f75bc54fcaa2015f335fb1d1d2,高县来复镇双河小学校和美堂加固改造项目中标（成交）结果公告,2026-07-23,四川省,,中标公告,,https://www.ggzy.gov.cn/information/deal/html/a/510000/0202/20260723/0051813b01f75bc54fcaa2015f335fb1d1d2.html,校舍维修改造,校舍维修改造,校舍维修改造,小学,否,否
0037820212c6c87c4da3a65461ea163430fe,东营市垦利区第一实验小学操场草皮维修改造项目成交结果公告,2026-07-23,山东省,,中标公告,东营市公共资源电子交易平台,https://www.ggzy.gov.cn/information/deal/html/a/370000/0202/20260723/0037820212c6c87c4da3a65461ea163430fe.html,校舍维修改造,校舍维修改造,校舍维修改造,小学,否,否
0013860830fa74924f2c99e134397cd92b98,Z1303212600462301大巫岚小学室内外采暖改造工程结果公告,2026-07-23,河北省,,中标公告,秦皇岛市公共资源交易网,https://www.ggzy.gov.cn/information/deal/html/a/130000/0202/20260723/0013860830fa74924f2c99e134397cd92b98.html,校舍维修改造,校舍维修改造,校舍维修改造,小学,否,否
0011b80bc44be5ce40f1828944bc7ae3fa86,2026年密云区穆家峪镇中心小学（后栗园小学）操场及周边改造工程成交公告,2026-07-23,北京,,中标公告,北京市政府采购网,https://www.ggzy.gov.cn/information/deal/html/a/110000/0202/20260723/0011b80bc44be5ce40f1828944bc7ae3fa86.html,校舍维修改造,校舍维修改造,校舍维修改造,小学,否,否
00131b0c83a1ddd14fa08159a37746607274,Z1303002606042301迎宾路小学草皮更换等维修改造结果公告,2026-07-23,河北省,,中标公告,秦皇岛市公共资源交易网,https://www.ggzy.gov.cn/information/deal/html/a/130000/0202/20260723/00131b0c83a1ddd14fa08159a37746607274.html,校舍维修改造,校舍维修改造,校舍维修改造,小学,否,否
0051fa2a732880e0452a98111342d1d0c868,合江县人民小学校文曲校区食堂建设项目和设备购置(食堂设备)(五次)中标（成交）结果公告,2026-07-23,四川省,,中标公告,,https://www.ggzy.gov.cn/information/deal/html/a/510000/0202/20260723/0051fa2a732880e0452a98111342d1d0c868.html,食堂设备,食堂设备,食堂设备,小学,否,否
00138f54df712e164cafa54e9a8c1c69d409,赵县北中马中心小学校园院落铺设排水管网、垫高 硬化等项目,2026-07-23,河北省,,中标公告,石家庄公共资源交易网,https://www.ggzy.gov.cn/information/deal/html/a/130000/0202/20260723/00138f54df712e164cafa54e9a8c1c69d409.html,其他,其他,,小学,否,否
00378ca6b8dd12ec4684bae68ac1f389acf9,济南市智远小学操场跑道修缮工程 二次招标济南市智远小学操场跑道修缮工程中标结果公告,2026-07-23,山东省,,中标公告,,https://www.ggzy.gov.cn/information/deal/html/a/370000/0202/20260723/00378ca6b8dd12ec4684bae68ac1f389acf9.html,校舍维修改造,校舍维修改造,校舍维修改造,小学,否,否
0035deccf1f33b074b88a8ef54c26ce8d6ac,2026年福州市钱塘小学教育集团采购教师午餐配送服务项目(三次)结果公告（采购包1）,2026-07-23,福建省,,中标公告,福州市公共资源交易服务中心,https://www.ggzy.gov.cn/information/deal/html/a/350000/0202/20260723/0035deccf1f33b074b88a8ef54c26ce8d6ac.html,后勤服务,其他,后勤服务,小学,否,否
00115e66201b598d4721a6063608fc01fdb2,北京市石景山区师范学校附属小学学校食堂质量提升项目（电力工程）成交公告,2026-07-23,北京,,中标公告,北京市政府采购网,https://www.ggzy.gov.cn/information/deal/html/a/110000/0202/20260723/00115e66201b598d4721a6063608fc01fdb2.html,食堂设备,食堂设备,食堂设备,小学,否,否
0032ebf0c1135cf444a2802f8160d99de521,海安市曲塘镇中心小学教学楼外立面维修改造工程成交公告采购包1,2026-07-23,江苏省,,中标公告,,https://www.ggzy.gov.cn/information/deal/html/a/320000/0202/20260723/0032ebf0c1135cf444a2802f8160d99de521.html,校舍维修改造,校舍维修改造,校舍维修改造,小学,否,否
0013d7cd724c6f304b23a63a3031fc0d4c62,赵县大安中心学校校舍安全保障项目二标段赵县秀才营小学旧教学楼拆除、院落硬化竞争性磋商中标公告,2026-07-23,河北省,,中标公告,石家庄公共资源交易网,https://www.ggzy.gov.cn/information/deal/html/a/130000/0202/20260723/0013d7cd724c6f304b23a63a3031fc0d4c62.html,校舍维修改造,校舍维修改造,校舍维修改造,小学,否,否
005457d58521a1f34f1e94b269b6e1934aef,当雄县乌玛塘乡第一中心小学人行天桥建设项目（二次）中标（成交）结果公告,2026-07-23,西藏自治区,,中标公告,拉萨市市公共资源交易中心,https://www.ggzy.gov.cn/information/deal/html/a/540000/0202/20260723/005457d58521a1f34f1e94b269b6e1934aef.html,其他,其他,,小学,否,否
0011f6cfea9d3c574cabbcd258cbb7606789,2026年昌平区中小学校园食堂质量提升设备购置项目（九标段）中标公告,2026-07-23,北京,,中标公告,北京市政府采购网,https://www.ggzy.gov.cn/information/deal/html/a/110000/0202/20260723/0011f6cfea9d3c574cabbcd258cbb7606789.html,食堂设备,食堂设备,食堂设备,教育局统筹,否,否
003483753f402776427288acf15f033e7c50,池州市贵池区月亮湖小学二期扩建运动场塑胶及人造草坪采购项目中标结果更正公告,2026-07-23,安徽省,,中标公告,池州市公共资源交易平台电子交易系统,https://www.ggzy.gov.cn/information/deal/html/a/340000/0202/20260723/003483753f402776427288acf15f033e7c50.html,校舍维修改造,校舍维修改造,校舍维修改造;工程配套,小学,否,否
0011e6bd7018f2f94bfe873354cb879c08e9,2026年昌平区中小学校园食堂质量提升设备购置项目（十标段）中标公告,2026-07-23,北京,,中标公告,北京市政府采购网,https://www.ggzy.gov.cn/information/deal/html/a/110000/0202/20260723/0011e6bd7018f2f94bfe873354cb879c08e9.html,食堂设备,食堂设备,食堂设备,教育局统筹,否,否
00138ce603d864b84b2b818e051fadc0c8fc,石家庄市育新实验小学校园维修项目竞争性磋商中标公告,2026-07-23,河北省,,中标公告,石家庄公共资源交易网,https://www.ggzy.gov.cn/information/deal/html/a/130000/0202/20260723/00138ce603d864b84b2b818e051fadc0c8fc.html,校舍维修改造,校舍维修改造,校舍维修改造,小学,否,否
0011ac794f9761b74ebe8024afd67e989cde,北京市门头沟区育园小学新建校设备采购项目中标公告,2026-07-23,北京,,中标公告,北京市政府采购网,https://www.ggzy.gov.cn/information/deal/html/a/110000/0202/20260723/0011ac794f9761b74ebe8024afd67e989cde.html,校舍维修改造,校舍维修改造,校舍维修改造,小学,否,否
0022e4c4f1fd6d4d4a5db36d23cbb52ed540,长春高新北辰学校新建项目（小学部）工程结算审核造价咨询机构服务采购项目中标(成交)结果公告,2026-07-23,吉林省,,中标公告,长春市公共资源交易中心(新),https://www.ggzy.gov.cn/information/deal/html/a/220000/0202/20260723/0022e4c4f1fd6d4d4a5db36d23cbb52ed540.html,校舍维修改造,校舍维修改造,校舍维修改造;后勤服务,小学,否,否
0011999c04f524234e6f8f046af046be0908,2026年校园保障经费-北京第一实验小学其他社会服务采购项目中标公告,2026-07-23,北京,,中标公告,北京市政府采购网,https://www.ggzy.gov.cn/information/deal/html/a/110000/0202/20260723/0011999c04f524234e6f8f046af046be0908.html,其他,其他,,小学,否,否
001150e4832ecf5b4661b508e16aff558d3b,北京第二实验小学玉桃园分校操场改造工程成交公告,2026-07-23,北京,,中标公告,北京市政府采购网,https://www.ggzy.gov.cn/information/deal/html/a/110000/0202/20260723/001150e4832ecf5b4661b508e16aff558d3b.html,校舍维修改造,校舍维修改造,校舍维修改造,小学,否,否
00517035f16e95d749b2a3f3a8f8da5585f0,高县硕勋小学校空调线路安装及电力扩容项目中标（成交）结果公告,2026-07-23,四川省,,中标公告,,https://www.ggzy.gov.cn/information/deal/html/a/510000/0202/20260723/00517035f16e95d749b2a3f3a8f8da5585f0.html,工程配套,其他,工程配套,小学,否,否
0015b8dad2d5e5a94dcf8b9535192a414de1,杭锦后旗陕坝小学陕坝小学维修改造项目中标（成交）结果公告,2026-07-23,内蒙古自治区,,中标公告,,https://www.ggzy.gov.cn/information/deal/html/a/150000/0202/20260723/0015b8dad2d5e5a94dcf8b9535192a414de1.html,校舍维修改造,校舍维修改造,校舍维修改造,小学,否,否
0014e76644c97ed743be9ba44267f6393860,翼城县西街小学消防水池及配套设施工程结果公告,2026-07-23,山西省,,中标公告,,https://www.ggzy.gov.cn/information/deal/html/a/140000/0202/20260723/0014e76644c97ed743be9ba44267f6393860.html,校园安防,校园安防,校园安防,小学,否,否
004204a9f047887143d985dcdc334e248c6b,武汉市江夏区文化路小学2026年校舍安全应急消危保障项目（文化路小学操场跑道维修）中标(成交)结果公告,2026-07-23,湖北省,,中标公告,湖北省政府采购网,https://www.ggzy.gov.cn/information/deal/html/a/420000/0202/20260723/004204a9f047887143d985dcdc334e248c6b.html,校舍维修改造,校舍维修改造,校舍维修改造,小学,否,否
00423700d549a6dc40569903fe1f438c7ad4,随县万和镇中心学校随县万和镇义阳小学新建运动场中标(成交)结果公告,2026-07-23,湖北省,,中标公告,湖北省政府采购网,https://www.ggzy.gov.cn/information/deal/html/a/420000/0202/20260723/00423700d549a6dc40569903fe1f438c7ad4.html,校舍维修改造,校舍维修改造,校舍维修改造,小学,否,否
0011dce12b582519439b87cbcee9dde36fd2,2026年丰台区中小学智慧食堂项目中标公告,2026-07-23,北京,,中标公告,北京市政府采购网,https://www.ggzy.gov.cn/information/deal/html/a/110000/0202/20260723/0011dce12b582519439b87cbcee9dde36fd2.html,食堂设备,食堂设备,食堂设备,教育局统筹,否,否
003224ef8ebcfff24f41929f55564e256c91,苏州市部分公办中小学防近灯项目中标公告(二)采购包1,2026-07-23,江苏省,,中标公告,,https://www.ggzy.gov.cn/information/deal/html/a/320000/0202/20260723/003224ef8ebcfff24f41929f55564e256c91.html,其他,其他,,教育局统筹,否,否
001122cad32a3c3a4e369c7e3f2e627c7686,北京铁路实验小学02号06号11号楼地面墙裙卫生间改造工程成交公告,2026-07-23,北京,,中标公告,北京市政府采购网,https://www.ggzy.gov.cn/information/deal/html/a/110000/0202/20260723/001122cad32a3c3a4e369c7e3f2e627c7686.html,校舍维修改造,校舍维修改造,校舍维修改造,小学,否,否
00137e5280298d71466587ef80287c06dccd,临西县河西镇中心小学塑胶运动场项目成交公告,2026-07-23,河北省,,中标公告,邢台市公共资源交易中心,https://www.ggzy.gov.cn/information/deal/html/a/130000/0202/20260723/00137e5280298d71466587ef80287c06dccd.html,校舍维修改造,校舍维修改造,校舍维修改造,小学,否,否
0037b5a18392ec7d4073be4e0a5771db5187,广饶县兴安小学2026年保安服务采购项目成交结果公告,2026-07-23,山东省,,中标公告,东营市公共资源电子交易平台,https://www.ggzy.gov.cn/information/deal/html/a/370000/0202/20260723/0037b5a18392ec7d4073be4e0a5771db5187.html,后勤服务,其他,后勤服务,小学,否,否
00511f83930202e54a449f36fb9ef852f120,成都市双流区实验小学2026-2027校园卫生保洁及绿化养护服务中标（成交）结果公告,2026-07-23,四川省,,中标公告,,https://www.ggzy.gov.cn/information/deal/html/a/510000/0202/20260723/00511f83930202e54a449f36fb9ef852f120.html,工程配套,其他,工程配套,小学,否,否
005130cc40d695004d3e98396849192a6d84,成都市双流区实验小学2026-2027校园安全服务中标（成交）结果公告,2026-07-23,四川省,,中标公告,,https://www.ggzy.gov.cn/information/deal/html/a/510000/0202/20260723/005130cc40d695004d3e98396849192a6d84.html,其他,其他,,小学,否,否
00653a64950bc11946aab0928f7f8b1009b9,喀什市办学条件提升改善-提升改造中小学校心理健康功能室场地及硬件设施中标(成交)结果公告,2026-07-23,新疆维吾尔自治区,,中标公告,新疆维吾尔自治区公共资源交易平台,https://www.ggzy.gov.cn/information/deal/html/a/650000/0202/20260723/00653a64950bc11946aab0928f7f8b1009b9.html,校舍维修改造,校舍维修改造,校舍维修改造;实验室设备,教育局统筹,否,否
003263c0c0dce5254f44bf0db71c381a1953,景云小学枢纽实验室设备采购项目中标公告采购包1,2026-07-23,江苏省,,中标公告,,https://www.ggzy.gov.cn/information/deal/html/a/320000/0202/20260723/003263c0c0dce5254f44bf0db71c381a1953.html,实验室设备,实验室设备,实验室设备,小学,否,否
00324f7cac391ed04378b77c61c038c0ffd1,2026年院前小学基建维修和安全改造工程（专门面向中小企业）成交公告采购包1,2026-07-23,江苏省,,中标公告,,https://www.ggzy.gov.cn/information/deal/html/a/320000/0202/20260723/00324f7cac391ed04378b77c61c038c0ffd1.html,校舍维修改造,校舍维修改造,校舍维修改造,小学,否,否
0015ccac63869faa44d68928ff62800054b7,赤峰市松山区教育局松山区中小学家具用具购置采购项目(三次)中标（成交）结果公告,2026-07-23,内蒙古自治区,,中标公告,,https://www.ggzy.gov.cn/information/deal/html/a/150000/0202/20260723/0015ccac63869faa44d68928ff62800054b7.html,课桌椅,课桌椅,课桌椅,教育局统筹,否,否
00425a163f2ce7db480c8eaf61a606741270,黄冈中学附属小学图书馆、心理咨询室设备采购项目中标结果公告,2026-07-23,湖北省,,中标公告,湖北省政府采购网,https://www.ggzy.gov.cn/information/deal/html/a/420000/0202/20260723/00425a163f2ce7db480c8eaf61a606741270.html,图书,图书,图书;后勤服务,小学,否,否
0042a51f153ebf40421480f776fec4d0fb05,西山街道办事处本级鄂城区西山街道华光小学综合楼新建工程中标（成交）结果公告,2026-07-23,湖北省,,中标公告,湖北省政府采购网,https://www.ggzy.gov.cn/information/deal/html/a/420000/0202/20260723/0042a51f153ebf40421480f776fec4d0fb05.html,校舍维修改造,校舍维修改造,校舍维修改造,小学,否,否
006549e40df3a194423b82f23e019d2bbe0c,昌吉市第七小学阶梯教室设备采购项目中标(成交)结果公告,2026-07-23,新疆维吾尔自治区,,中标公告,新疆维吾尔自治区公共资源交易平台,https://www.ggzy.gov.cn/information/deal/html/a/650000/0202/20260723/006549e40df3a194423b82f23e019d2bbe0c.html,其他,其他,,小学,否,否
00332cfec8a1eb564046930f57cbdc016f16,新昌县同启项目管理有限公司关于新昌县礼泉小学2026年职工疗休养服务项目中标(成交)结果公告,2026-07-23,浙江省,,中标公告,绍兴市公共资源交易网,https://www.ggzy.gov.cn/information/deal/html/a/330000/0202/20260723/00332cfec8a1eb564046930f57cbdc016f16.html,其他,其他,,小学,否,否
001399abbe942b024cac9c5d6363c1c2c88c,Z1307092600232301张家口市崇礼区希望小学教学环境提升项目结果公告,2026-07-23,河北省,,中标公告,张家口公共资源交易综合信息平台,https://www.ggzy.gov.cn/information/deal/html/a/130000/0202/20260723/001399abbe942b024cac9c5d6363c1c2c88c.html,其他,其他,,小学,否,否
0050c3284e59d91841bba2154c56feae6417,秀山县2026年中小学触控一体机设备采购(XSX26A00403)中标（成交）结果公告,2026-07-23,重庆市,,中标公告,重庆市公共资源交易服务平台,https://www.ggzy.gov.cn/information/deal/html/a/500000/0202/20260723/0050c3284e59d91841bba2154c56feae6417.html,大屏,大屏,大屏,教育局统筹,是,是
00113bfa9447834049ec82656aa94504dbd6,北京第二实验小学白云路分校校校供餐改造工程（电增容）成交公告,2026-07-23,北京,,中标公告,北京市政府采购网,https://www.ggzy.gov.cn/information/deal/html/a/110000/0202/20260723/00113bfa9447834049ec82656aa94504dbd6.html,校舍维修改造,校舍维修改造,校舍维修改造,小学,否,否
00119491c06d700b47bca7244f4f4e646e38,北京市西城区椿树馆小学多功能厅及屋面改造成交公告,2026-07-23,北京,,中标公告,北京市政府采购网,https://www.ggzy.gov.cn/information/deal/html/a/110000/0202/20260723/00119491c06d700b47bca7244f4f4e646e38.html,校舍维修改造,校舍维修改造,校舍维修改造,小学,否,否
004436ad3f8cec684b1cbaf043b8ca08c6b6,福田区园岭教育集团园岭外国语小学运动场修缮项目成交结果公告,2026-07-23,广东省,,中标公告,,https://www.ggzy.gov.cn/information/deal/html/a/440000/0202/20260723/004436ad3f8cec684b1cbaf043b8ca08c6b6.html,校舍维修改造,校舍维修改造,校舍维修改造,小学,否,否
0033d882c208236c4221a7b6e7069c139102,江山市中诚采购代理有限责任公司关于江山经济开发区小学食堂劳务外包采购项目中标结果公告,2026-07-23,浙江省,,中标公告,衢州市公共资源交易网,https://www.ggzy.gov.cn/information/deal/html/a/330000/0202/20260723/0033d882c208236c4221a7b6e7069c139102.html,食堂设备,食堂设备,食堂设备;后勤服务,小学,否,否
0042dd16a37e2dee4b70b6ae8b9e5551ca96,广水市关庙镇中心小学运动场改扩建项目成交结果公告,2026-07-23,湖北省,,中标公告,湖北省政府采购网,https://www.ggzy.gov.cn/information/deal/html/a/420000/0202/20260723/0042dd16a37e2dee4b70b6ae8b9e5551ca96.html,校舍维修改造,校舍维修改造,校舍维修改造,小学,否,否
0061a69afd5200d5468d83ba517016d525d5,西安经济技术开发区教育体育局西安经开区2026-2027学年中小学生健康体检采购项目中标（成交）结果公告,2026-07-23,陕西省,,中标公告,全国公共资源交易平台（陕西省·西安市）电子交易系统,https://www.ggzy.gov.cn/information/deal/html/a/610000/0202/20260723/0061a69afd5200d5468d83ba517016d525d5.html,后勤服务,其他,后勤服务,教育局统筹,否,否
0011273cd0ff71df44dfba8a329a1cb64f3c,2026年北京市宣武师范学校附属第一小学教师餐费02包（二次）成交公告,2026-07-23,北京,,中标公告,北京市政府采购网,https://www.ggzy.gov.cn/information/deal/html/a/110000/0202/20260723/0011273cd0ff71df44dfba8a329a1cb64f3c.html,其他,其他,,小学,否,否
001116a10d3bc70440b48a65da14123c2db2,北京市第十三中学附属小学校门、连廊、电气线路及卫生间改造工程成交公告,2026-07-23,北京,,中标公告,北京市政府采购网,https://www.ggzy.gov.cn/information/deal/html/a/110000/0202/20260723/001116a10d3bc70440b48a65da14123c2db2.html,校舍维修改造,校舍维修改造,校舍维修改造,小学,否,否
0054bdf2906fce5042418a3868b99c9a51ab,2026年察隅县教育系统秋季学期中小学学生营养餐饮用牛奶采购项目中标（成交）结果公告,2026-07-23,西藏自治区,,中标公告,,https://www.ggzy.gov.cn/information/deal/html/a/540000/0202/20260723/0054bdf2906fce5042418a3868b99c9a51ab.html,后勤服务,其他,后勤服务,教育局统筹,否,否
00510461ec59ace24e75985167ef02d364b8,大竹县第一小学第一小学维修改造项目中标（成交）结果公告,2026-07-23,四川省,,中标公告,,https://www.ggzy.gov.cn/information/deal/html/a/510000/0202/20260723/00510461ec59ace24e75985167ef02d364b8.html,校舍维修改造,校舍维修改造,校舍维修改造,小学,否,否
0043fff4a4382d33476f9d497b81639fae85,邵东市教育局邵东市中小学学校食堂食材采购项目公开招标中标公示,2026-07-23,湖南省,,中标公告,,https://www.ggzy.gov.cn/information/deal/html/a/430000/0202/20260723/0043fff4a4382d33476f9d497b81639fae85.html,食堂设备,食堂设备,食堂设备;后勤服务,教育局统筹,否,否
0044fd1f3b4881f04e90af28233abc69215e,广州市黄埔区香雪小学2026年9月-2027年8月食堂外包服务项目结果公告,2026-07-23,广东省,,中标公告,,https://www.ggzy.gov.cn/information/deal/html/a/440000/0202/20260723/0044fd1f3b4881f04e90af28233abc69215e.html,食堂设备,食堂设备,食堂设备;后勤服务,小学,否,否
0062d1ba294c8e554be9b12b49aeb6828dce,民勤县东关小学等5所学校科学实验室设施设备采购项目,2026-07-23,甘肃省,,中标公告,武威市公共资源交易平台,https://www.ggzy.gov.cn/information/deal/html/a/620000/0202/20260723/0062d1ba294c8e554be9b12b49aeb6828dce.html,实验室设备,实验室设备,实验室设备,小学,否,否
00219f0a21f1ef194d53956079e00dd80adc,庄河市栗子房镇中心小学操场改造项目采购中标结果公示,2026-07-23,辽宁省,,中标公告,大连市公共资源交易平台,https://www.ggzy.gov.cn/information/deal/html/a/210000/0202/20260723/00219f0a21f1ef194d53956079e00dd80adc.html,校舍维修改造,校舍维修改造,校舍维修改造,小学,否,否
004137636440077f4d83af80e9946adf0505,光山县2026年省重点民生实事-中小学火灾自动报警系统安装项目中标公告,2026-07-23,河南省,,中标公告,,https://www.ggzy.gov.cn/information/deal/html/a/410000/0202/20260723/004137636440077f4d83af80e9946adf0505.html,其他,其他,,教育局统筹,否,否
0045d2a714e722ad49e39d91f309027e4811,广西宏腾招标代理有限公司关于北流市永顺第二小学土方平整工程成交公告,2026-07-23,广西壮族自治区,,中标公告,玉林市公共资源交易中心,https://www.ggzy.gov.cn/information/deal/html/a/450000/0202/20260723/0045d2a714e722ad49e39d91f309027e4811.html,其他,其他,,小学,否,否
00428bf71986821847af97494ae23227554e,天门市拖市镇中心学校拖市小学厕所新建和拖市小学学生宿舍楼维修项目中标(成交)结果公告,2026-07-23,湖北省,,中标公告,湖北省政府采购网,https://www.ggzy.gov.cn/information/deal/html/a/420000/0202/20260723/00428bf71986821847af97494ae23227554e.html,校舍维修改造,校舍维修改造,校舍维修改造,小学,否,否
001571fa858884004069997aac3a17224bf5,察哈尔右翼前旗黄旗海小学智慧教育信息化建设中标（成交）结果公告,2026-07-23,内蒙古自治区,,中标公告,,https://www.ggzy.gov.cn/information/deal/html/a/150000/0202/20260723/001571fa858884004069997aac3a17224bf5.html,智慧校园,智慧校园,智慧校园;信息化,小学,是,是
0037e18f8950d9c9421fbd1e42ccadf83e32,青岛市黄岛区教育和体育局嘉陵江东路小学内配所需校园信息化设备项目中标公告,2026-07-23,山东省,,中标公告,青岛市公共资源交易 电子交易系统,https://www.ggzy.gov.cn/information/deal/html/a/370000/0202/20260723/0037e18f8950d9c9421fbd1e42ccadf83e32.html,信息化,信息化,信息化,教育局统筹,是,是
0033e6032c23dafc47a4b4c1b4767d118769,杭州华厦建筑咨询有限公司关于杭州市余杭区良渚杭行路小学2026年8月1日至2028年7月31日食堂服务外包项目中标(成交)结果公告,2026-07-23,浙江省,,中标公告,杭州市公共资源交易网,https://www.ggzy.gov.cn/information/deal/html/a/330000/0202/20260723/0033e6032c23dafc47a4b4c1b4767d118769.html,食堂设备,食堂设备,食堂设备;后勤服务,小学,否,否
0033435fd1fa47e444b086b61eb5f7f9a8ca,浙江金邦工程管理咨询有限公司关于平水镇小学人工智能课堂项目中标(成交)结果公告,2026-07-23,浙江省,,中标公告,绍兴市公共资源交易网,https://www.ggzy.gov.cn/information/deal/html/a/330000/0202/20260723/0033435fd1fa47e444b086b61eb5f7f9a8ca.html,人工智能,人工智能,人工智能;后勤服务,小学,是,是
0033f66c9ffd57004c238cc0d8a141d9dd62,宁波至正项目管理咨询有限公司关于江北区中小学智慧黑板采购项目中标结果公告,2026-07-23,浙江省,,中标公告,宁波市公共资源交易网,https://www.ggzy.gov.cn/information/deal/html/a/330000/0202/20260723/0033f66c9ffd57004c238cc0d8a141d9dd62.html,智慧黑板,智慧黑板,智慧黑板;后勤服务,教育局统筹,是,是
004131cead3744da4508af231ade5a0311cd,唐河县张店镇中心学校（唐河县张店镇中心小学）唐河县张店镇中心小学(南校区)餐厅拆除重建项目-成交公告,2026-07-23,河南省,,中标公告,,https://www.ggzy.gov.cn/information/deal/html/a/410000/0202/20260723/004131cead3744da4508af231ade5a0311cd.html,食堂设备,食堂设备,食堂设备,小学,否,否
0033282fe806f7724a9983de49f91239011b,嘉兴市公共资源交易中心关于嘉兴市双溪湖实验小学信息化装备采购项目中标(成交)结果公告,2026-07-23,浙江省,,中标公告,嘉兴市公共资源交易网,https://www.ggzy.gov.cn/information/deal/html/a/330000/0202/20260723/0033282fe806f7724a9983de49f91239011b.html,信息化,信息化,信息化,小学,是,是
0041c70a623bfe3d4007ba04e866ea044372,渑池县第三小学运动场改建项目-成交公告,2026-07-23,河南省,,中标公告,三门峡市公共资源交易中心,https://www.ggzy.gov.cn/information/deal/html/a/410000/0202/20260723/0041c70a623bfe3d4007ba04e866ea044372.html,校舍维修改造,校舍维修改造,校舍维修改造,小学,否,否
0033a845883bd2a040eab96abf81eb18d5dc,台州市黄岩区政府采购中心关于台州市黄岩区东城街道中心小学校园2026年8月-2029年7月物业服务采购中标(成交)结果公告,2026-07-23,浙江省,,中标公告,台州市公共资源交易网,https://www.ggzy.gov.cn/information/deal/html/a/330000/0202/20260723/0033a845883bd2a040eab96abf81eb18d5dc.html,后勤服务,其他,后勤服务,小学,否,否
0033e7841b2071ec4ff1bb824030ae46a915,浙江鼎力工程项目管理有限公司关于苍南县站前小学塑胶运动场改造工程中标(成交)结果公告,2026-07-23,浙江省,,中标公告,温州市公共资源交易网,https://www.ggzy.gov.cn/information/deal/html/a/330000/0202/20260723/0033e7841b2071ec4ff1bb824030ae46a915.html,校舍维修改造,校舍维修改造,校舍维修改造,小学,否,否
00334bdded1cb062479ab3b06e99c4867272,浙江建科工程项目管理有限公司关于云和县育英小学数字电子控制创新教室建设项目中标(成交)结果公告,2026-07-23,浙江省,,中标公告,丽水市公共资源交易网,https://www.ggzy.gov.cn/information/deal/html/a/330000/0202/20260723/00334bdded1cb062479ab3b06e99c4867272.html,其他,其他,,小学,否,否
0033230fe02629a54933a88361f0e1c0332a,浙江巨合建设项目管理有限公司关于温州市瓯海区实验小学教育集团2026年会议室、功能室、办公室设备采购中标(成交)结果公告,2026-07-23,浙江省,,中标公告,温州市公共资源交易网,https://www.ggzy.gov.cn/information/deal/html/a/330000/0202/20260723/0033230fe02629a54933a88361f0e1c0332a.html,实验室设备,实验室设备,实验室设备,小学,否,否
0043b48718e47d4a4977a564f3bffce450ee,保靖县迁陵小学学生食堂提质升级改造项目中标公示,2026-07-23,湖南省,,中标公告,,https://www.ggzy.gov.cn/information/deal/html/a/430000/0202/20260723/0043b48718e47d4a4977a564f3bffce450ee.html,校舍维修改造,校舍维修改造,校舍维修改造;食堂设备,小学,否,否
0036db2d5c049267443092ffab99ec5b2281,江西恒诚工程咨询有限公司关于赣州市章江路小学物业管理服务（项目编号：JXHCGC2026-GZ-C005）的电子化竞争性磋商成交结果变更公告,2026-07-23,江西省,,中标公告,赣州市公共资源交易中心,https://www.ggzy.gov.cn/information/deal/html/a/360000/0202/20260723/0036db2d5c049267443092ffab99ec5b2281.html,后勤服务,其他,后勤服务,小学,否,否
00361789d9d2c3d945288ceedb15d39230ae,九江透特工程管理有限公司关于九江市濂溪区第一小学空调采购项目（项目编号：JJTT2026-JJ-X001）成交公示,2026-07-23,江西省,,中标公告,九江市公共资源交易中心,https://www.ggzy.gov.cn/information/deal/html/a/360000/0202/20260723/00361789d9d2c3d945288ceedb15d39230ae.html,工程配套,其他,工程配套,小学,否,否
00360afb6f7bd6af48d084d2a878773c881a,九鼎赣饶国际项目管理有限公司关于江西省崇义县教育局采购中小学科创教室项目（项目编号：JDGR2026-CY-X001）成交结果公告,2026-07-23,江西省,,中标公告,赣州市公共资源交易中心,https://www.ggzy.gov.cn/information/deal/html/a/360000/0202/20260723/00360afb6f7bd6af48d084d2a878773c881a.html,其他,其他,,教育局统筹,否,否
00218a5a7642a8174042a188c8373d0b6c5b,东北育才学校双语校区小学部教学楼及行政楼外墙面及屋面防水改造工程结果公告,2026-07-23,辽宁省,,中标公告,辽宁政府采购网,https://www.ggzy.gov.cn/information/deal/html/a/210000/0202/20260723/00218a5a7642a8174042a188c8373d0b6c5b.html,校舍维修改造,校舍维修改造,校舍维修改造,小学,否,否
00319d1f4165aa7a49088add35fa6ce50f6d,2026年浦东新区新开办学校教学仪器设备（上海市浦东新区福山外国语小学）的中标（成交）结果公告,2026-07-22,上海市,,中标公告,上海政府采购网,https://www.ggzy.gov.cn/information/deal/html/a/310000/0202/20260722/00319d1f4165aa7a49088add35fa6ce50f6d.html,教学仪器,教学仪器,教学仪器,小学,否,否
003156bedc7c80be4c02af78097e4249f20e,2026年浦东新区新开办学校教学仪器设备（上海市浦东新区观澜小学）的中标（成交）结果公告,2026-07-22,上海市,,中标公告,上海政府采购网,https://www.ggzy.gov.cn/information/deal/html/a/310000/0202/20260722/003156bedc7c80be4c02af78097e4249f20e.html,教学仪器,教学仪器,教学仪器,小学,否,否
0065eb2edd82f1334b0d98e9a0735c2a9c20,库车市阿拉哈格镇中心小学后勤餐饮服务项目中标(成交)结果公告,2026-07-22,新疆维吾尔自治区,,中标公告,新疆维吾尔自治区公共资源交易平台,https://www.ggzy.gov.cn/information/deal/html/a/650000/0202/20260722/0065eb2edd82f1334b0d98e9a0735c2a9c20.html,后勤服务,其他,后勤服务,小学,否,否
0065272ee158f9214684a64658332e4b36d9,尉犁县2026年义务教育薄弱环节改善与能力提升及学前教育发展项目—县第八小学教育集团功能室、实验室教学仪器设备采购中标(成交)结果公告,2026-07-22,新疆维吾尔自治区,,中标公告,新疆维吾尔自治区公共资源交易平台,https://www.ggzy.gov.cn/information/deal/html/a/650000/0202/20260722/0065272ee158f9214684a64658332e4b36d9.html,实验室设备,实验室设备,实验室设备;教学仪器,小学,否,否
0037a6da490995da42d699850efa6fbd54c9,2026年济南高新区免费校服项目 三次招标中小学运动服中标结果公告,2026-07-22,山东省,,中标公告,,https://www.ggzy.gov.cn/information/deal/html/a/370000/0202/20260722/0037a6da490995da42d699850efa6fbd54c9.html,校服,校服,校服,教育局统筹,否,否
0065603712fd46474f308d9dee125387ca7b,莎车县中小学基础设施提升改造（中小学教育设施设备购置）项目（五次）中标(成交)结果公告,2026-07-22,新疆维吾尔自治区,,中标公告,新疆维吾尔自治区公共资源交易平台,https://www.ggzy.gov.cn/information/deal/html/a/650000/0202/20260722/0065603712fd46474f308d9dee125387ca7b.html,校舍维修改造,校舍维修改造,校舍维修改造,教育局统筹,否,否
0022dee4802ba251432cb75e736b07f0b8f0,农安师范附属小学校舍供暖、电路附属设施改造项目中标(成交)结果公告,2026-07-22,吉林省,,中标公告,长春市公共资源交易中心(新),https://www.ggzy.gov.cn/information/deal/html/a/220000/0202/20260722/0022dee4802ba251432cb75e736b07f0b8f0.html,校舍维修改造,校舍维修改造,校舍维修改造,小学,否,否
005272b3bdd1181a40509821f8fd87a13eb1,2026年贵阳贵安中小学生体艺活动项目中标结果公告,2026-07-22,贵州省,,中标公告,贵阳市公共资源交易中心,https://www.ggzy.gov.cn/information/deal/html/a/520000/0202/20260722/005272b3bdd1181a40509821f8fd87a13eb1.html,其他,其他,,教育局统筹,否,否
006240ad4408288740538630fd849ff0d2ca,天水市麦积区桥南小学学生课桌椅询价采购项目中标公示,2026-07-22,甘肃省,,中标公告,天水市公共资源交易平台,https://www.ggzy.gov.cn/information/deal/html/a/620000/0202/20260722/006240ad4408288740538630fd849ff0d2ca.html,课桌椅,课桌椅,课桌椅,小学,否,否
0035fc04afe48f6944eba6b633c92434f288,新民中心小学修缮工程结果公告（采购包1）,2026-07-22,福建省,,中标公告,厦门市公共资源交易中心,https://www.ggzy.gov.cn/information/deal/html/a/350000/0202/20260722/0035fc04afe48f6944eba6b633c92434f288.html,校舍维修改造,校舍维修改造,校舍维修改造,小学,否,否
00449f7133b20245406ea9fb44fcd22c5801,横琴粵澳深度合作区朗琴小学学生课桌椅采购项目中标结果公告,2026-07-22,广东省,,中标公告,,https://www.ggzy.gov.cn/information/deal/html/a/440000/0202/20260722/00449f7133b20245406ea9fb44fcd22c5801.html,课桌椅,课桌椅,课桌椅,小学,否,否
00341cfa0129377f41a6938540826bbe2007,宿松县实验小学维修改造项目成交结果公告,2026-07-22,安徽省,,中标公告,安庆市公共资源交易平台电子交易系统,https://www.ggzy.gov.cn/information/deal/html/a/340000/0202/20260722/00341cfa0129377f41a6938540826bbe2007.html,校舍维修改造,校舍维修改造,校舍维修改造,小学,否,否
0013597c6d965f00401ab5a101ec81d67f29,宁晋县大陆村镇张家庄小学维修提升项目竞争性磋商成交公告,2026-07-22,河北省,,中标公告,邢台市公共资源交易中心,https://www.ggzy.gov.cn/information/deal/html/a/130000/0202/20260722/0013597c6d965f00401ab5a101ec81d67f29.html,校舍维修改造,校舍维修改造,校舍维修改造,小学,否,否
004231b401c5e2fd4fcbabfed75cd12f6d09,武汉市黄陂区金潭小学第三方教育服务中标结果公告,2026-07-22,湖北省,,中标公告,湖北省政府采购网,https://www.ggzy.gov.cn/information/deal/html/a/420000/0202/20260722/004231b401c5e2fd4fcbabfed75cd12f6d09.html,其他,其他,,小学,否,否
005124c618c107c345ff8ad78dddca6f8865,巴中市中坝小学2026年秋-2028年春食堂服务项目中标（成交）结果公告,2026-07-22,四川省,,中标公告,,https://www.ggzy.gov.cn/information/deal/html/a/510000/0202/20260722/005124c618c107c345ff8ad78dddca6f8865.html,食堂设备,食堂设备,食堂设备,小学,否,否
0044d2995dc140d94594bde65eac82a3183c,顺德区大良街道李介甫小学教学楼加固工程结果公告,2026-07-22,广东省,,中标公告,,https://www.ggzy.gov.cn/information/deal/html/a/440000/0202/20260722/0044d2995dc140d94594bde65eac82a3183c.html,其他,其他,,小学,否,否
0013bd40af2ba49847428d9a3926f8a0d805,Z1310222600162001固安县农村义务教育小学生营养改善计划项目结果公告,2026-07-22,河北省,,中标公告,廊坊市公共资源交易中心,https://www.ggzy.gov.cn/information/deal/html/a/130000/0202/20260722/0013bd40af2ba49847428d9a3926f8a0d805.html,其他,其他,,小学,否,否
00513b33ef9099624d038b51a00f752cd0ef,成都市新都区香城小学校（泥巴沱校区、五龙山校区）物业管理服务采购项目中标（成交）结果公告,2026-07-22,四川省,,中标公告,,https://www.ggzy.gov.cn/information/deal/html/a/510000/0202/20260722/00513b33ef9099624d038b51a00f752cd0ef.html,后勤服务,其他,后勤服务,小学,否,否
00117fb439afc89d46eba631512a36ebb6d8,2025年密云区巨各庄镇中心小学食堂修缮改造工程成交公告,2026-07-22,北京,,中标公告,北京市政府采购网,https://www.ggzy.gov.cn/information/deal/html/a/110000/0202/20260722/00117fb439afc89d46eba631512a36ebb6d8.html,校舍维修改造,校舍维修改造,校舍维修改造;食堂设备,小学,否,否
00442cc6a0e13bd84182a74e01eb84f6d848,东莞市南城阳光第三小学2026年校园学生餐集中供餐服务项目结果公告,2026-07-22,广东省,,中标公告,,https://www.ggzy.gov.cn/information/deal/html/a/440000/0202/20260722/00442cc6a0e13bd84182a74e01eb84f6d848.html,其他,其他,,小学,否,否
005157db996cfb094a74b32d4201f38c2aef,崇州市司法局仁里小学法治教育改革行动点位建设中标（成交）结果公告,2026-07-22,四川省,,中标公告,,https://www.ggzy.gov.cn/information/deal/html/a/510000/0202/20260722/005157db996cfb094a74b32d4201f38c2aef.html,其他,其他,,小学,否,否
001268fb8b7206d54032a90f659c6b21afe0,天津师范大学第二附属小学 天津师范大学第二附属小学2026-2027年保安服务项目 (项目编号:TJHX-2026-D-0083)中标公告,2026-07-22,天津市,,中标公告,天津市公共资源交易平台交易系统,https://www.ggzy.gov.cn/information/deal/html/a/120000/0202/20260722/001268fb8b7206d54032a90f659c6b21afe0.html,后勤服务,其他,后勤服务,小学,否,否
001515846f33acaf4d35a2e1ccb704d1a4ea,阿鲁科尔沁旗天山实验小学生活用房-食堂建设项目中标（成交）结果公告,2026-07-22,内蒙古自治区,,中标公告,,https://www.ggzy.gov.cn/information/deal/html/a/150000/0202/20260722/001515846f33acaf4d35a2e1ccb704d1a4ea.html,食堂设备,食堂设备,食堂设备,小学,否,否
0052c2f75f9a01eb49b8a2b3f177ca6731e7,2026年花溪区华阳小学运动场维修改造中标结果公告,2026-07-22,贵州省,,中标公告,贵阳市公共资源交易中心,https://www.ggzy.gov.cn/information/deal/html/a/520000/0202/20260722/0052c2f75f9a01eb49b8a2b3f177ca6731e7.html,校舍维修改造,校舍维修改造,校舍维修改造,小学,否,否
00139a5f4e0faa5f4929a3077115c76b62c0,Z1307052600672301张家口市宣化区相国庙街小学新建大门、围墙、水房及院面硬化等项目结果公告,2026-07-22,河北省,,中标公告,张家口公共资源交易综合信息平台,https://www.ggzy.gov.cn/information/deal/html/a/130000/0202/20260722/00139a5f4e0faa5f4929a3077115c76b62c0.html,校舍维修改造,校舍维修改造,校舍维修改造,小学,否,否
0034eba6233fdb394b95a28c4fc87b4f6cc1,高安中心小学进校道路建设项目成交结果公告,2026-07-22,安徽省,,中标公告,芜湖市公共资源交易平台电子交易系统,https://www.ggzy.gov.cn/information/deal/html/a/340000/0202/20260722/0034eba6233fdb394b95a28c4fc87b4f6cc1.html,其他,其他,,小学,否,否
003597ec5036b37c4e979812d83a85b7e179,晋江市第二实验小学各校区2026年学生课桌椅、办公家具等采购项目结果公告（采购包1）,2026-07-22,福建省,,中标公告,泉州市公共资源交易中心,https://www.ggzy.gov.cn/information/deal/html/a/350000/0202/20260722/003597ec5036b37c4e979812d83a85b7e179.html,课桌椅,课桌椅,课桌椅,小学,否,否
0042b5a73de357104e16b13dc94a7bb59b1a,宜昌市西陵区铁路坝小学微厨转自营食堂改造项目中标（成交）结果公告,2026-07-22,湖北省,,中标公告,湖北省政府采购网,https://www.ggzy.gov.cn/information/deal/html/a/420000/0202/20260722/0042b5a73de357104e16b13dc94a7bb59b1a.html,校舍维修改造,校舍维修改造,校舍维修改造;食堂设备,小学,否,否
0042edee2f80068a482981f0006a174e8725,陈策楼镇聚星小学围墙改造项目中标结果公告,2026-07-22,湖北省,,中标公告,湖北省政府采购网,https://www.ggzy.gov.cn/information/deal/html/a/420000/0202/20260722/0042edee2f80068a482981f0006a174e8725.html,校舍维修改造,校舍维修改造,校舍维修改造,小学,否,否
0052a0712f6b71eb4331aa3a13941d08f640,习水县第二小学2026年学生食堂改造工程中标结果公告,2026-07-22,贵州省,,中标公告,遵义市公共资源交易中心,https://www.ggzy.gov.cn/information/deal/html/a/520000/0202/20260722/0052a0712f6b71eb4331aa3a13941d08f640.html,校舍维修改造,校舍维修改造,校舍维修改造;食堂设备,小学,否,否
006567a48f32fe7540a697608e2c3a95d8a6,乌鲁木齐市第十九小学校实验室采购设备项目中标(成交)结果公告,2026-07-22,新疆维吾尔自治区,,中标公告,新疆维吾尔自治区公共资源交易平台,https://www.ggzy.gov.cn/information/deal/html/a/650000/0202/20260722/006567a48f32fe7540a697608e2c3a95d8a6.html,实验室设备,实验室设备,实验室设备,小学,否,否
0037c40c1321b2264a0a8ca2161de321e54f,济南市天桥区高王小学校园场地改造工程 二次招标济南市天桥区高王小学校园场地改造工程中标结果公告,2026-07-22,山东省,,中标公告,,https://www.ggzy.gov.cn/information/deal/html/a/370000/0202/20260722/0037c40c1321b2264a0a8ca2161de321e54f.html,校舍维修改造,校舍维修改造,校舍维修改造,小学,否,否
0022ac8f8b5513ed465e82241929c7d47847,乐山中心小学2026操场改造项目中标(成交)结果公告,2026-07-22,吉林省,,中标公告,长春市公共资源交易中心(新),https://www.ggzy.gov.cn/information/deal/html/a/220000/0202/20260722/0022ac8f8b5513ed465e82241929c7d47847.html,校舍维修改造,校舍维修改造,校舍维修改造,小学,否,否
00155229c392cbd04be5b7abc74e01b767d4,科尔沁右翼中旗教育局2026年中小学急需维修中标（成交）结果公告,2026-07-22,内蒙古自治区,,中标公告,,https://www.ggzy.gov.cn/information/deal/html/a/150000/0202/20260722/00155229c392cbd04be5b7abc74e01b767d4.html,校舍维修改造,校舍维修改造,校舍维修改造,教育局统筹,否,否
0045efa213b0eb6e49c8957684aa7caeaa12,广西真诚工程咨询管理有限公司关于钦州市钦南区大番坡镇茂盛小学运动场成交结果公告,2026-07-22,广西壮族自治区,,中标公告,广西壮族自治区公共资源电子交易系统,https://www.ggzy.gov.cn/information/deal/html/a/450000/0202/20260722/0045efa213b0eb6e49c8957684aa7caeaa12.html,校舍维修改造,校舍维修改造,校舍维修改造;后勤服务,小学,否,否
0035171b10aa683a4664be7eb9ba39cb0139,南靖县金山中心小学操场、运动场改造项目结果公告（采购包1、2）,2026-07-22,福建省,,中标公告,漳州市公共资源交易中心,https://www.ggzy.gov.cn/information/deal/html/a/350000/0202/20260722/0035171b10aa683a4664be7eb9ba39cb0139.html,校舍维修改造,校舍维修改造,校舍维修改造,小学,否,否
00425fac3ea1f1d64f05931b7df2973f4f5f,广水市应山办事处第一完全小学教学楼维修改造工程成交结果公告,2026-07-22,湖北省,,中标公告,湖北省政府采购网,https://www.ggzy.gov.cn/information/deal/html/a/420000/0202/20260722/00425fac3ea1f1d64f05931b7df2973f4f5f.html,校舍维修改造,校舍维修改造,校舍维修改造,小学,否,否
00115b27f6c98a544c47b9e2a00428fbf7dc,北京市西城区华嘉小学校园提升工程成交公告,2026-07-22,北京,,中标公告,北京市政府采购网,https://www.ggzy.gov.cn/information/deal/html/a/110000/0202/20260722/00115b27f6c98a544c47b9e2a00428fbf7dc.html,其他,其他,,小学,否,否
0037b1f29c5efccc4388b955db037da3e948,五莲县潮河镇中心小学楼房加固项目成交公示,2026-07-22,山东省,,中标公告,日照市公共资源电子交易平台,https://www.ggzy.gov.cn/information/deal/html/a/370000/0202/20260722/0037b1f29c5efccc4388b955db037da3e948.html,其他,其他,,小学,否,否
00133413d37f476c4be3b39e43ee895d30a7,Z1302002604472301珑湖丽宫配建小学提升工程结果公告,2026-07-22,河北省,,中标公告,,https://www.ggzy.gov.cn/information/deal/html/a/130000/0202/20260722/00133413d37f476c4be3b39e43ee895d30a7.html,其他,其他,,小学,否,否
0022fc0035423a9743a4bed4613d0776c06a,农安县新安小学活动室改造项目成交结果公告,2026-07-22,吉林省,,中标公告,长春市公共资源交易中心(新),https://www.ggzy.gov.cn/information/deal/html/a/220000/0202/20260722/0022fc0035423a9743a4bed4613d0776c06a.html,校舍维修改造,校舍维修改造,校舍维修改造,小学,否,否
0042a14ad597b5654097987d918aafddffe9,黄冈中学附属小学教师办公电脑及多媒体教室设备采购项目中标结果公告,2026-07-22,湖北省,,中标公告,湖北省政府采购网,https://www.ggzy.gov.cn/information/deal/html/a/420000/0202/20260722/0042a14ad597b5654097987d918aafddffe9.html,信息化设备,信息化设备,信息化设备,小学,是,是
0042f1e1eb60d2a34395a7d2e7c8fe449152,宣恩县第二民族实验小学食堂餐梯采购中标（成交)公告,2026-07-22,湖北省,,中标公告,湖北省政府采购网,https://www.ggzy.gov.cn/information/deal/html/a/420000/0202/20260722/0042f1e1eb60d2a34395a7d2e7c8fe449152.html,食堂设备,食堂设备,食堂设备,小学,否,否
00229c21ac8511e34582a0a595bd509038e1,汪清县第一实验小学体育运动场地维修改造项目成交结果公告,2026-07-22,吉林省,,中标公告,延边朝鲜族自治州政府采购中心(新),https://www.ggzy.gov.cn/information/deal/html/a/220000/0202/20260722/00229c21ac8511e34582a0a595bd509038e1.html,校舍维修改造,校舍维修改造,校舍维修改造,小学,否,否
0013e24beb65a34c4a10b616bb073e850d11,Z1307092600222301张家口市崇礼区西湾子小学看台防水及操场提升项目结果公告,2026-07-22,河北省,,中标公告,张家口公共资源交易综合信息平台,https://www.ggzy.gov.cn/information/deal/html/a/130000/0202/20260722/0013e24beb65a34c4a10b616bb073e850d11.html,校舍维修改造,校舍维修改造,校舍维修改造,小学,否,否
00517845d8a82ec64a37b1a4649c418033ed,成都市茶店子小学校2026年茶店子小学教学楼、操场综合排危改造政府采购项目中标（成交）结果公告,2026-07-22,四川省,,中标公告,,https://www.ggzy.gov.cn/information/deal/html/a/510000/0202/20260722/00517845d8a82ec64a37b1a4649c418033ed.html,校舍维修改造,校舍维修改造,校舍维修改造,小学,否,否
0013e1a35ea95c1e4f96a4dfb364940c83ab,石家庄市中华南大街小学校园维修项目竞争性磋商成交公告,2026-07-22,河北省,,中标公告,石家庄公共资源交易网,https://www.ggzy.gov.cn/information/deal/html/a/130000/0202/20260722/0013e1a35ea95c1e4f96a4dfb364940c83ab.html,校舍维修改造,校舍维修改造,校舍维修改造,小学,否,否
003239e133539ad34e93834b5a17ded2e1cd,【铜】徐州市铜山区教育局中小学考试机房计算机项目公开招标中标公告采购包2,2026-07-22,江苏省,,中标公告,,https://www.ggzy.gov.cn/information/deal/html/a/320000/0202/20260722/003239e133539ad34e93834b5a17ded2e1cd.html,信息化设备,信息化设备,信息化设备,教育局统筹,是,是
003223eb7740151442e3b16e090c05ee4cab,【铜】徐州市铜山区教育局中小学考试机房计算机项目公开招标中标公告采购包1,2026-07-22,江苏省,,中标公告,,https://www.ggzy.gov.cn/information/deal/html/a/320000/0202/20260722/003223eb7740151442e3b16e090c05ee4cab.html,信息化设备,信息化设备,信息化设备,教育局统筹,是,是
005021d67a7a669440a28e7164de6287716f,秀山县2026年中小学学生用床采购(XSX26A00401)中标（成交）结果公告,2026-07-22,重庆市,,中标公告,重庆市公共资源交易服务平台,https://www.ggzy.gov.cn/information/deal/html/a/500000/0202/20260722/005021d67a7a669440a28e7164de6287716f.html,其他,其他,,教育局统筹,否,否
0033c90d866344574206a50b6ae5247b2747,浙江金穗工程项目管理有限公司关于2026年南浦小学午休课桌椅采购项目中标(成交)结果公告,2026-07-22,浙江省,,中标公告,温州市公共资源交易网,https://www.ggzy.gov.cn/information/deal/html/a/330000/0202/20260722/0033c90d866344574206a50b6ae5247b2747.html,课桌椅,课桌椅,课桌椅,小学,否,否
003345176503fff74d508635d71a95393789,杭州市建设工程管理集团有限公司关于2026年9月-2028年7月杭州市余杭区良渚第一小学食堂服务外包项目采购中标(成交)结果公告,2026-07-22,浙江省,,中标公告,杭州市公共资源交易网,https://www.ggzy.gov.cn/information/deal/html/a/330000/0202/20260722/003345176503fff74d508635d71a95393789.html,食堂设备,食堂设备,食堂设备;后勤服务,小学,否,否
005192fc689963404a6fa8d8e2dd72f87264,成都市盐道街小学2026年教职工体检采购项目中标（成交）结果公告,2026-07-22,四川省,,中标公告,,https://www.ggzy.gov.cn/information/deal/html/a/510000/0202/20260722/005192fc689963404a6fa8d8e2dd72f87264.html,后勤服务,其他,后勤服务,小学,否,否
0033566f178d984d43d487779595216ebea4,杭州华厦建筑咨询有限公司关于黄湖小学2026年8月1日-2027年7月31日食堂服务外包项目中标(成交)结果公告,2026-07-22,浙江省,,中标公告,杭州市公共资源交易网,https://www.ggzy.gov.cn/information/deal/html/a/330000/0202/20260722/0033566f178d984d43d487779595216ebea4.html,食堂设备,食堂设备,食堂设备;后勤服务,小学,否,否
00510fba9e92d37d4e11addf2da5fab0c13f,西昌市月华乡中心小学西昌市礼州镇安宁、宁乐小学合并迁建项目的监理服务项目中标（成交）结果公告,2026-07-22,四川省,,中标公告,,https://www.ggzy.gov.cn/information/deal/html/a/510000/0202/20260722/00510fba9e92d37d4e11addf2da5fab0c13f.html,后勤服务,其他,后勤服务,小学,否,否
00339bceaf1e5967438cac3ed409cb03c742,关于武义县东皋小学操场改造工程中标(成交)结果公告,2026-07-22,浙江省,,中标公告,金华市公共资源交易网,https://www.ggzy.gov.cn/information/deal/html/a/330000/0202/20260722/00339bceaf1e5967438cac3ed409cb03c742.html,校舍维修改造,校舍维修改造,校舍维修改造,小学,否,否
0043eec325af9aa34f6d8506ea68daeb8d81,南县第六完全小学田径运动场修缮工程成交公告,2026-07-22,湖南省,,中标公告,,https://www.ggzy.gov.cn/information/deal/html/a/430000/0202/20260722/0043eec325af9aa34f6d8506ea68daeb8d81.html,校舍维修改造,校舍维修改造,校舍维修改造,小学,否,否
0051641f3b30254e459e9ef4d17b8ded56ce,成都市双林小学2026年教职工体检服务(二次)中标（成交）结果公告,2026-07-22,四川省,,中标公告,,https://www.ggzy.gov.cn/information/deal/html/a/510000/0202/20260722/0051641f3b30254e459e9ef4d17b8ded56ce.html,后勤服务,其他,后勤服务,小学,否,否
0043554e63609e474a2083d9df9fcc0ef323,长沙市市场监督管理局长沙市2026年第二批重点工业产品质量监督抽查项目-中小学生校服及棉胎结果公告,2026-07-22,湖南省,,中标公告,,https://www.ggzy.gov.cn/information/deal/html/a/430000/0202/20260722/0043554e63609e474a2083d9df9fcc0ef323.html,校服,校服,校服,教育局统筹,否,否
00503c0db4c7ba7746f4827c23917706af01,神女湖小学运动场改造工程(YCQ26B00040)中标（成交）结果公告,2026-07-22,重庆市,,中标公告,重庆市公共资源交易服务平台,https://www.ggzy.gov.cn/information/deal/html/a/500000/0202/20260722/00503c0db4c7ba7746f4827c23917706af01.html,校舍维修改造,校舍维修改造,校舍维修改造,小学,否,否
003147ad8623a1974ad5a07b35060327cd0c,昆港小学运动场地修缮工程（2026年）的中标（成交）结果公告,2026-07-22,上海市,,中标公告,上海政府采购网,https://www.ggzy.gov.cn/information/deal/html/a/310000/0202/20260722/003147ad8623a1974ad5a07b35060327cd0c.html,校舍维修改造,校舍维修改造,校舍维修改造,小学,否,否
00448b2551b422734952a2896da0c4cf2e8a,东莞市松山湖第一小学增加信息化配套设备采购项目（二期）结果公告,2026-07-22,广东省,,中标公告,,https://www.ggzy.gov.cn/information/deal/html/a/440000/0202/20260722/00448b2551b422734952a2896da0c4cf2e8a.html,信息化,信息化,信息化,小学,是,是
00148ec9fa28160945549827fca01ce959ed,汾阳市北关小学2026年物业管理服务采购结果公告,2026-07-22,山西省,,中标公告,,https://www.ggzy.gov.cn/information/deal/html/a/140000/0202/20260722/00148ec9fa28160945549827fca01ce959ed.html,后勤服务,其他,后勤服务,小学,否,否
004185541ab0cbd949bcb497d40e4bf9d8c9,ZFCG-G2026049号许昌市东城区教育局“许昌市东城区教育局东城区中小学安保服务项目”-中标公告,2026-07-22,河南省,,中标公告,许昌市公共资源交易中心,https://www.ggzy.gov.cn/information/deal/html/a/410000/0202/20260722/004185541ab0cbd949bcb497d40e4bf9d8c9.html,校园安防,校园安防,校园安防,教育局统筹,否,否
0033e29370be59da4b85bd1242f773ffd8cc,天台县公共资源交易中心关于2026年天台县始丰小学躺睡桌椅采购项目中标(成交)结果公告,2026-07-22,浙江省,,中标公告,台州市公共资源交易网,https://www.ggzy.gov.cn/information/deal/html/a/330000/0202/20260722/0033e29370be59da4b85bd1242f773ffd8cc.html,课桌椅,课桌椅,课桌椅,小学,否,否
0013187ee24d92684d59a7206d933926b95c,宋家庄完全小学操场提升改造工程成交公告,2026-07-22,河北省,,中标公告,邢台市公共资源交易中心,https://www.ggzy.gov.cn/information/deal/html/a/130000/0202/20260722/0013187ee24d92684d59a7206d933926b95c.html,校舍维修改造,校舍维修改造,校舍维修改造,小学,否,否
002251082ef40e6c48d8aa5bc1fe0812050f,2026年柳河县柳河镇胜利小学宿舍学生用品采购项目中标(成交)结果公告,2026-07-22,吉林省,,中标公告,通化市电子招投标交易平台(新),https://www.ggzy.gov.cn/information/deal/html/a/220000/0202/20260722/002251082ef40e6c48d8aa5bc1fe0812050f.html,其他,其他,,小学,否,否
001500e2d81a7b1b4ca7a216cc786f685371,突泉县教育局突泉县杜尔基镇中心小学校园维修工程项目(二次)中标（成交）结果公告,2026-07-22,内蒙古自治区,,中标公告,,https://www.ggzy.gov.cn/information/deal/html/a/150000/0202/20260722/001500e2d81a7b1b4ca7a216cc786f685371.html,校舍维修改造,校舍维修改造,校舍维修改造,教育局统筹,否,否
00117d0a40c15752492ebd98d585632f6461,北京市密云区第二小学食堂提升炊事机械设备更新补充项目中标公告,2026-07-22,北京,,中标公告,北京市政府采购网,https://www.ggzy.gov.cn/information/deal/html/a/110000/0202/20260722/00117d0a40c15752492ebd98d585632f6461.html,食堂设备,食堂设备,食堂设备,小学,否,否
00334e1af4d58b384d6abf49668f77881575,温州浩奇工程造价咨询有限公司关于苍南县望里镇第一小学塑胶运动场改造工程中标(成交)结果公告,2026-07-22,浙江省,,中标公告,温州市公共资源交易网,https://www.ggzy.gov.cn/information/deal/html/a/330000/0202/20260722/00334e1af4d58b384d6abf49668f77881575.html,校舍维修改造,校舍维修改造,校舍维修改造;后勤服务,小学,否,否
00150f0df0c074424c0cbc026bb5bea2fa72,敖汉旗木头营子中心小学木头营子中心小学教学楼和餐厅窗户及门更换、教室和办公室门更换项目中标（成交）结果公告,2026-07-22,内蒙古自治区,,中标公告,,https://www.ggzy.gov.cn/information/deal/html/a/150000/0202/20260722/00150f0df0c074424c0cbc026bb5bea2fa72.html,食堂设备,食堂设备,食堂设备,小学,否,否
004290653debbb364e08ac75b585d10a71dd,天门市岳口镇中心学校岳口小学运动场维修中标(成交)结果公告,2026-07-22,湖北省,,中标公告,湖北省政府采购网,https://www.ggzy.gov.cn/information/deal/html/a/420000/0202/20260722/004290653debbb364e08ac75b585d10a71dd.html,校舍维修改造,校舍维修改造,校舍维修改造,小学,否,否
002276a83da5b76743868dacfa3ab2da2900,德惠市第六小学改造工程中标(成交)结果公告,2026-07-22,吉林省,,中标公告,长春市公共资源交易中心(新),https://www.ggzy.gov.cn/information/deal/html/a/220000/0202/20260722/002276a83da5b76743868dacfa3ab2da2900.html,校舍维修改造,校舍维修改造,校舍维修改造,小学,否,否
0061b30b9c3a85bf499794870957593d2949,吴堡县第二完全小学1号、2号楼供暖设施更新改造工程采购结果公告,2026-07-22,陕西省,,中标公告,全国公共资源交易平台（陕西省）,https://www.ggzy.gov.cn/information/deal/html/a/610000/0202/20260722/0061b30b9c3a85bf499794870957593d2949.html,校舍维修改造,校舍维修改造,校舍维修改造,小学,否,否
00331257fe16c2764cb0a2244d6291c0f289,浙江鼎泰工程管理有限公司关于永康市象珠镇派溪小学改建工程项目厨房设备采购项目中标(成交)结果公告,2026-07-22,浙江省,,中标公告,金华市公共资源交易网,https://www.ggzy.gov.cn/information/deal/html/a/330000/0202/20260722/00331257fe16c2764cb0a2244d6291c0f289.html,食堂设备,食堂设备,食堂设备,小学,否,否
00333786d3224dc04330bb7b61d43749b9f6,玉环市公共资源交易中心关于玉环市清港下湫小学迁建工程-教学课桌椅采购项目中标(成交)结果公告,2026-07-22,浙江省,,中标公告,台州市公共资源交易网,https://www.ggzy.gov.cn/information/deal/html/a/330000/0202/20260722/00333786d3224dc04330bb7b61d43749b9f6.html,课桌椅,课桌椅,课桌椅,小学,否,否
0061d706710ad181472489e4219eb6a5e979,汉滨区高井小学变压器安装工程(二次)采购结果公告,2026-07-22,陕西省,,中标公告,全国公共资源交易平台（陕西省·安康市）电子交易系统,https://www.ggzy.gov.cn/information/deal/html/a/610000/0202/20260722/0061d706710ad181472489e4219eb6a5e979.html,其他,其他,,小学,否,否
00334650d6c7ef984e48a62380237d44551e,中纬工程管理咨询有限公司关于苍南县金乡镇第三小学塑胶运动场修缮改造工程中标(成交)结果公告,2026-07-22,浙江省,,中标公告,温州市公共资源交易网,https://www.ggzy.gov.cn/information/deal/html/a/330000/0202/20260722/00334650d6c7ef984e48a62380237d44551e.html,校舍维修改造,校舍维修改造,校舍维修改造;后勤服务,小学,否,否
0033540771e98b4e4f1a8541d270c73d082d,金华市政府采购中心关于金华市志和小学计算机教室采购项目中标(成交)结果公告,2026-07-22,浙江省,,中标公告,金华市公共资源交易网,https://www.ggzy.gov.cn/information/deal/html/a/330000/0202/20260722/0033540771e98b4e4f1a8541d270c73d082d.html,信息化设备,信息化设备,信息化设备,小学,是,是
003360491200d94d4597a8daf3dd2f2dd826,江山市中诚采购代理有限责任公司关于江山市峡口小学食堂劳务外包采购项目中标结果公告,2026-07-22,浙江省,,中标公告,衢州市公共资源交易网,https://www.ggzy.gov.cn/information/deal/html/a/330000/0202/20260722/003360491200d94d4597a8daf3dd2f2dd826.html,食堂设备,食堂设备,食堂设备;后勤服务,小学,否,否
0033362682f5f8bd4c97bfecabde9bd3386f,杭州华旗招标代理有限公司关于苍南县第一实验小学教学用桌椅采购中标(成交)结果公告,2026-07-22,浙江省,,中标公告,温州市公共资源交易网,https://www.ggzy.gov.cn/information/deal/html/a/330000/0202/20260722/0033362682f5f8bd4c97bfecabde9bd3386f.html,课桌椅,课桌椅,课桌椅,小学,否,否
0033fefb444a6b184ae0bb1452cf9ec26a6f,江山惠捷信息技术咨询有限公司关于江山市石门小学食堂劳务服务外包采购项目中标(成交)结果公告,2026-07-22,浙江省,,中标公告,衢州市公共资源交易网,https://www.ggzy.gov.cn/information/deal/html/a/330000/0202/20260722/0033fefb444a6b184ae0bb1452cf9ec26a6f.html,食堂设备,食堂设备,食堂设备;后勤服务,小学,否,否
0037f4e5c331a4554c1ca221ddd55c61ab9e,烟台市蓬莱区第二实验小学烟台市蓬莱区第二实验小学食堂主席台改造项目成交结果公告,2026-07-22,山东省,,中标公告,烟台市公共资源交易系统,https://www.ggzy.gov.cn/information/deal/html/a/370000/0202/20260722/0037f4e5c331a4554c1ca221ddd55c61ab9e.html,校舍维修改造,校舍维修改造,校舍维修改造;食堂设备,小学,否,否
0037c099565fa28442f7b28fa712aa220886,临沂杏园小学（天泰学部）教室装饰项目,2026-07-22,山东省,,中标公告,临沂市公共资源电子交易系统,https://www.ggzy.gov.cn/information/deal/html/a/370000/0202/20260722/0037c099565fa28442f7b28fa712aa220886.html,其他,其他,,小学,否,否
0036e1076a7af98641638b1ff0e8dc58fdfc,江西日成工程项目管理有限公司关于信丰县大阿镇中心小学对信丰县大阿镇中心小学及禾秋小学运动场提升改造工程（项目编号：JXRC2026-XF-C008）竞争性磋商的成交结果公告,2026-07-22,江西省,,中标公告,赣州市公共资源交易中心,https://www.ggzy.gov.cn/information/deal/html/a/360000/0202/20260722/0036e1076a7af98641638b1ff0e8dc58fdfc.html,校舍维修改造,校舍维修改造,校舍维修改造,小学,否,否
0036d87a79ca4b2043eb8d0fbe94ae50980e,江西东诚招标咨询有限公司关于临川区罗湖镇中心小学新建综合楼装备信息化建设设备采购项目（招标编号：JXDC2026-G04）公开招标采购结果公示,2026-07-22,江西省,,中标公告,抚州市公共资源交易中心,https://www.ggzy.gov.cn/information/deal/html/a/360000/0202/20260722/0036d87a79ca4b2043eb8d0fbe94ae50980e.html,信息化,信息化,信息化;校舍维修改造;后勤服务,小学,是,是
0036c92f82c7e94d4d0a9f265657b2c73912,鹰潭市鹏达项目管理有限公司关于潢溪中心小学室外改造工程（第二次）(项目编号：YTYJPD-26-0617-2）结果公示,2026-07-22,江西省,,中标公告,鹰潭市公共资源交易中心,https://www.ggzy.gov.cn/information/deal/html/a/360000/0202/20260722/0036c92f82c7e94d4d0a9f265657b2c73912.html,校舍维修改造,校舍维修改造,校舍维修改造,小学,否,否
0036c05359608b474863b553ef84950bdad2,江西信衡招标咨询有限公司关于临川区第十三小学后勤社会化管理服务项目 (项目编号：JXXH-FZ2026-C007) 成交结果公示,2026-07-22,江西省,,中标公告,抚州市公共资源交易中心,https://www.ggzy.gov.cn/information/deal/html/a/360000/0202/20260722/0036c05359608b474863b553ef84950bdad2.html,后勤服务,其他,后勤服务,小学,否,否
00368650fb42d5bb4e9892a2fd6fa90765aa,九江市濂溪区第一小学学生可躺式课桌椅及教师办公桌椅采购项目（二次）结果公示,2026-07-22,江西省,,中标公告,九江市公共资源交易中心,https://www.ggzy.gov.cn/information/deal/html/a/360000/0202/20260722/00368650fb42d5bb4e9892a2fd6fa90765aa.html,课桌椅,课桌椅,课桌椅,小学,否,否
003639d1e6945a7041dfbe9449df40b69fe1,江西铭玉项目管理有限公司关于临川区实验小学教学楼防水及食堂改造等维修工程（第二次）（采购编号：JXJQ-FZ2026-42-A）结果公示,2026-07-22,江西省,,中标公告,抚州市公共资源交易中心,https://www.ggzy.gov.cn/information/deal/html/a/360000/0202/20260722/003639d1e6945a7041dfbe9449df40b69fe1.html,校舍维修改造,校舍维修改造,校舍维修改造;食堂设备,小学,否,否
00340d3a0f31cf4e45b687629c23b8ea4ccb,庐江县2026年中小学课桌椅采购中标（成交）结果公告,2026-07-22,安徽省,,中标公告,安徽合肥公共资源交易中心电子交易系统,https://www.ggzy.gov.cn/information/deal/html/a/340000/0202/20260722/00340d3a0f31cf4e45b687629c23b8ea4ccb.html,课桌椅,课桌椅,课桌椅,教育局统筹,否,否
0035c99981821e144bf3a1b03950dcde8823,黄石中心小学物业管理服务项目(二次)结果公告（采购包1）,2026-07-21,福建省,,中标公告,莆田市行政服务中心,https://www.ggzy.gov.cn/information/deal/html/a/350000/0202/20260721/0035c99981821e144bf3a1b03950dcde8823.html,后勤服务,其他,后勤服务,小学,否,否
00327fbd1caf0d454965b578b5ef15c9cd16,北京东路小学等校报告厅等设备更新中标公告采购包1,2026-07-21,江苏省,,中标公告,,https://www.ggzy.gov.cn/information/deal/html/a/320000/0202/20260721/00327fbd1caf0d454965b578b5ef15c9cd16.html,其他,其他,,小学,否,否
0065150ae02693e84823a47038bebf0df6d5,乌鲁木齐市第31小学新建消防水池、消防水箱及配套设施项目中标(成交)结果公告,2026-07-21,新疆维吾尔自治区,,中标公告,新疆维吾尔自治区公共资源交易平台,https://www.ggzy.gov.cn/information/deal/html/a/650000/0202/20260721/0065150ae02693e84823a47038bebf0df6d5.html,校舍维修改造,校舍维修改造,校舍维修改造;校园安防,小学,否,否
0065aa5accf1aa014cabaeb8cac9fde71754,乌鲁木齐市第二十小学运动场维修改造项目中标(成交)结果公告,2026-07-21,新疆维吾尔自治区,,中标公告,新疆维吾尔自治区公共资源交易平台,https://www.ggzy.gov.cn/information/deal/html/a/650000/0202/20260721/0065aa5accf1aa014cabaeb8cac9fde71754.html,校舍维修改造,校舍维修改造,校舍维修改造,小学,否,否
00453e135fce5b5a47eeb1c7d2692c336bb4,广西邕政采购代理有限公司南宁市西乡塘区金腾小学10KV配电及零星项目修缮工程成交结果公告,2026-07-21,广西壮族自治区,,中标公告,南宁市公共资源交易中心,https://www.ggzy.gov.cn/information/deal/html/a/450000/0202/20260721/00453e135fce5b5a47eeb1c7d2692c336bb4.html,校舍维修改造,校舍维修改造,校舍维修改造,小学,否,否
0041fc18f5f1dc8b44b1b406dfc6d5c16f17,栾川县教育体育局合峪镇中心小学运动场改造工程项目-成交公告,2026-07-21,河南省,,中标公告,,https://www.ggzy.gov.cn/information/deal/html/a/410000/0202/20260721/0041fc18f5f1dc8b44b1b406dfc6d5c16f17.html,校舍维修改造,校舍维修改造,校舍维修改造,教育局统筹,否,否
0032e1c75f7ebe2448859cd05ac9da7267e5,洛社中心小学（新校区）校园文化布展项目中标公告采购包1,2026-07-21,江苏省,,中标公告,,https://www.ggzy.gov.cn/information/deal/html/a/320000/0202/20260721/0032e1c75f7ebe2448859cd05ac9da7267e5.html,校园文化,其他,校园文化,小学,否,否
003282b5f8b5ef844f3dacf74c3fd3857cb0,南京市扬子第三小学运动场改造工程成交公告采购包1,2026-07-21,江苏省,,中标公告,,https://www.ggzy.gov.cn/information/deal/html/a/320000/0202/20260721/003282b5f8b5ef844f3dacf74c3fd3857cb0.html,校舍维修改造,校舍维修改造,校舍维修改造,小学,否,否
0044687fb6a1beb44765ba13a64f44ca75d6,凤光小学2026年室内安全隐患整治项目成交结果公告,2026-07-21,广东省,,中标公告,,https://www.ggzy.gov.cn/information/deal/html/a/440000/0202/20260721/0044687fb6a1beb44765ba13a64f44ca75d6.html,其他,其他,,小学,否,否
0044e5eed01a6b1046b4b33413e305e543c9,台山市汶村镇中心小学文海教学楼补强加固维修工程结果公告,2026-07-21,广东省,,中标公告,,https://www.ggzy.gov.cn/information/deal/html/a/440000/0202/20260721/0044e5eed01a6b1046b4b33413e305e543c9.html,校舍维修改造,校舍维修改造,校舍维修改造,小学,否,否
004440ba8d15372c40d4a2e0e660ce4a2cfa,台山市赤溪镇中心小学希望楼、胡汉城楼危房改造工程结果公告,2026-07-21,广东省,,中标公告,,https://www.ggzy.gov.cn/information/deal/html/a/440000/0202/20260721/004440ba8d15372c40d4a2e0e660ce4a2cfa.html,校舍维修改造,校舍维修改造,校舍维修改造,小学,否,否
0013e44eeedec6174b1692c2425915a75c9a,Z1307232600362301康保县东关小学教学楼楼体改造工程结果公告,2026-07-21,河北省,,中标公告,张家口公共资源交易综合信息平台,https://www.ggzy.gov.cn/information/deal/html/a/130000/0202/20260721/0013e44eeedec6174b1692c2425915a75c9a.html,校舍维修改造,校舍维修改造,校舍维修改造,小学,否,否
00513b49cd39046d45de80c929a252165eef,绵竹市教育信息与装备中心绵竹市城东中小学会议厅设施设备采购项目(二次)中标（成交）结果公告,2026-07-21,四川省,,中标公告,,https://www.ggzy.gov.cn/information/deal/html/a/510000/0202/20260721/00513b49cd39046d45de80c929a252165eef.html,其他,其他,,教育局统筹,否,否
00646c095fbfae4840198be35d622bf149fe,宁夏银川市二十一小学智慧黑板设备采购项目中标公告,2026-07-21,宁夏回族自治区,,中标公告,宁夏公共资源交易服务平台,https://www.ggzy.gov.cn/information/deal/html/a/640000/0202/20260721/00646c095fbfae4840198be35d622bf149fe.html,智慧黑板,智慧黑板,智慧黑板,小学,是,是
00424978fb2fd866461a87d0ff133a906ae5,武汉市汉阳区墨水湖小学墨水湖小学零星维修工程结果公告,2026-07-21,湖北省,,中标公告,湖北省政府采购网,https://www.ggzy.gov.cn/information/deal/html/a/420000/0202/20260721/00424978fb2fd866461a87d0ff133a906ae5.html,校舍维修改造,校舍维修改造,校舍维修改造,小学,否,否
0042f566b8b44c6143f8951cf4b1f0cc6cb6,黄石市学校安全和后勤保障管理办公室黄石市城区中小学校方责任险承保供应商项目中标（成交）结果公告,2026-07-21,湖北省,,中标公告,湖北省政府采购网,https://www.ggzy.gov.cn/information/deal/html/a/420000/0202/20260721/0042f566b8b44c6143f8951cf4b1f0cc6cb6.html,后勤服务,其他,后勤服务,教育局统筹,否,否
00110cd5f2ee4b104671a362a77d5bd215e5,通州区南关小学“校校有食堂”提升项目(二次招标) 中标结果公告,2026-07-21,北京,,中标公告,北京市政府采购网,https://www.ggzy.gov.cn/information/deal/html/a/110000/0202/20260721/00110cd5f2ee4b104671a362a77d5bd215e5.html,食堂设备,食堂设备,食堂设备,小学,否,否
00517692ac07fed8405a8f74ea1042c80f8b,成都市成华区教育局2026年全区中小学生心理健康服务采购项目中标（成交）结果公告,2026-07-21,四川省,,中标公告,,https://www.ggzy.gov.cn/information/deal/html/a/510000/0202/20260721/00517692ac07fed8405a8f74ea1042c80f8b.html,其他,其他,,教育局统筹,否,否
00151bac5cdb772f4c91aa12dac809868e4d,准格尔旗薛家湾第一小学薛家湾第一小学2026年暑期校园维修工程中标（成交）结果公告,2026-07-21,内蒙古自治区,,中标公告,,https://www.ggzy.gov.cn/information/deal/html/a/150000/0202/20260721/00151bac5cdb772f4c91aa12dac809868e4d.html,校舍维修改造,校舍维修改造,校舍维修改造,小学,否,否
0032c7d5a3d4baad4a9fb2f297aec8a1688d,盐城市新洋实验小学2026年物业管理服务项目中标公告采购包1,2026-07-21,江苏省,,中标公告,,https://www.ggzy.gov.cn/information/deal/html/a/320000/0202/20260721/0032c7d5a3d4baad4a9fb2f297aec8a1688d.html,后勤服务,其他,后勤服务,小学,否,否
003200461d2dab9747909fa630e05b2984a8,盐城市亭湖区景山小学2026年物业服务项目中标公告采购包1,2026-07-21,江苏省,,中标公告,,https://www.ggzy.gov.cn/information/deal/html/a/320000/0202/20260721/003200461d2dab9747909fa630e05b2984a8.html,后勤服务,其他,后勤服务,小学,否,否
0034b4d2e970bc174fba90d3cff9fbd0c904,天长市第一小学人行天桥工程成交结果公告,2026-07-21,安徽省,,中标公告,滁州市公共资源交易平台电子交易系统,https://www.ggzy.gov.cn/information/deal/html/a/340000/0202/20260721/0034b4d2e970bc174fba90d3cff9fbd0c904.html,其他,其他,,小学,否,否
0011765f7391afed41d3aeb4f72f8826b23b,2026年密云区西田各庄镇中心小学（西田各庄小学）操场及周边改造工程2026年密云区西田各庄镇中心小学(西田各庄小学)操场及周边改造工程成交公告,2026-07-21,北京,,中标公告,北京市政府采购网,https://www.ggzy.gov.cn/information/deal/html/a/110000/0202/20260721/0011765f7391afed41d3aeb4f72f8826b23b.html,校舍维修改造,校舍维修改造,校舍维修改造,小学,否,否
0065aa0a99e2f0cb463fa37c9f4f743e599a,乌鲁木齐市第117中学小学楼道墙裙改造项目中标(成交)结果公告,2026-07-21,新疆维吾尔自治区,,中标公告,新疆维吾尔自治区公共资源交易平台,https://www.ggzy.gov.cn/information/deal/html/a/650000/0202/20260721/0065aa0a99e2f0cb463fa37c9f4f743e599a.html,校舍维修改造,校舍维修改造,校舍维修改造,小学,否,否
00520a00820018ea4ecdabd55f54bde802d8,2026年望谟县打易镇中心小学等8所学校维修改造项目中标结果公告,2026-07-21,贵州省,,中标公告,黔西南州公共资源交易中心,https://www.ggzy.gov.cn/information/deal/html/a/520000/0202/20260721/00520a00820018ea4ecdabd55f54bde802d8.html,校舍维修改造,校舍维修改造,校舍维修改造,小学,否,否
0064d566961f37e54f2cb2c728b501ddda35,2026年吴忠市教育局“国培计划”中小学教师培训项目一标段中标公告,2026-07-21,宁夏回族自治区,,中标公告,宁夏公共资源交易服务平台,https://www.ggzy.gov.cn/information/deal/html/a/640000/0202/20260721/0064d566961f37e54f2cb2c728b501ddda35.html,培训,培训,培训,教育局统筹,是,是
0050c41de1a38db44c6c903f38ad1f1b4af7,秀山县2026年中小学桌椅采购(XSX26A00402)中标（成交）结果公告,2026-07-21,重庆市,,中标公告,重庆市公共资源交易服务平台,https://www.ggzy.gov.cn/information/deal/html/a/500000/0202/20260721/0050c41de1a38db44c6c903f38ad1f1b4af7.html,课桌椅,课桌椅,课桌椅,教育局统筹,否,否
005167e6f3067c6644ab81986aa68338b569,会理市益门镇中心小学学生宿舍、教学楼维修项目中标（成交）结果公告,2026-07-21,四川省,,中标公告,,https://www.ggzy.gov.cn/information/deal/html/a/510000/0202/20260721/005167e6f3067c6644ab81986aa68338b569.html,校舍维修改造,校舍维修改造,校舍维修改造,小学,否,否
001227f97860570e45c7b6cdc04cee0dd12a,天津外国语学校南普小学 天津外国语学校南普小学物业管理项目 (项目编号:TJHB-2026-D-0025)中标公告,2026-07-21,天津市,,中标公告,天津市公共资源交易平台交易系统,https://www.ggzy.gov.cn/information/deal/html/a/120000/0202/20260721/001227f97860570e45c7b6cdc04cee0dd12a.html,后勤服务,其他,后勤服务,小学,否,否
006460661cfb928a44e7ad0baae47f398fc3,2026年吴忠市教育局“国培计划”中小学教师培训项目三标段中标公告,2026-07-21,宁夏回族自治区,,中标公告,宁夏公共资源交易服务平台,https://www.ggzy.gov.cn/information/deal/html/a/640000/0202/20260721/006460661cfb928a44e7ad0baae47f398fc3.html,培训,培训,培训,教育局统筹,是,是
0013aaec42478cd244828e433bc78ed78522,Z13030026050423012026年海港区街巷路改造提升工程-青云里小学南侧路、兴隆路结果公告,2026-07-21,河北省,,中标公告,秦皇岛市公共资源交易网,https://www.ggzy.gov.cn/information/deal/html/a/130000/0202/20260721/0013aaec42478cd244828e433bc78ed78522.html,校舍维修改造,校舍维修改造,校舍维修改造,小学,否,否
0064c85448333911452196209ea1b2661c48,银川市金凤区教育局2026年中小学实验室、功能室设备采购项目中标公告,2026-07-21,宁夏回族自治区,,中标公告,宁夏公共资源交易服务平台,https://www.ggzy.gov.cn/information/deal/html/a/640000/0202/20260721/0064c85448333911452196209ea1b2661c48.html,实验室设备,实验室设备,实验室设备,教育局统筹,否,否
00358a1571f26b7748f284a5d72e284356e8,南平实验小学专用教室功能升级及薄弱环节提质改造项目结果公告（采购包1）,2026-07-21,福建省,,中标公告,南平市招标投标服务中心,https://www.ggzy.gov.cn/information/deal/html/a/350000/0202/20260721/00358a1571f26b7748f284a5d72e284356e8.html,校舍维修改造,校舍维修改造,校舍维修改造;实验室设备,小学,否,否
00134d276da7f7e240859bf71ed4f31c5206,石家庄市鹿泉区铜冶中心校鹿泉区铜冶镇南铜冶小学西北楼加固工程(二次）竞争性磋商中标公告,2026-07-21,河北省,,中标公告,石家庄公共资源交易网,https://www.ggzy.gov.cn/information/deal/html/a/130000/0202/20260721/00134d276da7f7e240859bf71ed4f31c5206.html,其他,其他,,小学,否,否
0043daa0fa7d915247c9ad80ed4df6eb99b8,南县三仙湖镇中心小学运动场修缮工程成交公告,2026-07-21,湖南省,,中标公告,,https://www.ggzy.gov.cn/information/deal/html/a/430000/0202/20260721/0043daa0fa7d915247c9ad80ed4df6eb99b8.html,校舍维修改造,校舍维修改造,校舍维修改造,小学,否,否
004268ea25d5e96c4e22b869ce23202908a8,京山市实验小学教学楼维修改造工程中标结果公告,2026-07-21,湖北省,,中标公告,湖北省政府采购网,https://www.ggzy.gov.cn/information/deal/html/a/420000/0202/20260721/004268ea25d5e96c4e22b869ce23202908a8.html,校舍维修改造,校舍维修改造,校舍维修改造,小学,否,否
0042ffa016b7599b4348931d984cb6c09722,巴东县金果坪乡中心小学食堂维修改造项目（第二次）中标成交公告,2026-07-21,湖北省,,中标公告,湖北省政府采购网,https://www.ggzy.gov.cn/information/deal/html/a/420000/0202/20260721/0042ffa016b7599b4348931d984cb6c09722.html,校舍维修改造,校舍维修改造,校舍维修改造;食堂设备,小学,否,否
0043c9232f37790a46fb9ab97b261f26939d,南县明山头镇中心小学综合楼装饰装修及校园道路维修工程成交公告,2026-07-21,湖南省,,中标公告,,https://www.ggzy.gov.cn/information/deal/html/a/430000/0202/20260721/0043c9232f37790a46fb9ab97b261f26939d.html,校舍维修改造,校舍维修改造,校舍维修改造,小学,否,否
005193acf06d66904e78b50cc5c40aa9bd27,洪雅县东岳镇中心小学校运动场改造项目中标（成交）结果公告,2026-07-21,四川省,,中标公告,,https://www.ggzy.gov.cn/information/deal/html/a/510000/0202/20260721/005193acf06d66904e78b50cc5c40aa9bd27.html,校舍维修改造,校舍维修改造,校舍维修改造,小学,否,否
0013b778d73838ea4f8ab6b917833a6bcfea,巨鹿县育红小学办公信息化设备采购项目（二次）中标公告,2026-07-21,河北省,,中标公告,邢台市公共资源交易中心,https://www.ggzy.gov.cn/information/deal/html/a/130000/0202/20260721/0013b778d73838ea4f8ab6b917833a6bcfea.html,信息化,信息化,信息化,小学,是,是
00355571be2921674d178997dfc6c374f0a6,漳州市芗城实验小学教室空调机采购结果公告（采购包1）,2026-07-21,福建省,,中标公告,漳州市公共资源交易中心,https://www.ggzy.gov.cn/information/deal/html/a/350000/0202/20260721/00355571be2921674d178997dfc6c374f0a6.html,工程配套,其他,工程配套,小学,否,否
00420d26396dfabb42fcbeeb3edfe32a6c25,大冶市第三中学大冶市保安镇小学运动场地改造工程中标(成交)结果公告,2026-07-21,湖北省,,中标公告,湖北省政府采购网,https://www.ggzy.gov.cn/information/deal/html/a/420000/0202/20260721/00420d26396dfabb42fcbeeb3edfe32a6c25.html,校舍维修改造,校舍维修改造,校舍维修改造;后勤服务,小学,否,否
0042fcf9644d8ce54c3dafc7362bc4ad7010,黄冈中学附属小学智慧黑板采购项目中标结果公告,2026-07-21,湖北省,,中标公告,湖北省政府采购网,https://www.ggzy.gov.cn/information/deal/html/a/420000/0202/20260721/0042fcf9644d8ce54c3dafc7362bc4ad7010.html,智慧黑板,智慧黑板,智慧黑板,小学,是,是
005210639e804941434dae183ede29999511,2026年花溪区小孟第一小学教学楼维修改造中标结果公告,2026-07-21,贵州省,,中标公告,贵阳市公共资源交易中心,https://www.ggzy.gov.cn/information/deal/html/a/520000/0202/20260721/005210639e804941434dae183ede29999511.html,校舍维修改造,校舍维修改造,校舍维修改造,小学,否,否
0021909a5eb23db44d4681317b5d2d0263ed,沙河口区中小学教学办公桌椅及相关配置采购项目采购中标结果公示,2026-07-21,辽宁省,,中标公告,大连市公共资源交易平台,https://www.ggzy.gov.cn/information/deal/html/a/210000/0202/20260721/0021909a5eb23db44d4681317b5d2d0263ed.html,课桌椅,课桌椅,课桌椅,教育局统筹,否,否
0033a91b0ae8b6654369a7c00729ff32bca4,浙江建科工程项目管理有限公司关于乐清市柳市镇第十四小学厨房设备采购项目中标(成交)结果公告,2026-07-21,浙江省,,中标公告,温州市公共资源交易网,https://www.ggzy.gov.cn/information/deal/html/a/330000/0202/20260721/0033a91b0ae8b6654369a7c00729ff32bca4.html,食堂设备,食堂设备,食堂设备,小学,否,否
0013905e2733c2ec48b9938ae5da47857767,Z1309832600942301港城区中小学体育场提升项目结果公告,2026-07-21,河北省,,中标公告,,https://www.ggzy.gov.cn/information/deal/html/a/130000/0202/20260721/0013905e2733c2ec48b9938ae5da47857767.html,其他,其他,,教育局统筹,否,否
0013a954cd4832b945b8a25278aebedd1799,石家庄市雷锋小学2026年操场周边地面硬化及维修成交公告,2026-07-21,河北省,,中标公告,石家庄公共资源交易网,https://www.ggzy.gov.cn/information/deal/html/a/130000/0202/20260721/0013a954cd4832b945b8a25278aebedd1799.html,校舍维修改造,校舍维修改造,校舍维修改造,小学,否,否
0033936652ad126d476ba4a8b079624822d2,关于武义县项店小学操场改造工程项目中标(成交)结果公告,2026-07-21,浙江省,,中标公告,金华市公共资源交易网,https://www.ggzy.gov.cn/information/deal/html/a/330000/0202/20260721/0033936652ad126d476ba4a8b079624822d2.html,校舍维修改造,校舍维修改造,校舍维修改造,小学,否,否
003375a4516e93454f7a8fe694bfac33e22a,浙江荣正建设管理有限公司关于桐乡市中山小学食堂劳务外包项目中标(成交)结果公告,2026-07-21,浙江省,,中标公告,嘉兴市公共资源交易网,https://www.ggzy.gov.cn/information/deal/html/a/330000/0202/20260721/003375a4516e93454f7a8fe694bfac33e22a.html,食堂设备,食堂设备,食堂设备;后勤服务,小学,否,否
003246ad1b9c12c14a6791ff48e6ee0e2d30,南京市江宁区中小学劳动实践与艺术创作设备采购项目中标公告（二次）采购包1,2026-07-21,江苏省,,中标公告,,https://www.ggzy.gov.cn/information/deal/html/a/320000/0202/20260721/003246ad1b9c12c14a6791ff48e6ee0e2d30.html,其他,其他,,教育局统筹,否,否
0052f3ec7ae8351d4cfa99f70140c42dbb62,江口县第二小学运动场维修改造项目中标结果公告,2026-07-21,贵州省,,中标公告,铜仁市公共资源交易中心,https://www.ggzy.gov.cn/information/deal/html/a/520000/0202/20260721/0052f3ec7ae8351d4cfa99f70140c42dbb62.html,校舍维修改造,校舍维修改造,校舍维修改造,小学,否,否
00334957752dfaae47d4ab2e622fb7c0768e,浙江新世纪工程咨询有限公司关于衢州市柯城区礼贤小学午休躺睡桌椅采购项目中标(成交)结果公告,2026-07-21,浙江省,,中标公告,衢州市公共资源交易网,https://www.ggzy.gov.cn/information/deal/html/a/330000/0202/20260721/00334957752dfaae47d4ab2e622fb7c0768e.html,课桌椅,课桌椅,课桌椅;后勤服务,小学,否,否
0050da8cf059820541cea7641e2fa1186feb,重庆永川区红河小学校教学楼、大门及广场维修改造工程(YCQ26B00031)中标（成交）结果公告,2026-07-21,重庆市,,中标公告,重庆市公共资源交易服务平台,https://www.ggzy.gov.cn/information/deal/html/a/500000/0202/20260721/0050da8cf059820541cea7641e2fa1186feb.html,校舍维修改造,校舍维修改造,校舍维修改造,小学,否,否
00114e896a2857ec4e219b7ea27ec23e9ba6,丰台区2026年中小学操场改造工程中标结果公示,2026-07-21,北京,,中标公告,丰台区公共资源交易系统,https://www.ggzy.gov.cn/information/deal/html/a/110000/0202/20260721/00114e896a2857ec4e219b7ea27ec23e9ba6.html,校舍维修改造,校舍维修改造,校舍维修改造,教育局统筹,否,否
0014c10451893b324abfb70e32dfec8e601c,长治市潞州区新华小学校东教学楼暖气改造工程项目结果公告,2026-07-21,山西省,,中标公告,,https://www.ggzy.gov.cn/information/deal/html/a/140000/0202/20260721/0014c10451893b324abfb70e32dfec8e601c.html,校舍维修改造,校舍维修改造,校舍维修改造,小学,否,否
0022b348c218943f4efe8cb477fd69249d56,长春市绿园区迎宾路小学操场改造项目（长青、新营）中标(成交)结果公告,2026-07-21,吉林省,,中标公告,长春市公共资源交易中心(新),https://www.ggzy.gov.cn/information/deal/html/a/220000/0202/20260721/0022b348c218943f4efe8cb477fd69249d56.html,校舍维修改造,校舍维修改造,校舍维修改造,小学,否,否
0014d66558be37534723b86e27fbbd15e31b,寿阳县城西小学竞争性磋商寿阳县城西小学消防能力提升项目结果公告,2026-07-21,山西省,,中标公告,,https://www.ggzy.gov.cn/information/deal/html/a/140000/0202/20260721/0014d66558be37534723b86e27fbbd15e31b.html,校园安防,校园安防,校园安防,小学,否,否
006110d85250562e4458babaa3b13ba50649,安康高新区第二小学厕所及基础设施提升改造项目采购结果公告,2026-07-21,陕西省,,中标公告,全国公共资源交易平台（陕西省·安康市）电子交易系统,https://www.ggzy.gov.cn/information/deal/html/a/610000/0202/20260721/006110d85250562e4458babaa3b13ba50649.html,校舍维修改造,校舍维修改造,校舍维修改造,小学,否,否
00331b716aaf68e342caaa3784cd3e7c666d,杭州华厦建筑咨询有限公司关于杭州市余杭区东塘小学2026年8月1日-2027年7月31日食堂服务外包项目中标(成交)结果公告,2026-07-21,浙江省,,中标公告,杭州市公共资源交易网,https://www.ggzy.gov.cn/information/deal/html/a/330000/0202/20260721/00331b716aaf68e342caaa3784cd3e7c666d.html,食堂设备,食堂设备,食堂设备;后勤服务,小学,否,否
00425f7fdac894ee436fa131276978c64871,广水市实验小学运动场改扩建项目中标成交公告,2026-07-21,湖北省,,中标公告,湖北省政府采购网,https://www.ggzy.gov.cn/information/deal/html/a/420000/0202/20260721/00425f7fdac894ee436fa131276978c64871.html,校舍维修改造,校舍维修改造,校舍维修改造,小学,否,否
0061cfb5f2ed3eb040c4a97ff0c419b0bb06,宝鸡第一中学附属小学体音美器材、图书、课桌椅、信息化设备采购结果公告,2026-07-21,陕西省,,中标公告,全国公共资源交易平台（陕西省）,https://www.ggzy.gov.cn/information/deal/html/a/610000/0202/20260721/0061cfb5f2ed3eb040c4a97ff0c419b0bb06.html,信息化,信息化,信息化;音体美器材;课桌椅;图书,小学,是,是
00336bdf4a829abb4d759592a3f9ad90ba6e,浙江中惠工程管理有限公司关于大桥镇中心小学厨房设备采购中标(成交)结果公告,2026-07-21,浙江省,,中标公告,嘉兴市公共资源交易网,https://www.ggzy.gov.cn/information/deal/html/a/330000/0202/20260721/00336bdf4a829abb4d759592a3f9ad90ba6e.html,食堂设备,食堂设备,食堂设备,小学,否,否
0041e702817cf35d4ccbbbb49346c596ee1b,卢氏县第一小学运动场改造项目成交公告,2026-07-21,河南省,,中标公告,三门峡市公共资源交易中心,https://www.ggzy.gov.cn/information/deal/html/a/410000/0202/20260721/0041e702817cf35d4ccbbbb49346c596ee1b.html,校舍维修改造,校舍维修改造,校舍维修改造,小学,否,否
0041e55f3de87b45454597d3751f788727ed,延津县教育体育局中小学校园网建设项目-中标公告,2026-07-21,河南省,,中标公告,,https://www.ggzy.gov.cn/information/deal/html/a/410000/0202/20260721/0041e55f3de87b45454597d3751f788727ed.html,其他,其他,,教育局统筹,否,否
0033975c5ddbd2fc47d787f20aed77c120b6,浙江华元工程咨询有限公司关于绍兴市柯桥区齐贤中心小学2026年教职工疗休养项目中标(成交)结果公告,2026-07-21,浙江省,,中标公告,绍兴市公共资源交易网,https://www.ggzy.gov.cn/information/deal/html/a/330000/0202/20260721/0033975c5ddbd2fc47d787f20aed77c120b6.html,后勤服务,其他,后勤服务,小学,否,否
0061edb2ac78640b4e10bde73af1bfa445b8,延安职业技术学院附属小学清洁化改造项目（二期）采购结果公告,2026-07-21,陕西省,,中标公告,全国公共资源交易平台（陕西省）,https://www.ggzy.gov.cn/information/deal/html/a/610000/0202/20260721/0061edb2ac78640b4e10bde73af1bfa445b8.html,校舍维修改造,校舍维修改造,校舍维修改造;后勤服务,小学,否,否
004145159bcc3f8c4a018b5281865dab0260,ZFCG-C2026013号许昌实验小学“许昌实验小学新建综合楼配套建设项目”-成交公告,2026-07-21,河南省,,中标公告,许昌市公共资源交易中心,https://www.ggzy.gov.cn/information/deal/html/a/410000/0202/20260721/004145159bcc3f8c4a018b5281865dab0260.html,校舍维修改造,校舍维修改造,校舍维修改造,小学,否,否
0061d067111171d44da0813d26524e51053f,龙山小学操场改造项目采购结果公告,2026-07-21,陕西省,,中标公告,全国公共资源交易平台（陕西省）,https://www.ggzy.gov.cn/information/deal/html/a/610000/0202/20260721/0061d067111171d44da0813d26524e51053f.html,校舍维修改造,校舍维修改造,校舍维修改造,小学,否,否
00337dfe11649328454a874e34a254d562ed,金华市政府采购中心武义县分中心关于武义县继续教育中心2026年武义县中小学多媒体项目中标(成交)结果公告,2026-07-21,浙江省,,中标公告,金华市公共资源交易网,https://www.ggzy.gov.cn/information/deal/html/a/330000/0202/20260721/00337dfe11649328454a874e34a254d562ed.html,培训,培训,培训;信息化设备,教育局统筹,是,是
0061840ca12bd3cb445496498950d56e81fa,紫阳县第三小学电子班牌、智能门锁等设备采购项目(二次)采购结果公告,2026-07-21,陕西省,,中标公告,全国公共资源交易平台（陕西省·安康市）电子交易系统,https://www.ggzy.gov.cn/information/deal/html/a/610000/0202/20260721/0061840ca12bd3cb445496498950d56e81fa.html,其他,其他,,小学,否,否
0033d69141d3cbaa435db1d4770dfef8efb9,关于台州市路桥区路南小学家具采购项目中标(成交)结果公告,2026-07-21,浙江省,,中标公告,台州市公共资源交易网,https://www.ggzy.gov.cn/information/deal/html/a/330000/0202/20260721/0033d69141d3cbaa435db1d4770dfef8efb9.html,课桌椅,课桌椅,课桌椅,小学,否,否
0033fbfa320f59ed43d7a6673de840ea8c91,嵊州市力标招标代理有限公司关于嵊州市2026年下半年中小学教师专业发展培训项目中标(成交)结果公告,2026-07-21,浙江省,,中标公告,绍兴市公共资源交易网,https://www.ggzy.gov.cn/information/deal/html/a/330000/0202/20260721/0033fbfa320f59ed43d7a6673de840ea8c91.html,培训,培训,培训,教育局统筹,是,是
00330d31f235096949a294df162231428f4f,中纬工程管理咨询有限公司关于苍南县江滨实验小学篮球场等修缮工程中标(成交)结果公告,2026-07-21,浙江省,,中标公告,温州市公共资源交易网,https://www.ggzy.gov.cn/information/deal/html/a/330000/0202/20260721/00330d31f235096949a294df162231428f4f.html,校舍维修改造,校舍维修改造,校舍维修改造;后勤服务;工程配套,小学,否,否
0033e31d9ddd9f8f4827bc168ced5f433073,台州市建城工程咨询有限公司关于仙居县白塔镇中心小学运动场塑胶面层改造工程中标(成交)结果公告,2026-07-21,浙江省,,中标公告,台州市公共资源交易网,https://www.ggzy.gov.cn/information/deal/html/a/330000/0202/20260721/0033e31d9ddd9f8f4827bc168ced5f433073.html,校舍维修改造,校舍维修改造,校舍维修改造;后勤服务,小学,否,否
0036e65933edcd394c318dcfcad365ce42d4,中恒鼎力项目管理（北京）有限公司关于安义县黄洲镇黄洲中学、黄洲小学设备采购项目（项目编号：ZHDL-NCNY-2026-G001）竞争性磋商采购结果公示,2026-07-21,江西省,,中标公告,南昌市公共资源交易中心,https://www.ggzy.gov.cn/information/deal/html/a/360000/0202/20260721/0036e65933edcd394c318dcfcad365ce42d4.html,其他,其他,,小学,否,否
00368cd5a76d9f0c4d82a9903092d8304917,宜春市公共资源交易中心关于宜春市第六小学食堂设施设备采购项目结果公示,2026-07-21,江西省,,中标公告,宜春市公共资源交易中心,https://www.ggzy.gov.cn/information/deal/html/a/360000/0202/20260721/00368cd5a76d9f0c4d82a9903092d8304917.html,食堂设备,食堂设备,食堂设备,小学,否,否
0036783f501d3f154934918c820701ad46cd,江西省机电设备招标有限公司关于贵溪市教体局2026年新建城东中小学电化教学及自动化设备采购项目（项目编号：JXTC2026110088）结果公示,2026-07-21,江西省,,中标公告,鹰潭市公共资源交易中心,https://www.ggzy.gov.cn/information/deal/html/a/360000/0202/20260721/0036783f501d3f154934918c820701ad46cd.html,校舍维修改造,校舍维修改造,校舍维修改造,教育局统筹,否,否
00361f3d841f049c4028bfa3035d178cab87,赣州华昇咨询管理有限责任公司关于江西省兴国县教育体育局兴国县第九中学附属小学金叶二小网络、会议室、录播教室及报告厅设备采购项目（项目编号：GZHS2026-XG-G001）电子化公开招标的中标结果公告,2026-07-21,江西省,,中标公告,赣州市公共资源交易中心,https://www.ggzy.gov.cn/information/deal/html/a/360000/0202/20260721/00361f3d841f049c4028bfa3035d178cab87.html,信息化设备,信息化设备,信息化设备;后勤服务,教育局统筹,是,是
0034d81f5c5535c54773acf8f6d70346e523,新站高新区2026年中小学理化生实验室采购与安装中标（成交）结果公告,2026-07-21,安徽省,,中标公告,安徽合肥公共资源交易中心电子交易系统,https://www.ggzy.gov.cn/information/deal/html/a/340000/0202/20260721/0034d81f5c5535c54773acf8f6d70346e523.html,实验室设备,实验室设备,实验室设备,教育局统筹,否,否
0034753b8793270c4a319ed56568a50ef95c,顺安中心小学书堂校区运动场及附属设施维修改造工程成交结果公告,2026-07-21,安徽省,,中标公告,铜陵市公共资源交易平台电子交易系统,https://www.ggzy.gov.cn/information/deal/html/a/340000/0202/20260721/0034753b8793270c4a319ed56568a50ef95c.html,校舍维修改造,校舍维修改造,校舍维修改造,小学,否,否
0021533347f3dfe948f3ada1fea888257126,沈阳市浑南区白塔小学食堂委托经营项目采购结果公告,2026-07-21,辽宁省,,中标公告,辽宁政府采购网,https://www.ggzy.gov.cn/information/deal/html/a/210000/0202/20260721/0021533347f3dfe948f3ada1fea888257126.html,食堂设备,食堂设备,食堂设备,小学,否,否
0065996895e96c0b431eadfaaff21fcdecd0,博乐市中小学设备采购(博乐市第九中学教育集团教学仪器设备）项目采购中标(成交)结果公告,2026-07-20,新疆维吾尔自治区,,中标公告,新疆维吾尔自治区公共资源交易平台,https://www.ggzy.gov.cn/information/deal/html/a/650000/0202/20260720/0065996895e96c0b431eadfaaff21fcdecd0.html,教学仪器,教学仪器,教学仪器,教育局统筹,否,否
0065175143e5809947fdab75794bcd414910,阿图什市松他克镇瓦克瓦克小学文化建设项目（设备采购）中标(成交)结果公告,2026-07-20,新疆维吾尔自治区,,中标公告,新疆维吾尔自治区公共资源交易平台,https://www.ggzy.gov.cn/information/deal/html/a/650000/0202/20260720/0065175143e5809947fdab75794bcd414910.html,校园文化,其他,校园文化,小学,否,否
00630e859250661448dea002a3674f3c53a3,湟源县第一中学等5所中小学食堂设备购置项目中标结果公告,2026-07-20,青海省,,中标公告,青海省公共资源交易网,https://www.ggzy.gov.cn/information/deal/html/a/630000/0202/20260720/00630e859250661448dea002a3674f3c53a3.html,食堂设备,食堂设备,食堂设备,教育局统筹,否,否
003243cea29fca2046279522a7d9847346c6,南信大附属实验小学运动场改造工程成交公告采购包1,2026-07-20,江苏省,,中标公告,,https://www.ggzy.gov.cn/information/deal/html/a/320000/0202/20260720/003243cea29fca2046279522a7d9847346c6.html,校舍维修改造,校舍维修改造,校舍维修改造,小学,否,否
0041579ce8d8db3348ada97589089966cb1c,漯河小学2026学年校园维修改造项目-成交公告,2026-07-20,河南省,,中标公告,漯河市公共资源交易中心,https://www.ggzy.gov.cn/information/deal/html/a/410000/0202/20260720/0041579ce8d8db3348ada97589089966cb1c.html,校舍维修改造,校舍维修改造,校舍维修改造,小学,否,否
0064377b19525bd246a6b5f837b9dbab8393,银川市金凤区教育局2026年中小学图书采购项目中标公告,2026-07-20,宁夏回族自治区,,中标公告,宁夏公共资源交易服务平台,https://www.ggzy.gov.cn/information/deal/html/a/640000/0202/20260720/0064377b19525bd246a6b5f837b9dbab8393.html,图书,图书,图书,教育局统筹,否,否
00517ce6affbf0964f238f1fc1d5dce53635,汉源县富林镇第三小学阶梯教室采购项目中标（成交）结果公告,2026-07-20,四川省,,中标公告,,https://www.ggzy.gov.cn/information/deal/html/a/510000/0202/20260720/00517ce6affbf0964f238f1fc1d5dce53635.html,其他,其他,,小学,否,否
0032d78d079361664b7783c8da61bf15105e,六合区方州小学室外运动场及周边环境改造成交公告采购包1,2026-07-20,江苏省,,中标公告,,https://www.ggzy.gov.cn/information/deal/html/a/320000/0202/20260720/0032d78d079361664b7783c8da61bf15105e.html,校舍维修改造,校舍维修改造,校舍维修改造,小学,否,否
0032287fe70b47524d159ac24780c59b1ca7,2026年江宁区中小学新技术新媒体教育设备中标公告采购包1,2026-07-20,江苏省,,中标公告,,https://www.ggzy.gov.cn/information/deal/html/a/320000/0202/20260720/0032287fe70b47524d159ac24780c59b1ca7.html,其他,其他,,教育局统筹,否,否
004508baf0fec6db4b8eb8c83d5029501994,广西机电设备招标有限公司关于南宁市西乡塘区那龙小学女生宿舍楼维修工程（项目编号：NNZC2026-C2-070022-JDZB）成交公告,2026-07-20,广西壮族自治区,,中标公告,广西壮族自治区公共资源电子交易系统,https://www.ggzy.gov.cn/information/deal/html/a/450000/0202/20260720/004508baf0fec6db4b8eb8c83d5029501994.html,校舍维修改造,校舍维修改造,校舍维修改造,小学,否,否
0015a966add00fcd48309dfe232d3fc8c94f,敖汉旗四道湾子中心小学四道湾子中心小学教学楼更换门窗、宿舍门套口及卫生间盥洗室维修工程中标（成交）结果公告,2026-07-20,内蒙古自治区,,中标公告,,https://www.ggzy.gov.cn/information/deal/html/a/150000/0202/20260720/0015a966add00fcd48309dfe232d3fc8c94f.html,校舍维修改造,校舍维修改造,校舍维修改造;工程配套,小学,否,否
00359173a940864640b3b99e6b50be3c992b,晋江市第三实验小学2026年家具采购(三次)结果公告（采购包1）,2026-07-20,福建省,,中标公告,泉州市公共资源交易中心,https://www.ggzy.gov.cn/information/deal/html/a/350000/0202/20260720/00359173a940864640b3b99e6b50be3c992b.html,课桌椅,课桌椅,课桌椅,小学,否,否
0064b5828320b2f4452c8361b268a4a07381,银川市阅海第三小学室外运动场维修改造项目竞争性磋商采购结果公告,2026-07-20,宁夏回族自治区,,中标公告,宁夏公共资源交易服务平台,https://www.ggzy.gov.cn/information/deal/html/a/640000/0202/20260720/0064b5828320b2f4452c8361b268a4a07381.html,校舍维修改造,校舍维修改造,校舍维修改造,小学,否,否
004165e768f497da42c4a68539cfa215eda6,光山县第六完全小学采购学生午休桌椅项目中标公告,2026-07-20,河南省,,中标公告,,https://www.ggzy.gov.cn/information/deal/html/a/410000/0202/20260720/004165e768f497da42c4a68539cfa215eda6.html,课桌椅,课桌椅,课桌椅,小学,否,否
0042e26df6e7863d4cd6b3646bcb6e2b7b59,黄冈中学附属小学校园文化服务采购项目中标结果公告,2026-07-20,湖北省,,中标公告,湖北省政府采购网,https://www.ggzy.gov.cn/information/deal/html/a/420000/0202/20260720/0042e26df6e7863d4cd6b3646bcb6e2b7b59.html,校园文化,其他,校园文化,小学,否,否
0042b8ff4cdd92964c569d92ce3307c5c040,武珞路小学石牌岭分校校园安全隐患消除维修结果公告,2026-07-20,湖北省,,中标公告,湖北省政府采购网,https://www.ggzy.gov.cn/information/deal/html/a/420000/0202/20260720/0042b8ff4cdd92964c569d92ce3307c5c040.html,校舍维修改造,校舍维修改造,校舍维修改造,小学,否,否
0062dad21799765e4746832c0e8c8662b87c,兰州市城关区水车园小学银河分校理化生实验室设备采购项目中标公示,2026-07-20,甘肃省,,中标公告,兰州市公共资源交易平台,https://www.ggzy.gov.cn/information/deal/html/a/620000/0202/20260720/0062dad21799765e4746832c0e8c8662b87c.html,实验室设备,实验室设备,实验室设备,小学,否,否
0011751ef35909944d9fa0e43d6304ad1ace,北京市第十三中学附属小学校校供餐改造工程(电增容)成交公告,2026-07-20,北京,,中标公告,北京市政府采购网,https://www.ggzy.gov.cn/information/deal/html/a/110000/0202/20260720/0011751ef35909944d9fa0e43d6304ad1ace.html,校舍维修改造,校舍维修改造,校舍维修改造,小学,否,否
00627e9e488b6a574f5996ff6e3b77d3d3b3,为中小学配备智慧黑板项目,2026-07-20,甘肃省,,中标公告,白银市公共资源交易平台,https://www.ggzy.gov.cn/information/deal/html/a/620000/0202/20260720/00627e9e488b6a574f5996ff6e3b77d3d3b3.html,智慧黑板,智慧黑板,智慧黑板,教育局统筹,是,是
001132fb1c165aa047e6b181966fc44d3125,2026年密云区十里堡镇中心小学（水杨红小学）食堂改造工程成交公告,2026-07-20,北京,,中标公告,北京市政府采购网,https://www.ggzy.gov.cn/information/deal/html/a/110000/0202/20260720/001132fb1c165aa047e6b181966fc44d3125.html,校舍维修改造,校舍维修改造,校舍维修改造;食堂设备,小学,否,否
001154b21ad944a844819e08b79c50a4e48a,2026年密云区穆家峪镇中心小学教室加固改造工程成交公告,2026-07-20,北京,,中标公告,北京市政府采购网,https://www.ggzy.gov.cn/information/deal/html/a/110000/0202/20260720/001154b21ad944a844819e08b79c50a4e48a.html,校舍维修改造,校舍维修改造,校舍维修改造,小学,否,否
0011081a30045c504e45a98b2d28d4ae9f57,2026年密云区西田各庄镇中心小学（疃里小学）操场及周边改造工程成交公告,2026-07-20,北京,,中标公告,北京市政府采购网,https://www.ggzy.gov.cn/information/deal/html/a/110000/0202/20260720/0011081a30045c504e45a98b2d28d4ae9f57.html,校舍维修改造,校舍维修改造,校舍维修改造,小学,否,否
00130db41818c61142b1a8cdb75843fae122,Z1307082600312301张家口市万全区第六小学消防管道维修改造项目结果公告,2026-07-20,河北省,,中标公告,张家口公共资源交易综合信息平台,https://www.ggzy.gov.cn/information/deal/html/a/130000/0202/20260720/00130db41818c61142b1a8cdb75843fae122.html,校舍维修改造,校舍维修改造,校舍维修改造;校园安防,小学,否,否
001210f6d83a406d454ea12bb90f355bf4f8,天津市和平区教师发展中心 2026年和平区小学及职校学业质量监测运维服务项目 (项目编号:TJHP-2026-D-0028)成交公告,2026-07-20,天津市,,中标公告,天津市公共资源交易平台交易系统,https://www.ggzy.gov.cn/information/deal/html/a/120000/0202/20260720/001210f6d83a406d454ea12bb90f355bf4f8.html,教研,教研,教研,小学,是,是
0061ff5686c98df74976b8ea8cc0f8d508b2,西安市碑林区铁五第二小学铁五第二小学操场、教室及走廊改造维修项目中标（成交）结果公告.html,2026-07-20,陕西省,,中标公告,全国公共资源交易平台（陕西省·西安市）电子交易系统,https://www.ggzy.gov.cn/information/deal/html/a/610000/0202/20260720/0061ff5686c98df74976b8ea8cc0f8d508b2.html,校舍维修改造,校舍维修改造,校舍维修改造,小学,否,否
0042f5551d7155714c6ea2c7bc6c839c05f4,大冶市实验小学大冶市实验小学运动场地改造中标(成交)结果公告,2026-07-20,湖北省,,中标公告,湖北省政府采购网,https://www.ggzy.gov.cn/information/deal/html/a/420000/0202/20260720/0042f5551d7155714c6ea2c7bc6c839c05f4.html,校舍维修改造,校舍维修改造,校舍维修改造,小学,否,否
0042831c329c462e4b57b3e73b7f09c67e2b,武汉市洪山区园林路小学2026至2027学年度食堂劳务服务采购项目结果公告,2026-07-20,湖北省,,中标公告,湖北省政府采购网,https://www.ggzy.gov.cn/information/deal/html/a/420000/0202/20260720/0042831c329c462e4b57b3e73b7f09c67e2b.html,食堂设备,食堂设备,食堂设备;后勤服务,小学,否,否
004218684ac2bcfe46d795a88eb7bec77944,宣恩县高罗镇中心小学校舍维修改造项目成交结果公告,2026-07-20,湖北省,,中标公告,湖北省政府采购网,https://www.ggzy.gov.cn/information/deal/html/a/420000/0202/20260720/004218684ac2bcfe46d795a88eb7bec77944.html,校舍维修改造,校舍维修改造,校舍维修改造,小学,否,否
0051bd08f3710698427cb475d654eeb5203a,成都市石笋街小学校成都市石笋街小学教育集团2026年全体教职工体检项目中标（成交）结果公告,2026-07-20,四川省,,中标公告,,https://www.ggzy.gov.cn/information/deal/html/a/510000/0202/20260720/0051bd08f3710698427cb475d654eeb5203a.html,后勤服务,其他,后勤服务,小学,否,否
0042929cc260562045a881962fd4f12f7372,黄冈中学附属小学多功能报告厅灯光、音响、总控等设备采购项目中标（成交）结果公告,2026-07-20,湖北省,,中标公告,湖北省政府采购网,https://www.ggzy.gov.cn/information/deal/html/a/420000/0202/20260720/0042929cc260562045a881962fd4f12f7372.html,其他,其他,,小学,否,否
00514859660487704e25b36ebbf2395d3661,绵竹市紫岩小学校美育楼计算机教室设备采购项目(二次)中标（成交）结果公告,2026-07-20,四川省,,中标公告,,https://www.ggzy.gov.cn/information/deal/html/a/510000/0202/20260720/00514859660487704e25b36ebbf2395d3661.html,信息化设备,信息化设备,信息化设备,小学,是,是
0065acdcc70b76af40839610fafd9883ac6a,乌鲁木齐市第七十四小学校教学楼楼顶防水项目中标(成交)结果公告,2026-07-20,新疆维吾尔自治区,,中标公告,新疆维吾尔自治区公共资源交易平台,https://www.ggzy.gov.cn/information/deal/html/a/650000/0202/20260720/0065acdcc70b76af40839610fafd9883ac6a.html,其他,其他,,小学,否,否
006564a1ea2aed6348c2bda1b516a8d60051,乌鲁木齐市第七十四小学校教学楼楼道改造项目中标(成交)结果公告,2026-07-20,新疆维吾尔自治区,,中标公告,新疆维吾尔自治区公共资源交易平台,https://www.ggzy.gov.cn/information/deal/html/a/650000/0202/20260720/006564a1ea2aed6348c2bda1b516a8d60051.html,校舍维修改造,校舍维修改造,校舍维修改造,小学,否,否
0013d80da63795c94545909cbdb2e791e48f,Z1302072600872001丰南区农村小学生营养改善计划（2026-2027）货物采购（双盲评审）结果公告,2026-07-20,河北省,,中标公告,,https://www.ggzy.gov.cn/information/deal/html/a/130000/0202/20260720/0013d80da63795c94545909cbdb2e791e48f.html,其他,其他,,小学,否,否
001189eb1be75b6342c087dab5422de2d451,石景山区银河小学信息化基础设施改造项目中标公告,2026-07-20,北京,,中标公告,北京市政府采购网,https://www.ggzy.gov.cn/information/deal/html/a/110000/0202/20260720/001189eb1be75b6342c087dab5422de2d451.html,信息化,信息化,信息化;校舍维修改造,小学,是,是
00131dd19ff93cea4e51a697a886267ae79a,Z1303002605982301交建里小学草皮更换等维修改造结果公告,2026-07-20,河北省,,中标公告,秦皇岛市公共资源交易网,https://www.ggzy.gov.cn/information/deal/html/a/130000/0202/20260720/00131dd19ff93cea4e51a697a886267ae79a.html,校舍维修改造,校舍维修改造,校舍维修改造,小学,否,否
00145d3076f006f64aa78758d8ef6b037863,阳城县第三小学竞争性磋商阳城县第三小学厕所维修改造结果公告,2026-07-20,山西省,,中标公告,,https://www.ggzy.gov.cn/information/deal/html/a/140000/0202/20260720/00145d3076f006f64aa78758d8ef6b037863.html,校舍维修改造,校舍维修改造,校舍维修改造,小学,否,否
0043bcee27b838ef417b99c41660f799398c,南县华阁镇河口小学田径运动场修缮工程成交公告,2026-07-20,湖南省,,中标公告,,https://www.ggzy.gov.cn/information/deal/html/a/430000/0202/20260720/0043bcee27b838ef417b99c41660f799398c.html,校舍维修改造,校舍维修改造,校舍维修改造,小学,否,否
00113b04a25c3a444647927b615a56eabc3d,延庆区2026年度北京市中小学食堂提升项目成交公告,2026-07-20,北京,,中标公告,北京市政府采购网,https://www.ggzy.gov.cn/information/deal/html/a/110000/0202/20260720/00113b04a25c3a444647927b615a56eabc3d.html,食堂设备,食堂设备,食堂设备,教育局统筹,否,否
0042d5259d031f8e407e9dff4da3711ff87f,来凤县实验小学学生食堂操作间维修改造项目中标成交公告,2026-07-20,湖北省,,中标公告,湖北省政府采购网,https://www.ggzy.gov.cn/information/deal/html/a/420000/0202/20260720/0042d5259d031f8e407e9dff4da3711ff87f.html,校舍维修改造,校舍维修改造,校舍维修改造;食堂设备,小学,否,否
0042077e6a155593403b8a86ffe0dd506120,汉川市杨林沟镇杨林小学新建运动场建设项目中标成交公告,2026-07-20,湖北省,,中标公告,湖北省政府采购网,https://www.ggzy.gov.cn/information/deal/html/a/420000/0202/20260720/0042077e6a155593403b8a86ffe0dd506120.html,校舍维修改造,校舍维修改造,校舍维修改造,小学,否,否
0042ba8e53a53d3d4f18b0958c47b5813c06,宣恩县松坪实验小学运动场维修改造项目中标(成交)公告,2026-07-20,湖北省,,中标公告,湖北省政府采购网,https://www.ggzy.gov.cn/information/deal/html/a/420000/0202/20260720/0042ba8e53a53d3d4f18b0958c47b5813c06.html,校舍维修改造,校舍维修改造,校舍维修改造,小学,否,否
00312eff112511fb46c79373f1410d6c1010,上海市杨浦区教育局五角场小学(东部)新建工程空调采购的中标（成交）结果公告,2026-07-20,上海市,,中标公告,上海政府采购网,https://www.ggzy.gov.cn/information/deal/html/a/310000/0202/20260720/00312eff112511fb46c79373f1410d6c1010.html,校舍维修改造,校舍维修改造,校舍维修改造;工程配套,教育局统筹,否,否
0013a7779c46dca14b21b775caf4b327f16d,宁晋县耿庄桥镇孟家庄小学等11所学校食堂屋顶改造项目中标公告,2026-07-20,河北省,,中标公告,邢台市公共资源交易中心,https://www.ggzy.gov.cn/information/deal/html/a/130000/0202/20260720/0013a7779c46dca14b21b775caf4b327f16d.html,校舍维修改造,校舍维修改造,校舍维修改造;食堂设备,小学,否,否
004225d4a4fc62f24deaa27cfab2b218b14c,黄冈中学附属小学办公家具等设备采购项目中标结果公告,2026-07-20,湖北省,,中标公告,湖北省政府采购网,https://www.ggzy.gov.cn/information/deal/html/a/420000/0202/20260720/004225d4a4fc62f24deaa27cfab2b218b14c.html,课桌椅,课桌椅,课桌椅,小学,否,否
0022175b44f92de14068928c7606253de400,2026年安图县第二实验小学校食堂及教学楼附属设施维修改造项目中标(成交)结果公告,2026-07-20,吉林省,,中标公告,延边朝鲜族自治州政府采购中心(新),https://www.ggzy.gov.cn/information/deal/html/a/220000/0202/20260720/0022175b44f92de14068928c7606253de400.html,校舍维修改造,校舍维修改造,校舍维修改造;食堂设备,小学,否,否
0045d8dbdceb25034b59be0741e6ade57022,广西磐鸿工程咨询有限公司关于凤山县平乐瑶族乡中心小学运动场地维修造项目（HCZC2026-C2-230018-GXPH）成交结果公告,2026-07-20,广西壮族自治区,,中标公告,河池市公共资源交易中心,https://www.ggzy.gov.cn/information/deal/html/a/450000/0202/20260720/0045d8dbdceb25034b59be0741e6ade57022.html,校舍维修改造,校舍维修改造,校舍维修改造;后勤服务,小学,否,否
004569442b61a7204eb88ac02e8edc4a3d74,广西磐鸿工程咨询有限公司关于凤山县凤城镇思源小学田径运动场、校道维修改造项目（HCZC2026-C2-230025-GXPH）成交结果公告,2026-07-20,广西壮族自治区,,中标公告,河池市公共资源交易中心,https://www.ggzy.gov.cn/information/deal/html/a/450000/0202/20260720/004569442b61a7204eb88ac02e8edc4a3d74.html,校舍维修改造,校舍维修改造,校舍维修改造;后勤服务,小学,否,否
00452387d4a658e142238c74f5080a19ddde,广西磐鸿工程咨询有限公司关于凤山县第一小学运动场地、教学楼维修改造项目（HCZC2026-C2-230023-GXPH）成交结果公告,2026-07-20,广西壮族自治区,,中标公告,河池市公共资源交易中心,https://www.ggzy.gov.cn/information/deal/html/a/450000/0202/20260720/00452387d4a658e142238c74f5080a19ddde.html,校舍维修改造,校舍维修改造,校舍维修改造;后勤服务,小学,否,否
0015c2032acd0318447d8afda5f6a458e24f,包头稀土高新技术产业开发区东方希望小学包头稀土高新区东方希望小学操场改造项目中标（成交）结果公告,2026-07-20,内蒙古自治区,,中标公告,,https://www.ggzy.gov.cn/information/deal/html/a/150000/0202/20260720/0015c2032acd0318447d8afda5f6a458e24f.html,校舍维修改造,校舍维修改造,校舍维修改造,小学,否,否
00445393d38bc7aa4e358282b36d60726e5c,东莞松山湖实验小学物业管理服务采购项目结果公告,2026-07-20,广东省,,中标公告,,https://www.ggzy.gov.cn/information/deal/html/a/440000/0202/20260720/00445393d38bc7aa4e358282b36d60726e5c.html,后勤服务,其他,后勤服务,小学,否,否
004239026d7c02b84ef9b096fc24c1c473a9,洪湖市第一小学洪湖市第一小学食堂改扩建项目中标(成交)结果公告,2026-07-20,湖北省,,中标公告,湖北省政府采购网,https://www.ggzy.gov.cn/information/deal/html/a/420000/0202/20260720/004239026d7c02b84ef9b096fc24c1c473a9.html,校舍维修改造,校舍维修改造,校舍维修改造;食堂设备,小学,否,否
0045897f126f319c437c93c975bf25a4de05,广西磐鸿工程咨询有限公司关于凤山县第一小学运动场地、教学楼维修改造项目成交公告,2026-07-20,广西壮族自治区,,中标公告,广西壮族自治区公共资源电子交易系统,https://www.ggzy.gov.cn/information/deal/html/a/450000/0202/20260720/0045897f126f319c437c93c975bf25a4de05.html,校舍维修改造,校舍维修改造,校舍维修改造;后勤服务,小学,否,否
00130b94110123684481aebb0dd101431efc,Z1306832600492301安国市朝阳路小学操场改造项目结果公告,2026-07-20,河北省,,中标公告,保定市公共资源交易中心,https://www.ggzy.gov.cn/information/deal/html/a/130000/0202/20260720/00130b94110123684481aebb0dd101431efc.html,校舍维修改造,校舍维修改造,校舍维修改造,小学,否,否
0011b21d18c28df94d60ad9ca338c1828d9e,资产-2026年中小学校园食堂质量提升项目 （第四包）中标公告,2026-07-20,北京,,中标公告,北京市政府采购网,https://www.ggzy.gov.cn/information/deal/html/a/110000/0202/20260720/0011b21d18c28df94d60ad9ca338c1828d9e.html,食堂设备,食堂设备,食堂设备,教育局统筹,否,否
00112c85747a25f842f0b36479f6b8b2bdc8,中小学额度指标人员经费（2026年区级）初等教育服务采购项目（2025至2026年中小学额度教师教育服务项目）中标公告,2026-07-20,北京,,中标公告,北京市政府采购网,https://www.ggzy.gov.cn/information/deal/html/a/110000/0202/20260720/00112c85747a25f842f0b36479f6b8b2bdc8.html,其他,其他,,教育局统筹,否,否
0045bbc41b727dc54c3b8248c0df486e4c04,广西磐鸿工程咨询有限公司关于凤山县平乐瑶族乡中心小学运动场地维修造项目成交公告,2026-07-20,广西壮族自治区,,中标公告,广西壮族自治区公共资源电子交易系统,https://www.ggzy.gov.cn/information/deal/html/a/450000/0202/20260720/0045bbc41b727dc54c3b8248c0df486e4c04.html,校舍维修改造,校舍维修改造,校舍维修改造;后勤服务,小学,否,否
00432f6cf106a8c248fba7069f9ede481862,永州市零陵区徐家井小学食堂改扩建项目成交结果公告,2026-07-20,湖南省,,中标公告,,https://www.ggzy.gov.cn/information/deal/html/a/430000/0202/20260720/00432f6cf106a8c248fba7069f9ede481862.html,校舍维修改造,校舍维修改造,校舍维修改造;食堂设备,小学,否,否
0014c2232921036f402ea119abbde4f6693a,沁水县定都小学楼顶彩钢瓦加装项目结果公告,2026-07-20,山西省,,中标公告,,https://www.ggzy.gov.cn/information/deal/html/a/140000/0202/20260720/0014c2232921036f402ea119abbde4f6693a.html,其他,其他,,小学,否,否
004212a3d37f60ce40648296d87f86783883,2026青菱小学食堂劳务服务结果公告,2026-07-20,湖北省,,中标公告,湖北省政府采购网,https://www.ggzy.gov.cn/information/deal/html/a/420000/0202/20260720/004212a3d37f60ce40648296d87f86783883.html,食堂设备,食堂设备,食堂设备;后勤服务,小学,否,否
0033c37311ed0bd14382b8e7af8cee4a2473,浙江鼎力工程项目管理有限公司关于景宁畲族自治县第一实验小学风雨连廊建设及“温馨教室”改造提升工程中标(成交)结果公告,2026-07-20,浙江省,,中标公告,丽水市公共资源交易网,https://www.ggzy.gov.cn/information/deal/html/a/330000/0202/20260720/0033c37311ed0bd14382b8e7af8cee4a2473.html,校舍维修改造,校舍维修改造,校舍维修改造,小学,否,否
0022ec95d9d05ba04daea66945a533285d3a,伊通满族自治县实验小学校运动场改造项目工程成交结果公告,2026-07-20,吉林省,,中标公告,四平市政务服务中心(新),https://www.ggzy.gov.cn/information/deal/html/a/220000/0202/20260720/0022ec95d9d05ba04daea66945a533285d3a.html,校舍维修改造,校舍维修改造,校舍维修改造,小学,否,否
00658f19729d6f74436687af3d1d4b359ae5,和布克赛尔蒙古自治县第二小学风雨操场附属工程建设项目（二次）中标(成交)结果公告,2026-07-20,新疆维吾尔自治区,,中标公告,新疆维吾尔自治区公共资源交易平台,https://www.ggzy.gov.cn/information/deal/html/a/650000/0202/20260720/00658f19729d6f74436687af3d1d4b359ae5.html,校舍维修改造,校舍维修改造,校舍维修改造,小学,否,否
0014c33627feb1eb44b09843dafbae4ae9bc,长治市潞州区梅辉坡小学校园维修改造结果公告,2026-07-20,山西省,,中标公告,,https://www.ggzy.gov.cn/information/deal/html/a/140000/0202/20260720/0014c33627feb1eb44b09843dafbae4ae9bc.html,校舍维修改造,校舍维修改造,校舍维修改造,小学,否,否
00351b7896a43ef947d1ae600a8a734794e3,诏安县2026年中小学课桌椅采购项目结果公告（采购包1）,2026-07-20,福建省,,中标公告,漳州市公共资源交易中心,https://www.ggzy.gov.cn/information/deal/html/a/350000/0202/20260720/00351b7896a43ef947d1ae600a8a734794e3.html,课桌椅,课桌椅,课桌椅,教育局统筹,否,否
0042e7806feeb15844dd97b96a187b4a9440,双喜小学运动场改造提升工程中标结果公告,2026-07-20,湖北省,,中标公告,湖北省政府采购网,https://www.ggzy.gov.cn/information/deal/html/a/420000/0202/20260720/0042e7806feeb15844dd97b96a187b4a9440.html,校舍维修改造,校舍维修改造,校舍维修改造,小学,否,否
0033103d31ab15514a288a89eff01c150664,杭州盛新项目管理咨询有限公司关于杭州市余杭区仁和小学2026年8月至2027年7月食堂服务外包采购项目中标(成交)结果公告,2026-07-20,浙江省,,中标公告,杭州市公共资源交易网,https://www.ggzy.gov.cn/information/deal/html/a/330000/0202/20260720/0033103d31ab15514a288a89eff01c150664.html,食堂设备,食堂设备,食堂设备;后勤服务,小学,否,否
00613c9b5db3ec3c467eaa344d18b9848d91,吴堡县第一完全小学运动场地扩建项目中标（成交）结果公告,2026-07-20,陕西省,,中标公告,全国公共资源交易平台（陕西省）,https://www.ggzy.gov.cn/information/deal/html/a/610000/0202/20260720/00613c9b5db3ec3c467eaa344d18b9848d91.html,校舍维修改造,校舍维修改造,校舍维修改造,小学,否,否
003392d1c8e097634316a29803b3810c043a,杭州华厦建筑咨询有限公司关于杭州市余杭区良渚七贤小学2026年9月-2028年7月食堂服务外包项目中标(成交)结果公告,2026-07-20,浙江省,,中标公告,杭州市公共资源交易网,https://www.ggzy.gov.cn/information/deal/html/a/330000/0202/20260720/003392d1c8e097634316a29803b3810c043a.html,食堂设备,食堂设备,食堂设备;后勤服务,小学,否,否
004283a4702594884c34b887ed2834555aa5,孝南区实验小学前教学楼及大门改造工程中标(成交)结果公告,2026-07-20,湖北省,,中标公告,湖北省政府采购网,https://www.ggzy.gov.cn/information/deal/html/a/420000/0202/20260720/004283a4702594884c34b887ed2834555aa5.html,校舍维修改造,校舍维修改造,校舍维修改造,小学,否,否
00617bcddb8c59fd463bb9277bd32bc6382e,榆林高新第五小学北校区基础设施安全隐忠整改及南校区异味消除项目中标（成交）结果公告,2026-07-20,陕西省,,中标公告,全国公共资源交易平台（陕西省）,https://www.ggzy.gov.cn/information/deal/html/a/610000/0202/20260720/00617bcddb8c59fd463bb9277bd32bc6382e.html,其他,其他,,小学,否,否
00615b19a5e06c8e4a37ac8721788ebe7ea6,神木市锦界第二小学餐厅及卫生间改造采购结果公告,2026-07-20,陕西省,,中标公告,全国公共资源交易平台（陕西省）,https://www.ggzy.gov.cn/information/deal/html/a/610000/0202/20260720/00615b19a5e06c8e4a37ac8721788ebe7ea6.html,校舍维修改造,校舍维修改造,校舍维修改造;食堂设备,小学,否,否
00611711ed516bb346aba705d3b2d93110ab,榆林市第一小学强弱电改造项目工程采购结果公告,2026-07-20,陕西省,,中标公告,全国公共资源交易平台（陕西省）,https://www.ggzy.gov.cn/information/deal/html/a/610000/0202/20260720/00611711ed516bb346aba705d3b2d93110ab.html,校舍维修改造,校舍维修改造,校舍维修改造,小学,否,否
003354f6a3e37d7142ef8b09f3084f630220,关于衢州市柯城区实验小学午休躺椅采购项目中标(成交)结果公告,2026-07-20,浙江省,,中标公告,衢州市公共资源交易网,https://www.ggzy.gov.cn/information/deal/html/a/330000/0202/20260720/003354f6a3e37d7142ef8b09f3084f630220.html,其他,其他,,小学,否,否
00360c34f564d1ae4ed5a4e0998296f2884f,赣州市启航招标代理有限公司关于江西省兴国县教育体育局兴国县第九中学附属小学金叶二小教学一体机、办公电脑及学生机房、教学仪器项目（项目编号：GZQH2026-XG-G006）电子化公开招标结果公告,2026-07-20,江西省,,中标公告,赣州市公共资源交易中心,https://www.ggzy.gov.cn/information/deal/html/a/360000/0202/20260720/00360c34f564d1ae4ed5a4e0998296f2884f.html,智慧黑板,智慧黑板,智慧黑板;信息化设备;教学仪器,教育局统筹,是,是
0021a421fc7245524ee589674dee541caf7e,沈阳市浑南区第八小学食堂委托经营项目采购结果公告,2026-07-20,辽宁省,,中标公告,辽宁政府采购网,https://www.ggzy.gov.cn/information/deal/html/a/210000/0202/20260720/0021a421fc7245524ee589674dee541caf7e.html,食堂设备,食堂设备,食堂设备,小学,否,否
00218fe322b7ed2d4719849e74fbb0aa85c5,沈阳市浑南区第三小学食堂委托经营项目采购结果公告,2026-07-20,辽宁省,,中标公告,辽宁政府采购网,https://www.ggzy.gov.cn/information/deal/html/a/210000/0202/20260720/00218fe322b7ed2d4719849e74fbb0aa85c5.html,食堂设备,食堂设备,食堂设备,小学,否,否
00218e12846c6b804ed3be7e867e50583d36,喀左县第四小学教学楼外墙保温及更换外窗维修工程项目结果公告,2026-07-20,辽宁省,,中标公告,辽宁政府采购网,https://www.ggzy.gov.cn/information/deal/html/a/210000/0202/20260720/00218e12846c6b804ed3be7e867e50583d36.html,校舍维修改造,校舍维修改造,校舍维修改造,小学,否,否
0021895aa1cf7941454a88f36c91585c958a,2026年度育红小学改造项目（第二次）结果公告,2026-07-20,辽宁省,,中标公告,辽宁政府采购网,https://www.ggzy.gov.cn/information/deal/html/a/210000/0202/20260720/0021895aa1cf7941454a88f36c91585c958a.html,校舍维修改造,校舍维修改造,校舍维修改造,小学,否,否
002157236322c83a4d4587312364089aa92f,喀喇沁左翼蒙古族自治县第五小学教学楼外墙保温及更换窗户校舍维修工程项目结果公告,2026-07-20,辽宁省,,中标公告,辽宁政府采购网,https://www.ggzy.gov.cn/information/deal/html/a/210000/0202/20260720/002157236322c83a4d4587312364089aa92f.html,校舍维修改造,校舍维修改造,校舍维修改造,小学,否,否
0021358b627eabf34148bbe100835cb81f9d,沈阳市大东区二0五小学购买师生餐饮服务结果公告,2026-07-20,辽宁省,,中标公告,辽宁政府采购网,https://www.ggzy.gov.cn/information/deal/html/a/210000/0202/20260720/0021358b627eabf34148bbe100835cb81f9d.html,后勤服务,其他,后勤服务,小学,否,否
00212dcc4126a9334ba9ac6d95bdce0c78b8,北师大附属小学幼儿园维修改造工程结果公告,2026-07-20,辽宁省,,中标公告,辽宁政府采购网,https://www.ggzy.gov.cn/information/deal/html/a/210000/0202/20260720/00212dcc4126a9334ba9ac6d95bdce0c78b8.html,校舍维修改造,校舍维修改造,校舍维修改造,小学,否,否
00374956e9492e8949f9a098acc89e9c5e27,淄博实验中学田径场维修维护项目成交结果公告,2026-07-25,山东省,,中标公告,淄博市公共资源交易平台电子交易系统,https://www.ggzy.gov.cn/information/deal/html/a/370000/0202/20260725/00374956e9492e8949f9a098acc89e9c5e27.html,校舍维修改造,校舍维修改造,校舍维修改造,一贯制未分段,否,否
00650e26d89951f94498850fc537cc5082f3,阿瓦提县教育局采购阿瓦提县第一中学等4所学校智考实验室提升改造项目中标(成交)结果公告,2026-07-24,新疆维吾尔自治区,,中标公告,新疆维吾尔自治区公共资源交易平台,https://www.ggzy.gov.cn/information/deal/html/a/650000/0202/20260724/00650e26d89951f94498850fc537cc5082f3.html,校舍维修改造,校舍维修改造,校舍维修改造;实验室设备,教育局统筹,否,否
006588541baa26034159bd1ebc27c4814d49,吐鲁番市托克逊县改善普通高中学校办学条件信息化设备采购项目-信息化设备中标(成交)结果公告,2026-07-24,新疆维吾尔自治区,,中标公告,新疆维吾尔自治区公共资源交易平台,https://www.ggzy.gov.cn/information/deal/html/a/650000/0202/20260724/006588541baa26034159bd1ebc27c4814d49.html,信息化,信息化,信息化,高中,是,是
00655f80ba5504944dc48228feb8ee83696b,2026年度独山子第二中学食堂主要食材（肉类（牛羊鸡肉））采购项目（二次）中标(成交)结果公告,2026-07-24,新疆维吾尔自治区,,中标公告,新疆维吾尔自治区公共资源交易平台,https://www.ggzy.gov.cn/information/deal/html/a/650000/0202/20260724/00655f80ba5504944dc48228feb8ee83696b.html,食堂设备,食堂设备,食堂设备;后勤服务,一贯制未分段,否,否
00657694c5eff91e4eacbe30a1217b1cb954,乌鲁木齐市第六十六中学校服采购项目（二次）中标(成交)结果公告,2026-07-24,新疆维吾尔自治区,,中标公告,新疆维吾尔自治区公共资源交易平台,https://www.ggzy.gov.cn/information/deal/html/a/650000/0202/20260724/00657694c5eff91e4eacbe30a1217b1cb954.html,校服,校服,校服,一贯制未分段,否,否
0065643234658ac24023ba07c9597b8f3255,布尔津县第一初级中学学生宿舍组合床采购（二次）中标(成交)结果公告,2026-07-24,新疆维吾尔自治区,,中标公告,新疆维吾尔自治区公共资源交易平台,https://www.ggzy.gov.cn/information/deal/html/a/650000/0202/20260724/0065643234658ac24023ba07c9597b8f3255.html,课桌椅,课桌椅,课桌椅,初中,否,否
00636d4ba9d24171462ab30b18ab66e5bfc9,湟源县第一中学消防设施维修项目中标(成交)结果公告,2026-07-24,青海省,,中标公告,青海省公共资源交易网,https://www.ggzy.gov.cn/information/deal/html/a/630000/0202/20260724/00636d4ba9d24171462ab30b18ab66e5bfc9.html,校舍维修改造,校舍维修改造,校舍维修改造;校园安防,一贯制未分段,否,否
003563762601b1de43c281da85a360c5d182,厦门双十中学金海分校综合布线、安防设备及广播等信息化建设结果公告（采购包1）,2026-07-24,福建省,,中标公告,厦门市公共资源交易中心,https://www.ggzy.gov.cn/information/deal/html/a/350000/0202/20260724/003563762601b1de43c281da85a360c5d182.html,信息化,信息化,信息化;校园安防,一贯制未分段,是,是
005133a8af8f8ec044208316bd1f6cc6dc88,四川省泸州市泸州老窖天府中学停车场建设项目中标（成交）结果公告,2026-07-24,四川省,,中标公告,,https://www.ggzy.gov.cn/information/deal/html/a/510000/0202/20260724/005133a8af8f8ec044208316bd1f6cc6dc88.html,其他,其他,,一贯制未分段,否,否
00449b7df829d7544e4a9ec4b3d29b9f280a,东莞市虎门中学教学家具项目结果公告,2026-07-24,广东省,,中标公告,,https://www.ggzy.gov.cn/information/deal/html/a/440000/0202/20260724/00449b7df829d7544e4a9ec4b3d29b9f280a.html,课桌椅,课桌椅,课桌椅,一贯制未分段,否,否
0032d9c44bfe955c40b2a0b62142537b048a,洪泽中学教师办公室升级改造及教室门更换项目（采购包2：教室门更换）成交公告采购包1,2026-07-24,江苏省,,中标公告,,https://www.ggzy.gov.cn/information/deal/html/a/320000/0202/20260724/0032d9c44bfe955c40b2a0b62142537b048a.html,校舍维修改造,校舍维修改造,校舍维修改造,一贯制未分段,否,否
00320d1ca8b1f41e40be9cbb85eee081a01d,昆山市柏庐高级中学物业管理服务项目成交公告采购包1,2026-07-24,江苏省,,中标公告,,https://www.ggzy.gov.cn/information/deal/html/a/320000/0202/20260724/00320d1ca8b1f41e40be9cbb85eee081a01d.html,后勤服务,其他,后勤服务,高中,否,否
00621207bd300b2e43bba45eeaea09b74c5b,金昌市第一中学实践基地校区物业管理服务 中标（成交）结果公告,2026-07-24,甘肃省,,中标公告,金昌市公共资源交易平台,https://www.ggzy.gov.cn/information/deal/html/a/620000/0202/20260724/00621207bd300b2e43bba45eeaea09b74c5b.html,后勤服务,其他,后勤服务,一贯制未分段,否,否
0013d9a6163a64204295bb7c3b1923523535,Z1309002602512001沧州市第二中学新建教学楼墙壁吸音板采购项目结果公告,2026-07-24,河北省,,中标公告,,https://www.ggzy.gov.cn/information/deal/html/a/130000/0202/20260724/0013d9a6163a64204295bb7c3b1923523535.html,校舍维修改造,校舍维修改造,校舍维修改造,一贯制未分段,否,否
00454273ad7141e04660bab7b784c0ec4c89,河池市金城江区2022年教育攻坚项目—金城江区第八初级中学教育信息化设备采购工程中标结果公告（项目编号：HCZB2026-G1-009-GXDZ）,2026-07-24,广西壮族自治区,,中标公告,河池市公共资源交易中心,https://www.ggzy.gov.cn/information/deal/html/a/450000/0202/20260724/00454273ad7141e04660bab7b784c0ec4c89.html,信息化,信息化,信息化,初中,是,是
00632cb50511af5b4827972d7271e288e3d2,2026年互助土族自治县第一中学校舍维修改造项目中标公示,2026-07-24,青海省,,中标公告,青海省公共资源交易网,https://www.ggzy.gov.cn/information/deal/html/a/630000/0202/20260724/00632cb50511af5b4827972d7271e288e3d2.html,校舍维修改造,校舍维修改造,校舍维修改造,一贯制未分段,否,否
0062fae1a629e67143da8e64b0bbbac6111d,白银市白银区培文中学学生宿舍改造项目,2026-07-24,甘肃省,,中标公告,白银市公共资源交易平台,https://www.ggzy.gov.cn/information/deal/html/a/620000/0202/20260724/0062fae1a629e67143da8e64b0bbbac6111d.html,校舍维修改造,校舍维修改造,校舍维修改造,一贯制未分段,否,否
006227242ba57b8e4608a4518fca981aecd3,白银市平川区宝积中学操场及附属工程建设项目,2026-07-24,甘肃省,,中标公告,白银市公共资源交易平台,https://www.ggzy.gov.cn/information/deal/html/a/620000/0202/20260724/006227242ba57b8e4608a4518fca981aecd3.html,校舍维修改造,校舍维修改造,校舍维修改造,一贯制未分段,否,否
0045f162ac6d127f4958b39926a649c67996,广西福展工程咨询有限公司关于贵港市第十二高级中学大宗食品采购项目（项目编号：GGZC2026-C3-990201-GXFZ）成交结果公告,2026-07-24,广西壮族自治区,,中标公告,广西壮族自治区公共资源电子交易系统,https://www.ggzy.gov.cn/information/deal/html/a/450000/0202/20260724/0045f162ac6d127f4958b39926a649c67996.html,后勤服务,其他,后勤服务,高中,否,否
0012363adc3663bc4c3cbe04e20d905701f0,天津市第四十一中学 天津市第四十一中学2026年度保安服务项目 (项目编号:TJHX-2026-D-0067)中标公告,2026-07-24,天津市,,中标公告,天津市公共资源交易平台交易系统,https://www.ggzy.gov.cn/information/deal/html/a/120000/0202/20260724/0012363adc3663bc4c3cbe04e20d905701f0.html,后勤服务,其他,后勤服务,一贯制未分段,否,否
00444e5ae2e4ccee4f1aa52381ba61e6bcb7,东莞市第九高级中学理化生实验室设备购置项目结果公告,2026-07-24,广东省,,中标公告,,https://www.ggzy.gov.cn/information/deal/html/a/440000/0202/20260724/00444e5ae2e4ccee4f1aa52381ba61e6bcb7.html,实验室设备,实验室设备,实验室设备,高中,否,否
0035feca2f2efa0a482eb4b2a9c16f137493,宁德市民族中学2026-2027、2027-2028两学年学校物业管理服务采购项目结果公告（采购包1）,2026-07-24,福建省,,中标公告,宁德市公共资源交易中心,https://www.ggzy.gov.cn/information/deal/html/a/350000/0202/20260724/0035feca2f2efa0a482eb4b2a9c16f137493.html,后勤服务,其他,后勤服务,一贯制未分段,否,否
00654f006c7c9a8e4e16b88257346cd5fbf8,玛纳斯县第三中学薄改项目（地面改造项目和生态厕所改造项目）二次中标(成交)结果公告,2026-07-24,新疆维吾尔自治区,,中标公告,新疆维吾尔自治区公共资源交易平台,https://www.ggzy.gov.cn/information/deal/html/a/650000/0202/20260724/00654f006c7c9a8e4e16b88257346cd5fbf8.html,校舍维修改造,校舍维修改造,校舍维修改造,一贯制未分段,否,否
0044fda5fafe0eed49d9a895600ad1f35161,清远市华侨中学饭堂食材配送采购项目结果公告,2026-07-24,广东省,,中标公告,,https://www.ggzy.gov.cn/information/deal/html/a/440000/0202/20260724/0044fda5fafe0eed49d9a895600ad1f35161.html,后勤服务,其他,后勤服务,一贯制未分段,否,否
006256fb73befd764fb2adfbff7d63dcdf5b,武威第二十一中学电教设备采购项目,2026-07-24,甘肃省,,中标公告,武威市公共资源交易平台,https://www.ggzy.gov.cn/information/deal/html/a/620000/0202/20260724/006256fb73befd764fb2adfbff7d63dcdf5b.html,其他,其他,,一贯制未分段,否,否
00511a4de131b9ad4911addd09a427e181fa,西昌市川兴中学智慧黑板采购项目中标（成交）结果公告,2026-07-24,四川省,,中标公告,,https://www.ggzy.gov.cn/information/deal/html/a/510000/0202/20260724/00511a4de131b9ad4911addd09a427e181fa.html,智慧黑板,智慧黑板,智慧黑板,一贯制未分段,是,是
004408d6df546d114a379c94029759ef8ea1,深圳市第二高级中学深汕学校二期教学及办公家具采购项目中标（成交）结果公告,2026-07-24,广东省,,中标公告,,https://www.ggzy.gov.cn/information/deal/html/a/440000/0202/20260724/004408d6df546d114a379c94029759ef8ea1.html,课桌椅,课桌椅,课桌椅,高中,否,否
00130259d8dc4f7f4cb382a9b26a31eec0e0,Z1310252600292301大城县大尚屯中学（齐圪垯校区）运动场项目结果公告,2026-07-24,河北省,,中标公告,廊坊市公共资源交易中心,https://www.ggzy.gov.cn/information/deal/html/a/130000/0202/20260724/00130259d8dc4f7f4cb382a9b26a31eec0e0.html,校舍维修改造,校舍维修改造,校舍维修改造,一贯制未分段,否,否
0015622a68e0626e49e19327b81ba70c99bc,通辽市第五中学新城校区购置教学设施设备中标（成交）结果公告,2026-07-24,内蒙古自治区,,中标公告,,https://www.ggzy.gov.cn/information/deal/html/a/150000/0202/20260724/0015622a68e0626e49e19327b81ba70c99bc.html,其他,其他,,一贯制未分段,否,否
00132050d270e13243e7b3a722324d7f9ecb,Z1306362600392301顺平县第三初级中学食堂改扩建项目结果公告,2026-07-24,河北省,,中标公告,保定市公共资源交易中心,https://www.ggzy.gov.cn/information/deal/html/a/130000/0202/20260724/00132050d270e13243e7b3a722324d7f9ecb.html,校舍维修改造,校舍维修改造,校舍维修改造;食堂设备,初中,否,否
004421fbd190f8374315ad513e5886d64828,茂名市第一中学新城校区一期建设项目家具采购结果公告,2026-07-24,广东省,,中标公告,,https://www.ggzy.gov.cn/information/deal/html/a/440000/0202/20260724/004421fbd190f8374315ad513e5886d64828.html,课桌椅,课桌椅,课桌椅,一贯制未分段,否,否
003225c1d9a517ac4047b07c52ec8e3ead89,如东县第一高级中学“扶海生态圈”地理课程开发与实践基地项目中标公告采购包1,2026-07-24,江苏省,,中标公告,,https://www.ggzy.gov.cn/information/deal/html/a/320000/0202/20260724/003225c1d9a517ac4047b07c52ec8e3ead89.html,其他,其他,,高中,否,否
0042c9ef374f07a048d6bdc740cf3fd19402,武汉市江夏区金口中学2026-2027年度金口中学学校打印复印油印中标(成交)结果公告,2026-07-24,湖北省,,中标公告,湖北省政府采购网,https://www.ggzy.gov.cn/information/deal/html/a/420000/0202/20260724/0042c9ef374f07a048d6bdc740cf3fd19402.html,其他,其他,,一贯制未分段,否,否
0021f9759f8f1050435898c719fa0504ef7d,大连市第十三中学升级改造项目弱电设备（监控 广播 网络）采购中标结果公示,2026-07-24,辽宁省,,中标公告,大连市公共资源交易平台,https://www.ggzy.gov.cn/information/deal/html/a/210000/0202/20260724/0021f9759f8f1050435898c719fa0504ef7d.html,校舍维修改造,校舍维修改造,校舍维修改造;校园安防,一贯制未分段,否,否
00213909fb515620403899e1074343f0e26e,大连市第十三中学校园电视台设备和微课系统采购项目采购中标结果公示,2026-07-24,辽宁省,,中标公告,大连市公共资源交易平台,https://www.ggzy.gov.cn/information/deal/html/a/210000/0202/20260724/00213909fb515620403899e1074343f0e26e.html,其他,其他,,一贯制未分段,否,否
005169eaf8ba1a634c3383b7a63b20be5f60,攀枝花市仁和区教育和体育局攀枝花市大河中学校采购学生床中标（成交）结果公告,2026-07-24,四川省,,中标公告,,https://www.ggzy.gov.cn/information/deal/html/a/510000/0202/20260724/005169eaf8ba1a634c3383b7a63b20be5f60.html,课桌椅,课桌椅,课桌椅,教育局统筹,否,否
006592d23f2a2d3e4bb4bcc0e112eee6c8a9,库尔勒市第二中学2026年学生（内初班七年级）春秋季、夏季和冬季校服采购项目中标(成交)结果公告,2026-07-24,新疆维吾尔自治区,,中标公告,新疆维吾尔自治区公共资源交易平台,https://www.ggzy.gov.cn/information/deal/html/a/650000/0202/20260724/006592d23f2a2d3e4bb4bcc0e112eee6c8a9.html,校服,校服,校服,一贯制未分段,否,否
00147175ef3e64bc4ff496a874de6a03e336,孝义市第七中学校竞争性磋商孝义七中操场维修工程结果公告,2026-07-24,山西省,,中标公告,,https://www.ggzy.gov.cn/information/deal/html/a/140000/0202/20260724/00147175ef3e64bc4ff496a874de6a03e336.html,校舍维修改造,校舍维修改造,校舍维修改造,一贯制未分段,否,否
005122e475a12743436484fe7bf11ff9f76e,越西县越城镇西城中学越城镇西城中学扩建项目工程设计服务采购项目中标（成交）结果公告,2026-07-24,四川省,,中标公告,,https://www.ggzy.gov.cn/information/deal/html/a/510000/0202/20260724/005122e475a12743436484fe7bf11ff9f76e.html,校舍维修改造,校舍维修改造,校舍维修改造,一贯制未分段,否,否
004409fc3f780d664afbb3fd841fa45f5f68,广东实验中学荔湾校区年级教师办公室室内家具采购配套（二期）项目结果公告,2026-07-24,广东省,,中标公告,,https://www.ggzy.gov.cn/information/deal/html/a/440000/0202/20260724/004409fc3f780d664afbb3fd841fa45f5f68.html,课桌椅,课桌椅,课桌椅,一贯制未分段,否,否
00630c9411d5a0324810b59050d22be5fe69,青海省三江源民族中学劳务派遣服务、校园安保服务项目（第三次）成交结果公告,2026-07-24,青海省,,中标公告,青海省公共资源交易网,https://www.ggzy.gov.cn/information/deal/html/a/630000/0202/20260724/00630c9411d5a0324810b59050d22be5fe69.html,校园安防,校园安防,校园安防;后勤服务,一贯制未分段,否,否
0051d9c3f36c5c3b4ab4a976f559ddc1bdcb,四川省射洪中学校教学楼及运动场改造项目中标（成交）结果公告,2026-07-24,四川省,,中标公告,,https://www.ggzy.gov.cn/information/deal/html/a/510000/0202/20260724/0051d9c3f36c5c3b4ab4a976f559ddc1bdcb.html,校舍维修改造,校舍维修改造,校舍维修改造,一贯制未分段,否,否
0051ff9c85fe97204a9ca1f946f847f878dc,成都理工大学附属中学2026年-2029年安全服务采购项目(二次)中标（成交）结果公告,2026-07-24,四川省,,中标公告,,https://www.ggzy.gov.cn/information/deal/html/a/510000/0202/20260724/0051ff9c85fe97204a9ca1f946f847f878dc.html,其他,其他,,一贯制未分段,否,否
00527d4695cecf804ce29f42cdc07c71d5d9,六盘水市第十中学学生宿舍维修改造项目中标（成交）结果公告,2026-07-24,贵州省,,中标公告,六盘水市公共资源交易中心,https://www.ggzy.gov.cn/information/deal/html/a/520000/0202/20260724/00527d4695cecf804ce29f42cdc07c71d5d9.html,校舍维修改造,校舍维修改造,校舍维修改造,一贯制未分段,否,否
006584a074eeb1434495829093da0d128d42,玛纳斯县第三中学多功能厅LED屏、音响灯光及辅助设施及学生教室护眼灯采购项目中标(成交)结果公告,2026-07-24,新疆维吾尔自治区,,中标公告,新疆维吾尔自治区公共资源交易平台,https://www.ggzy.gov.cn/information/deal/html/a/650000/0202/20260724/006584a074eeb1434495829093da0d128d42.html,大屏,大屏,大屏;工程配套,一贯制未分段,是,是
006284d8ae6aa436408fb53febe889a67861,和政县2026年初级中学教育教学设施设备采购项目中标结果公示,2026-07-24,甘肃省,,中标公告,临夏州公共资源交易平台,https://www.ggzy.gov.cn/information/deal/html/a/620000/0202/20260724/006284d8ae6aa436408fb53febe889a67861.html,其他,其他,,初中,否,否
00136305dd6a7bd94ad188a06f6a2ba33ae4,Z1310812600802301霸州市第六中学更换教学楼及宿舍楼门窗工程结果公告,2026-07-24,河北省,,中标公告,廊坊市公共资源交易中心,https://www.ggzy.gov.cn/information/deal/html/a/130000/0202/20260724/00136305dd6a7bd94ad188a06f6a2ba33ae4.html,工程配套,其他,工程配套,一贯制未分段,否,否
0044aed79c78e0f549839c235a5ba4bd59c5,东莞湾区中学鸿蒙教学一体机及办公电脑采购项目结果公告,2026-07-24,广东省,,中标公告,,https://www.ggzy.gov.cn/information/deal/html/a/440000/0202/20260724/0044aed79c78e0f549839c235a5ba4bd59c5.html,智慧黑板,智慧黑板,智慧黑板;信息化设备,一贯制未分段,是,是
00645ab33f88688843869397dbcf72beadcb,中卫市第三中学教育数字化揭榜挂帅数据赋能规模化因材教项目中标公告,2026-07-24,宁夏回族自治区,,中标公告,宁夏公共资源交易服务平台,https://www.ggzy.gov.cn/information/deal/html/a/640000/0202/20260724/00645ab33f88688843869397dbcf72beadcb.html,信息化,信息化,信息化,一贯制未分段,是,是
00654b2a4ccae9334b1c9d96c15fc83cce94,乌鲁木齐市第八十五中学操场改造项目中标(成交)结果公告,2026-07-24,新疆维吾尔自治区,,中标公告,新疆维吾尔自治区公共资源交易平台,https://www.ggzy.gov.cn/information/deal/html/a/650000/0202/20260724/00654b2a4ccae9334b1c9d96c15fc83cce94.html,校舍维修改造,校舍维修改造,校舍维修改造,一贯制未分段,否,否
00410e1cf73134864f6aab07cc5863c843f6,漯河市高级中学北校区学生机房项目-成交公告,2026-07-24,河南省,,中标公告,漯河市公共资源交易中心,https://www.ggzy.gov.cn/information/deal/html/a/410000/0202/20260724/00410e1cf73134864f6aab07cc5863c843f6.html,信息化设备,信息化设备,信息化设备,高中,是,是
005113f77710b9054ccabe8589664bf371cf,四川省眉山中学校建设提升工程智慧宿管和门禁系统采购中标（成交）结果公告,2026-07-24,四川省,,中标公告,,https://www.ggzy.gov.cn/information/deal/html/a/510000/0202/20260724/005113f77710b9054ccabe8589664bf371cf.html,校园安防,校园安防,校园安防,一贯制未分段,否,否
0041592ae98f89054b0c8bdd4977fc3feb80,濮阳市政府采购中心台前县教育局台前县第三中学办公、监控等设备采购项目成交公告,2026-07-24,河南省,,中标公告,濮阳市公共资源交易中心,https://www.ggzy.gov.cn/information/deal/html/a/410000/0202/20260724/0041592ae98f89054b0c8bdd4977fc3feb80.html,校园安防,校园安防,校园安防,教育局统筹,否,否
00526e26d7b66d264b8f964b9c213e57a62a,贵州省江口中学保洁、宿管、安保等服务项目(二次 )中标结果公告,2026-07-24,贵州省,,中标公告,铜仁市公共资源交易中心,https://www.ggzy.gov.cn/information/deal/html/a/520000/0202/20260724/00526e26d7b66d264b8f964b9c213e57a62a.html,校园安防,校园安防,校园安防,一贯制未分段,否,否
0032e2c1bbf8ac5648f096b2a410ecc5458e,江苏省大丰高级中学2026-2027学年食堂餐饮服务项目中标公告采购包1,2026-07-24,江苏省,,中标公告,,https://www.ggzy.gov.cn/information/deal/html/a/320000/0202/20260724/0032e2c1bbf8ac5648f096b2a410ecc5458e.html,食堂设备,食堂设备,食堂设备;后勤服务,高中,否,否
003230d5540391a648c9919458750d573857,无锡市公共资源交易中心关于无锡市第一中学太湖新城分校2026-2027年度物业服务采购中标公告JSZC-320200-JZCG-G2026-0062采购包1,2026-07-24,江苏省,,中标公告,,https://www.ggzy.gov.cn/information/deal/html/a/320000/0202/20260724/003230d5540391a648c9919458750d573857.html,后勤服务,其他,后勤服务,一贯制未分段,否,否
0042a016a96969634931bc48b1d66c7b5971,利川市教育局本级利川市第一中学整体搬迁工程PPP项目2025-2027年度绩效评价与中期评估工作第三方服务机构采购中标（成交）结果公告,2026-07-24,湖北省,,中标公告,湖北省政府采购网,https://www.ggzy.gov.cn/information/deal/html/a/420000/0202/20260724/0042a016a96969634931bc48b1d66c7b5971.html,后勤服务,其他,后勤服务,教育局统筹,否,否
0051116f80ee0f774c56bf32fa797d6a3783,高县沙河中学校食堂升级改造及电力扩容线路改造项目中标（成交）结果公告,2026-07-24,四川省,,中标公告,,https://www.ggzy.gov.cn/information/deal/html/a/510000/0202/20260724/0051116f80ee0f774c56bf32fa797d6a3783.html,校舍维修改造,校舍维修改造,校舍维修改造;食堂设备,一贯制未分段,否,否
00413c9091c8793d42efa794636c898f6002,濮阳市华龙区高级中学采购教室多媒体及空调设备项目一标段成交公告,2026-07-24,河南省,,中标公告,濮阳市公共资源交易中心,https://www.ggzy.gov.cn/information/deal/html/a/410000/0202/20260724/00413c9091c8793d42efa794636c898f6002.html,信息化设备,信息化设备,信息化设备;工程配套,高中,是,是
001455e2fd60c87f4046957018db75615484,晋城市凤鸣中学新装1250KVA箱变工程结果公告,2026-07-24,山西省,,中标公告,,https://www.ggzy.gov.cn/information/deal/html/a/140000/0202/20260724/001455e2fd60c87f4046957018db75615484.html,其他,其他,,一贯制未分段,否,否
00134ae8aa6238fa41a9986c59b6e21f40b9,Z1306302600652501涞源县第一中学2026年教材教辅用书采购项目结果公告,2026-07-24,河北省,,中标公告,保定市公共资源交易中心,https://www.ggzy.gov.cn/information/deal/html/a/130000/0202/20260724/00134ae8aa6238fa41a9986c59b6e21f40b9.html,其他,其他,,一贯制未分段,否,否
00155b779670938549c48c6d343986a7f37f,乌兰浩特市第七中学信息化设备采购(二次)中标（成交）结果公告,2026-07-24,内蒙古自治区,,中标公告,,https://www.ggzy.gov.cn/information/deal/html/a/150000/0202/20260724/00155b779670938549c48c6d343986a7f37f.html,信息化,信息化,信息化,一贯制未分段,是,是
00228186fe1f843b4681a29862a7dc514eb2,长春市长春中学智慧校园桌椅、显示设备采购项目中标（成交）结果公告,2026-07-24,吉林省,,中标公告,长春市公共资源交易中心(新),https://www.ggzy.gov.cn/information/deal/html/a/220000/0202/20260724/00228186fe1f843b4681a29862a7dc514eb2.html,智慧校园,智慧校园,智慧校园;课桌椅,一贯制未分段,是,是
0013818737155d814722a8e2112066fded9a,大名县大名中学教学楼外墙粉刷和更换断桥铝门窗项目成交结果公告,2026-07-24,河北省,,中标公告,邯郸市公共资源电子交易平台,https://www.ggzy.gov.cn/information/deal/html/a/130000/0202/20260724/0013818737155d814722a8e2112066fded9a.html,校舍维修改造,校舍维修改造,校舍维修改造;工程配套,一贯制未分段,否,否
00138561ba900d244267b78f6ce691a2407f,清河县第一中学教学楼窗户、学生餐厅型材屋面改造和宿舍楼、综合实验楼供暖设施改造工程中标公告,2026-07-24,河北省,,中标公告,邢台市公共资源交易中心,https://www.ggzy.gov.cn/information/deal/html/a/130000/0202/20260724/00138561ba900d244267b78f6ce691a2407f.html,校舍维修改造,校舍维修改造,校舍维修改造;食堂设备,一贯制未分段,否,否
002262fddf265cd6487483c92d7d4ccc25c4,舒兰市第十八中学校高一高二校区食堂屋面重做防水、防寒，台阶、门斗改造；高三校区教学楼内墙粉刷、功能室改造及围墙、月亮门维修等工程中标(成交)结果公告,2026-07-24,吉林省,,中标公告,吉林市公共资源交易网上招投标系统,https://www.ggzy.gov.cn/information/deal/html/a/220000/0202/20260724/002262fddf265cd6487483c92d7d4ccc25c4.html,校舍维修改造,校舍维修改造,校舍维修改造;实验室设备;食堂设备,一贯制未分段,否,否
002210a647627f4d49ee983f9258fc90d840,舒兰市第二高级中学校教学楼外墙保温、新建连廊等工程中标(成交)结果公告,2026-07-24,吉林省,,中标公告,吉林市公共资源交易网上招投标系统,https://www.ggzy.gov.cn/information/deal/html/a/220000/0202/20260724/002210a647627f4d49ee983f9258fc90d840.html,校舍维修改造,校舍维修改造,校舍维修改造,高中,否,否
0043124c52d257d74a18b12a9b4207f258e4,长沙市湘郡培粹实验中学隆平校区食堂设施设备采购项目结果公告,2026-07-24,湖南省,,中标公告,,https://www.ggzy.gov.cn/information/deal/html/a/430000/0202/20260724/0043124c52d257d74a18b12a9b4207f258e4.html,食堂设备,食堂设备,食堂设备,一贯制未分段,否,否
0015b0e814c632cd40f6b16473794635a64a,巴林左旗林东第三中学优质均衡创建维修改造项目中标（成交）结果公告,2026-07-24,内蒙古自治区,,中标公告,,https://www.ggzy.gov.cn/information/deal/html/a/150000/0202/20260724/0015b0e814c632cd40f6b16473794635a64a.html,校舍维修改造,校舍维修改造,校舍维修改造,一贯制未分段,否,否
00135b8f8c0d2a2c45af83afd041e6ffc7c4,Z1302002604952201唐山市第八中学学生公寓阳台安全改造项目结果公告,2026-07-24,河北省,,中标公告,,https://www.ggzy.gov.cn/information/deal/html/a/130000/0202/20260724/00135b8f8c0d2a2c45af83afd041e6ffc7c4.html,校舍维修改造,校舍维修改造,校舍维修改造,一贯制未分段,否,否
004335423f051e1040938ff49b56ee37b956,邵阳市第五中学食堂食材采购项目（2026年下学期至2027年上学期）中标公告,2026-07-24,湖南省,,中标公告,,https://www.ggzy.gov.cn/information/deal/html/a/430000/0202/20260724/004335423f051e1040938ff49b56ee37b956.html,食堂设备,食堂设备,食堂设备;后勤服务,一贯制未分段,否,否
00352c0edd0854e84af980c9311b58e82fc4,泉州市第九中学城东校区2026年教学仪器设备采购结果公告（采购包1）,2026-07-24,福建省,,中标公告,泉州市公共资源交易中心,https://www.ggzy.gov.cn/information/deal/html/a/350000/0202/20260724/00352c0edd0854e84af980c9311b58e82fc4.html,教学仪器,教学仪器,教学仪器,一贯制未分段,否,否
005186addbe81c124bbda4e66733428c9102,四川省遂宁市第二中学校遂宁二中本部校区宿舍学生用床购置项目中标（成交）结果公告,2026-07-24,四川省,,中标公告,,https://www.ggzy.gov.cn/information/deal/html/a/510000/0202/20260724/005186addbe81c124bbda4e66733428c9102.html,其他,其他,,一贯制未分段,否,否
0011ccbeca4d9f5d40b68222bda81eec3a5d,2026年北京市第一六六中学食堂质量提升设备采购项目厨房操作台采购项目(灯市口校区）中标公告,2026-07-24,北京,,中标公告,北京市政府采购网,https://www.ggzy.gov.cn/information/deal/html/a/110000/0202/20260724/0011ccbeca4d9f5d40b68222bda81eec3a5d.html,食堂设备,食堂设备,食堂设备,一贯制未分段,否,否
0051b295a3770ae74aeebf9230a7533bb968,绵竹中学初中部绵竹市城东中学计算机网络教室和教学用计算机采购中标（成交）结果公告,2026-07-24,四川省,,中标公告,,https://www.ggzy.gov.cn/information/deal/html/a/510000/0202/20260724/0051b295a3770ae74aeebf9230a7533bb968.html,信息化设备,信息化设备,信息化设备,初中,是,是
0011f8fd9c2317214c45996522ad47fddcc0,2026年北京市第一六六中学食堂质量提升设备采购项目厨房操作台采购项目(东四校区)中标公告,2026-07-24,北京,,中标公告,北京市政府采购网,https://www.ggzy.gov.cn/information/deal/html/a/110000/0202/20260724/0011f8fd9c2317214c45996522ad47fddcc0.html,食堂设备,食堂设备,食堂设备,一贯制未分段,否,否
00113b3f3b1677d94385973d658acc2fe249,2026年食堂质量提升-北京市第十八中学食堂装修改造项目装修工程采购项目成交公告,2026-07-24,北京,,中标公告,北京市政府采购网,https://www.ggzy.gov.cn/information/deal/html/a/110000/0202/20260724/00113b3f3b1677d94385973d658acc2fe249.html,校舍维修改造,校舍维修改造,校舍维修改造;食堂设备,一贯制未分段,否,否
00643433a073b673425ebcdae6822eb4dc4c,宁夏中卫中学数据赋能规模化因材施教试点项目中标公告,2026-07-24,宁夏回族自治区,,中标公告,宁夏公共资源交易服务平台,https://www.ggzy.gov.cn/information/deal/html/a/640000/0202/20260724/00643433a073b673425ebcdae6822eb4dc4c.html,其他,其他,,一贯制未分段,否,否
0011b799fc66652147899ecde5128c9ca928,2026年新建校学位扩充改扩建项目第1包 育慧西里12号装修改造项目（陈经纶中学嘉铭分校）中标公告,2026-07-24,北京,,中标公告,北京市政府采购网,https://www.ggzy.gov.cn/information/deal/html/a/110000/0202/20260724/0011b799fc66652147899ecde5128c9ca928.html,校舍维修改造,校舍维修改造,校舍维修改造,一贯制未分段,否,否
0054f899223a8874493b8f2236685cb81aee,札达县中学设备采购项目中标（成交）结果公告,2026-07-24,西藏自治区,,中标公告,,https://www.ggzy.gov.cn/information/deal/html/a/540000/0202/20260724/0054f899223a8874493b8f2236685cb81aee.html,其他,其他,,一贯制未分段,否,否
0012def57a6d9c404c38b2bbdc12ced729fa,天津市第一一五中学 天津市第一一五中学食堂维修改造工程 (项目编号:HCLHZB-CS-2026157)成交公告,2026-07-24,天津市,,中标公告,天津市公共资源交易平台交易系统,https://www.ggzy.gov.cn/information/deal/html/a/120000/0202/20260724/0012def57a6d9c404c38b2bbdc12ced729fa.html,校舍维修改造,校舍维修改造,校舍维修改造;食堂设备,一贯制未分段,否,否
0050419cf9c6224a46c3a3ca98ef87ed240b,重庆市聚奎中学校教室护眼灯改造工程采购(JJQ26B00019)中标（成交）结果公告,2026-07-24,重庆市,,中标公告,重庆市公共资源交易服务平台,https://www.ggzy.gov.cn/information/deal/html/a/500000/0202/20260724/0050419cf9c6224a46c3a3ca98ef87ed240b.html,校舍维修改造,校舍维修改造,校舍维修改造;工程配套,一贯制未分段,否,否
00514bf1765bfeff43efabfa3e41f392c89a,四川省宜宾市第一中学校翠屏校区建筑物外墙整体排危更新项目中标（成交）结果公告,2026-07-24,四川省,,中标公告,,https://www.ggzy.gov.cn/information/deal/html/a/510000/0202/20260724/00514bf1765bfeff43efabfa3e41f392c89a.html,校舍维修改造,校舍维修改造,校舍维修改造,一贯制未分段,否,否
0031d6f656a209ba4161a18358b7412c841a,上海市共康中学2026年校园保安服务项目的中标（成交）结果公告,2026-07-24,上海市,,中标公告,上海政府采购网,https://www.ggzy.gov.cn/information/deal/html/a/310000/0202/20260724/0031d6f656a209ba4161a18358b7412c841a.html,后勤服务,其他,后勤服务,一贯制未分段,否,否
0031b8f49813ae8947aaae465e9d646b9f08,市北初级中学北校绿化改造工程的中标（成交）结果公告,2026-07-24,上海市,,中标公告,上海政府采购网,https://www.ggzy.gov.cn/information/deal/html/a/310000/0202/20260724/0031b8f49813ae8947aaae465e9d646b9f08.html,校舍维修改造,校舍维修改造,校舍维修改造;工程配套,初中,否,否
002271c2346214704896bb0678d24db091c8,通榆县第一中学校智慧校园（校园食品安全管理软硬件）项目中标(成交)结果公告,2026-07-24,吉林省,,中标公告,白城市人民政府政务服务中心(新),https://www.ggzy.gov.cn/information/deal/html/a/220000/0202/20260724/002271c2346214704896bb0678d24db091c8.html,智慧校园,智慧校园,智慧校园,一贯制未分段,是,是
0022883adc7b914241d1a4365480e7a3bc99,扶余市三骏满族蒙古族锡伯族乡第一中学运动场地改造项目中标(成交)结果公告,2026-07-24,吉林省,,中标公告,松原市公共资源交易中心,https://www.ggzy.gov.cn/information/deal/html/a/220000/0202/20260724/0022883adc7b914241d1a4365480e7a3bc99.html,校舍维修改造,校舍维修改造,校舍维修改造,一贯制未分段,否,否
001213643573cb2f419e9782b1b7c75c893c,天津市崇化中学 天津市崇化中学体育馆维修 (项目编号:XYCG-2026-024)成交公告,2026-07-24,天津市,,中标公告,天津市公共资源交易平台交易系统,https://www.ggzy.gov.cn/information/deal/html/a/120000/0202/20260724/001213643573cb2f419e9782b1b7c75c893c.html,校舍维修改造,校舍维修改造,校舍维修改造,一贯制未分段,否,否
0014295cb710ac294adbadaeb2b7174d04ac,绛县中学公开招标新建绛县中学校配套设施设备采购项目-报告厅及体育配套LED屏采购结果公告,2026-07-24,山西省,,中标公告,,https://www.ggzy.gov.cn/information/deal/html/a/140000/0202/20260724/0014295cb710ac294adbadaeb2b7174d04ac.html,大屏,大屏,大屏;校舍维修改造,一贯制未分段,是,是
00516b0f98b3dad54d04ab83d1443da7a130,成都市第二十中学校2026年二十中初中部食堂及综合排危改造项目中标（成交）结果公告,2026-07-24,四川省,,中标公告,,https://www.ggzy.gov.cn/information/deal/html/a/510000/0202/20260724/00516b0f98b3dad54d04ab83d1443da7a130.html,校舍维修改造,校舍维修改造,校舍维修改造;食堂设备,初中,否,否
00659f23af78f3c04b35a41ab72fb675f9ce,乌鲁木齐市第九十一中学教学楼暖气改造项目中标(成交)结果公告,2026-07-24,新疆维吾尔自治区,,中标公告,新疆维吾尔自治区公共资源交易平台,https://www.ggzy.gov.cn/information/deal/html/a/650000/0202/20260724/00659f23af78f3c04b35a41ab72fb675f9ce.html,校舍维修改造,校舍维修改造,校舍维修改造,一贯制未分段,否,否
003372d9403749f64107b74787e753cb674e,关于温州中学附属初中标准化考场建设项目的中标结果公告,2026-07-24,浙江省,,中标公告,温州市公共资源交易网,https://www.ggzy.gov.cn/information/deal/html/a/330000/0202/20260724/003372d9403749f64107b74787e753cb674e.html,其他,其他,,初中,否,否
0065f6e21b051b514f028e6e11a34542ca1d,吐鲁番市高昌区第三中学2026年改善普通高中学校办学条件设备购置项目（二次）中标(成交)结果公告,2026-07-24,新疆维吾尔自治区,,中标公告,新疆维吾尔自治区公共资源交易平台,https://www.ggzy.gov.cn/information/deal/html/a/650000/0202/20260724/0065f6e21b051b514f028e6e11a34542ca1d.html,其他,其他,,高中,否,否
004182ff562fa2d84e45a039e4dc697426e9,河南省济源第一中学田径场塑胶跑道改造项目中标结果公告,2026-07-24,河南省,,中标公告,济源市公共资源交易中心,https://www.ggzy.gov.cn/information/deal/html/a/410000/0202/20260724/004182ff562fa2d84e45a039e4dc697426e9.html,校舍维修改造,校舍维修改造,校舍维修改造,一贯制未分段,否,否
0051e26aa95d870f478889c94a3d633fe7ca,四川省苍溪县城郊中学校城郊中学教学及辅助用房改造项目中标（成交）结果公告,2026-07-24,四川省,,中标公告,,https://www.ggzy.gov.cn/information/deal/html/a/510000/0202/20260724/0051e26aa95d870f478889c94a3d633fe7ca.html,校舍维修改造,校舍维修改造,校舍维修改造,一贯制未分段,否,否
003522c166818c974b91af43cfd5147e26ff,黄如论中学温泉校区三网设备采购(三次)结果公告（采购包1）,2026-07-24,福建省,,中标公告,福州市公共资源交易服务中心,https://www.ggzy.gov.cn/information/deal/html/a/350000/0202/20260724/003522c166818c974b91af43cfd5147e26ff.html,其他,其他,,一贯制未分段,否,否
00146b0d1d41df464845879664fcc24142dd,山西省左权中学校竞争性磋商左权中学男女生宿舍楼供水辅助系统改造工程结果公告,2026-07-24,山西省,,中标公告,,https://www.ggzy.gov.cn/information/deal/html/a/140000/0202/20260724/00146b0d1d41df464845879664fcc24142dd.html,校舍维修改造,校舍维修改造,校舍维修改造,一贯制未分段,否,否
00159e192f81ed714f80aa8a3c35069ed881,西乌珠穆沁旗第二初级中学教学楼更换窗户、维修体育馆、教学楼门外小台阶中标（成交）结果公告,2026-07-24,内蒙古自治区,,中标公告,,https://www.ggzy.gov.cn/information/deal/html/a/150000/0202/20260724/00159e192f81ed714f80aa8a3c35069ed881.html,校舍维修改造,校舍维修改造,校舍维修改造,初中,否,否
0015ea489e5b14b04d2fa5392d22c6ae5c1f,鄂托克旗教育体育局鄂托克旗第一中学综合实验楼设备采购项目（一期）中标（成交）结果公告,2026-07-24,内蒙古自治区,,中标公告,,https://www.ggzy.gov.cn/information/deal/html/a/150000/0202/20260724/0015ea489e5b14b04d2fa5392d22c6ae5c1f.html,其他,其他,,教育局统筹,否,否
003276b857236aff4cd5904d6167f322b549,天一中学新吴分校新建工程实验设备仪器项目中标公告采购包1,2026-07-24,江苏省,,中标公告,,https://www.ggzy.gov.cn/information/deal/html/a/320000/0202/20260724/003276b857236aff4cd5904d6167f322b549.html,校舍维修改造,校舍维修改造,校舍维修改造;实验室设备;教学仪器,一贯制未分段,否,否
00325cd33187f9284e1688a2639351719e5b,南通市小海中学交互式教学一体机（电子黑板）采购中标公告采购包1,2026-07-24,江苏省,,中标公告,,https://www.ggzy.gov.cn/information/deal/html/a/320000/0202/20260724/00325cd33187f9284e1688a2639351719e5b.html,智慧黑板,智慧黑板,智慧黑板,一贯制未分段,是,是
005237761123e0884225bc26b78b338a8b86,江口县桃映镇初级中学教学楼维修改造项目中标结果公告,2026-07-24,贵州省,,中标公告,铜仁市公共资源交易中心,https://www.ggzy.gov.cn/information/deal/html/a/520000/0202/20260724/005237761123e0884225bc26b78b338a8b86.html,校舍维修改造,校舍维修改造,校舍维修改造,初中,否,否
00343c7b2747210146e1b3899ec3be33d458,2026年芜湖市火龙岗中学维修工程成交结果公告,2026-07-24,安徽省,,中标公告,芜湖市公共资源交易平台电子交易系统,https://www.ggzy.gov.cn/information/deal/html/a/340000/0202/20260724/00343c7b2747210146e1b3899ec3be33d458.html,校舍维修改造,校舍维修改造,校舍维修改造,一贯制未分段,否,否
0061101ba5e056ae46e997bc55675f664fb8,榆林市第十三中学智慧校园设备项目中标（成交）结果公告,2026-07-24,陕西省,,中标公告,全国公共资源交易平台（陕西省）,https://www.ggzy.gov.cn/information/deal/html/a/610000/0202/20260724/0061101ba5e056ae46e997bc55675f664fb8.html,智慧校园,智慧校园,智慧校园,一贯制未分段,是,是
001146e58a0744914500873bf463993e79aa,北京亦庄实验中学智慧食堂融合平台项目中标公告,2026-07-24,北京,,中标公告,北京市政府采购网,https://www.ggzy.gov.cn/information/deal/html/a/110000/0202/20260724/001146e58a0744914500873bf463993e79aa.html,食堂设备,食堂设备,食堂设备,一贯制未分段,否,否
0050407748367fbb451dbb8b9c2b738f8b03,长寿二中和川维中学学生课桌椅联合采购项目(CSQ26A00354)中标（成交）结果公告,2026-07-24,重庆市,,中标公告,重庆市公共资源交易服务平台,https://www.ggzy.gov.cn/information/deal/html/a/500000/0202/20260724/0050407748367fbb451dbb8b9c2b738f8b03.html,课桌椅,课桌椅,课桌椅,一贯制未分段,否,否
0022f2d340d85daa472db3e3ebea9f4d08eb,长春市长春中学教学楼多功能教室设备采购项目中标（成交）结果公告,2026-07-24,吉林省,,中标公告,长春市公共资源交易中心(新),https://www.ggzy.gov.cn/information/deal/html/a/220000/0202/20260724/0022f2d340d85daa472db3e3ebea9f4d08eb.html,其他,其他,,一贯制未分段,否,否
003528ee4ee0ee8e4e98b0f1b70bad761a36,福建省长汀县第二中学印刷服务采购项目结果公告（采购包1）,2026-07-24,福建省,,中标公告,龙岩市公共资源交易中心,https://www.ggzy.gov.cn/information/deal/html/a/350000/0202/20260724/003528ee4ee0ee8e4e98b0f1b70bad761a36.html,后勤服务,其他,后勤服务,一贯制未分段,否,否
005134ca45f42c3549ba90ab6180d05f9b31,四川省成都市大弯中学校大弯中学食堂改造项目（食堂餐厨设施设备购置）中标（成交）结果公告,2026-07-24,四川省,,中标公告,,https://www.ggzy.gov.cn/information/deal/html/a/510000/0202/20260724/005134ca45f42c3549ba90ab6180d05f9b31.html,校舍维修改造,校舍维修改造,校舍维修改造;食堂设备,一贯制未分段,否,否
0022f298bf2cb3f5485ebc8f17acbe478275,长春市第一中学生活楼采暖系统改造工程中标(成交)结果公告,2026-07-24,吉林省,,中标公告,长春市公共资源交易中心(新),https://www.ggzy.gov.cn/information/deal/html/a/220000/0202/20260724/0022f298bf2cb3f5485ebc8f17acbe478275.html,校舍维修改造,校舍维修改造,校舍维修改造,一贯制未分段,否,否
00227a233e83cef449f09c2f80dfbc195c97,长春市第九中学教学楼、宿舍楼卫生间维修改造工程项目 成交结果公告,2026-07-24,吉林省,,中标公告,长春市公共资源交易中心(新),https://www.ggzy.gov.cn/information/deal/html/a/220000/0202/20260724/00227a233e83cef449f09c2f80dfbc195c97.html,校舍维修改造,校舍维修改造,校舍维修改造,一贯制未分段,否,否
0051bb2ad27f23f24de7806960e8e67eedbe,四川省遂宁中学校育才校区学生宿舍升级改造中标（成交）结果公告,2026-07-24,四川省,,中标公告,,https://www.ggzy.gov.cn/information/deal/html/a/510000/0202/20260724/0051bb2ad27f23f24de7806960e8e67eedbe.html,校舍维修改造,校舍维修改造,校舍维修改造,一贯制未分段,否,否
0015242f1c08dc6d44c1b8f32db5feb83e85,喀喇沁旗锦山第三中学锦山三中外墙与内部修缮项目中标（成交）结果公告,2026-07-24,内蒙古自治区,,中标公告,,https://www.ggzy.gov.cn/information/deal/html/a/150000/0202/20260724/0015242f1c08dc6d44c1b8f32db5feb83e85.html,校舍维修改造,校舍维修改造,校舍维修改造,一贯制未分段,否,否
0045479e52e243cc4017b6dbdf09ddfb2a05,广西森予工程咨询有限公司关于宁明县民族中学运动场（一期）建设项目成交公告,2026-07-24,广西壮族自治区,,中标公告,广西壮族自治区公共资源电子交易系统,https://www.ggzy.gov.cn/information/deal/html/a/450000/0202/20260724/0045479e52e243cc4017b6dbdf09ddfb2a05.html,校舍维修改造,校舍维修改造,校舍维修改造;后勤服务,一贯制未分段,否,否
00159e942c6fe514441c8c57b48d8af9977f,呼和浩特市第三十四中学爱民街校区（东校区）关于操场、篮球场维修改造及院面平整工程项目中标（成交）结果公告,2026-07-24,内蒙古自治区,,中标公告,,https://www.ggzy.gov.cn/information/deal/html/a/150000/0202/20260724/00159e942c6fe514441c8c57b48d8af9977f.html,校舍维修改造,校舍维修改造,校舍维修改造;工程配套,一贯制未分段,否,否
004310d20f700fac4929a4e87a7c1ce4a1e3,长沙市长郡双语实验中学篮球架、健身器材采购、体育教学器材采购项目结果公告,2026-07-24,湖南省,,中标公告,,https://www.ggzy.gov.cn/information/deal/html/a/430000/0202/20260724/004310d20f700fac4929a4e87a7c1ce4a1e3.html,音体美器材,音体美器材,音体美器材,一贯制未分段,否,否
0013ec542aebf91441acb9cc7f80b1a4a2f0,Z1310282600382001大厂回族自治县高级实验中学强电设备购置项目结果公告,2026-07-24,河北省,,中标公告,廊坊市公共资源交易中心,https://www.ggzy.gov.cn/information/deal/html/a/130000/0202/20260724/0013ec542aebf91441acb9cc7f80b1a4a2f0.html,其他,其他,,一贯制未分段,否,否
0051f4747c18086d49a7900b534626309ebd,成都市石室联合中学（西区）2026年石室联合中学（西区）物业管理项目（二次））中标（成交）结果公告,2026-07-24,四川省,,中标公告,,https://www.ggzy.gov.cn/information/deal/html/a/510000/0202/20260724/0051f4747c18086d49a7900b534626309ebd.html,后勤服务,其他,后勤服务,一贯制未分段,否,否
0022f912748e69024aa2a96533e3313d7774,柳河县第一中学2026年采购智慧黑板（6.1）中标(成交)结果公告,2026-07-24,吉林省,,中标公告,通化市电子招投标交易平台(新),https://www.ggzy.gov.cn/information/deal/html/a/220000/0202/20260724/0022f912748e69024aa2a96533e3313d7774.html,智慧黑板,智慧黑板,智慧黑板,一贯制未分段,是,是
003340598898732346a987d9cc13df784c08,杭州华厦建筑咨询有限公司关于2026学年杭州市余杭区良渚第二中学食堂服务外包项目中标(成交)结果公告,2026-07-24,浙江省,,中标公告,杭州市公共资源交易网,https://www.ggzy.gov.cn/information/deal/html/a/330000/0202/20260724/003340598898732346a987d9cc13df784c08.html,食堂设备,食堂设备,食堂设备;后勤服务,一贯制未分段,否,否
0015011fdc68f0a6424a8090f2cfab159729,扎兰屯市蘑菇气镇中学室外运动场建设项目中标（成交）结果公告,2026-07-24,内蒙古自治区,,中标公告,,https://www.ggzy.gov.cn/information/deal/html/a/150000/0202/20260724/0015011fdc68f0a6424a8090f2cfab159729.html,校舍维修改造,校舍维修改造,校舍维修改造,一贯制未分段,否,否
0041c5d8911464fa41acb9429167e4285794,淅川县第一高级中学电力改造及消防设施建设项目-成交公告,2026-07-24,河南省,,中标公告,淅川县公共资源交易中心,https://www.ggzy.gov.cn/information/deal/html/a/410000/0202/20260724/0041c5d8911464fa41acb9429167e4285794.html,校舍维修改造,校舍维修改造,校舍维修改造;校园安防,高中,否,否
0061af6fa0b75cc4411ebf6f6c6bd545630a,宝鸡市第一中学西关校区会议室中央空调安装、党建室与学生餐厅、校园安防及广播系统提升改造项目采购结果公告,2026-07-24,陕西省,,中标公告,全国公共资源交易平台（陕西省）,https://www.ggzy.gov.cn/information/deal/html/a/610000/0202/20260724/0061af6fa0b75cc4411ebf6f6c6bd545630a.html,校舍维修改造,校舍维修改造,校舍维修改造;食堂设备;校园安防;工程配套,一贯制未分段,否,否
004181a8ec8d73b4424d95c8094c495d1214,卢氏县范里镇初级中学运动场改造工程-成交公告,2026-07-24,河南省,,中标公告,三门峡市公共资源交易中心,https://www.ggzy.gov.cn/information/deal/html/a/410000/0202/20260724/004181a8ec8d73b4424d95c8094c495d1214.html,校舍维修改造,校舍维修改造,校舍维修改造,初中,否,否
00333f87257f00754fd3a8ba780e953da595,浙江同诚建设管理有限公司关于桐乡市崇德初级中学食堂操作间改造厨房设备采购项目中标(成交)结果公告,2026-07-24,浙江省,,中标公告,嘉兴市公共资源交易网,https://www.ggzy.gov.cn/information/deal/html/a/330000/0202/20260724/00333f87257f00754fd3a8ba780e953da595.html,校舍维修改造,校舍维修改造,校舍维修改造;食堂设备,初中,否,否
00337137dde2a86b45ea8e521c2160ca0add,浙江中明工程咨询有限公司关于湖州中学教学科创楼弱电智能化项目（重新招标）中标(成交)结果公告,2026-07-24,浙江省,,中标公告,湖州市公共资源交易网,https://www.ggzy.gov.cn/information/deal/html/a/330000/0202/20260724/00337137dde2a86b45ea8e521c2160ca0add.html,后勤服务,其他,后勤服务,一贯制未分段,否,否
00336cbe6f68ea9a4457b33abbd5d2e02bd5,海盐县公共资源交易中心关于海盐第二高级中学空调采购项目中标(成交)结果公告,2026-07-24,浙江省,,中标公告,嘉兴市公共资源交易网,https://www.ggzy.gov.cn/information/deal/html/a/330000/0202/20260724/00336cbe6f68ea9a4457b33abbd5d2e02bd5.html,工程配套,其他,工程配套,高中,否,否
0033c5bdc15de4f9455eba7ccd7162ef7e72,海盐县公共资源交易中心关于海盐第二高级中学学生宿舍家具采购项目中标(成交)结果公告,2026-07-24,浙江省,,中标公告,嘉兴市公共资源交易网,https://www.ggzy.gov.cn/information/deal/html/a/330000/0202/20260724/0033c5bdc15de4f9455eba7ccd7162ef7e72.html,课桌椅,课桌椅,课桌椅,高中,否,否
00332c15748284cd4bc0ade607b86f526a08,华诚工程咨询集团有限公司关于湖州市菱湖中学体艺馆装修改造项目成交结果公告,2026-07-24,浙江省,,中标公告,湖州市公共资源交易网,https://www.ggzy.gov.cn/information/deal/html/a/330000/0202/20260724/00332c15748284cd4bc0ade607b86f526a08.html,校舍维修改造,校舍维修改造,校舍维修改造;后勤服务,一贯制未分段,否,否
0061923f2b5b92b34b229f5b1e5b461433fb,绥德县第一中学校舍维修改造项目采购结果公告,2026-07-24,陕西省,,中标公告,全国公共资源交易平台（陕西省）,https://www.ggzy.gov.cn/information/deal/html/a/610000/0202/20260724/0061923f2b5b92b34b229f5b1e5b461433fb.html,校舍维修改造,校舍维修改造,校舍维修改造,一贯制未分段,否,否
00612a84c1f7b43f48a5be268fdd2e102e51,汉阴第二高级中学食堂劳务服务采购项目采购结果公告,2026-07-24,陕西省,,中标公告,全国公共资源交易平台（陕西省·安康市）电子交易系统,https://www.ggzy.gov.cn/information/deal/html/a/610000/0202/20260724/00612a84c1f7b43f48a5be268fdd2e102e51.html,食堂设备,食堂设备,食堂设备;后勤服务,高中,否,否
0033968c1a6a404a40b685bfc0ab821e3c95,华诚工程咨询集团有限公司关于安吉县昌硕高级中学改造工程设计服务采购项目（第二次）中标(成交)结果公告,2026-07-24,浙江省,,中标公告,湖州市公共资源交易网,https://www.ggzy.gov.cn/information/deal/html/a/330000/0202/20260724/0033968c1a6a404a40b685bfc0ab821e3c95.html,校舍维修改造,校舍维修改造,校舍维修改造;后勤服务,高中,否,否
00413611a52a3286448190cbd36c4366caa3,郑州市第三十二高级中学2026年开办费：大礼堂声光机械系统项目-中标公告,2026-07-24,河南省,,中标公告,,https://www.ggzy.gov.cn/information/deal/html/a/410000/0202/20260724/00413611a52a3286448190cbd36c4366caa3.html,其他,其他,,高中,否,否
00614c41dda8732e48c2942d73d4aea8140e,西安市临潼区临潼中学教学综合楼建设项目中标（成交）结果公告,2026-07-24,陕西省,,中标公告,全国公共资源交易平台（陕西省·西安市）电子交易系统,https://www.ggzy.gov.cn/information/deal/html/a/610000/0202/20260724/00614c41dda8732e48c2942d73d4aea8140e.html,其他,其他,,一贯制未分段,否,否
006153b3e2818bd7426b8435d79c3a9e5ef6,宝鸡高新第一初级中学食堂调味品、干货等食材配送服务项目采购结果公告,2026-07-24,陕西省,,中标公告,全国公共资源交易平台（陕西省）,https://www.ggzy.gov.cn/information/deal/html/a/610000/0202/20260724/006153b3e2818bd7426b8435d79c3a9e5ef6.html,食堂设备,食堂设备,食堂设备;后勤服务,初中,否,否
00610c46dfe6281a4a88b63044dd1fda6790,宝鸡高新第一初级中学食堂蔬菜、水果等食材配送服务项目采购结果公告,2026-07-24,陕西省,,中标公告,全国公共资源交易平台（陕西省）,https://www.ggzy.gov.cn/information/deal/html/a/610000/0202/20260724/00610c46dfe6281a4a88b63044dd1fda6790.html,食堂设备,食堂设备,食堂设备;后勤服务,初中,否,否
006131c88ea6c5b3463db654ee06d5a40cb9,宝鸡高新第一初级中学食堂服务团队聘请采购结果公告,2026-07-24,陕西省,,中标公告,全国公共资源交易平台（陕西省）,https://www.ggzy.gov.cn/information/deal/html/a/610000/0202/20260724/006131c88ea6c5b3463db654ee06d5a40cb9.html,食堂设备,食堂设备,食堂设备,初中,否,否
0033c9228f8356d3479b9041efe45dccbf75,衢州市公共资源交易江山市分中心关于浙江省江山中学物业管理服务采购项目中标(成交)结果公告,2026-07-24,浙江省,,中标公告,衢州市公共资源交易网,https://www.ggzy.gov.cn/information/deal/html/a/330000/0202/20260724/0033c9228f8356d3479b9041efe45dccbf75.html,后勤服务,其他,后勤服务,一贯制未分段,否,否
00614637cb7516ce47f9a015dbfe11c7ccff,旬阳市石门初级中学提升改造工程采购结果公告,2026-07-24,陕西省,,中标公告,全国公共资源交易平台（陕西省·安康市）电子交易系统,https://www.ggzy.gov.cn/information/deal/html/a/610000/0202/20260724/00614637cb7516ce47f9a015dbfe11c7ccff.html,校舍维修改造,校舍维修改造,校舍维修改造,初中,否,否
0014fc8ef228a01d48d4abe920c2ed82bb49,运城市实验中学东校区操场改造工程结果公告,2026-07-24,山西省,,中标公告,,https://www.ggzy.gov.cn/information/deal/html/a/140000/0202/20260724/0014fc8ef228a01d48d4abe920c2ed82bb49.html,校舍维修改造,校舍维修改造,校舍维修改造,一贯制未分段,否,否
003756b568cfb9fb46d7a19f9c14afa771f8,烟台市蓬莱区郝斌中学扩建项目综合楼施工图设计成交公告,2026-07-24,山东省,,中标公告,烟台市公共资源交易系统,https://www.ggzy.gov.cn/information/deal/html/a/370000/0202/20260724/003756b568cfb9fb46d7a19f9c14afa771f8.html,校舍维修改造,校舍维修改造,校舍维修改造,一贯制未分段,否,否
0036da514b4956174f30a4de44daee7f3254,中鹏工程咨询有限公司关于赣州市章贡中学2026年度物业服务采购项目（项目编号：ZPZX2026-ZG-C001）的成交结果公告,2026-07-24,江西省,,中标公告,赣州市公共资源交易中心,https://www.ggzy.gov.cn/information/deal/html/a/360000/0202/20260724/0036da514b4956174f30a4de44daee7f3254.html,后勤服务,其他,后勤服务,一贯制未分段,否,否
00367c0b005a437c444e9eb5b7411c4e5a83,江西诚信伟业招标咨询有限公司关于江西师范大学附属中学教学楼铝合金窗改造项目（项目编号：1493-266106252044）竞争性磋商采购结果公告,2026-07-24,江西省,,中标公告,江西省公共资源交易中心,https://www.ggzy.gov.cn/information/deal/html/a/360000/0202/20260724/00367c0b005a437c444e9eb5b7411c4e5a83.html,校舍维修改造,校舍维修改造,校舍维修改造;后勤服务,一贯制未分段,否,否
00363bfe53f3b85e4993906863fc9eb84bd2,中鹏工程咨询有限公司关于赣州市章贡中学2026年度安保服务采购项目（项目编号：ZPZX2026-ZG-C002）的成交结果公告,2026-07-24,江西省,,中标公告,赣州市公共资源交易中心,https://www.ggzy.gov.cn/information/deal/html/a/360000/0202/20260724/00363bfe53f3b85e4993906863fc9eb84bd2.html,校园安防,校园安防,校园安防;后勤服务,一贯制未分段,否,否
003635b66162912f480f937115ce1bb04e68,南昌市政府采购中心关于南昌市第一中学华侨城校区台式计算机采购项目（项目编号：NCZFCG2026-0062）询价结果公示,2026-07-24,江西省,,中标公告,南昌市公共资源交易中心,https://www.ggzy.gov.cn/information/deal/html/a/360000/0202/20260724/003635b66162912f480f937115ce1bb04e68.html,信息化设备,信息化设备,信息化设备,一贯制未分段,是,是
00361ed884eebe70489a938e691bb65d90a4,南昌市政府采购中心关于南昌市第一中学华侨城校区触控一体机采购项目（项目编号：NCZFCG2026-0063）询价采购公示,2026-07-24,江西省,,中标公告,南昌市公共资源交易中心,https://www.ggzy.gov.cn/information/deal/html/a/360000/0202/20260724/00361ed884eebe70489a938e691bb65d90a4.html,大屏,大屏,大屏,一贯制未分段,是,是
003610e5d4f0ceb245e0921fdbb5db0f9a34,江西金诺咨询管理有限公司关于南昌市第二中学苏圃路校区校园提升改造工程（项目编号：JNCT202603021）电子化竞争性谈判成交结果公告,2026-07-24,江西省,,中标公告,南昌市公共资源交易中心,https://www.ggzy.gov.cn/information/deal/html/a/360000/0202/20260724/003610e5d4f0ceb245e0921fdbb5db0f9a34.html,校舍维修改造,校舍维修改造,校舍维修改造;后勤服务,一贯制未分段,否,否
0034a23fbb511a6a40c49a17056423e9b08a,铜陵市第五中学新建错那班学生宿舍楼项目床、椅、组合柜采购中标结果公告,2026-07-24,安徽省,,中标公告,铜陵市公共资源交易平台电子交易系统,https://www.ggzy.gov.cn/information/deal/html/a/340000/0202/20260724/0034a23fbb511a6a40c49a17056423e9b08a.html,校舍维修改造,校舍维修改造,校舍维修改造,一贯制未分段,否,否
0021f58d590f3d584150a7f474b64cebcc72,2026年柏榆中学校舍维修改造项目结果公告,2026-07-24,辽宁省,,中标公告,辽宁政府采购网,https://www.ggzy.gov.cn/information/deal/html/a/210000/0202/20260724/0021f58d590f3d584150a7f474b64cebcc72.html,校舍维修改造,校舍维修改造,校舍维修改造,一贯制未分段,否,否
00656b4afeac33c046a19240a57e16839b55,乌鲁木齐市第130中学视频采集设备升级改造项目中标(成交)结果公告,2026-07-23,新疆维吾尔自治区,,中标公告,新疆维吾尔自治区公共资源交易平台,https://www.ggzy.gov.cn/information/deal/html/a/650000/0202/20260723/00656b4afeac33c046a19240a57e16839b55.html,校舍维修改造,校舍维修改造,校舍维修改造,一贯制未分段,否,否
003124afc5a0dca64fa491b1ab30c9c13d55,2026年浦东新区新开办学校理化实验室、教学仪器设备（上海中学东校）的中标（成交）结果公告,2026-07-23,上海市,,中标公告,上海政府采购网,https://www.ggzy.gov.cn/information/deal/html/a/310000/0202/20260723/003124afc5a0dca64fa491b1ab30c9c13d55.html,实验室设备,实验室设备,实验室设备;教学仪器,一贯制未分段,否,否
0031231a5e5cb4014302a005e078be0ba568,2026年浦东新区新开办学校理化生实验室、教学仪器设备（上海南汇中学）的中标（成交）结果公告,2026-07-23,上海市,,中标公告,上海政府采购网,https://www.ggzy.gov.cn/information/deal/html/a/310000/0202/20260723/0031231a5e5cb4014302a005e078be0ba568.html,实验室设备,实验室设备,实验室设备;教学仪器,一贯制未分段,否,否
003116507d699ac4470894333cc92a382d11,2026年浦东新区新开办学校教学仪器设备（华东师范大学第二附属中学浦东临港实验学校）的中标（成交）结果公告,2026-07-23,上海市,,中标公告,上海政府采购网,https://www.ggzy.gov.cn/information/deal/html/a/310000/0202/20260723/003116507d699ac4470894333cc92a382d11.html,教学仪器,教学仪器,教学仪器,一贯制未分段,否,否
0031d27cdab9575d4dc297dccd63af6f0dfc,2026年浦东新区新开办学校教学仪器设备（上海市五三中学）的中标（成交）结果公告,2026-07-23,上海市,,中标公告,上海政府采购网,https://www.ggzy.gov.cn/information/deal/html/a/310000/0202/20260723/0031d27cdab9575d4dc297dccd63af6f0dfc.html,教学仪器,教学仪器,教学仪器,一贯制未分段,否,否
0041d55d1edd65194212b59ed259b95d3dc4,【平公资采2026559号】河南省鲁山县第一高级中学生活超市、文印室等校内配套商铺经营管理服务项目-第五标包结果公告,2026-07-23,河南省,,中标公告,平顶山市公共资源交易中心,https://www.ggzy.gov.cn/information/deal/html/a/410000/0202/20260723/0041d55d1edd65194212b59ed259b95d3dc4.html,后勤服务,其他,后勤服务,高中,否,否
0041c7fce5b1a0d44d02b2da981e72fd8e15,【平公资采2026559号】河南省鲁山县第一高级中学生活超市、文印室等校内配套商铺经营管理服务项目-第六标包结果公告,2026-07-23,河南省,,中标公告,平顶山市公共资源交易中心,https://www.ggzy.gov.cn/information/deal/html/a/410000/0202/20260723/0041c7fce5b1a0d44d02b2da981e72fd8e15.html,后勤服务,其他,后勤服务,高中,否,否
0041c364a64b2a324017b7229f534646fb75,【平公资采2026559号】河南省鲁山县第一高级中学生活超市、文印室等校内配套商铺经营管理服务项目-第三标包结果公告,2026-07-23,河南省,,中标公告,平顶山市公共资源交易中心,https://www.ggzy.gov.cn/information/deal/html/a/410000/0202/20260723/0041c364a64b2a324017b7229f534646fb75.html,后勤服务,其他,后勤服务,高中,否,否
0041aae0360261fe4bd5abbf777a6632b818,【平公资采2026559号】河南省鲁山县第一高级中学生活超市、文印室等校内配套商铺经营管理服务项目-第四标包结果公告,2026-07-23,河南省,,中标公告,平顶山市公共资源交易中心,https://www.ggzy.gov.cn/information/deal/html/a/410000/0202/20260723/0041aae0360261fe4bd5abbf777a6632b818.html,后勤服务,其他,后勤服务,高中,否,否
0041a114ead14fed4413aee2c452424081f3,【平公资采2026559号】河南省鲁山县第一高级中学生活超市、文印室等校内配套商铺经营管理服务项目-第一标包结果公告,2026-07-23,河南省,,中标公告,平顶山市公共资源交易中心,https://www.ggzy.gov.cn/information/deal/html/a/410000/0202/20260723/0041a114ead14fed4413aee2c452424081f3.html,后勤服务,其他,后勤服务,高中,否,否
004155014cdf440d4fa0b1d44128d82f8561,【平公资采2026559号】河南省鲁山县第一高级中学生活超市、文印室等校内配套商铺经营管理服务项目-第二标包结果公告,2026-07-23,河南省,,中标公告,平顶山市公共资源交易中心,https://www.ggzy.gov.cn/information/deal/html/a/410000/0202/20260723/004155014cdf440d4fa0b1d44128d82f8561.html,后勤服务,其他,后勤服务,高中,否,否
00658bd6bb09fb4540fd97e535ebfb4c35f3,华电第一中学电子设备采购项目中标(成交)结果公告,2026-07-23,新疆维吾尔自治区,,中标公告,新疆维吾尔自治区公共资源交易平台,https://www.ggzy.gov.cn/information/deal/html/a/650000/0202/20260723/00658bd6bb09fb4540fd97e535ebfb4c35f3.html,其他,其他,,一贯制未分段,否,否
00436fa78646ef134bdda47210ac833f1d0b,娄底市第一中学附属实验学校校园基础设备设施升级改造项目结果公告,2026-07-23,湖南省,,中标公告,,https://www.ggzy.gov.cn/information/deal/html/a/430000/0202/20260723/00436fa78646ef134bdda47210ac833f1d0b.html,校舍维修改造,校舍维修改造,校舍维修改造,一贯制未分段,否,否
0042e7c69b185fb64c5b9e1a59d7625bbed8,十堰市高级中学十堰市高级中学智慧校园建设项目中标（成交）结果公告,2026-07-23,湖北省,,中标公告,湖北省政府采购网,https://www.ggzy.gov.cn/information/deal/html/a/420000/0202/20260723/0042e7c69b185fb64c5b9e1a59d7625bbed8.html,智慧校园,智慧校园,智慧校园,高中,是,是
0032fdbef6775a0c4c0db06149d298560f0b,江宁区麒麟初级中学等校教学设备中标公告采购包1,2026-07-23,江苏省,,中标公告,,https://www.ggzy.gov.cn/information/deal/html/a/320000/0202/20260723/0032fdbef6775a0c4c0db06149d298560f0b.html,教学仪器,教学仪器,教学仪器,初中,否,否
00326fb6942bc885418f9d2ef092500cae5d,盐城市新景路初级中学2026年物业管理服务采购项目中标公告采购包1,2026-07-23,江苏省,,中标公告,,https://www.ggzy.gov.cn/information/deal/html/a/320000/0202/20260723/00326fb6942bc885418f9d2ef092500cae5d.html,后勤服务,其他,后勤服务,初中,否,否
0062a6cf2aeb933448f28e6b97929b76610d,临潭县第一中学智慧校园设备购置项目中标结果公告,2026-07-23,甘肃省,,中标公告,甘南州公共资源交易平台,https://www.ggzy.gov.cn/information/deal/html/a/620000/0202/20260723/0062a6cf2aeb933448f28e6b97929b76610d.html,智慧校园,智慧校园,智慧校园,一贯制未分段,是,是
00352cfe078680a6434a967ad81f059c1a85,泉州市第六中学2026年印刷服务采购项目结果公告（采购包1）,2026-07-23,福建省,,中标公告,泉州市公共资源交易中心,https://www.ggzy.gov.cn/information/deal/html/a/350000/0202/20260723/00352cfe078680a6434a967ad81f059c1a85.html,后勤服务,其他,后勤服务,一贯制未分段,否,否
00633638f53dac9a4e86aec9181d0cb3c891,西宁市第七中学中华校区环境提升项目成交结果公告,2026-07-23,青海省,,中标公告,青海省公共资源交易网,https://www.ggzy.gov.cn/information/deal/html/a/630000/0202/20260723/00633638f53dac9a4e86aec9181d0cb3c891.html,其他,其他,,一贯制未分段,否,否
006481c5a089211145e385ad363d486d2de0,永宁县第五中学高中物理化学生物实验室设备采购项目中标公告,2026-07-23,宁夏回族自治区,,中标公告,宁夏公共资源交易服务平台,https://www.ggzy.gov.cn/information/deal/html/a/640000/0202/20260723/006481c5a089211145e385ad363d486d2de0.html,实验室设备,实验室设备,实验室设备,高中,否,否
00139d401ed9cb9b4d2cbb8025f1ec9e18e5,临西实验中学教学楼护眼灯采购项目及智能体验室建设项目一标段中标公告,2026-07-23,河北省,,中标公告,邢台市公共资源交易中心,https://www.ggzy.gov.cn/information/deal/html/a/130000/0202/20260723/00139d401ed9cb9b4d2cbb8025f1ec9e18e5.html,人工智能,人工智能,人工智能;工程配套,一贯制未分段,是,是
0013af5bec99807a4c169886c38df9114677,临西实验中学教学楼护眼灯采购项目及智能体验室建设项目二标段中标公告,2026-07-23,河北省,,中标公告,邢台市公共资源交易中心,https://www.ggzy.gov.cn/information/deal/html/a/130000/0202/20260723/0013af5bec99807a4c169886c38df9114677.html,人工智能,人工智能,人工智能;工程配套,一贯制未分段,是,是
005169cf0d592b3748b2a4bf46d898516cee,隆昌市第一初级中学运动场改善项目中标（成交）结果公告,2026-07-23,四川省,,中标公告,,https://www.ggzy.gov.cn/information/deal/html/a/510000/0202/20260723/005169cf0d592b3748b2a4bf46d898516cee.html,校舍维修改造,校舍维修改造,校舍维修改造,初中,否,否
0041a69b30de8414427a946f043b4907b05f,汝州市第二高级中学物业管理服务项目成交公告,2026-07-23,河南省,,中标公告,,https://www.ggzy.gov.cn/information/deal/html/a/410000/0202/20260723/0041a69b30de8414427a946f043b4907b05f.html,后勤服务,其他,后勤服务,高中,否,否
004276ecae515ee14b2ba3b4f6f4b7838c6f,金口中学关于学生食堂生活环境改善项目中标(成交)结果公告,2026-07-23,湖北省,,中标公告,湖北省政府采购网,https://www.ggzy.gov.cn/information/deal/html/a/420000/0202/20260723/004276ecae515ee14b2ba3b4f6f4b7838c6f.html,食堂设备,食堂设备,食堂设备,一贯制未分段,否,否
00425fbf4e8c1bf6483289c3b557ed42e76f,郧西县城关中学校舍维修改造项目中标（成交）结果公告,2026-07-23,湖北省,,中标公告,湖北省政府采购网,https://www.ggzy.gov.cn/information/deal/html/a/420000/0202/20260723/00425fbf4e8c1bf6483289c3b557ed42e76f.html,校舍维修改造,校舍维修改造,校舍维修改造,一贯制未分段,否,否
0042d9ea2e3240eb4c40a1571e610775d491,广水市太平镇中心中学学生宿舍楼维修项目成交结果公告,2026-07-23,湖北省,,中标公告,湖北省政府采购网,https://www.ggzy.gov.cn/information/deal/html/a/420000/0202/20260723/0042d9ea2e3240eb4c40a1571e610775d491.html,校舍维修改造,校舍维修改造,校舍维修改造,一贯制未分段,否,否
00131ff55b3f3cc24e7196f72c694fa775ce,Z1303242600321401卢龙县中学空调设备采购及安装询价采购项目结果公告,2026-07-23,河北省,,中标公告,秦皇岛市公共资源交易网,https://www.ggzy.gov.cn/information/deal/html/a/130000/0202/20260723/00131ff55b3f3cc24e7196f72c694fa775ce.html,工程配套,其他,工程配套,一贯制未分段,否,否
00316a2a70781af145718eab2134094ffcb8,2026年长宁延安初级中学、西延安中学等学校配套设备的中标（成交）结果公告,2026-07-23,上海市,,中标公告,上海政府采购网,https://www.ggzy.gov.cn/information/deal/html/a/310000/0202/20260723/00316a2a70781af145718eab2134094ffcb8.html,其他,其他,,初中,否,否
00520194a733657b48f1892a02ebd6afdda6,盘活枫溪中学闲置周转房项目中标结果公告,2026-07-23,贵州省,,中标公告,铜仁市公共资源交易中心,https://www.ggzy.gov.cn/information/deal/html/a/520000/0202/20260723/00520194a733657b48f1892a02ebd6afdda6.html,其他,其他,,一贯制未分段,否,否
0022f943874f4e6a453fb725b86585434f51,梅河口市朝鲜族中学2026年校舍修缮工程中标(成交)结果公告,2026-07-23,吉林省,,中标公告,通化市电子招投标交易平台(新),https://www.ggzy.gov.cn/information/deal/html/a/220000/0202/20260723/0022f943874f4e6a453fb725b86585434f51.html,校舍维修改造,校舍维修改造,校舍维修改造,一贯制未分段,否,否
0051629c2f40ae4d46a3af96d09b659dd6ac,四川省合江县中学校合江中学江北校区2026年校舍维修改造中标（成交）结果公告,2026-07-23,四川省,,中标公告,,https://www.ggzy.gov.cn/information/deal/html/a/510000/0202/20260723/0051629c2f40ae4d46a3af96d09b659dd6ac.html,校舍维修改造,校舍维修改造,校舍维修改造,一贯制未分段,否,否
0062f59d9ace307c40dfbcb813fee78581a4,兰州市第五十一中学信息化提升项目中标结果公告,2026-07-23,甘肃省,,中标公告,兰州市公共资源交易平台,https://www.ggzy.gov.cn/information/deal/html/a/620000/0202/20260723/0062f59d9ace307c40dfbcb813fee78581a4.html,信息化,信息化,信息化,一贯制未分段,是,是
00512563eeee6f0d4910b544b630902be642,冕宁县泸沽中学校物业管理服务项目中标（成交）结果公告,2026-07-23,四川省,,中标公告,,https://www.ggzy.gov.cn/information/deal/html/a/510000/0202/20260723/00512563eeee6f0d4910b544b630902be642.html,后勤服务,其他,后勤服务,一贯制未分段,否,否
0051a6629d9071a44342950eef0902263edd,四川省隆昌市城关职业中学隆昌市城关职业中学办公设备采购项目中标（成交）结果公告,2026-07-23,四川省,,中标公告,,https://www.ggzy.gov.cn/information/deal/html/a/510000/0202/20260723/0051a6629d9071a44342950eef0902263edd.html,其他,其他,,一贯制未分段,否,否
00124f6b370f1bb0468988d811f34ea90fdc,天津市静海区第一中学 天津市静海区第一中学校园建筑设施修缮项目 (项目编号:HSH2026ZB016)成交公告,2026-07-23,天津市,,中标公告,天津市公共资源交易平台交易系统,https://www.ggzy.gov.cn/information/deal/html/a/120000/0202/20260723/00124f6b370f1bb0468988d811f34ea90fdc.html,校舍维修改造,校舍维修改造,校舍维修改造,一贯制未分段,否,否
005056314b5a27a04500bb90e779d98f267c,重庆南开中学采购学生寝室床下桌组合家具(SPB25A00417)中标（成交）结果公告,2026-07-23,重庆市,,中标公告,重庆市公共资源交易服务平台,https://www.ggzy.gov.cn/information/deal/html/a/500000/0202/20260723/005056314b5a27a04500bb90e779d98f267c.html,课桌椅,课桌椅,课桌椅,一贯制未分段,否,否
0035b064e41625004f8e9947a2e32dd9b57e,福建省福州第一中学高中部食堂二楼学生餐桌椅以及图书馆家具采购项目结果公告（采购包1）,2026-07-23,福建省,,中标公告,福建省公共资源交易中心,https://www.ggzy.gov.cn/information/deal/html/a/350000/0202/20260723/0035b064e41625004f8e9947a2e32dd9b57e.html,课桌椅,课桌椅,课桌椅;食堂设备;图书,高中,否,否
00159d80f1dd8e18483eb35bdb0a7534362c,呼和浩特市实验中学美术教室、音乐教室、管乐艺术功能室设备采购项目中标（成交）结果公告,2026-07-23,内蒙古自治区,,中标公告,,https://www.ggzy.gov.cn/information/deal/html/a/150000/0202/20260723/00159d80f1dd8e18483eb35bdb0a7534362c.html,实验室设备,实验室设备,实验室设备,一贯制未分段,否,否
0051f0b0e091e6dd4c6785f82dc7fd4a24f2,四川省眉山中学校建设提升工程学生公寓定制床柜采购中标（成交）结果公告,2026-07-23,四川省,,中标公告,,https://www.ggzy.gov.cn/information/deal/html/a/510000/0202/20260723/0051f0b0e091e6dd4c6785f82dc7fd4a24f2.html,其他,其他,,一贯制未分段,否,否
001253c14d600b9249d8967ba7abc5c115fb,天津市西青区教育局机关 2026年天津市西青区张家窝镇体育文化地块中学智慧黑板购置安装项目 (项目编号:ZKGP-2026-C-0138)中标公告,2026-07-23,天津市,,中标公告,天津市公共资源交易平台交易系统,https://www.ggzy.gov.cn/information/deal/html/a/120000/0202/20260723/001253c14d600b9249d8967ba7abc5c115fb.html,智慧黑板,智慧黑板,智慧黑板,教育局统筹,是,是
0022114f0fc3dd594b80b3d8ce27621a9242,长春市第一五0中学课桌椅采购项目中标(成交)结果公告,2026-07-23,吉林省,,中标公告,长春市公共资源交易中心(新),https://www.ggzy.gov.cn/information/deal/html/a/220000/0202/20260723/0022114f0fc3dd594b80b3d8ce27621a9242.html,课桌椅,课桌椅,课桌椅,一贯制未分段,否,否
0044d1161942d72b46cd9c533679a29a5f22,东莞市虎门第三中学博涌校区场地及教学设施租赁(二次)结果公告,2026-07-23,广东省,,中标公告,,https://www.ggzy.gov.cn/information/deal/html/a/440000/0202/20260723/0044d1161942d72b46cd9c533679a29a5f22.html,后勤服务,其他,后勤服务,一贯制未分段,否,否
0051f050813ecb354e90ba8262de75f44c0d,四川省布拖中学布拖中学艺术教育示范项目中标（成交）结果公告,2026-07-23,四川省,,中标公告,,https://www.ggzy.gov.cn/information/deal/html/a/510000/0202/20260723/0051f050813ecb354e90ba8262de75f44c0d.html,其他,其他,,一贯制未分段,否,否
0032873053802760440c98476559dce3a602,无锡市公共资源交易中心关于无锡市第一中学梁溪分校2026-2027年度物业管理服务采购中标公告JSZC-320200-JZCG-G2026-0055采购包1,2026-07-23,江苏省,,中标公告,,https://www.ggzy.gov.cn/information/deal/html/a/320000/0202/20260723/0032873053802760440c98476559dce3a602.html,后勤服务,其他,后勤服务,一贯制未分段,否,否
0044f66dcc717f3447e6825ba442dcf7356c,2026年广州市增城区增城中学学校食堂运营管理服务采购项目结果公告,2026-07-23,广东省,,中标公告,,https://www.ggzy.gov.cn/information/deal/html/a/440000/0202/20260723/0044f66dcc717f3447e6825ba442dcf7356c.html,食堂设备,食堂设备,食堂设备,一贯制未分段,否,否
0022f393bfb8d8504a30ad1bbc211a197541,东丰县第三中学食堂排水及食堂操作间改造中标(成交)结果公告,2026-07-23,吉林省,,中标公告,辽源市公共资源交易中心(新),https://www.ggzy.gov.cn/information/deal/html/a/220000/0202/20260723/0022f393bfb8d8504a30ad1bbc211a197541.html,校舍维修改造,校舍维修改造,校舍维修改造;食堂设备,一贯制未分段,否,否
0013011901bd00854fffa9a3006bae794152,Z1302002604632301唐山市第五十四中学教室改造项目工程结果公告,2026-07-23,河北省,,中标公告,,https://www.ggzy.gov.cn/information/deal/html/a/130000/0202/20260723/0013011901bd00854fffa9a3006bae794152.html,校舍维修改造,校舍维修改造,校舍维修改造,一贯制未分段,否,否
00441c700fae513a450395026062aea8f45e,深圳市第二高级中学宝安高中部教室设备设施采购中标（成交）结果公告,2026-07-23,广东省,,中标公告,,https://www.ggzy.gov.cn/information/deal/html/a/440000/0202/20260723/00441c700fae513a450395026062aea8f45e.html,其他,其他,,高中,否,否
0051c88511768eed46109b9a9c107db9ff23,达川区麻柳镇檀木初级中学运动场提升改造项目(二次)中标（成交）结果公告,2026-07-23,四川省,,中标公告,,https://www.ggzy.gov.cn/information/deal/html/a/510000/0202/20260723/0051c88511768eed46109b9a9c107db9ff23.html,校舍维修改造,校舍维修改造,校舍维修改造,初中,否,否
003759c4b9a1e1a643ec83455d4208a21ecf,山东省淄博第十七中学新校内配采购项目-录播室、创新教室、标准化考场、图书馆中标结果公告,2026-07-23,山东省,,中标公告,淄博市公共资源交易平台电子交易系统,https://www.ggzy.gov.cn/information/deal/html/a/370000/0202/20260723/003759c4b9a1e1a643ec83455d4208a21ecf.html,信息化设备,信息化设备,信息化设备;图书,一贯制未分段,是,是
001406ddc0c014cf43a495f6a79727560e35,大同市煤矿第二中学校新建初中用卫生间项目结果公告,2026-07-23,山西省,,中标公告,,https://www.ggzy.gov.cn/information/deal/html/a/140000/0202/20260723/001406ddc0c014cf43a495f6a79727560e35.html,校舍维修改造,校舍维修改造,校舍维修改造,初中,否,否
005185ad0993d571482aa3b5884a95454f25,成都市第三十六中学校2026年三十六中教学楼综合排危改造项目中标（成交）结果公告,2026-07-23,四川省,,中标公告,,https://www.ggzy.gov.cn/information/deal/html/a/510000/0202/20260723/005185ad0993d571482aa3b5884a95454f25.html,校舍维修改造,校舍维修改造,校舍维修改造,一贯制未分段,否,否
00123f4fbab6c91d4f0c9b0b77a564ac17ae,天津市滨海新区教育综合保障服务中心 天津市滨海新区教育综合保障服务中心采购塘沽第一中学高中部（本部）开办设备实验室项目 (项目编号:TJBH-2026-A-0028)中标公告,2026-07-23,天津市,,中标公告,天津市公共资源交易平台交易系统,https://www.ggzy.gov.cn/information/deal/html/a/120000/0202/20260723/00123f4fbab6c91d4f0c9b0b77a564ac17ae.html,实验室设备,实验室设备,实验室设备,高中,否,否
002294f795ca9f32497bbc762fb8bcbc79b0,吉林市第二十九中学校食堂设备设施采购项目中标(成交)结果公告,2026-07-23,吉林省,,中标公告,吉林市公共资源交易网上招投标系统,https://www.ggzy.gov.cn/information/deal/html/a/220000/0202/20260723/002294f795ca9f32497bbc762fb8bcbc79b0.html,食堂设备,食堂设备,食堂设备,一贯制未分段,否,否
005073905449a6a1436986160f85b7ae8af0,重庆市璧山巴蜀中学校配套设施建设工程(BSQ26B00010)竞争性谈判中标（成交）结果公告,2026-07-23,重庆市,,中标公告,重庆市公共资源交易服务平台,https://www.ggzy.gov.cn/information/deal/html/a/500000/0202/20260723/005073905449a6a1436986160f85b7ae8af0.html,其他,其他,,一贯制未分段,否,否
0022cb29cf2252634d92a89743af512c27c7,敦化市实验中学校校园校舍改造工程中标(成交)结果公告,2026-07-23,吉林省,,中标公告,延边朝鲜族自治州政府采购中心(新),https://www.ggzy.gov.cn/information/deal/html/a/220000/0202/20260723/0022cb29cf2252634d92a89743af512c27c7.html,校舍维修改造,校舍维修改造,校舍维修改造,一贯制未分段,否,否
0015ebdf6cee096f41468ddc3d6a8540ab44,呼和浩特市第二十七中学2026年教学设施设备采购项目中标（成交）结果公告,2026-07-23,内蒙古自治区,,中标公告,,https://www.ggzy.gov.cn/information/deal/html/a/150000/0202/20260723/0015ebdf6cee096f41468ddc3d6a8540ab44.html,其他,其他,,一贯制未分段,否,否
0044be2c292c150745b4a3aec4fd7287383c,茂名市趣园中学建设工程项目家具采购结果公告,2026-07-23,广东省,,中标公告,,https://www.ggzy.gov.cn/information/deal/html/a/440000/0202/20260723/0044be2c292c150745b4a3aec4fd7287383c.html,课桌椅,课桌椅,课桌椅,一贯制未分段,否,否
0054491b1eb127cb43a78233ff986b713148,吉隆县中学2026年液氧购置及运维服务采购二次中标（成交）结果公告,2026-07-23,西藏自治区,,中标公告,,https://www.ggzy.gov.cn/information/deal/html/a/540000/0202/20260723/0054491b1eb127cb43a78233ff986b713148.html,其他,其他,,一贯制未分段,否,否
006111f5aac92ecb4af5aa89cea56f60f417,高新中学食堂食材配送采购结果公告,2026-07-23,陕西省,,中标公告,全国公共资源交易平台（陕西省）,https://www.ggzy.gov.cn/information/deal/html/a/610000/0202/20260723/006111f5aac92ecb4af5aa89cea56f60f417.html,食堂设备,食堂设备,食堂设备;后勤服务,一贯制未分段,否,否
0013db790de22acc46089fc0891a4e074f88,邢台市第二中学采暖服务采购项目中标公告,2026-07-23,河北省,,中标公告,邢台市公共资源交易中心,https://www.ggzy.gov.cn/information/deal/html/a/130000/0202/20260723/0013db790de22acc46089fc0891a4e074f88.html,其他,其他,,一贯制未分段,否,否
003383c01dca36ff44dba76a8338b6420218,浙江中正工程项目管理有限公司关于衢州市柯城区城南初级中学“午休躺椅”采购中标(成交)结果公告,2026-07-23,浙江省,,中标公告,衢州市公共资源交易网,https://www.ggzy.gov.cn/information/deal/html/a/330000/0202/20260723/003383c01dca36ff44dba76a8338b6420218.html,其他,其他,,初中,否,否
0013c7ecf186908343f2b0986d9f1f58ecd5,Z1307002602042001张家口市第九中学智慧校园专用设备购置项目结果公告,2026-07-23,河北省,,中标公告,张家口公共资源交易综合信息平台,https://www.ggzy.gov.cn/information/deal/html/a/130000/0202/20260723/0013c7ecf186908343f2b0986d9f1f58ecd5.html,智慧校园,智慧校园,智慧校园,一贯制未分段,是,是
00225dd390f240e947388befca11df863bc1,通榆县第一中学校空调安装项目中标(成交)结果公告,2026-07-23,吉林省,,中标公告,白城市人民政府政务服务中心(新),https://www.ggzy.gov.cn/information/deal/html/a/220000/0202/20260723/00225dd390f240e947388befca11df863bc1.html,工程配套,其他,工程配套,一贯制未分段,否,否
0013164cc13423e0437182deffb472314335,Z1307262600462301蔚县西合营初级中学2026年操场部分硬化、男生宿舍楼外墙面修缮、更换部分暖气管道项目结果公告,2026-07-23,河北省,,中标公告,张家口公共资源交易综合信息平台,https://www.ggzy.gov.cn/information/deal/html/a/130000/0202/20260723/0013164cc13423e0437182deffb472314335.html,校舍维修改造,校舍维修改造,校舍维修改造,初中,否,否
00220a0fce74728b4f77b60fd64f774605e5,长春市第一五二中学新增高中部教室设备采购项目中标(成交)结果公告,2026-07-23,吉林省,,中标公告,长春市公共资源交易中心(新),https://www.ggzy.gov.cn/information/deal/html/a/220000/0202/20260723/00220a0fce74728b4f77b60fd64f774605e5.html,其他,其他,,高中,否,否
004400c6b1ba3f25492c865aefe358e370e8,茂名市田家炳中学校园排污排水改造、西校区教学楼东面围墙改造、危房拆除项目结果公告,2026-07-23,广东省,,中标公告,,https://www.ggzy.gov.cn/information/deal/html/a/440000/0202/20260723/004400c6b1ba3f25492c865aefe358e370e8.html,校舍维修改造,校舍维修改造,校舍维修改造,一贯制未分段,否,否
006256b2a945000e4b039137a90a314a4051,兰州市第十一中学信息化设备（第三包）中标结果公告,2026-07-23,甘肃省,,中标公告,兰州市公共资源交易平台,https://www.ggzy.gov.cn/information/deal/html/a/620000/0202/20260723/006256b2a945000e4b039137a90a314a4051.html,信息化,信息化,信息化,一贯制未分段,是,是
0022c947b55f72d94f5cbf6fe4fe3e1de4da,长春市第一五二中学报告厅设备采购项目中标(成交)结果公告,2026-07-23,吉林省,,中标公告,长春市公共资源交易中心(新),https://www.ggzy.gov.cn/information/deal/html/a/220000/0202/20260723/0022c947b55f72d94f5cbf6fe4fe3e1de4da.html,其他,其他,,一贯制未分段,否,否
005002d1a27a6bdb4a7bbbf9677388f265e8,重庆市聚奎中学校理化生音乐教室设施设备采购项目（第二次）(JJQ26A00250)中标（成交）结果公告,2026-07-23,重庆市,,中标公告,重庆市公共资源交易服务平台,https://www.ggzy.gov.cn/information/deal/html/a/500000/0202/20260723/005002d1a27a6bdb4a7bbbf9677388f265e8.html,实验室设备,实验室设备,实验室设备,一贯制未分段,否,否
0062c9645752e2d04b999dbbaa163fcd4edb,兰州市第十一中学信息化设备（第六包）第二次中标结果公告,2026-07-23,甘肃省,,中标公告,兰州市公共资源交易平台,https://www.ggzy.gov.cn/information/deal/html/a/620000/0202/20260723/0062c9645752e2d04b999dbbaa163fcd4edb.html,信息化,信息化,信息化,一贯制未分段,是,是
00654d3afddcf7c04911a930c994f9f3a062,沙湾市第五中学义务教育薄弱环节改善与能力提升项目-设备采购（二标段）中标(成交)结果公告,2026-07-23,新疆维吾尔自治区,,中标公告,新疆维吾尔自治区公共资源交易平台,https://www.ggzy.gov.cn/information/deal/html/a/650000/0202/20260723/00654d3afddcf7c04911a930c994f9f3a062.html,其他,其他,,一贯制未分段,否,否
0062f0c029e0e27145eda6210e5e66a4c1a8,庆城县陇东中学智慧校园建设项目中标结果公告,2026-07-23,甘肃省,,中标公告,庆阳市公共资源交易平台,https://www.ggzy.gov.cn/information/deal/html/a/620000/0202/20260723/0062f0c029e0e27145eda6210e5e66a4c1a8.html,智慧校园,智慧校园,智慧校园,一贯制未分段,是,是
0043dec15ece95f74960aa17cf28ec22f757,长沙市湘郡培粹实验中学隆平校区声光电设施设备采购项目结果公告,2026-07-23,湖南省,,中标公告,,https://www.ggzy.gov.cn/information/deal/html/a/430000/0202/20260723/0043dec15ece95f74960aa17cf28ec22f757.html,其他,其他,,一贯制未分段,否,否
0034927dbf8aa5c34612a3753fe723e2ba70,砀山中学新校区标准化考点建设项目成交结果公告,2026-07-23,安徽省,,中标公告,宿州市公共资源交易平台电子交易系统,https://www.ggzy.gov.cn/information/deal/html/a/340000/0202/20260723/0034927dbf8aa5c34612a3753fe723e2ba70.html,其他,其他,,一贯制未分段,否,否
003589bbc5e5f40f446c8f979773fa2971d1,五显中学食堂设备采购结果公告（采购包1）,2026-07-23,福建省,,中标公告,厦门市公共资源交易中心,https://www.ggzy.gov.cn/information/deal/html/a/350000/0202/20260723/003589bbc5e5f40f446c8f979773fa2971d1.html,食堂设备,食堂设备,食堂设备,一贯制未分段,否,否
0013baa895e9c84a4d6c9d2fde2c8dd80302,Z1311262600302302河北郑口中学外墙保温及粉刷工程结果公告,2026-07-23,河北省,,中标公告,,https://www.ggzy.gov.cn/information/deal/html/a/130000/0202/20260723/0013baa895e9c84a4d6c9d2fde2c8dd80302.html,校舍维修改造,校舍维修改造,校舍维修改造,一贯制未分段,否,否
0061276ba925ab804b98b8ed9fbfdd5811a3,旬阳市金寨初级中学运动场提升改造工程采购结果公告,2026-07-23,陕西省,,中标公告,全国公共资源交易平台（陕西省·安康市）电子交易系统,https://www.ggzy.gov.cn/information/deal/html/a/610000/0202/20260723/0061276ba925ab804b98b8ed9fbfdd5811a3.html,校舍维修改造,校舍维修改造,校舍维修改造,初中,否,否
002251ffe5405a014f58a7268a39c868ca19,长春市第一五八中学场地改造项目中标(成交)结果公告,2026-07-23,吉林省,,中标公告,长春市公共资源交易中心(新),https://www.ggzy.gov.cn/information/deal/html/a/220000/0202/20260723/002251ffe5405a014f58a7268a39c868ca19.html,校舍维修改造,校舍维修改造,校舍维修改造,一贯制未分段,否,否
00228ebe9a9f4b124ceea7d4f14d72659261,长春市第一五四中学场地改造项目中标(成交)结果公告,2026-07-23,吉林省,,中标公告,长春市公共资源交易中心(新),https://www.ggzy.gov.cn/information/deal/html/a/220000/0202/20260723/00228ebe9a9f4b124ceea7d4f14d72659261.html,校舍维修改造,校舍维修改造,校舍维修改造,一贯制未分段,否,否
00157183c791c4b24ebba63744915229b3e4,赤峰二中国际实验中学体育设施及室内设施修缮项目中标（成交）结果公告,2026-07-23,内蒙古自治区,,中标公告,,https://www.ggzy.gov.cn/information/deal/html/a/150000/0202/20260723/00157183c791c4b24ebba63744915229b3e4.html,校舍维修改造,校舍维修改造,校舍维修改造;音体美器材,一贯制未分段,否,否
0022b74bcacbfd89434792b4a9181951d8bb,德惠市第十七中学新建学生运动场地工程中标(成交)结果公告,2026-07-23,吉林省,,中标公告,长春市公共资源交易中心(新),https://www.ggzy.gov.cn/information/deal/html/a/220000/0202/20260723/0022b74bcacbfd89434792b4a9181951d8bb.html,校舍维修改造,校舍维修改造,校舍维修改造,一贯制未分段,否,否
00152e36e294b1b54d9abf37279f6473a6f7,赤峰新城实验中学家具采购项目中标（成交）结果公告,2026-07-23,内蒙古自治区,,中标公告,,https://www.ggzy.gov.cn/information/deal/html/a/150000/0202/20260723/00152e36e294b1b54d9abf37279f6473a6f7.html,课桌椅,课桌椅,课桌椅,一贯制未分段,否,否
0022207910e543b246b9895eae3d26d104e9,安图县第一中学改善普通高中办学条件设备购置项目中标(成交)结果公告,2026-07-23,吉林省,,中标公告,延边朝鲜族自治州政府采购中心(新),https://www.ggzy.gov.cn/information/deal/html/a/220000/0202/20260723/0022207910e543b246b9895eae3d26d104e9.html,其他,其他,,高中,否,否
0035d1c8c53a091c46c581e733b8eaca153e,宁德市高级中学科创楼修缮和外部提升工程结果公告（采购包1）,2026-07-23,福建省,,中标公告,宁德市公共资源交易中心,https://www.ggzy.gov.cn/information/deal/html/a/350000/0202/20260723/0035d1c8c53a091c46c581e733b8eaca153e.html,校舍维修改造,校舍维修改造,校舍维修改造,高中,否,否
00150c388d37407c4d21a21152d5fa6cf368,突泉县教育局突泉县第二中学2026年校舍维修改造项目中标（成交）结果公告,2026-07-23,内蒙古自治区,,中标公告,,https://www.ggzy.gov.cn/information/deal/html/a/150000/0202/20260723/00150c388d37407c4d21a21152d5fa6cf368.html,校舍维修改造,校舍维修改造,校舍维修改造,教育局统筹,否,否
00145d0c1241dbe54ca1bd6b175d64ce0d1b,长治市上党区职业高级中学校公开招标电子电路装配实训室设备购置结果公告,2026-07-23,山西省,,中标公告,,https://www.ggzy.gov.cn/information/deal/html/a/140000/0202/20260723/00145d0c1241dbe54ca1bd6b175d64ce0d1b.html,实验室设备,实验室设备,实验室设备,高中,否,否
0042e23781e2e0bc4fef9e11a7e42df88e24,黄石市体育运动学校（市体育中学）黄石市新体校智能化采购项目中标（成交）结果公告,2026-07-23,湖北省,,中标公告,湖北省政府采购网,https://www.ggzy.gov.cn/information/deal/html/a/420000/0202/20260723/0042e23781e2e0bc4fef9e11a7e42df88e24.html,其他,其他,,一贯制未分段,否,否
0033770f1baf2ab04d31b466867d3d114752,浙江名进建设项目管理有限公司关于平阳县萧江镇第二中学宿舍楼拆扩建工程―学生床铺、柜子等采购项目中标(成交)结果公告,2026-07-23,浙江省,,中标公告,温州市公共资源交易网,https://www.ggzy.gov.cn/information/deal/html/a/330000/0202/20260723/0033770f1baf2ab04d31b466867d3d114752.html,校舍维修改造,校舍维修改造,校舍维修改造;课桌椅,一贯制未分段,否,否
0061191278ddc8e5494a8986bd2d3b6d6ecf,吴堡中学教学楼宿舍楼安装空调及线路改造项目采购结果公告,2026-07-23,陕西省,,中标公告,全国公共资源交易平台（陕西省）,https://www.ggzy.gov.cn/information/deal/html/a/610000/0202/20260723/0061191278ddc8e5494a8986bd2d3b6d6ecf.html,校舍维修改造,校舍维修改造,校舍维修改造;工程配套,一贯制未分段,否,否
00418c9e86df44c04663a6ab1143c38ba007,卢氏县官坡镇初级中学运动场改造项目-成交公告,2026-07-23,河南省,,中标公告,三门峡市公共资源交易中心,https://www.ggzy.gov.cn/information/deal/html/a/410000/0202/20260723/00418c9e86df44c04663a6ab1143c38ba007.html,校舍维修改造,校舍维修改造,校舍维修改造,初中,否,否
00619579ee965e8241058336cfe87cd8879a,安康市第二中学课桌椅采购项目.采购结果公告,2026-07-23,陕西省,,中标公告,全国公共资源交易平台（陕西省·安康市）电子交易系统,https://www.ggzy.gov.cn/information/deal/html/a/610000/0202/20260723/00619579ee965e8241058336cfe87cd8879a.html,课桌椅,课桌椅,课桌椅,一贯制未分段,否,否
006171340257c5194a1c856b12d083608e96,延安市实验中学启智楼外墙面改造工程采购结果公告,2026-07-23,陕西省,,中标公告,全国公共资源交易平台（陕西省）,https://www.ggzy.gov.cn/information/deal/html/a/610000/0202/20260723/006171340257c5194a1c856b12d083608e96.html,校舍维修改造,校舍维修改造,校舍维修改造,一贯制未分段,否,否
0033710119a4c09843c48bbf854fba8f9939,浙江五石中正工程咨询有限公司关于黄岩中学学科竞赛培养项目（二次）中标(成交)结果公告,2026-07-23,浙江省,,中标公告,台州市公共资源交易网,https://www.ggzy.gov.cn/information/deal/html/a/330000/0202/20260723/0033710119a4c09843c48bbf854fba8f9939.html,后勤服务,其他,后勤服务,一贯制未分段,否,否
00330a8ddc7c81084795a298f2dfa9b897ed,浙江天平拍卖有限公司关于新昌县知新中学食堂运营管理团队委托服务项目中标(成交)结果公告,2026-07-23,浙江省,,中标公告,绍兴市公共资源交易网,https://www.ggzy.gov.cn/information/deal/html/a/330000/0202/20260723/00330a8ddc7c81084795a298f2dfa9b897ed.html,食堂设备,食堂设备,食堂设备,一贯制未分段,否,否
0041c6a089aa20ff4887ad443e4bdcf26055,辉县市第一初级中学实验楼加固项目-中标公告,2026-07-23,河南省,,中标公告,,https://www.ggzy.gov.cn/information/deal/html/a/410000/0202/20260723/0041c6a089aa20ff4887ad443e4bdcf26055.html,其他,其他,,初中,否,否
0061670afce401dc4ca783949ec6c1a10a4f,旬阳市第二初级中学运动场改造提升工程采购结果公告,2026-07-23,陕西省,,中标公告,全国公共资源交易平台（陕西省·安康市）电子交易系统,https://www.ggzy.gov.cn/information/deal/html/a/610000/0202/20260723/0061670afce401dc4ca783949ec6c1a10a4f.html,校舍维修改造,校舍维修改造,校舍维修改造,初中,否,否
00336e47558dc59942ab96484d80b34c9c0b,江山市中诚采购代理有限责任公司关于江山市上余初级中学食堂劳务外包采购项目中标结果公告,2026-07-23,浙江省,,中标公告,衢州市公共资源交易网,https://www.ggzy.gov.cn/information/deal/html/a/330000/0202/20260723/00336e47558dc59942ab96484d80b34c9c0b.html,食堂设备,食堂设备,食堂设备;后勤服务,初中,否,否
0033f612052b284045bdb7a24c323a16faba,诸暨市公共资源交易中心关于学勉中学学生宿舍空调采购项目中标(成交)结果公告,2026-07-23,浙江省,,中标公告,绍兴市公共资源交易网,https://www.ggzy.gov.cn/information/deal/html/a/330000/0202/20260723/0033f612052b284045bdb7a24c323a16faba.html,工程配套,其他,工程配套,一贯制未分段,否,否
003323f9ea2c5eef4f98961cdcf75332085d,桐乡市公共资源交易中心关于桐乡市凤鸣高级中学学生宿舍家具采购项目Z2041中标(成交)结果公告,2026-07-23,浙江省,,中标公告,嘉兴市公共资源交易网,https://www.ggzy.gov.cn/information/deal/html/a/330000/0202/20260723/003323f9ea2c5eef4f98961cdcf75332085d.html,课桌椅,课桌椅,课桌椅,高中,否,否
0033a30a0357c23d48a49fd81652e17d04ae,杭州市公共资源交易中心余杭分中心关于杭州市余杭区太炎中学（官山校区）物业安保服务采购项目中标(成交)结果公告,2026-07-23,浙江省,,中标公告,杭州市公共资源交易网,https://www.ggzy.gov.cn/information/deal/html/a/330000/0202/20260723/0033a30a0357c23d48a49fd81652e17d04ae.html,校园安防,校园安防,校园安防;后勤服务,一贯制未分段,否,否
003383b9eafdb77a4e3e95ea725d194aa2ea,金华市恒信招标代理有限公司关于金华市第八中学新校区泛光照明设备采购项目中标(成交)结果公告,2026-07-23,浙江省,,中标公告,金华市公共资源交易网,https://www.ggzy.gov.cn/information/deal/html/a/330000/0202/20260723/003383b9eafdb77a4e3e95ea725d194aa2ea.html,工程配套,其他,工程配套,一贯制未分段,否,否
0037ad099412ba5a4c5ca4bd1bbc3b5b58ba,山东省烟台市招远市第九中学2026年零星工程项目成交公告,2026-07-23,山东省,,中标公告,烟台市公共资源交易系统,https://www.ggzy.gov.cn/information/deal/html/a/370000/0202/20260723/0037ad099412ba5a4c5ca4bd1bbc3b5b58ba.html,其他,其他,,一贯制未分段,否,否
003704e073cb95e44e0dbed4b8af51b1f910,平邑县郑城镇第一初级中学屋面防水改造项目,2026-07-23,山东省,,中标公告,临沂市公共资源电子交易系统,https://www.ggzy.gov.cn/information/deal/html/a/370000/0202/20260723/003704e073cb95e44e0dbed4b8af51b1f910.html,校舍维修改造,校舍维修改造,校舍维修改造,初中,否,否
0036e09832043409493485661aa51b8a6f71,江西省鼎跃招标咨询有限公司关于江西师范大学附属中学室内篮球馆改造项目（采购编号：JXDY2026-GC-C0014-1）第二次竞争性磋商成交结果公告,2026-07-23,江西省,,中标公告,江西省公共资源交易中心,https://www.ggzy.gov.cn/information/deal/html/a/360000/0202/20260723/0036e09832043409493485661aa51b8a6f71.html,校舍维修改造,校舍维修改造,校舍维修改造;后勤服务,一贯制未分段,否,否
00366698230420c74d8b90b0d2c7cf5a6e1b,关于吉安县城北中学食堂提升改造工程（第三次）结果公示,2026-07-23,江西省,,中标公告,吉安市公共资源交易中心,https://www.ggzy.gov.cn/information/deal/html/a/360000/0202/20260723/00366698230420c74d8b90b0d2c7cf5a6e1b.html,校舍维修改造,校舍维修改造,校舍维修改造;食堂设备,一贯制未分段,否,否
00360ec9b7abeb9a44069037887cb4def5c7,黎川县恩腾工程管理服务有限公司关于2026年黎川县第一中学综合楼及食堂大厅改造工程（项目编号：LCET-LCCG-2026006）竞争性磋商采购成交结果公示,2026-07-23,江西省,,中标公告,抚州市公共资源交易中心,https://www.ggzy.gov.cn/information/deal/html/a/360000/0202/20260723/00360ec9b7abeb9a44069037887cb4def5c7.html,校舍维修改造,校舍维修改造,校舍维修改造;食堂设备,一贯制未分段,否,否
0021dfb4e27b0198499abb00143867951b8d,锦州市锦州中学图书实验楼项目外部竖向配套工程结果公告,2026-07-23,辽宁省,,中标公告,辽宁政府采购网,https://www.ggzy.gov.cn/information/deal/html/a/210000/0202/20260723/0021dfb4e27b0198499abb00143867951b8d.html,图书,图书,图书,一贯制未分段,否,否
0021ba0c0e190dff47f0b138413a2bd2075a,矿务局中学屋面防水及供水管线改造工程（第二次）结果公告,2026-07-23,辽宁省,,中标公告,辽宁政府采购网,https://www.ggzy.gov.cn/information/deal/html/a/210000/0202/20260723/0021ba0c0e190dff47f0b138413a2bd2075a.html,校舍维修改造,校舍维修改造,校舍维修改造,一贯制未分段,否,否
0021b0b908944d404c468dfcc88b1410e939,沈阳市第一五八中学操场翻建工程结果公告,2026-07-23,辽宁省,,中标公告,辽宁政府采购网,https://www.ggzy.gov.cn/information/deal/html/a/210000/0202/20260723/0021b0b908944d404c468dfcc88b1410e939.html,校舍维修改造,校舍维修改造,校舍维修改造,一贯制未分段,否,否
0021ab89f245c5f6462498264de964b5cd1c,锦州市铁路高级中学消防设施改造工程结果公告,2026-07-23,辽宁省,,中标公告,辽宁政府采购网,https://www.ggzy.gov.cn/information/deal/html/a/210000/0202/20260723/0021ab89f245c5f6462498264de964b5cd1c.html,校舍维修改造,校舍维修改造,校舍维修改造;校园安防,高中,否,否
0021992814ca2eef4e8da7e1c9a8d01204dc,抚顺市实验中学（北校区）卫生间改造项目结果公告,2026-07-23,辽宁省,,中标公告,辽宁政府采购网,https://www.ggzy.gov.cn/information/deal/html/a/210000/0202/20260723/0021992814ca2eef4e8da7e1c9a8d01204dc.html,校舍维修改造,校舍维修改造,校舍维修改造,一贯制未分段,否,否
002192e635f7b33743fe9d8769432bf6328a,朝阳市第三高级中学设备采购项目结果公告,2026-07-23,辽宁省,,中标公告,辽宁政府采购网,https://www.ggzy.gov.cn/information/deal/html/a/210000/0202/20260723/002192e635f7b33743fe9d8769432bf6328a.html,其他,其他,,高中,否,否
003185a8331fa41e4d8dadc84ae222598d25,2026年浦东新区新开办学校教学仪器设备（华东师范大学第二附属中学浦东临港实验学校）的中标（成交）结果公告,2026-07-22,上海市,,中标公告,上海政府采购网,https://www.ggzy.gov.cn/information/deal/html/a/310000/0202/20260722/003185a8331fa41e4d8dadc84ae222598d25.html,教学仪器,教学仪器,教学仪器,一贯制未分段,否,否
0031725c92ef4b554f62bfb10559b21eff47,2026年浦东新区新开办学校教学仪器设备（上海市上南中学东校）的中标（成交）结果公告,2026-07-22,上海市,,中标公告,上海政府采购网,https://www.ggzy.gov.cn/information/deal/html/a/310000/0202/20260722/0031725c92ef4b554f62bfb10559b21eff47.html,教学仪器,教学仪器,教学仪器,一贯制未分段,否,否
0035b252d4c871154ed89b067e05bc69335f,2026年福建省乒乓球冠军赛暨中学生联赛结果公告（采购包1）,2026-07-22,福建省,,中标公告,南平市招标投标服务中心,https://www.ggzy.gov.cn/information/deal/html/a/350000/0202/20260722/0035b252d4c871154ed89b067e05bc69335f.html,其他,其他,,一贯制未分段,否,否
0050297092c6a7c94cc4a3edef2edee05c0a,重庆市育才中学校2026年暑期校舍维修项目(JLP26B00034)中标（成交）结果公告,2026-07-22,重庆市,,中标公告,重庆市公共资源交易服务平台,https://www.ggzy.gov.cn/information/deal/html/a/500000/0202/20260722/0050297092c6a7c94cc4a3edef2edee05c0a.html,校舍维修改造,校舍维修改造,校舍维修改造,一贯制未分段,否,否
0014ba46799d3eac4a9c94bff4e347875206,太原市第十二中学校维修项目（一）结果公告,2026-07-22,山西省,,中标公告,,https://www.ggzy.gov.cn/information/deal/html/a/140000/0202/20260722/0014ba46799d3eac4a9c94bff4e347875206.html,校舍维修改造,校舍维修改造,校舍维修改造,一贯制未分段,否,否
006540d1f2647139412cadce27aa78841ad4,乌鲁木齐市第130中学2026图书采购项目中标(成交)结果公告,2026-07-22,新疆维吾尔自治区,,中标公告,新疆维吾尔自治区公共资源交易平台,https://www.ggzy.gov.cn/information/deal/html/a/650000/0202/20260722/006540d1f2647139412cadce27aa78841ad4.html,图书,图书,图书,一贯制未分段,否,否
0065dd594ba5591e4937bf3af2b77b757417,库车市阿拉哈格镇中学后勤服务（餐饮服务）中标(成交)结果公告,2026-07-22,新疆维吾尔自治区,,中标公告,新疆维吾尔自治区公共资源交易平台,https://www.ggzy.gov.cn/information/deal/html/a/650000/0202/20260722/0065dd594ba5591e4937bf3af2b77b757417.html,后勤服务,其他,后勤服务,一贯制未分段,否,否
00443ae568c923fb47d0981d4ecd01098a34,2026年广州市增城区新塘镇沙埔中学自营食堂运营管理服务项目结果公告,2026-07-22,广东省,,中标公告,,https://www.ggzy.gov.cn/information/deal/html/a/440000/0202/20260722/00443ae568c923fb47d0981d4ecd01098a34.html,食堂设备,食堂设备,食堂设备,一贯制未分段,否,否
00329d02fe5dbf794331a6a3e6208bd34ffc,淮安市淮海初级中学校园环境改造提升项目成交公告采购包1,2026-07-22,江苏省,,中标公告,,https://www.ggzy.gov.cn/information/deal/html/a/320000/0202/20260722/00329d02fe5dbf794331a6a3e6208bd34ffc.html,校舍维修改造,校舍维修改造,校舍维修改造,初中,否,否
0065d9a359629a504c35848232f79924e5ce,博州实验中学采购书籍、读本（二次）中标(成交)结果公告,2026-07-22,新疆维吾尔自治区,,中标公告,新疆维吾尔自治区公共资源交易平台,https://www.ggzy.gov.cn/information/deal/html/a/650000/0202/20260722/0065d9a359629a504c35848232f79924e5ce.html,图书,图书,图书,一贯制未分段,否,否
0041d360c1761123469b8f3e7c0f6b73b497,漯河市召陵区召陵中学南围墙重建、新增硬化地、连廊封闭等项目（一标段）-成交公告,2026-07-22,河南省,,中标公告,漯河市公共资源交易中心,https://www.ggzy.gov.cn/information/deal/html/a/410000/0202/20260722/0041d360c1761123469b8f3e7c0f6b73b497.html,校舍维修改造,校舍维修改造,校舍维修改造,一贯制未分段,否,否
0032e55e978440aa4571a77715626f8f7173,南京师范大学附属中学江北新区学校新建工程项目体育装备采购中标公告采购包1,2026-07-22,江苏省,,中标公告,,https://www.ggzy.gov.cn/information/deal/html/a/320000/0202/20260722/0032e55e978440aa4571a77715626f8f7173.html,校舍维修改造,校舍维修改造,校舍维修改造,一贯制未分段,否,否
0045603420da0c8c4521acb45998cf176854,广西泽信诚工程咨询有限公司关于宾阳县古辣中学学生宿舍楼维修（二期）及运动场维修项目的成交公告,2026-07-22,广西壮族自治区,,中标公告,南宁市公共资源交易中心,https://www.ggzy.gov.cn/information/deal/html/a/450000/0202/20260722/0045603420da0c8c4521acb45998cf176854.html,校舍维修改造,校舍维修改造,校舍维修改造;后勤服务,一贯制未分段,否,否
00143bf8ddf37a0945e8b40157d537d2a561,翼城县第五中学校消防水池及配套设施工程结果公告,2026-07-22,山西省,,中标公告,,https://www.ggzy.gov.cn/information/deal/html/a/140000/0202/20260722/00143bf8ddf37a0945e8b40157d537d2a561.html,校园安防,校园安防,校园安防,一贯制未分段,否,否
0014b4102c89454c4b309857e7b16d760c9d,万荣县城镇中学设备购置项目结果公告,2026-07-22,山西省,,中标公告,,https://www.ggzy.gov.cn/information/deal/html/a/140000/0202/20260722/0014b4102c89454c4b309857e7b16d760c9d.html,其他,其他,,一贯制未分段,否,否
0051e57b44b312464faaaf23e6b5096462dc,高县可久中学校校园整治及电力扩容线路改造项目中标（成交）结果公告,2026-07-22,四川省,,中标公告,,https://www.ggzy.gov.cn/information/deal/html/a/510000/0202/20260722/0051e57b44b312464faaaf23e6b5096462dc.html,校舍维修改造,校舍维修改造,校舍维修改造,一贯制未分段,否,否
001324a96a6d466749f4a1710f5c5c6dbdbd,Z1306332600802301河北易县中学2026年维修改造项目结果公告,2026-07-22,河北省,,中标公告,保定市公共资源交易中心,https://www.ggzy.gov.cn/information/deal/html/a/130000/0202/20260722/001324a96a6d466749f4a1710f5c5c6dbdbd.html,校舍维修改造,校舍维修改造,校舍维修改造,一贯制未分段,否,否
0013c395d4e831e041fdaa817f47651d4600,Z1310262600552301文安县新镇中学等校维修改造工程结果公告,2026-07-22,河北省,,中标公告,廊坊市公共资源交易中心,https://www.ggzy.gov.cn/information/deal/html/a/130000/0202/20260722/0013c395d4e831e041fdaa817f47651d4600.html,校舍维修改造,校舍维修改造,校舍维修改造,一贯制未分段,否,否
00510406e944b51e4e3cbcc283ad58361226,高县柳湖初级中学校高县柳湖中学校学生食堂、足球场整治及电力扩容线路改造项目中标（成交）结果公告,2026-07-22,四川省,,中标公告,,https://www.ggzy.gov.cn/information/deal/html/a/510000/0202/20260722/00510406e944b51e4e3cbcc283ad58361226.html,校舍维修改造,校舍维修改造,校舍维修改造;食堂设备;工程配套,初中,否,否
005160d1db0c0fac4bad98c87ae2f7b6799c,四川天府新区海洋路中学定制教学家具采购中标（成交）结果公告,2026-07-22,四川省,,中标公告,,https://www.ggzy.gov.cn/information/deal/html/a/510000/0202/20260722/005160d1db0c0fac4bad98c87ae2f7b6799c.html,课桌椅,课桌椅,课桌椅,一贯制未分段,否,否
00627dce59b7a93242cd8ffc6f0d1a91b074,兰州市第二中学智慧校园融合应用体系建设项目(二次)中标结果公告,2026-07-22,甘肃省,,中标公告,兰州市公共资源交易平台,https://www.ggzy.gov.cn/information/deal/html/a/620000/0202/20260722/00627dce59b7a93242cd8ffc6f0d1a91b074.html,智慧校园,智慧校园,智慧校园,一贯制未分段,是,是
0015b610861f518542e4842f18682ef100ff,乌海市乌达区实验中学篮球场地维修改造项目中标（成交）结果公告,2026-07-22,内蒙古自治区,,中标公告,,https://www.ggzy.gov.cn/information/deal/html/a/150000/0202/20260722/0015b610861f518542e4842f18682ef100ff.html,校舍维修改造,校舍维修改造,校舍维修改造;工程配套,一贯制未分段,否,否
00353791df8454994e48b889b31b4ea2b323,福建省永春第一中学仰贤、城东校区图书馆二次装修及设备采购结果公告（采购包1）,2026-07-22,福建省,,中标公告,泉州市公共资源交易中心,https://www.ggzy.gov.cn/information/deal/html/a/350000/0202/20260722/00353791df8454994e48b889b31b4ea2b323.html,图书,图书,图书,一贯制未分段,否,否
00507380464ca6854c82aba673094c127929,重庆南开（融侨）中学校校舍改建与环境整治工程(NAQ26B00013)中标（成交）结果公告,2026-07-22,重庆市,,中标公告,重庆市公共资源交易服务平台,https://www.ggzy.gov.cn/information/deal/html/a/500000/0202/20260722/00507380464ca6854c82aba673094c127929.html,校舍维修改造,校舍维修改造,校舍维修改造,一贯制未分段,否,否
00520c0401ec9ff94c3cb1748abdd25e17fb,织金县后寨乡后寨中学等11所学校（补齐寄宿制短板）维修改造项目中标（成交）结果公告,2026-07-22,贵州省,,中标公告,毕节市公共资源交易中心,https://www.ggzy.gov.cn/information/deal/html/a/520000/0202/20260722/00520c0401ec9ff94c3cb1748abdd25e17fb.html,校舍维修改造,校舍维修改造,校舍维修改造,一贯制未分段,否,否
0032e827f2fd1b9145168be860d048033ba1,江苏省锡东高级中学大成分校电教设备采购中标公告采购包1,2026-07-22,江苏省,,中标公告,,https://www.ggzy.gov.cn/information/deal/html/a/320000/0202/20260722/0032e827f2fd1b9145168be860d048033ba1.html,其他,其他,,高中,否,否
00448d247e822d6d487a859a37465b5cc3b3,博罗县博罗中学A食堂人力资源配备及餐饮管理服务项目结果公告,2026-07-22,广东省,,中标公告,,https://www.ggzy.gov.cn/information/deal/html/a/440000/0202/20260722/00448d247e822d6d487a859a37465b5cc3b3.html,食堂设备,食堂设备,食堂设备;后勤服务,一贯制未分段,否,否
00514e65f9aec9fa4b3486c486ad6eaf6b7f,四川省眉山车城中学采购保安服务中标（成交）结果公告,2026-07-22,四川省,,中标公告,,https://www.ggzy.gov.cn/information/deal/html/a/510000/0202/20260722/00514e65f9aec9fa4b3486c486ad6eaf6b7f.html,后勤服务,其他,后勤服务,一贯制未分段,否,否
0051e33e1638753e4d4982262ad0f26b3fb1,成都石室中学初中学校2026-2029年物业服务采购项目中标（成交）结果公告,2026-07-22,四川省,,中标公告,,https://www.ggzy.gov.cn/information/deal/html/a/510000/0202/20260722/0051e33e1638753e4d4982262ad0f26b3fb1.html,后勤服务,其他,后勤服务,初中,否,否
00528672e9e985de4c2d96571c34b24c47d6,2026年天柱县第三中学教学设施设备采购项目（A包）中标（成交）公告,2026-07-22,贵州省,,中标公告,黔东南州公共资源交易中心,https://www.ggzy.gov.cn/information/deal/html/a/520000/0202/20260722/00528672e9e985de4c2d96571c34b24c47d6.html,其他,其他,,一贯制未分段,否,否
00452659495cc46144c194be35bffddbc6e4,元亨工程咨询集团有限公司关于2026年城乡义务教育中央和自治区补助经费宁明县亭亮中学等4所学校建设项目成交公告,2026-07-22,广西壮族自治区,,中标公告,崇左市电子招投标交易平台,https://www.ggzy.gov.cn/information/deal/html/a/450000/0202/20260722/00452659495cc46144c194be35bffddbc6e4.html,后勤服务,其他,后勤服务,一贯制未分段,否,否
004377664314f91a40938911b1e028801728,娄底市第一中学附属实验学校校园基础设备设施升级改造项目结果公告,2026-07-22,湖南省,,中标公告,,https://www.ggzy.gov.cn/information/deal/html/a/430000/0202/20260722/004377664314f91a40938911b1e028801728.html,校舍维修改造,校舍维修改造,校舍维修改造,一贯制未分段,否,否
00451c89a47d6e1147aebe005869c40fdd85,元亨工程咨询集团有限公司关于2026年城乡义务教育中央和自治区补助经费宁明县民族中学等5所学校建设项目成交公告,2026-07-22,广西壮族自治区,,中标公告,崇左市电子招投标交易平台,https://www.ggzy.gov.cn/information/deal/html/a/450000/0202/20260722/00451c89a47d6e1147aebe005869c40fdd85.html,后勤服务,其他,后勤服务,一贯制未分段,否,否
00378d0b8d15dfde4908a54f9fa2c2bb7b58,东明县第二初级中学2026年-2029年食堂劳务外包服务项目中标结果公告,2026-07-22,山东省,,中标公告,,https://www.ggzy.gov.cn/information/deal/html/a/370000/0202/20260722/00378d0b8d15dfde4908a54f9fa2c2bb7b58.html,食堂设备,食堂设备,食堂设备;后勤服务,初中,否,否
00510c6a2979344146c7916f151ca3270638,泸县二中城东初级中学校设备采购(四次)中标（成交）结果公告,2026-07-22,四川省,,中标公告,,https://www.ggzy.gov.cn/information/deal/html/a/510000/0202/20260722/00510c6a2979344146c7916f151ca3270638.html,其他,其他,,初中,否,否
0043f4fe8a65f81f470cae1a6aa6ec0c1d04,津市市德雅中学校舍修缮及设施维护项目-竞争性磋商成交公告,2026-07-22,湖南省,,中标公告,,https://www.ggzy.gov.cn/information/deal/html/a/430000/0202/20260722/0043f4fe8a65f81f470cae1a6aa6ec0c1d04.html,校舍维修改造,校舍维修改造,校舍维修改造,一贯制未分段,否,否
0052e9497f2547ea4c718d173c9294b79b61,织金县茶店乡茶店中学等13所学校（补齐寄宿制短板）维修改造项目中标（成交）结果公告,2026-07-22,贵州省,,中标公告,毕节市公共资源交易中心,https://www.ggzy.gov.cn/information/deal/html/a/520000/0202/20260722/0052e9497f2547ea4c718d173c9294b79b61.html,校舍维修改造,校舍维修改造,校舍维修改造,一贯制未分段,否,否
00418b50774452d845388f8c28fc5a632eeb,滑县第一高级中学设备购置项目-成交公告,2026-07-22,河南省,,中标公告,滑县公共资源交易中心,https://www.ggzy.gov.cn/information/deal/html/a/410000/0202/20260722/00418b50774452d845388f8c28fc5a632eeb.html,其他,其他,,高中,否,否
0013d52485b0ba584c0b90948a36e44ad23d,Z1307002602502301张家口市实验中学路面修缮工程（二次）结果公告,2026-07-22,河北省,,中标公告,张家口公共资源交易综合信息平台,https://www.ggzy.gov.cn/information/deal/html/a/130000/0202/20260722/0013d52485b0ba584c0b90948a36e44ad23d.html,校舍维修改造,校舍维修改造,校舍维修改造,一贯制未分段,否,否
004554287526fc5844a8ac181234df1fea89,广西泽信诚工程咨询有限公司关于宾阳县古辣中学学生宿舍楼维修（二期）及运动场维修项目成交公告,2026-07-22,广西壮族自治区,,中标公告,广西壮族自治区公共资源电子交易系统,https://www.ggzy.gov.cn/information/deal/html/a/450000/0202/20260722/004554287526fc5844a8ac181234df1fea89.html,校舍维修改造,校舍维修改造,校舍维修改造;后勤服务,一贯制未分段,否,否
0013a4a0b4629a3f40b093cebeef962e4567,Z1302002604572201唐山市龙泉中学龙华中学长宁校区信息化建设智慧黑板采购项目结果公告,2026-07-22,河北省,,中标公告,,https://www.ggzy.gov.cn/information/deal/html/a/130000/0202/20260722/0013a4a0b4629a3f40b093cebeef962e4567.html,智慧黑板,智慧黑板,智慧黑板;信息化,一贯制未分段,是,是
00514ee45449711440c292b33597c58065fc,四川省成都市墨池书院中学物业管理服务采购项目中标（成交）结果公告,2026-07-22,四川省,,中标公告,,https://www.ggzy.gov.cn/information/deal/html/a/510000/0202/20260722/00514ee45449711440c292b33597c58065fc.html,后勤服务,其他,后勤服务,一贯制未分段,否,否
00510df26d1097c041dfb061c5497dc10feb,四川省射洪中学校四川省射洪中学（初中部）德智楼、息事居维修改造项目中标（成交）结果公告,2026-07-22,四川省,,中标公告,,https://www.ggzy.gov.cn/information/deal/html/a/510000/0202/20260722/00510df26d1097c041dfb061c5497dc10feb.html,校舍维修改造,校舍维修改造,校舍维修改造,初中,否,否
0013f0ef66855234421389ad7b3165855575,Z1311262600292302河北郑口中学西餐厅屋顶网架改造项目结果公告,2026-07-22,河北省,,中标公告,,https://www.ggzy.gov.cn/information/deal/html/a/130000/0202/20260722/0013f0ef66855234421389ad7b3165855575.html,校舍维修改造,校舍维修改造,校舍维修改造;食堂设备,一贯制未分段,否,否
005019089f88e90a40118c38c7b6233799a2,重庆市字水中学教室及宿舍空调设备采购(JBQ26A00238)中标（成交）结果公告,2026-07-22,重庆市,,中标公告,重庆市公共资源交易服务平台,https://www.ggzy.gov.cn/information/deal/html/a/500000/0202/20260722/005019089f88e90a40118c38c7b6233799a2.html,工程配套,其他,工程配套,一贯制未分段,否,否
00433e19322b3f194e75a03d6f2a30833869,长沙市长郡中学长郡中学奥体城校区学生宿舍家具采购结果公告,2026-07-22,湖南省,,中标公告,,https://www.ggzy.gov.cn/information/deal/html/a/430000/0202/20260722/00433e19322b3f194e75a03d6f2a30833869.html,课桌椅,课桌椅,课桌椅,一贯制未分段,否,否
0012f7a6f322cefe46188d990bc912cca8fc,天津市实验中学 天津市实验中学2026年食堂食材采购及配送项目 (项目编号:ZYGP20260655)中标公告,2026-07-22,天津市,,中标公告,天津市公共资源交易平台交易系统,https://www.ggzy.gov.cn/information/deal/html/a/120000/0202/20260722/0012f7a6f322cefe46188d990bc912cca8fc.html,食堂设备,食堂设备,食堂设备;后勤服务,一贯制未分段,否,否
003535637a55e4804f5e8c58304aae956638,福建省邵武第一中学录播室建设项目结果公告（采购包1）,2026-07-22,福建省,,中标公告,南平市招标投标服务中心,https://www.ggzy.gov.cn/information/deal/html/a/350000/0202/20260722/003535637a55e4804f5e8c58304aae956638.html,信息化设备,信息化设备,信息化设备,一贯制未分段,是,是
0051867d43c37ddc46b5a905a43bb6bad9e6,四川省荥经中学县域高中提质改造项目监理服务中标（成交）结果公告,2026-07-22,四川省,,中标公告,,https://www.ggzy.gov.cn/information/deal/html/a/510000/0202/20260722/0051867d43c37ddc46b5a905a43bb6bad9e6.html,校舍维修改造,校舍维修改造,校舍维修改造;后勤服务,高中,否,否
003798e610a836be4483a8f613ee2a629bc0,山东省潍坊市寿光市寿光中学物业服务采购项目中标（成交）结果公告,2026-07-22,山东省,,中标公告,潍坊市公共资源电子交易系统,https://www.ggzy.gov.cn/information/deal/html/a/370000/0202/20260722/003798e610a836be4483a8f613ee2a629bc0.html,后勤服务,其他,后勤服务,一贯制未分段,否,否
00139e6677d2c98c41dc8cac888138a71dff,邯郸市第二中学2026年教学辅助服务项目中标结果公告,2026-07-22,河北省,,中标公告,邯郸市公共资源电子交易平台,https://www.ggzy.gov.cn/information/deal/html/a/130000/0202/20260722/00139e6677d2c98c41dc8cac888138a71dff.html,其他,其他,,一贯制未分段,否,否
00519e461a80edfe4094b888958126ed0450,四川省隆昌市城关职业中学隆昌市城关职业中学办公家具采购项目中标（成交）结果公告,2026-07-22,四川省,,中标公告,,https://www.ggzy.gov.cn/information/deal/html/a/510000/0202/20260722/00519e461a80edfe4094b888958126ed0450.html,课桌椅,课桌椅,课桌椅,一贯制未分段,否,否
00514c4847495f264b98a1709ee8e02ec9db,乐至县高寺镇初级中学校门、运动场、老旧线路及教学楼疏散通道改造项目中标（成交）结果公告,2026-07-22,四川省,,中标公告,,https://www.ggzy.gov.cn/information/deal/html/a/510000/0202/20260722/00514c4847495f264b98a1709ee8e02ec9db.html,校舍维修改造,校舍维修改造,校舍维修改造,初中,否,否
0032ebbd7cbf26ef428da1198183f9312eb2,丁蜀实验中学实验室装备采购项目中标公告采购包1,2026-07-22,江苏省,,中标公告,,https://www.ggzy.gov.cn/information/deal/html/a/320000/0202/20260722/0032ebbd7cbf26ef428da1198183f9312eb2.html,实验室设备,实验室设备,实验室设备,一贯制未分段,否,否
0032bef487a764144371b54e3ae05fb58f71,无锡梁溪建设咨询事务所有限公司关于江苏省锡山高级中学实验学校实验室设备采购项目的中标公告采购包1,2026-07-22,江苏省,,中标公告,,https://www.ggzy.gov.cn/information/deal/html/a/320000/0202/20260722/0032bef487a764144371b54e3ae05fb58f71.html,实验室设备,实验室设备,实验室设备;后勤服务,高中,否,否
0037b5edd0a79f32458082e76d234094d04f,山东省滨州市博兴县第四中学保洁物业管理服务采购项目中标（成交）结果公告,2026-07-22,山东省,,中标公告,滨州市公共资源电子交易系统,https://www.ggzy.gov.cn/information/deal/html/a/370000/0202/20260722/0037b5edd0a79f32458082e76d234094d04f.html,后勤服务,其他,后勤服务,一贯制未分段,否,否
0052bd83bf5974b442b48b2bd96ec357deb8,乌当中学设备采购项 目中标结果公告,2026-07-22,贵州省,,中标公告,贵阳市公共资源交易中心,https://www.ggzy.gov.cn/information/deal/html/a/520000/0202/20260722/0052bd83bf5974b442b48b2bd96ec357deb8.html,其他,其他,,一贯制未分段,否,否
0035e31bc05ab4f3465a91855f91e320acad,晋江市南侨中学新学生宿舍楼空调采购结果公告（采购包1）,2026-07-22,福建省,,中标公告,泉州市公共资源交易中心,https://www.ggzy.gov.cn/information/deal/html/a/350000/0202/20260722/0035e31bc05ab4f3465a91855f91e320acad.html,工程配套,其他,工程配套,一贯制未分段,否,否
0063a11a32406d084af785f7a2d8f7ad47ac,西宁市政府采购中心关于西宁市沈那中学高中部设备采购项目中标(成交)结果公告,2026-07-22,青海省,,中标公告,青海省公共资源交易网,https://www.ggzy.gov.cn/information/deal/html/a/630000/0202/20260722/0063a11a32406d084af785f7a2d8f7ad47ac.html,其他,其他,,高中,否,否
0062b5cff29ed09d473f86fe3265919f1312,瓜州中学风雨操场建设项目体育设施设备采购项目中标公示,2026-07-22,甘肃省,,中标公告,酒泉市公共资源交易平台,https://www.ggzy.gov.cn/information/deal/html/a/620000/0202/20260722/0062b5cff29ed09d473f86fe3265919f1312.html,校舍维修改造,校舍维修改造,校舍维修改造;音体美器材,一贯制未分段,否,否
00158321bdc7439e4fa898e572b19605bffe,赤峰新城实验中学智能交互黑板及会议平板采购项目中标（成交）结果公告,2026-07-22,内蒙古自治区,,中标公告,,https://www.ggzy.gov.cn/information/deal/html/a/150000/0202/20260722/00158321bdc7439e4fa898e572b19605bffe.html,智慧黑板,智慧黑板,智慧黑板,一贯制未分段,是,是
0011abaa6b7d49364b27a55938cf1688d7ec,2025年密云区巨各庄中学食堂修缮改造工程成交公告,2026-07-22,北京,,中标公告,北京市政府采购网,https://www.ggzy.gov.cn/information/deal/html/a/110000/0202/20260722/0011abaa6b7d49364b27a55938cf1688d7ec.html,校舍维修改造,校舍维修改造,校舍维修改造;食堂设备,一贯制未分段,否,否
0051f8c8e740fba2438da26fca8111a2a226,四川省广元中学物业管理服务项目中标（成交）结果公告,2026-07-22,四川省,,中标公告,,https://www.ggzy.gov.cn/information/deal/html/a/510000/0202/20260722/0051f8c8e740fba2438da26fca8111a2a226.html,后勤服务,其他,后勤服务,一贯制未分段,否,否
0037129541289e644278b78cc823eb9a188e,莒县第四中学体育馆楼顶彩钢瓦更换及钢架防腐刷漆工程成交公告,2026-07-22,山东省,,中标公告,日照市公共资源电子交易平台,https://www.ggzy.gov.cn/information/deal/html/a/370000/0202/20260722/0037129541289e644278b78cc823eb9a188e.html,其他,其他,,一贯制未分段,否,否
00375fde032651ad4e919400b8cd6cb2e6ea,莒县第四中学求真楼教室墙面修缮粉刷工程成交公告,2026-07-22,山东省,,中标公告,日照市公共资源电子交易平台,https://www.ggzy.gov.cn/information/deal/html/a/370000/0202/20260722/00375fde032651ad4e919400b8cd6cb2e6ea.html,校舍维修改造,校舍维修改造,校舍维修改造,一贯制未分段,否,否
00378cbabced8a934857be92c50ac6f5d8bc,山东省潍坊市寿光市圣都中学物业管理服务采购成交公告,2026-07-22,山东省,,中标公告,潍坊市公共资源电子交易系统,https://www.ggzy.gov.cn/information/deal/html/a/370000/0202/20260722/00378cbabced8a934857be92c50ac6f5d8bc.html,后勤服务,其他,后勤服务,一贯制未分段,否,否
0043f874d2c0e36c4b16bf00e6898a487dbe,长沙市湘郡培粹实验中学隆平校区教育教学设施设备采购项目结果公告,2026-07-22,湖南省,,中标公告,,https://www.ggzy.gov.cn/information/deal/html/a/430000/0202/20260722/0043f874d2c0e36c4b16bf00e6898a487dbe.html,其他,其他,,一贯制未分段,否,否
0051f73a52d43f464e779fba5bcc4f6cf397,泸州市第十二初级中学校泸州十二中运动场维修项目中标（成交）结果公告,2026-07-22,四川省,,中标公告,,https://www.ggzy.gov.cn/information/deal/html/a/510000/0202/20260722/0051f73a52d43f464e779fba5bcc4f6cf397.html,校舍维修改造,校舍维修改造,校舍维修改造,初中,否,否
004429d0b409a9734ecb86c80a8e39be8ce1,东莞湾区中学空调采购项目结果公告,2026-07-22,广东省,,中标公告,,https://www.ggzy.gov.cn/information/deal/html/a/440000/0202/20260722/004429d0b409a9734ecb86c80a8e39be8ce1.html,工程配套,其他,工程配套,一贯制未分段,否,否
0043facf4cf78b924c63a78236e469dfe4b0,湘乡市第一中学综合楼屋顶改造项目竞争性磋商成交公告,2026-07-22,湖南省,,中标公告,,https://www.ggzy.gov.cn/information/deal/html/a/430000/0202/20260722/0043facf4cf78b924c63a78236e469dfe4b0.html,校舍维修改造,校舍维修改造,校舍维修改造,一贯制未分段,否,否
0022953a287b0dc04bdf9db2cf55120468e1,珲春市第一高级中学室外道路铺设沥青路面项目中标(成交)结果公告,2026-07-22,吉林省,,中标公告,延边朝鲜族自治州政府采购中心(新),https://www.ggzy.gov.cn/information/deal/html/a/220000/0202/20260722/0022953a287b0dc04bdf9db2cf55120468e1.html,其他,其他,,高中,否,否
00423291fa5badb748719205f8011ed6d5ae,荆州开发区高级中学新建教学楼项目前期场地准备工程中标（成交）结果公告,2026-07-22,湖北省,,中标公告,湖北省政府采购网,https://www.ggzy.gov.cn/information/deal/html/a/420000/0202/20260722/00423291fa5badb748719205f8011ed6d5ae.html,校舍维修改造,校舍维修改造,校舍维修改造,高中,否,否
0012e16a77812d46454bbcc8792441bc8f5e,天津市西青区教育局机关 2026年天津市西青区张家窝镇体育文化地块中学生活设备及环境治理购置安装项目 (项目编号:ZKGP-2026-C-0139)中标公告,2026-07-22,天津市,,中标公告,天津市公共资源交易平台交易系统,https://www.ggzy.gov.cn/information/deal/html/a/120000/0202/20260722/0012e16a77812d46454bbcc8792441bc8f5e.html,其他,其他,,教育局统筹,否,否
00147ebfc9c6367542f595c1ff6c837c2175,翼城县第四中学校校园改造工程结果公告,2026-07-22,山西省,,中标公告,,https://www.ggzy.gov.cn/information/deal/html/a/140000/0202/20260722/00147ebfc9c6367542f595c1ff6c837c2175.html,校舍维修改造,校舍维修改造,校舍维修改造,一贯制未分段,否,否
00155cc46e29e3c447a3917f9c56155e58f5,锡林浩特市第六中学部分校舍消防改造项目中标（成交）结果公告,2026-07-22,内蒙古自治区,,中标公告,,https://www.ggzy.gov.cn/information/deal/html/a/150000/0202/20260722/00155cc46e29e3c447a3917f9c56155e58f5.html,校舍维修改造,校舍维修改造,校舍维修改造;校园安防,一贯制未分段,否,否
0051f8fce8af2d38423e9be64fbb4102215b,四川省荥经中学县域高中提质改造项目施工阶段全过程造价控制服务中标（成交）结果公告,2026-07-22,四川省,,中标公告,,https://www.ggzy.gov.cn/information/deal/html/a/510000/0202/20260722/0051f8fce8af2d38423e9be64fbb4102215b.html,校舍维修改造,校舍维修改造,校舍维修改造,高中,否,否
0062905471097be045218f7e87cbb2ad3b53,平凉市第七中学科创楼及运动场建设设备采购项目,2026-07-22,甘肃省,,中标公告,平凉市公共资源交易平台,https://www.ggzy.gov.cn/information/deal/html/a/620000/0202/20260722/0062905471097be045218f7e87cbb2ad3b53.html,校舍维修改造,校舍维修改造,校舍维修改造,一贯制未分段,否,否
005194ff8d5aef9446d6b304465c385e78ef,成都市第三十八中学校(2026-2029)教育辅助人员服务采购中标（成交）结果公告,2026-07-22,四川省,,中标公告,,https://www.ggzy.gov.cn/information/deal/html/a/510000/0202/20260722/005194ff8d5aef9446d6b304465c385e78ef.html,其他,其他,,一贯制未分段,否,否
0052f40ed6809ed240ce92a0288bb92409a0,榕江县民族中学运动场维修改造项目中标（成交）公告,2026-07-22,贵州省,,中标公告,黔东南州公共资源交易中心,https://www.ggzy.gov.cn/information/deal/html/a/520000/0202/20260722/0052f40ed6809ed240ce92a0288bb92409a0.html,校舍维修改造,校舍维修改造,校舍维修改造,一贯制未分段,否,否
001351f3d0054eab48c48b1799ed87de8c53,河北正中实验中学智慧教学设备项目（二次招标）中标公告,2026-07-22,河北省,,中标公告,石家庄公共资源交易网,https://www.ggzy.gov.cn/information/deal/html/a/130000/0202/20260722/001351f3d0054eab48c48b1799ed87de8c53.html,教学仪器,教学仪器,教学仪器,一贯制未分段,否,否
0012f333874921664f72941e4cb6c1abc43c,天津市宝坻区第四中学 2026年宝坻区第四中学智慧黑板采购项目 (项目编号:WBZB2026A-011)中标公告,2026-07-22,天津市,,中标公告,天津市公共资源交易平台交易系统,https://www.ggzy.gov.cn/information/deal/html/a/120000/0202/20260722/0012f333874921664f72941e4cb6c1abc43c.html,智慧黑板,智慧黑板,智慧黑板,一贯制未分段,是,是
00528719ab4ded2b432daf1bbf6e14797a6d,安顺市第一高级中学学生食堂食材配送服务项目中标(成交)结果公告,2026-07-22,贵州省,,中标公告,安顺市公共资源交易中心,https://www.ggzy.gov.cn/information/deal/html/a/520000/0202/20260722/00528719ab4ded2b432daf1bbf6e14797a6d.html,食堂设备,食堂设备,食堂设备;后勤服务,高中,否,否
00319be675449c1d459a9a41a379c552cde6,上海中学东校教学办公及专用教室设备的中标（成交）结果公告,2026-07-22,上海市,,中标公告,上海政府采购网,https://www.ggzy.gov.cn/information/deal/html/a/310000/0202/20260722/00319be675449c1d459a9a41a379c552cde6.html,实验室设备,实验室设备,实验室设备,一贯制未分段,否,否
006502d6ba21e080403abb5898ee0e674415,奇台县第五中学维修改造及消防联动项目中标(成交)结果公告,2026-07-22,新疆维吾尔自治区,,中标公告,新疆维吾尔自治区公共资源交易平台,https://www.ggzy.gov.cn/information/deal/html/a/650000/0202/20260722/006502d6ba21e080403abb5898ee0e674415.html,校舍维修改造,校舍维修改造,校舍维修改造;校园安防,一贯制未分段,否,否
001456ee33cda2164f6d8c5be142b88afd0e,沁源县新建沁河中学设施设备购置项目结果公告,2026-07-22,山西省,,中标公告,,https://www.ggzy.gov.cn/information/deal/html/a/140000/0202/20260722/001456ee33cda2164f6d8c5be142b88afd0e.html,校舍维修改造,校舍维修改造,校舍维修改造,一贯制未分段,否,否
0065477969eee25849c2a7cfc8dcca46f78b,尼勒克县2026年改善普通高中学校办学条件中央资金（第一批）建设项目（二标段）中标(成交)结果公告,2026-07-22,新疆维吾尔自治区,,中标公告,新疆维吾尔自治区公共资源交易平台,https://www.ggzy.gov.cn/information/deal/html/a/650000/0202/20260722/0065477969eee25849c2a7cfc8dcca46f78b.html,其他,其他,,高中,否,否
004195de0497d2be4dc084a408b472f61d2e,开封市第五中学教学楼改造加固项目-高中教学楼（高中西）项目（二次）-中标公告,2026-07-22,河南省,,中标公告,,https://www.ggzy.gov.cn/information/deal/html/a/410000/0202/20260722/004195de0497d2be4dc084a408b472f61d2e.html,校舍维修改造,校舍维修改造,校舍维修改造,高中,否,否
0033f7de1f909ea5421ca391f9c342128d08,浙江星兴工程咨询有限公司关于湖州青塘高中学生课桌椅及书包柜等采购项目中标(成交)结果公告,2026-07-22,浙江省,,中标公告,湖州市公共资源交易网,https://www.ggzy.gov.cn/information/deal/html/a/330000/0202/20260722/0033f7de1f909ea5421ca391f9c342128d08.html,课桌椅,课桌椅,课桌椅;后勤服务,高中,否,否
0051757c51131c9c4f26b3f93b351113bc1b,四川省仪陇县第二中学保安及后勤服务采购项目中标（成交）结果公告,2026-07-22,四川省,,中标公告,,https://www.ggzy.gov.cn/information/deal/html/a/510000/0202/20260722/0051757c51131c9c4f26b3f93b351113bc1b.html,后勤服务,其他,后勤服务,一贯制未分段,否,否
00350d9f0fb5ac7248fa84ae6f2f06fb969e,平潭第一中学（岚城校区）后勤保障工作社会化运营管理项目(二次)结果公告（采购包1）,2026-07-22,福建省,,中标公告,平潭综合实验区招标投标交易中心,https://www.ggzy.gov.cn/information/deal/html/a/350000/0202/20260722/00350d9f0fb5ac7248fa84ae6f2f06fb969e.html,后勤服务,其他,后勤服务,一贯制未分段,否,否
00514a73450361c34c0b80ca3672f311f74d,乐山市沙湾职业高级中学校舍维修改造项目中标（成交）结果公告,2026-07-22,四川省,,中标公告,,https://www.ggzy.gov.cn/information/deal/html/a/510000/0202/20260722/00514a73450361c34c0b80ca3672f311f74d.html,校舍维修改造,校舍维修改造,校舍维修改造,高中,否,否
0033e2d4aa56b51e4741bb67076a55679f3c,杭州萧诚工程管理有限公司关于萧山区北干初级中学银河校区安防监控系统、广播系统、网络系统等项目采购中标(成交)结果公告,2026-07-22,浙江省,,中标公告,杭州市公共资源交易网,https://www.ggzy.gov.cn/information/deal/html/a/330000/0202/20260722/0033e2d4aa56b51e4741bb67076a55679f3c.html,校园安防,校园安防,校园安防,初中,否,否
0013188774819f8a4ec5a7d1dce2257fb9bd,鸡泽县第一中学学校围栏更换项目竞争性磋商成交公告,2026-07-22,河北省,,中标公告,邯郸市公共资源电子交易平台,https://www.ggzy.gov.cn/information/deal/html/a/130000/0202/20260722/0013188774819f8a4ec5a7d1dce2257fb9bd.html,其他,其他,,一贯制未分段,否,否
0044646e65b3ffd544e5aa56f2a8203b7e01,深圳市龙华区新华中学教育集团采购天花机及安装项目中标（成交）结果公告,2026-07-22,广东省,,中标公告,,https://www.ggzy.gov.cn/information/deal/html/a/440000/0202/20260722/0044646e65b3ffd544e5aa56f2a8203b7e01.html,其他,其他,,一贯制未分段,否,否
0042ede45444cf904395ac6d970b2f640378,松滋市第四中学校园基础设施提升改造项目中标结果公告,2026-07-22,湖北省,,中标公告,湖北省政府采购网,https://www.ggzy.gov.cn/information/deal/html/a/420000/0202/20260722/0042ede45444cf904395ac6d970b2f640378.html,校舍维修改造,校舍维修改造,校舍维修改造,一贯制未分段,否,否
0050d79f44adc0fc4ced95fa2fb7e55273f5,永川中学红河校区田径运动场改造项目(YCQ26B00046)中标（成交）结果公告,2026-07-22,重庆市,,中标公告,重庆市公共资源交易服务平台,https://www.ggzy.gov.cn/information/deal/html/a/500000/0202/20260722/0050d79f44adc0fc4ced95fa2fb7e55273f5.html,校舍维修改造,校舍维修改造,校舍维修改造,一贯制未分段,否,否
0064c3838220d5d04535804bc3ee77dacf37,中卫中学分校学生宿舍管理服务采购项目竞争性磋商采购结果公告,2026-07-22,宁夏回族自治区,,中标公告,宁夏公共资源交易服务平台,https://www.ggzy.gov.cn/information/deal/html/a/640000/0202/20260722/0064c3838220d5d04535804bc3ee77dacf37.html,后勤服务,其他,后勤服务,一贯制未分段,否,否
001598e75403650f4a149bdc7fab01540136,巴林右旗大板第四中学大板第四中学外网采暖管道和食堂维修改造工程中标（成交）结果公告,2026-07-22,内蒙古自治区,,中标公告,,https://www.ggzy.gov.cn/information/deal/html/a/150000/0202/20260722/001598e75403650f4a149bdc7fab01540136.html,校舍维修改造,校舍维修改造,校舍维修改造;食堂设备,一贯制未分段,否,否
0014a8e254b466424c49957939313ecbbd86,平定县第二中学校改善办学条件工程项目结果公告,2026-07-22,山西省,,中标公告,,https://www.ggzy.gov.cn/information/deal/html/a/140000/0202/20260722/0014a8e254b466424c49957939313ecbbd86.html,其他,其他,,一贯制未分段,否,否
0022c581c25dee344ac294a0d9edff62e778,2026年集安市第一中学教学设备采购项目中标(成交)结果公告,2026-07-22,吉林省,,中标公告,通化市电子招投标交易平台(新),https://www.ggzy.gov.cn/information/deal/html/a/220000/0202/20260722/0022c581c25dee344ac294a0d9edff62e778.html,教学仪器,教学仪器,教学仪器,一贯制未分段,否,否
0041ba6b32881e814794b609f4a134a9ba2b,南阳市第二完全学校高级中学运动场及田径场维修改造项目-成交公告,2026-07-22,河南省,,中标公告,,https://www.ggzy.gov.cn/information/deal/html/a/410000/0202/20260722/0041ba6b32881e814794b609f4a134a9ba2b.html,校舍维修改造,校舍维修改造,校舍维修改造,高中,否,否
001577db67ddf4d6483985c0b906b746eb8e,准格尔旗基建项目服务中心准格尔旗第一中学扩建工程电梯采购与安装中标（成交）结果公告,2026-07-22,内蒙古自治区,,中标公告,,https://www.ggzy.gov.cn/information/deal/html/a/150000/0202/20260722/001577db67ddf4d6483985c0b906b746eb8e.html,校舍维修改造,校舍维修改造,校舍维修改造;工程配套,一贯制未分段,否,否
0011d7fcf882038f46408b631e1bdea5241d,北方交通大学附属中学密云分校阶梯教室扩声设备及校园广播系统更新项目中标公告,2026-07-22,北京,,中标公告,北京市政府采购网,https://www.ggzy.gov.cn/information/deal/html/a/110000/0202/20260722/0011d7fcf882038f46408b631e1bdea5241d.html,其他,其他,,一贯制未分段,否,否
00148ae961f5926244b195e1ed391e43227f,朔州市第五中学校初中部餐厅厨房改造维修工程结果公告,2026-07-22,山西省,,中标公告,,https://www.ggzy.gov.cn/information/deal/html/a/140000/0202/20260722/00148ae961f5926244b195e1ed391e43227f.html,校舍维修改造,校舍维修改造,校舍维修改造;食堂设备,初中,否,否
0033b375c850389e48c8ad3e40dada1d7eb6,杭州市教育发展服务中心关于杭州高级中学钱塘学校配套信息化及专用教室设备（数智基座三期）中标(成交)结果公告,2026-07-22,浙江省,,中标公告,杭州市公共资源交易网,https://www.ggzy.gov.cn/information/deal/html/a/330000/0202/20260722/0033b375c850389e48c8ad3e40dada1d7eb6.html,信息化,信息化,信息化;实验室设备,高中,是,是
003330d6f4c6609541e6b347f15c0139ad2b,淳安县公共资源交易中心关于浙江省淳安中学寝室空调采购项目中标(成交)结果公告,2026-07-22,浙江省,,中标公告,杭州市公共资源交易网,https://www.ggzy.gov.cn/information/deal/html/a/330000/0202/20260722/003330d6f4c6609541e6b347f15c0139ad2b.html,工程配套,其他,工程配套,一贯制未分段,否,否
006231deae63f717476489be9beb04907197,甘肃省平凉第一中学校园超市承包经营项目,2026-07-22,甘肃省,,中标公告,平凉市公共资源交易平台,https://www.ggzy.gov.cn/information/deal/html/a/620000/0202/20260722/006231deae63f717476489be9beb04907197.html,后勤服务,其他,后勤服务,一贯制未分段,否,否
001546635f8b43214313a61c799a786456ae,锡林浩特市第六中学锡市第六中学部分校舍、水暖维修项目中标（成交）结果公告,2026-07-22,内蒙古自治区,,中标公告,,https://www.ggzy.gov.cn/information/deal/html/a/150000/0202/20260722/001546635f8b43214313a61c799a786456ae.html,校舍维修改造,校舍维修改造,校舍维修改造,一贯制未分段,否,否
0041bb05b0a1ef5c49a89e5593ce66d8812b,安阳市第二中学足球场草坪翻新项目-成交公告,2026-07-22,河南省,,中标公告,安阳市公共资源交易中心,https://www.ggzy.gov.cn/information/deal/html/a/410000/0202/20260722/0041bb05b0a1ef5c49a89e5593ce66d8812b.html,校舍维修改造,校舍维修改造,校舍维修改造;工程配套,一贯制未分段,否,否
0042be266f4c4e4a45d98dae925e01be4567,荆州市沙市第六中学食堂设施设备采购中标（成交）结果公告,2026-07-22,湖北省,,中标公告,湖北省政府采购网,https://www.ggzy.gov.cn/information/deal/html/a/420000/0202/20260722/0042be266f4c4e4a45d98dae925e01be4567.html,食堂设备,食堂设备,食堂设备,一贯制未分段,否,否
0051e57686eeb9984757bdf241001d19f7e0,南江县小河职业中学智慧康养专业实训设备采购项目中标（成交）结果公告,2026-07-22,四川省,,中标公告,,https://www.ggzy.gov.cn/information/deal/html/a/510000/0202/20260722/0051e57686eeb9984757bdf241001d19f7e0.html,其他,其他,,一贯制未分段,否,否
0042027f45e8507e43a7804cacdca1fcfe25,曾都区第一高级中学学生食堂设施采购中标(成交)结果公告,2026-07-22,湖北省,,中标公告,湖北省政府采购网,https://www.ggzy.gov.cn/information/deal/html/a/420000/0202/20260722/0042027f45e8507e43a7804cacdca1fcfe25.html,食堂设备,食堂设备,食堂设备,高中,否,否
0041b780df553fd64b88a5fc607efe3c2190,卢氏县育英中学运动场改造项目-成交公告,2026-07-22,河南省,,中标公告,三门峡市公共资源交易中心,https://www.ggzy.gov.cn/information/deal/html/a/410000/0202/20260722/0041b780df553fd64b88a5fc607efe3c2190.html,校舍维修改造,校舍维修改造,校舍维修改造,一贯制未分段,否,否
0041e29311179ab743b9b3257542834b4cc7,郸城县第一高级中学教学设备采购项目-中标公告,2026-07-22,河南省,,中标公告,,https://www.ggzy.gov.cn/information/deal/html/a/410000/0202/20260722/0041e29311179ab743b9b3257542834b4cc7.html,教学仪器,教学仪器,教学仪器,高中,否,否
0033b99b7c123373456d8d6d1a50edb0fd03,江山市中诚采购代理有限责任公司关于江山市长台初级中学食堂劳务外包服务采购项目中标结果公告,2026-07-22,浙江省,,中标公告,衢州市公共资源交易网,https://www.ggzy.gov.cn/information/deal/html/a/330000/0202/20260722/0033b99b7c123373456d8d6d1a50edb0fd03.html,食堂设备,食堂设备,食堂设备;后勤服务,初中,否,否
00339e1aa994605647b0b2ccaa985a85fc33,浙江康正工程管理有限公司关于余姚市子陵中学教育集团世南校区暑期改造维修工程中标(成交)结果公告,2026-07-22,浙江省,,中标公告,宁波市公共资源交易网,https://www.ggzy.gov.cn/information/deal/html/a/330000/0202/20260722/00339e1aa994605647b0b2ccaa985a85fc33.html,校舍维修改造,校舍维修改造,校舍维修改造,一贯制未分段,否,否
004102e8ead076924f3594a30bb3282f25b5,灵宝市实验初级中学运动场改造项目-成交公告,2026-07-22,河南省,,中标公告,三门峡市公共资源交易中心,https://www.ggzy.gov.cn/information/deal/html/a/410000/0202/20260722/004102e8ead076924f3594a30bb3282f25b5.html,校舍维修改造,校舍维修改造,校舍维修改造,初中,否,否
003345d4df5a7e5d48579fe457b553f67576,金华市政府采购中心永康市分中心关于永康市南苑中学工程建设（二期）课桌椅、柜和办公家具采购项目中标(成交)结果公告,2026-07-22,浙江省,,中标公告,金华市公共资源交易网,https://www.ggzy.gov.cn/information/deal/html/a/330000/0202/20260722/003345d4df5a7e5d48579fe457b553f67576.html,课桌椅,课桌椅,课桌椅,一贯制未分段,否,否
0037d58f07edb2e14fd08f3b8e9ba9514d67,山东省烟台第三中学正心楼学生课桌椅更新中标公告,2026-07-22,山东省,,中标公告,烟台市公共资源交易系统,https://www.ggzy.gov.cn/information/deal/html/a/370000/0202/20260722/0037d58f07edb2e14fd08f3b8e9ba9514d67.html,课桌椅,课桌椅,课桌椅,一贯制未分段,否,否
0037bb6edb7e81394db8936553f6824393f4,山东省烟台第二中学烟台二中防水、金刚网安装工程A包成交结果公告,2026-07-22,山东省,,中标公告,烟台市公共资源交易系统,https://www.ggzy.gov.cn/information/deal/html/a/370000/0202/20260722/0037bb6edb7e81394db8936553f6824393f4.html,其他,其他,,一贯制未分段,否,否
0037a98c3641a33048bfbafd1183eb8801d6,山东省蒙阴第一中学科技综合楼餐厅综合楼配套工程A包,2026-07-22,山东省,,中标公告,临沂市公共资源电子交易系统,https://www.ggzy.gov.cn/information/deal/html/a/370000/0202/20260722/0037a98c3641a33048bfbafd1183eb8801d6.html,食堂设备,食堂设备,食堂设备,一贯制未分段,否,否
00373af21583d4dc41c18dbd1da382aa3025,沂水县第一中学北校区智慧黑板采购项目,2026-07-22,山东省,,中标公告,临沂市公共资源电子交易系统,https://www.ggzy.gov.cn/information/deal/html/a/370000/0202/20260722/00373af21583d4dc41c18dbd1da382aa3025.html,智慧黑板,智慧黑板,智慧黑板,一贯制未分段,是,是
003714637622391544e4a34c761b287db4b5,山东省烟台第二中学莱山校区教学楼及餐厅电梯更换中标公告,2026-07-22,山东省,,中标公告,烟台市公共资源交易系统,https://www.ggzy.gov.cn/information/deal/html/a/370000/0202/20260722/003714637622391544e4a34c761b287db4b5.html,食堂设备,食堂设备,食堂设备;工程配套,一贯制未分段,否,否
0036bed4885a19ab489b9fd6f20a70a4893d,江西省机电设备招标有限公司关于2026年鹰潭市第十四中学改扩建校舍配套电教装备采购项目（项目编号：JXTC2026110085）结果公示,2026-07-22,江西省,,中标公告,鹰潭市公共资源交易中心,https://www.ggzy.gov.cn/information/deal/html/a/360000/0202/20260722/0036bed4885a19ab489b9fd6f20a70a4893d.html,校舍维修改造,校舍维修改造,校舍维修改造,一贯制未分段,否,否
003670c1e9a51afb4721ae9255810787e061,江西沁慧项目管理咨询有限公司关于南丰县第二中学学术报告厅及多功能教研中心等工程（第二次）（项目编号：JXQH-2026-08-01）竞争性磋商成交公示,2026-07-22,江西省,,中标公告,抚州市公共资源交易中心,https://www.ggzy.gov.cn/information/deal/html/a/360000/0202/20260722/003670c1e9a51afb4721ae9255810787e061.html,教研,教研,教研;后勤服务,一贯制未分段,是,是
00216ba05171d59b4f1995558d411868e1b6,2026年安民中学校舍维修改造项目结果公告,2026-07-22,辽宁省,,中标公告,辽宁政府采购网,https://www.ggzy.gov.cn/information/deal/html/a/210000/0202/20260722/00216ba05171d59b4f1995558d411868e1b6.html,校舍维修改造,校舍维修改造,校舍维修改造,一贯制未分段,否,否
00211e41acf361844b3893d3cfe4a6ad518c,沈阳市第一0三中学操场翻建工程结果公告,2026-07-22,辽宁省,,中标公告,辽宁政府采购网,https://www.ggzy.gov.cn/information/deal/html/a/210000/0202/20260722/00211e41acf361844b3893d3cfe4a6ad518c.html,校舍维修改造,校舍维修改造,校舍维修改造,一贯制未分段,否,否
00415f2fc71cec124bdb95450e0d6486bc5a,洛阳市第一高级中学楼顶防水维修项目成交结果公告,2026-07-21,河南省,,中标公告,,https://www.ggzy.gov.cn/information/deal/html/a/410000/0202/20260721/00415f2fc71cec124bdb95450e0d6486bc5a.html,校舍维修改造,校舍维修改造,校舍维修改造,高中,否,否
0015f2ca7a13489d4cdbb2d50633d450828e,鄂温克族自治旗职业中学维修改造项目中标（成交）结果公告,2026-07-21,内蒙古自治区,,中标公告,,https://www.ggzy.gov.cn/information/deal/html/a/150000/0202/20260721/0015f2ca7a13489d4cdbb2d50633d450828e.html,校舍维修改造,校舍维修改造,校舍维修改造,一贯制未分段,否,否
0035acbdd89445484faeb3bff00128053729,2026年莆田第十中学物业管理服务采购项目结果公告（采购包1）,2026-07-21,福建省,,中标公告,莆田市行政服务中心,https://www.ggzy.gov.cn/information/deal/html/a/350000/0202/20260721/0035acbdd89445484faeb3bff00128053729.html,后勤服务,其他,后勤服务,一贯制未分段,否,否
0045a947b6f20ead47fe902adb4fd93236d5,广西邕政采购代理有限公司关于南宁市西乡塘区金陵中学学生宿舍维修改造工程（二期）的成交公告,2026-07-21,广西壮族自治区,,中标公告,南宁市公共资源交易中心,https://www.ggzy.gov.cn/information/deal/html/a/450000/0202/20260721/0045a947b6f20ead47fe902adb4fd93236d5.html,校舍维修改造,校舍维修改造,校舍维修改造,一贯制未分段,否,否
001329485bd1d51d4eb3a66a4e6d7e0da69b,河北省晋州市第二中学购置学生机房设备中标公告,2026-07-21,河北省,,中标公告,石家庄公共资源交易网,https://www.ggzy.gov.cn/information/deal/html/a/130000/0202/20260721/001329485bd1d51d4eb3a66a4e6d7e0da69b.html,信息化设备,信息化设备,信息化设备,一贯制未分段,是,是
00440ca95510bc3748fa87fd14094b8f75c1,深圳市龙华区三所中学智慧体育设备采购项目中标（成交）结果公告,2026-07-21,广东省,,中标公告,,https://www.ggzy.gov.cn/information/deal/html/a/440000/0202/20260721/00440ca95510bc3748fa87fd14094b8f75c1.html,其他,其他,,一贯制未分段,否,否
0065e94c8c85ca614678b7879318ea22e459,库车市第七中学餐饮服务项目中标(成交)结果公告,2026-07-21,新疆维吾尔自治区,,中标公告,新疆维吾尔自治区公共资源交易平台,https://www.ggzy.gov.cn/information/deal/html/a/650000/0202/20260721/0065e94c8c85ca614678b7879318ea22e459.html,后勤服务,其他,后勤服务,一贯制未分段,否,否
0050067ea0a31973450382aa8dd001033338,李市中学2026年学生宿舍用电线路和用电负荷等维修改造工程(JJQ26B00021)中标（成交）结果公告,2026-07-21,重庆市,,中标公告,重庆市公共资源交易服务平台,https://www.ggzy.gov.cn/information/deal/html/a/500000/0202/20260721/0050067ea0a31973450382aa8dd001033338.html,校舍维修改造,校舍维修改造,校舍维修改造,一贯制未分段,否,否
0032ad2fe8a2d5d14f539214889c770fadde,镇江市第二中学北山坡地质灾害治理工程成交公告采购包1,2026-07-21,江苏省,,中标公告,,https://www.ggzy.gov.cn/information/deal/html/a/320000/0202/20260721/0032ad2fe8a2d5d14f539214889c770fadde.html,其他,其他,,一贯制未分段,否,否
0015e14acd8c95b041c29f52dc1dc356d8c8,伊金霍洛旗高级中学分校教学、办公家具设施中标（成交）结果公告,2026-07-21,内蒙古自治区,,中标公告,,https://www.ggzy.gov.cn/information/deal/html/a/150000/0202/20260721/0015e14acd8c95b041c29f52dc1dc356d8c8.html,课桌椅,课桌椅,课桌椅,高中,否,否
004550442313d1d144679550991da8aa7692,广西邕政采购代理有限公司南宁市第十四中学五象校区教学楼、行政办公及公共教学用房改造项目成交结果公告,2026-07-21,广西壮族自治区,,中标公告,南宁市公共资源交易中心,https://www.ggzy.gov.cn/information/deal/html/a/450000/0202/20260721/004550442313d1d144679550991da8aa7692.html,校舍维修改造,校舍维修改造,校舍维修改造,一贯制未分段,否,否
0044fb66d8a64d3045b19924db3dbfeb2fee,深圳市罗湖区翠园初级中学安全隐患整改工程成交结果公告,2026-07-21,广东省,,中标公告,,https://www.ggzy.gov.cn/information/deal/html/a/440000/0202/20260721/0044fb66d8a64d3045b19924db3dbfeb2fee.html,其他,其他,,初中,否,否
0035bb4ea02280824b30acee8df73885e565,宁德市民族中学学生宿舍生活教育管理服务项目采购结果公告（采购包1）,2026-07-21,福建省,,中标公告,宁德市公共资源交易中心,https://www.ggzy.gov.cn/information/deal/html/a/350000/0202/20260721/0035bb4ea02280824b30acee8df73885e565.html,其他,其他,,一贯制未分段,否,否
00626191d7ff7e4f4486abdc7b51a0fc4610,景泰县第三中学2026年校舍维修及三余楼三味楼消防改造提升工程第二包（第二次）,2026-07-21,甘肃省,,中标公告,白银市公共资源交易平台,https://www.ggzy.gov.cn/information/deal/html/a/620000/0202/20260721/00626191d7ff7e4f4486abdc7b51a0fc4610.html,校舍维修改造,校舍维修改造,校舍维修改造;校园安防,一贯制未分段,否,否
0014b19c00dca79942569e9f3c241d8a6dee,太原市第五中学校竞争性磋商太原市第五中学校（青年路校区）学生公寓消防专项整治建设工程结果公告,2026-07-21,山西省,,中标公告,,https://www.ggzy.gov.cn/information/deal/html/a/140000/0202/20260721/0014b19c00dca79942569e9f3c241d8a6dee.html,校园安防,校园安防,校园安防,一贯制未分段,否,否
00328e06e9b5c1fd47eda29209c5ead4a2fc,南京市第二十九中学天润城分校中学部2026年暑期维修成交公告采购包1,2026-07-21,江苏省,,中标公告,,https://www.ggzy.gov.cn/information/deal/html/a/320000/0202/20260721/00328e06e9b5c1fd47eda29209c5ead4a2fc.html,校舍维修改造,校舍维修改造,校舍维修改造,一贯制未分段,否,否
0051ea57060d2a894ecdbf8e1f1bcf461c19,古蔺县蔺阳中学校民族团结进步示范学校建设项目(二次)中标（成交）结果公告,2026-07-21,四川省,,中标公告,,https://www.ggzy.gov.cn/information/deal/html/a/510000/0202/20260721/0051ea57060d2a894ecdbf8e1f1bcf461c19.html,其他,其他,,一贯制未分段,否,否
00145c671217841f425ea0110ddf8c0bcf2b,太原市小店区第一中学校竞争性磋商2026小店区一中北校区教学楼、宿舍楼改造及粉刷项目结果公告,2026-07-21,山西省,,中标公告,,https://www.ggzy.gov.cn/information/deal/html/a/140000/0202/20260721/00145c671217841f425ea0110ddf8c0bcf2b.html,校舍维修改造,校舍维修改造,校舍维修改造,一贯制未分段,否,否
0013efe2af351b7b4346b273eff9864e04e3,鸡泽县第一中学教学区窗户更换和阳台封窗项目竞争性磋商成交公告,2026-07-21,河北省,,中标公告,邯郸市公共资源电子交易平台,https://www.ggzy.gov.cn/information/deal/html/a/130000/0202/20260721/0013efe2af351b7b4346b273eff9864e04e3.html,其他,其他,,一贯制未分段,否,否
0035631152c7b25b41ed9a838336288afa4d,龙岩初级中学（含北城校区和东肖分校）2026-2027学年校园物业管理服务类采购项目结果公告（采购包1）,2026-07-21,福建省,,中标公告,龙岩市公共资源交易中心,https://www.ggzy.gov.cn/information/deal/html/a/350000/0202/20260721/0035631152c7b25b41ed9a838336288afa4d.html,后勤服务,其他,后勤服务,初中,否,否
00517764c1edec8d4c50bb7265fd96869a98,四川省南充高级中学文峰校区（2026年-2027年）宿管服务采购项目中标（成交）结果公告,2026-07-21,四川省,,中标公告,,https://www.ggzy.gov.cn/information/deal/html/a/510000/0202/20260721/00517764c1edec8d4c50bb7265fd96869a98.html,其他,其他,,高中,否,否
0044bcda6ccfab1c4f58adfbcddb09ca81ec,广州市执信中学水荫路校区中央空调采购项目结果公告,2026-07-21,广东省,,中标公告,,https://www.ggzy.gov.cn/information/deal/html/a/440000/0202/20260721/0044bcda6ccfab1c4f58adfbcddb09ca81ec.html,工程配套,其他,工程配套,一贯制未分段,否,否
003529ce8e777b4345fea511251d567c6573,长乐高级中学新校区项目（不包含高中教学楼【南楼】部分）监测服务结果公告（采购包1）,2026-07-21,福建省,,中标公告,福州市公共资源交易服务中心,https://www.ggzy.gov.cn/information/deal/html/a/350000/0202/20260721/003529ce8e777b4345fea511251d567c6573.html,其他,其他,,高中,否,否
0052ea58c7b19ec746448495400645411dc2,毕节市第一中学2026年双山校区食堂肉类食材采购项目中标（成交）结果公告,2026-07-21,贵州省,,中标公告,毕节市公共资源交易中心,https://www.ggzy.gov.cn/information/deal/html/a/520000/0202/20260721/0052ea58c7b19ec746448495400645411dc2.html,食堂设备,食堂设备,食堂设备;后勤服务,一贯制未分段,否,否
0013f475c253cf9946ef8884d94e916a7715,Z1302832601142301迁安市太平庄镇初级中学操场改造项目结果公告,2026-07-21,河北省,,中标公告,,https://www.ggzy.gov.cn/information/deal/html/a/130000/0202/20260721/0013f475c253cf9946ef8884d94e916a7715.html,校舍维修改造,校舍维修改造,校舍维修改造,初中,否,否
0042184fa6cea58143deae7bba82073266ca,巴东县绿葱坡镇民族初级中学运动场（二）改扩建项目中标结果公告,2026-07-21,湖北省,,中标公告,湖北省政府采购网,https://www.ggzy.gov.cn/information/deal/html/a/420000/0202/20260721/0042184fa6cea58143deae7bba82073266ca.html,校舍维修改造,校舍维修改造,校舍维修改造,初中,否,否
00133bf209b2de3d4c9f89c957ddc338dcfb,Z1302002604622201唐山市慧友中学2026年吊装实验室采购结果公告,2026-07-21,河北省,,中标公告,,https://www.ggzy.gov.cn/information/deal/html/a/130000/0202/20260721/00133bf209b2de3d4c9f89c957ddc338dcfb.html,实验室设备,实验室设备,实验室设备,一贯制未分段,否,否
0045915bc943e01540ee8069f8a382919963,广西华义展工程项目管理有限公司关于马山县马山中学塑胶田径运动场项目成交公告,2026-07-21,广西壮族自治区,,中标公告,广西壮族自治区公共资源电子交易系统,https://www.ggzy.gov.cn/information/deal/html/a/450000/0202/20260721/0045915bc943e01540ee8069f8a382919963.html,校舍维修改造,校舍维修改造,校舍维修改造,一贯制未分段,否,否
0034f2482010e2a54757849db0fb0dd72e71,蚌埠市怀远县包集中学科创楼学生宿舍建设项目监理成交结果公告,2026-07-21,安徽省,,中标公告,蚌埠市公共资源交易平台电子交易系统,https://www.ggzy.gov.cn/information/deal/html/a/340000/0202/20260721/0034f2482010e2a54757849db0fb0dd72e71.html,后勤服务,其他,后勤服务,一贯制未分段,否,否
0051e0cbd4cdeb2548e8a7863ac745c763d3,四川省乐山市第一职业高级中学2026年学生宿舍采购空调中标（成交）结果公告,2026-07-21,四川省,,中标公告,,https://www.ggzy.gov.cn/information/deal/html/a/510000/0202/20260721/0051e0cbd4cdeb2548e8a7863ac745c763d3.html,工程配套,其他,工程配套,高中,否,否
0032e242db595dd44fc8b3b6d78e1535ca38,启东市蝶湖中学2026年计算机教室设施设备采购与安装项目成交公告采购包1,2026-07-21,江苏省,,中标公告,,https://www.ggzy.gov.cn/information/deal/html/a/320000/0202/20260721/0032e242db595dd44fc8b3b6d78e1535ca38.html,信息化设备,信息化设备,信息化设备,一贯制未分段,是,是
00328d35370d877d4241b4fb8ec2847bc59f,东海城北高级中学家具采购中标公告采购包3,2026-07-21,江苏省,,中标公告,,https://www.ggzy.gov.cn/information/deal/html/a/320000/0202/20260721/00328d35370d877d4241b4fb8ec2847bc59f.html,课桌椅,课桌椅,课桌椅,高中,否,否
0032857c751ae500462bbb78276a5b963205,苏州工业园区星海实验高级中学关于房屋安全、抗震性能鉴定服务的成交结果公告采购包1,2026-07-21,江苏省,,中标公告,,https://www.ggzy.gov.cn/information/deal/html/a/320000/0202/20260721/0032857c751ae500462bbb78276a5b963205.html,其他,其他,,高中,否,否
00327f9fd1ac542a43099ff915dab4081d7c,东海城北高级中学家具采购中标公告采购包2,2026-07-21,江苏省,,中标公告,,https://www.ggzy.gov.cn/information/deal/html/a/320000/0202/20260721/00327f9fd1ac542a43099ff915dab4081d7c.html,课桌椅,课桌椅,课桌椅,高中,否,否
00325db5e912950147e0998b69cd0bc7b4d0,东海城北高级中学家具采购中标公告采购包1,2026-07-21,江苏省,,中标公告,,https://www.ggzy.gov.cn/information/deal/html/a/320000/0202/20260721/00325db5e912950147e0998b69cd0bc7b4d0.html,课桌椅,课桌椅,课桌椅,高中,否,否
00323c960fd6e9974fbe9aad32bf15548a76,江苏省锡东高级中学大成分校安防提升设备采购中标公告采购包1,2026-07-21,江苏省,,中标公告,,https://www.ggzy.gov.cn/information/deal/html/a/320000/0202/20260721/00323c960fd6e9974fbe9aad32bf15548a76.html,校园安防,校园安防,校园安防,高中,否,否
0015ddaef7d62ced431c933feb7d0f720899,呼和浩特市第四中学2026年基础教育领域专项资金项目-生劳双课程实践基地设施设备配置(二次)中标（成交）结果公告,2026-07-21,内蒙古自治区,,中标公告,,https://www.ggzy.gov.cn/information/deal/html/a/150000/0202/20260721/0015ddaef7d62ced431c933feb7d0f720899.html,其他,其他,,一贯制未分段,否,否
00627ea44bd197ac463a8a9e634f05df2e67,兰州市第三十三中学“强县中”建设项目(二次)中标公示,2026-07-21,甘肃省,,中标公告,兰州市公共资源交易平台,https://www.ggzy.gov.cn/information/deal/html/a/620000/0202/20260721/00627ea44bd197ac463a8a9e634f05df2e67.html,其他,其他,,一贯制未分段,否,否
001378b58a22dca342e6a73960f5efa2df17,邯郸市永年区第四中学等学校新增钢楼梯项目成交公告,2026-07-21,河北省,,中标公告,邯郸市公共资源电子交易平台,https://www.ggzy.gov.cn/information/deal/html/a/130000/0202/20260721/001378b58a22dca342e6a73960f5efa2df17.html,其他,其他,,一贯制未分段,否,否
00120196d1f96f934850988ea38bcb99bba0,天津市西青区教育局机关 2026年天津市西青区张家窝镇体育文化地块中学专用教室家具类设备购置安装项目 (项目编号:TJXQ-2026-A-0008)中标公告,2026-07-21,天津市,,中标公告,天津市公共资源交易平台交易系统,https://www.ggzy.gov.cn/information/deal/html/a/120000/0202/20260721/00120196d1f96f934850988ea38bcb99bba0.html,实验室设备,实验室设备,实验室设备;课桌椅,教育局统筹,否,否
00152f2dd4b4703a48f2b7669b5710884980,准格尔旗第三中学维修更新体育馆地板及维修外墙工程中标（成交）结果公告,2026-07-21,内蒙古自治区,,中标公告,,https://www.ggzy.gov.cn/information/deal/html/a/150000/0202/20260721/00152f2dd4b4703a48f2b7669b5710884980.html,校舍维修改造,校舍维修改造,校舍维修改造,一贯制未分段,否,否
0022563f3831b39e490e99e4ac7fd427d496,伊通满族自治县第三中学校高中教学楼维修改造工程成交结果公告,2026-07-21,吉林省,,中标公告,四平市政务服务中心(新),https://www.ggzy.gov.cn/information/deal/html/a/220000/0202/20260721/0022563f3831b39e490e99e4ac7fd427d496.html,校舍维修改造,校舍维修改造,校舍维修改造,高中,否,否
0051b41a1c7bc88b4a5ca9528e7f1b6f6dcf,宣汉县土黄中学物业管理采购中标（成交）结果公告,2026-07-21,四川省,,中标公告,,https://www.ggzy.gov.cn/information/deal/html/a/510000/0202/20260721/0051b41a1c7bc88b4a5ca9528e7f1b6f6dcf.html,后勤服务,其他,后勤服务,一贯制未分段,否,否
001195876d2d90984450877f1ec4d5256c80,2026年北京市第六十五中学学生餐厅设备购置项目中标公告,2026-07-21,北京,,中标公告,北京市政府采购网,https://www.ggzy.gov.cn/information/deal/html/a/110000/0202/20260721/001195876d2d90984450877f1ec4d5256c80.html,食堂设备,食堂设备,食堂设备,一贯制未分段,否,否
00515ef54c93887c4d4999fca0c2b2534d99,四川省越西中学普高学校教育提升项目（校园智能一体化安全防控平台建设）中标（成交）结果公告,2026-07-21,四川省,,中标公告,,https://www.ggzy.gov.cn/information/deal/html/a/510000/0202/20260721/00515ef54c93887c4d4999fca0c2b2534d99.html,其他,其他,,一贯制未分段,否,否
00444c9eb1f7bcae451eb16b91ccbf5307c3,深圳市布心中学2026-2027年后勤管理服务项目中标（成交）结果公告,2026-07-21,广东省,,中标公告,,https://www.ggzy.gov.cn/information/deal/html/a/440000/0202/20260721/00444c9eb1f7bcae451eb16b91ccbf5307c3.html,后勤服务,其他,后勤服务,一贯制未分段,否,否
00629d7a73f3cc1d4fd4b46d7b2cf86df8a2,民勤实验中学操场提升改造项目,2026-07-21,甘肃省,,中标公告,武威市公共资源交易平台,https://www.ggzy.gov.cn/information/deal/html/a/620000/0202/20260721/00629d7a73f3cc1d4fd4b46d7b2cf86df8a2.html,校舍维修改造,校舍维修改造,校舍维修改造,一贯制未分段,否,否
002364a268802cec480e8fb1799351c51313,佳木斯市第十中学足球场草坪采购项目,2026-07-21,黑龙江省,,中标公告,黑龙江省公共资源交易网,https://www.ggzy.gov.cn/information/deal/html/a/230000/0202/20260721/002364a268802cec480e8fb1799351c51313.html,工程配套,其他,工程配套,一贯制未分段,否,否
00500649b3638aa44036afd5b8a414a06e46,重庆七中学校风华楼教室、功能室维修改造工程(SPB26B00005)中标（成交）结果公告,2026-07-21,重庆市,,中标公告,重庆市公共资源交易服务平台,https://www.ggzy.gov.cn/information/deal/html/a/500000/0202/20260721/00500649b3638aa44036afd5b8a414a06e46.html,校舍维修改造,校舍维修改造,校舍维修改造;实验室设备,一贯制未分段,否,否
0050576c0610aa11431da82ba03be7af9774,天星桥中学校2026年综合维修工程(SPB26B00006)中标（成交）结果公告,2026-07-21,重庆市,,中标公告,重庆市公共资源交易服务平台,https://www.ggzy.gov.cn/information/deal/html/a/500000/0202/20260721/0050576c0610aa11431da82ba03be7af9774.html,校舍维修改造,校舍维修改造,校舍维修改造,一贯制未分段,否,否
00650ef366303acb407e9d2c00f422bbfc0b,乌鲁木齐市第117中学中学楼后运动场地硬化项目中标(成交)结果公告,2026-07-21,新疆维吾尔自治区,,中标公告,新疆维吾尔自治区公共资源交易平台,https://www.ggzy.gov.cn/information/deal/html/a/650000/0202/20260721/00650ef366303acb407e9d2c00f422bbfc0b.html,校舍维修改造,校舍维修改造,校舍维修改造,一贯制未分段,否,否
0065d575107416744b76a7b83387302224b3,乌鲁木齐市第117中学中学楼教室门更换项目中标(成交)结果公告,2026-07-21,新疆维吾尔自治区,,中标公告,新疆维吾尔自治区公共资源交易平台,https://www.ggzy.gov.cn/information/deal/html/a/650000/0202/20260721/0065d575107416744b76a7b83387302224b3.html,其他,其他,,一贯制未分段,否,否
0051b4b9adda31814acfbe5ff70343e641ca,四川省成都市盐道街中学教职工体检服务采购项目中标（成交）结果公告,2026-07-21,四川省,,中标公告,,https://www.ggzy.gov.cn/information/deal/html/a/510000/0202/20260721/0051b4b9adda31814acfbe5ff70343e641ca.html,后勤服务,其他,后勤服务,一贯制未分段,否,否
00651925da1f8182430583162c2dc1223abf,乌鲁木齐市第八十中学教学楼粉刷项目中标(成交)结果公告,2026-07-21,新疆维吾尔自治区,,中标公告,新疆维吾尔自治区公共资源交易平台,https://www.ggzy.gov.cn/information/deal/html/a/650000/0202/20260721/00651925da1f8182430583162c2dc1223abf.html,其他,其他,,一贯制未分段,否,否
0065f41bb6f99e32419fbb6bb025b2f01292,乌鲁木齐市第八十中学图书馆改造项目中标(成交)结果公告,2026-07-21,新疆维吾尔自治区,,中标公告,新疆维吾尔自治区公共资源交易平台,https://www.ggzy.gov.cn/information/deal/html/a/650000/0202/20260721/0065f41bb6f99e32419fbb6bb025b2f01292.html,校舍维修改造,校舍维修改造,校舍维修改造;图书,一贯制未分段,否,否
00655d580ad92f6e4786933379258c45088e,乌鲁木齐市第八十中学教学楼楼后地面改造项目中标(成交)结果公告,2026-07-21,新疆维吾尔自治区,,中标公告,新疆维吾尔自治区公共资源交易平台,https://www.ggzy.gov.cn/information/deal/html/a/650000/0202/20260721/00655d580ad92f6e4786933379258c45088e.html,校舍维修改造,校舍维修改造,校舍维修改造,一贯制未分段,否,否
0015b142ea6b4ab04a8d95d8a16af4bd565f,呼和浩特市第二中学采购印刷服务中标（成交）结果公告,2026-07-21,内蒙古自治区,,中标公告,,https://www.ggzy.gov.cn/information/deal/html/a/150000/0202/20260721/0015b142ea6b4ab04a8d95d8a16af4bd565f.html,后勤服务,其他,后勤服务,一贯制未分段,否,否
0015d89365ed857e49f5b2ba65aac57c5d47,扎兰屯市卧牛河镇初级中学室外运动场建设项目中标（成交）结果公告,2026-07-21,内蒙古自治区,,中标公告,,https://www.ggzy.gov.cn/information/deal/html/a/150000/0202/20260721/0015d89365ed857e49f5b2ba65aac57c5d47.html,校舍维修改造,校舍维修改造,校舍维修改造,初中,否,否
00512ff4f4856510492abf4f4d500e40540a,四川省乐至实验中学养正楼、兰蕙楼外墙瓷砖排危等工程中标（成交）结果公告,2026-07-21,四川省,,中标公告,,https://www.ggzy.gov.cn/information/deal/html/a/510000/0202/20260721/00512ff4f4856510492abf4f4d500e40540a.html,校舍维修改造,校舍维修改造,校舍维修改造,一贯制未分段,否,否
0051cc677595e42845f49db2b0e00ae22ab6,四川省成都市郫都区第三中学标准化考点建设-国家考试网上巡考系统中标（成交）结果公告,2026-07-21,四川省,,中标公告,,https://www.ggzy.gov.cn/information/deal/html/a/510000/0202/20260721/0051cc677595e42845f49db2b0e00ae22ab6.html,其他,其他,,一贯制未分段,否,否
003581aa4daf64de456283a7bd60c9030ab6,德化六中学生运动场等改造工程结果公告（采购包1）,2026-07-21,福建省,,中标公告,泉州市公共资源交易中心,https://www.ggzy.gov.cn/information/deal/html/a/350000/0202/20260721/003581aa4daf64de456283a7bd60c9030ab6.html,校舍维修改造,校舍维修改造,校舍维修改造,一贯制未分段,否,否
0035c20d4e19b9f04b268b11e2925512e413,永泰县南区中学窗帘类项目结果公告（采购包1）,2026-07-21,福建省,,中标公告,福州市公共资源交易服务中心,https://www.ggzy.gov.cn/information/deal/html/a/350000/0202/20260721/0035c20d4e19b9f04b268b11e2925512e413.html,工程配套,其他,工程配套,一贯制未分段,否,否
00427ff937652e0f49bb9fa4946f9bcf96d7,大冶市武备路中学挡土墙改造工程二次中标（成交）结果公告,2026-07-21,湖北省,,中标公告,湖北省政府采购网,https://www.ggzy.gov.cn/information/deal/html/a/420000/0202/20260721/00427ff937652e0f49bb9fa4946f9bcf96d7.html,校舍维修改造,校舍维修改造,校舍维修改造,一贯制未分段,否,否
0042c4696912ecf649f385ab7077969dccef,来凤县第二实验中学室内活动室维修改造项目中标成交公告,2026-07-21,湖北省,,中标公告,湖北省政府采购网,https://www.ggzy.gov.cn/information/deal/html/a/420000/0202/20260721/0042c4696912ecf649f385ab7077969dccef.html,校舍维修改造,校舍维修改造,校舍维修改造,一贯制未分段,否,否
003590ecfadf33d44ac8aa805268340f8356,晋江市南侨中学新学生宿舍楼家具采购结果公告（采购包1）,2026-07-21,福建省,,中标公告,泉州市公共资源交易中心,https://www.ggzy.gov.cn/information/deal/html/a/350000/0202/20260721/003590ecfadf33d44ac8aa805268340f8356.html,课桌椅,课桌椅,课桌椅,一贯制未分段,否,否
0044ea2df1e2d9364867afc1ba3cdfb4a2da,深圳市光明区华夏中学物业管理服务采购中标（成交）结果公告,2026-07-21,广东省,,中标公告,,https://www.ggzy.gov.cn/information/deal/html/a/440000/0202/20260721/0044ea2df1e2d9364867afc1ba3cdfb4a2da.html,后勤服务,其他,后勤服务,一贯制未分段,否,否
00621bfcf39eb511467a9f80d2cd7ef56c9a,武威第二十九中学教学设备采购项目,2026-07-21,甘肃省,,中标公告,武威市公共资源交易平台,https://www.ggzy.gov.cn/information/deal/html/a/620000/0202/20260721/00621bfcf39eb511467a9f80d2cd7ef56c9a.html,教学仪器,教学仪器,教学仪器,一贯制未分段,否,否
0052a28d75cc0dfe4a6eb301bea14df0b8a2,毕节市第一中学双山校区食堂生鲜类采购及配送中标（成交）结果公告,2026-07-21,贵州省,,中标公告,毕节市公共资源交易中心,https://www.ggzy.gov.cn/information/deal/html/a/520000/0202/20260721/0052a28d75cc0dfe4a6eb301bea14df0b8a2.html,食堂设备,食堂设备,食堂设备;后勤服务,一贯制未分段,否,否
00311f8c6c62284d4216ba6505acc5ae3d6c,上海市华东模范中学深化数智化校园建设项目的中标（成交）结果公告,2026-07-21,上海市,,中标公告,上海政府采购网,https://www.ggzy.gov.cn/information/deal/html/a/310000/0202/20260721/00311f8c6c62284d4216ba6505acc5ae3d6c.html,其他,其他,,一贯制未分段,否,否
0035bccf3daf7ca64d09ad17b2c4c20b74ca,宁德市第二中学综合楼外立面及门改造、操场主席台升级改造结果公告（采购包1）,2026-07-21,福建省,,中标公告,宁德市公共资源交易中心,https://www.ggzy.gov.cn/information/deal/html/a/350000/0202/20260721/0035bccf3daf7ca64d09ad17b2c4c20b74ca.html,校舍维修改造,校舍维修改造,校舍维修改造,一贯制未分段,否,否
0044a23c293a8cd447b7b18c187df08e69aa,广东番禺中学实验学校2026-2027年自营食堂人员服务采购项目结果公告,2026-07-21,广东省,,中标公告,,https://www.ggzy.gov.cn/information/deal/html/a/440000/0202/20260721/0044a23c293a8cd447b7b18c187df08e69aa.html,食堂设备,食堂设备,食堂设备,一贯制未分段,否,否
0035cf35dddbf09b4282af3430cc088a6fae,福州格致中学大小操场塑胶面层、校园路面及附属设施修缮改造工程结果公告（采购包1）,2026-07-21,福建省,,中标公告,福州市公共资源交易服务中心,https://www.ggzy.gov.cn/information/deal/html/a/350000/0202/20260721/0035cf35dddbf09b4282af3430cc088a6fae.html,校舍维修改造,校舍维修改造,校舍维修改造,一贯制未分段,否,否
0013ae8be067cd6f41ac8eefb7a2d07f418b,涉县第二中学机电实训室、学科教研中心及宿舍楼提升改造工程 竞争性磋商中标公告,2026-07-21,河北省,,中标公告,邯郸市公共资源电子交易平台,https://www.ggzy.gov.cn/information/deal/html/a/130000/0202/20260721/0013ae8be067cd6f41ac8eefb7a2d07f418b.html,教研,教研,教研;校舍维修改造;实验室设备,一贯制未分段,是,是
0015983fd68dc0224bd9b9ac7823aaeef84c,多伦县教育局多伦县第四中学智慧操场改造项目中标（成交）结果公告,2026-07-21,内蒙古自治区,,中标公告,,https://www.ggzy.gov.cn/information/deal/html/a/150000/0202/20260721/0015983fd68dc0224bd9b9ac7823aaeef84c.html,校舍维修改造,校舍维修改造,校舍维修改造,教育局统筹,否,否
00448b2192df08724a65bfea5e06547fe546,珠海市第一中学2026-2027年度物业管理服务采购项目结果公告,2026-07-21,广东省,,中标公告,,https://www.ggzy.gov.cn/information/deal/html/a/440000/0202/20260721/00448b2192df08724a65bfea5e06547fe546.html,后勤服务,其他,后勤服务,一贯制未分段,否,否
00436446f7d636ef4d3baf7a57f231bc7b78,郴州市第二中学教学楼卫生间改造工程中标（成交）公告,2026-07-21,湖南省,,中标公告,,https://www.ggzy.gov.cn/information/deal/html/a/430000/0202/20260721/00436446f7d636ef4d3baf7a57f231bc7b78.html,校舍维修改造,校舍维修改造,校舍维修改造,一贯制未分段,否,否
0043df893b65ccb6457fa4e36f96255c8b75,南县浪拔湖镇初级中学综合楼及学生宿舍装饰装修工程成交公告,2026-07-21,湖南省,,中标公告,,https://www.ggzy.gov.cn/information/deal/html/a/430000/0202/20260721/0043df893b65ccb6457fa4e36f96255c8b75.html,其他,其他,,初中,否,否
0011a2854fc9a9d14e808c7403ac2a4997a4,初高中学位供给保障（改造提升）-景山远洋分校及京源鲁谷分校成交公告,2026-07-21,北京,,中标公告,北京市政府采购网,https://www.ggzy.gov.cn/information/deal/html/a/110000/0202/20260721/0011a2854fc9a9d14e808c7403ac2a4997a4.html,校舍维修改造,校舍维修改造,校舍维修改造,高中,否,否
00421eb3ca40d047459691012c3a1bc6c323,十堰市高级中学学生午休课桌椅、办公家具、储物柜采购项目结果公告,2026-07-21,湖北省,,中标公告,湖北省政府采购网,https://www.ggzy.gov.cn/information/deal/html/a/420000/0202/20260721/00421eb3ca40d047459691012c3a1bc6c323.html,课桌椅,课桌椅,课桌椅,高中,否,否
00428e1580a98ff9453bbbaddc39e5e6dc88,秭归县郭家坝镇文化初级中学综合楼等校舍改建项目成交结果公告,2026-07-21,湖北省,,中标公告,湖北省政府采购网,https://www.ggzy.gov.cn/information/deal/html/a/420000/0202/20260721/00428e1580a98ff9453bbbaddc39e5e6dc88.html,校舍维修改造,校舍维修改造,校舍维修改造,初中,否,否
0031186a06546951446d8b95060c2071c651,上海市格致中学 上海市格致中学云南中路35号宿舍改造工程配套智能化设备项目的中标（成交）结果公告,2026-07-21,上海市,,中标公告,上海政府采购网,https://www.ggzy.gov.cn/information/deal/html/a/310000/0202/20260721/0031186a06546951446d8b95060c2071c651.html,校舍维修改造,校舍维修改造,校舍维修改造,一贯制未分段,否,否
0042e1bfdbe030b84207ae0a6917c9335c83,浠水县闻一多中学新建厕所项目成交结果公告,2026-07-21,湖北省,,中标公告,湖北省政府采购网,https://www.ggzy.gov.cn/information/deal/html/a/420000/0202/20260721/0042e1bfdbe030b84207ae0a6917c9335c83.html,校舍维修改造,校舍维修改造,校舍维修改造,一贯制未分段,否,否
001141b69f850ad84128a5d1cfe920e9d1d2,北京市第六十五中学2026年9月至2027年8月委托经营食堂餐饮服务采购项目中标公告,2026-07-21,北京,,中标公告,北京市政府采购网,https://www.ggzy.gov.cn/information/deal/html/a/110000/0202/20260721/001141b69f850ad84128a5d1cfe920e9d1d2.html,食堂设备,食堂设备,食堂设备;后勤服务,一贯制未分段,否,否
0011ee00abc6592d41cc81cbcb46255990ff,2026年北京市第一七一中学食堂质量提升设备采购项目其他食品加工设备采购项目中标结果公告,2026-07-21,北京,,中标公告,北京市政府采购网,https://www.ggzy.gov.cn/information/deal/html/a/110000/0202/20260721/0011ee00abc6592d41cc81cbcb46255990ff.html,食堂设备,食堂设备,食堂设备,一贯制未分段,否,否
0011d9d934bfe8374d238641ba1aea2416c2,2026年北京市第一七一中学（西校区）食堂改造工程装修工程采购项目成交公告,2026-07-21,北京,,中标公告,北京市政府采购网,https://www.ggzy.gov.cn/information/deal/html/a/110000/0202/20260721/0011d9d934bfe8374d238641ba1aea2416c2.html,校舍维修改造,校舍维修改造,校舍维修改造;食堂设备,一贯制未分段,否,否
0034548488d1e7444d27bdb6fdc22bb69efb,皖西中学教学交互式一体机采购项目中标结果公告,2026-07-21,安徽省,,中标公告,六安市公共资源交易平台电子交易系统,https://www.ggzy.gov.cn/information/deal/html/a/340000/0202/20260721/0034548488d1e7444d27bdb6fdc22bb69efb.html,其他,其他,,一贯制未分段,否,否
0032101ae214515d48269fe3cd75b8140196,江苏省曲塘高级中学科创楼课桌椅及书包柜采购项目成交公告采购包1,2026-07-21,江苏省,,中标公告,,https://www.ggzy.gov.cn/information/deal/html/a/320000/0202/20260721/0032101ae214515d48269fe3cd75b8140196.html,课桌椅,课桌椅,课桌椅,高中,否,否
0043074f06905eb44625b9bdb83e5dcfe98e,南县乌嘴乡初级中学校园道路和广场维修工程成交公告,2026-07-21,湖南省,,中标公告,,https://www.ggzy.gov.cn/information/deal/html/a/430000/0202/20260721/0043074f06905eb44625b9bdb83e5dcfe98e.html,校舍维修改造,校舍维修改造,校舍维修改造,初中,否,否
00131e0676b2e96f4483b075bb469db1d7ab,Z1310812600702001霸州市第一中学采购物业公司服务项目结果公告,2026-07-21,河北省,,中标公告,廊坊市公共资源交易中心,https://www.ggzy.gov.cn/information/deal/html/a/130000/0202/20260721/00131e0676b2e96f4483b075bb469db1d7ab.html,后勤服务,其他,后勤服务,一贯制未分段,否,否
00220e42f6e52dd647898eb4eae6f5eefa66,长春市第一五六中学监控设备采购项目中标(成交)结果公告,2026-07-21,吉林省,,中标公告,长春市公共资源交易中心(新),https://www.ggzy.gov.cn/information/deal/html/a/220000/0202/20260721/00220e42f6e52dd647898eb4eae6f5eefa66.html,校园安防,校园安防,校园安防,一贯制未分段,否,否
002240cbd26501e543d3820a8f57ad50e34a,长春市第一五四中学新增高中部教学设备采购项目中标(成交)结果公告,2026-07-21,吉林省,,中标公告,长春市公共资源交易中心(新),https://www.ggzy.gov.cn/information/deal/html/a/220000/0202/20260721/002240cbd26501e543d3820a8f57ad50e34a.html,教学仪器,教学仪器,教学仪器,高中,否,否
0051bc0b9f3011ac4bf0a3607721a514c8bc,四川省旺苍中学旺苍中学女生公寓木床采购中标（成交）结果公告,2026-07-21,四川省,,中标公告,,https://www.ggzy.gov.cn/information/deal/html/a/510000/0202/20260721/0051bc0b9f3011ac4bf0a3607721a514c8bc.html,其他,其他,,一贯制未分段,否,否
0022b8e90cdb39d34ca381fb7c3429028556,长春市第一五二中学监控设备采购项目中标(成交)结果公告,2026-07-21,吉林省,,中标公告,长春市公共资源交易中心(新),https://www.ggzy.gov.cn/information/deal/html/a/220000/0202/20260721/0022b8e90cdb39d34ca381fb7c3429028556.html,校园安防,校园安防,校园安防,一贯制未分段,否,否
0011edb85b951f8e4e89b38b2622ddc9715c,怀柔区第一中学大门改造项目成交公告,2026-07-21,北京,,中标公告,北京市政府采购网,https://www.ggzy.gov.cn/information/deal/html/a/110000/0202/20260721/0011edb85b951f8e4e89b38b2622ddc9715c.html,校舍维修改造,校舍维修改造,校舍维修改造,一贯制未分段,否,否
00227ac26d301c6849db89248550042f5966,长春市第一五二中学常规教学设备采购项目中标(成交)结果公告,2026-07-21,吉林省,,中标公告,长春市公共资源交易中心(新),https://www.ggzy.gov.cn/information/deal/html/a/220000/0202/20260721/00227ac26d301c6849db89248550042f5966.html,教学仪器,教学仪器,教学仪器,一贯制未分段,否,否
0051a53414c669554c94a67e9f9b1d7812ce,成都市石室成飞中学物业管理费中标（成交）结果公告,2026-07-21,四川省,,中标公告,,https://www.ggzy.gov.cn/information/deal/html/a/510000/0202/20260721/0051a53414c669554c94a67e9f9b1d7812ce.html,后勤服务,其他,后勤服务,一贯制未分段,否,否
002210dfed68a5b04f98b49f19e8f23d0e03,2025年桦甸市第四中学教学楼公寓楼大白、UV板墙裙、换窗维修改造工程中标(成交)结果公告,2026-07-21,吉林省,,中标公告,吉林市公共资源交易网上招投标系统,https://www.ggzy.gov.cn/information/deal/html/a/220000/0202/20260721/002210dfed68a5b04f98b49f19e8f23d0e03.html,校舍维修改造,校舍维修改造,校舍维修改造,一贯制未分段,否,否
0051d58215231fcc46c8bce61370e471e78a,成都市第四十四中学校2026年洞子口职高暑期外墙面塑钢窗排危改造项目中标（成交）结果公告,2026-07-21,四川省,,中标公告,,https://www.ggzy.gov.cn/information/deal/html/a/510000/0202/20260721/0051d58215231fcc46c8bce61370e471e78a.html,校舍维修改造,校舍维修改造,校舍维修改造,一贯制未分段,否,否
005183e80650c2534f24a420aefcb208f6da,成都市第十八中学校2026年成都十八中高中部综合排危改造项目中标（成交）结果公告,2026-07-21,四川省,,中标公告,,https://www.ggzy.gov.cn/information/deal/html/a/510000/0202/20260721/005183e80650c2534f24a420aefcb208f6da.html,校舍维修改造,校舍维修改造,校舍维修改造,高中,否,否
0044d50a273eba704a83813cecfa6128ccfc,深圳市第二高级中学深汕学校二期空调机采购中标（成交）结果公告,2026-07-21,广东省,,中标公告,,https://www.ggzy.gov.cn/information/deal/html/a/440000/0202/20260721/0044d50a273eba704a83813cecfa6128ccfc.html,工程配套,其他,工程配套,高中,否,否
0042a507e6d678a048e584b7d5a15a5c7fec,沙洋县李市镇李市中学实验楼维修改造中标结果公告,2026-07-21,湖北省,,中标公告,湖北省政府采购网,https://www.ggzy.gov.cn/information/deal/html/a/420000/0202/20260721/0042a507e6d678a048e584b7d5a15a5c7fec.html,校舍维修改造,校舍维修改造,校舍维修改造,一贯制未分段,否,否
0042c8df9ef7ed6249218e096c73c7c31a61,沙洋县沙洋中学校园人车分流及维修改造工程中标结果公告,2026-07-21,湖北省,,中标公告,湖北省政府采购网,https://www.ggzy.gov.cn/information/deal/html/a/420000/0202/20260721/0042c8df9ef7ed6249218e096c73c7c31a61.html,校舍维修改造,校舍维修改造,校舍维修改造,一贯制未分段,否,否
00132d9fac2a052f49cab19a6a7fa7a25f19,Z1303002606002301第十九中学草皮更换等维修改造结果公告,2026-07-21,河北省,,中标公告,秦皇岛市公共资源交易网,https://www.ggzy.gov.cn/information/deal/html/a/130000/0202/20260721/00132d9fac2a052f49cab19a6a7fa7a25f19.html,校舍维修改造,校舍维修改造,校舍维修改造,一贯制未分段,否,否
0045255f13674b9b42e1bbcfd5647c39eefa,广西建汇工程咨询有限公司陆川县第三中学物业管理服务成交结果公告,2026-07-21,广西壮族自治区,,中标公告,玉林市公共资源交易中心,https://www.ggzy.gov.cn/information/deal/html/a/450000/0202/20260721/0045255f13674b9b42e1bbcfd5647c39eefa.html,后勤服务,其他,后勤服务,一贯制未分段,否,否
0014aa838ed4d24e4c1f9c3f73eba0872df0,潞州中学教育集团主校区东教学楼和南教学楼及西街学校后操场教学楼内部维修改造项目结果公告,2026-07-21,山西省,,中标公告,,https://www.ggzy.gov.cn/information/deal/html/a/140000/0202/20260721/0014aa838ed4d24e4c1f9c3f73eba0872df0.html,校舍维修改造,校舍维修改造,校舍维修改造,一贯制未分段,否,否
0050bf939193c993445fb54a99c78685bf71,重庆西藏中学校2026年综合维修工程(SPB26B00002)中标（成交）结果公告,2026-07-21,重庆市,,中标公告,重庆市公共资源交易服务平台,https://www.ggzy.gov.cn/information/deal/html/a/500000/0202/20260721/0050bf939193c993445fb54a99c78685bf71.html,校舍维修改造,校舍维修改造,校舍维修改造,一贯制未分段,否,否
00447e387566460742178bf8965966cb069f,广东仲元中学莲花湾学校校园文化设施设备采购项目结果公告,2026-07-21,广东省,,中标公告,,https://www.ggzy.gov.cn/information/deal/html/a/440000/0202/20260721/00447e387566460742178bf8965966cb069f.html,校园文化,其他,校园文化,一贯制未分段,否,否
0034dfc56040d38344b8878788eaaed088cf,市十二中学生食堂（餐厅）、挡土墙等维修（二次）成交结果公告,2026-07-21,安徽省,,中标公告,宣城市公共资源交易平台电子交易系统,https://www.ggzy.gov.cn/information/deal/html/a/340000/0202/20260721/0034dfc56040d38344b8878788eaaed088cf.html,校舍维修改造,校舍维修改造,校舍维修改造;食堂设备,一贯制未分段,否,否
005200aa4b84e74447329b46dc3f7d02b71f,天柱县第一中学建设项目前期工作设计服务项目中标（成交）公告,2026-07-21,贵州省,,中标公告,黔东南州公共资源交易中心,https://www.ggzy.gov.cn/information/deal/html/a/520000/0202/20260721/005200aa4b84e74447329b46dc3f7d02b71f.html,其他,其他,,一贯制未分段,否,否
0051b49baf98892e4664a155062734cfec2f,石渠县审计局石渠中学泸定校区（高中部）十个建设项目打捆建设项目全过程跟踪审计服务项目中标（成交）结果公告,2026-07-21,四川省,,中标公告,,https://www.ggzy.gov.cn/information/deal/html/a/510000/0202/20260721/0051b49baf98892e4664a155062734cfec2f.html,其他,其他,,高中,否,否
0041f78ecc12acd84a86b4b5514a82da0f4e,滑县教育局2025年改善普通高中学校办学条件第二批中央补助资金购置（教育教学设备）项目-中标公告,2026-07-21,河南省,,中标公告,滑县公共资源交易中心,https://www.ggzy.gov.cn/information/deal/html/a/410000/0202/20260721/0041f78ecc12acd84a86b4b5514a82da0f4e.html,教学仪器,教学仪器,教学仪器,教育局统筹,否,否
003455472e0c614e44db8f3ead4ed6c0857e,黄山市屯溪第四中学本部自来水管网改造升级工程采购项目成交结果公告,2026-07-21,安徽省,,中标公告,黄山市公共资源交易平台电子交易系统,https://www.ggzy.gov.cn/information/deal/html/a/340000/0202/20260721/003455472e0c614e44db8f3ead4ed6c0857e.html,校舍维修改造,校舍维修改造,校舍维修改造,一贯制未分段,否,否
00133cbc2461c9df41c592c9fd6321ce0b94,Z1307252600492001河北省尚义县第一中学2026年新建食堂设备购置结果公告,2026-07-21,河北省,,中标公告,张家口公共资源交易综合信息平台,https://www.ggzy.gov.cn/information/deal/html/a/130000/0202/20260721/00133cbc2461c9df41c592c9fd6321ce0b94.html,校舍维修改造,校舍维修改造,校舍维修改造;食堂设备,一贯制未分段,否,否
00143548167ba14e4a9fbd1ce628b6cd45b7,孝义中学体育场人造草坪更换工程结果公告,2026-07-21,山西省,,中标公告,,https://www.ggzy.gov.cn/information/deal/html/a/140000/0202/20260721/00143548167ba14e4a9fbd1ce628b6cd45b7.html,工程配套,其他,工程配套,一贯制未分段,否,否
0042af476693778e4ab4b69077a1f77fa3a7,武汉市武昌区滨江实验中学新建项目涉武昌滨江地下环路管廊安全影响评估服务结果公告,2026-07-21,湖北省,,中标公告,湖北省政府采购网,https://www.ggzy.gov.cn/information/deal/html/a/420000/0202/20260721/0042af476693778e4ab4b69077a1f77fa3a7.html,校舍维修改造,校舍维修改造,校舍维修改造;后勤服务,一贯制未分段,否,否
0014e03f9d3a6add439498a7c3271b21a770,襄垣县第一中学校教学区改造工程（包一）二次结果公告,2026-07-21,山西省,,中标公告,,https://www.ggzy.gov.cn/information/deal/html/a/140000/0202/20260721/0014e03f9d3a6add439498a7c3271b21a770.html,校舍维修改造,校舍维修改造,校舍维修改造,一贯制未分段,否,否
0014ec9078cb348d4fdf9766fa533cbb4d0d,长治市屯留区第六中学校竞争性磋商长治市屯留区第六中学校3号教学楼维修工程结果公告,2026-07-21,山西省,,中标公告,,https://www.ggzy.gov.cn/information/deal/html/a/140000/0202/20260721/0014ec9078cb348d4fdf9766fa533cbb4d0d.html,校舍维修改造,校舍维修改造,校舍维修改造,一贯制未分段,否,否
0032b134c079997f463ca99a2234f25b727c,泰州市高港实验初级中学食堂改造工程成交公告采购包1,2026-07-21,江苏省,,中标公告,,https://www.ggzy.gov.cn/information/deal/html/a/320000/0202/20260721/0032b134c079997f463ca99a2234f25b727c.html,校舍维修改造,校舍维修改造,校舍维修改造;食堂设备,初中,否,否
0033b3b201b358c74e16879e70550407ce67,宁波市鄞州区政务服务中心关于曙光中学家具采购项目中标(成交)结果公告,2026-07-21,浙江省,,中标公告,宁波市公共资源交易网,https://www.ggzy.gov.cn/information/deal/html/a/330000/0202/20260721/0033b3b201b358c74e16879e70550407ce67.html,课桌椅,课桌椅,课桌椅,一贯制未分段,否,否
00133060d6287d1d4426a38381d05a737659,石家庄市第四十八中学大课间运动场建设项目二次成交公告,2026-07-21,河北省,,中标公告,石家庄公共资源交易网,https://www.ggzy.gov.cn/information/deal/html/a/130000/0202/20260721/00133060d6287d1d4426a38381d05a737659.html,校舍维修改造,校舍维修改造,校舍维修改造,一贯制未分段,否,否
004346b44024cc2a41b6a2804d969636e516,邵阳市第十六中学食堂食材采购项目中标（成交）公告,2026-07-21,湖南省,,中标公告,,https://www.ggzy.gov.cn/information/deal/html/a/430000/0202/20260721/004346b44024cc2a41b6a2804d969636e516.html,食堂设备,食堂设备,食堂设备;后勤服务,一贯制未分段,否,否
0022f1f8191cafa84be0a98ba60815d63733,长春市长春中学厨房设备采购项目中标(成交)结果公告,2026-07-21,吉林省,,中标公告,长春市公共资源交易中心(新),https://www.ggzy.gov.cn/information/deal/html/a/220000/0202/20260721/0022f1f8191cafa84be0a98ba60815d63733.html,食堂设备,食堂设备,食堂设备,一贯制未分段,否,否
0050ce426deff8cd485f8c95e90916887b87,重庆市永川中学文昌学校运动场改造工程(YCQ26B00035)中标（成交）结果公告,2026-07-21,重庆市,,中标公告,重庆市公共资源交易服务平台,https://www.ggzy.gov.cn/information/deal/html/a/500000/0202/20260721/0050ce426deff8cd485f8c95e90916887b87.html,校舍维修改造,校舍维修改造,校舍维修改造,一贯制未分段,否,否
0022e4f968fdf43f4575a6e2dbe82ef63990,吉林市第十九中学校教学楼、宿舍楼塑钢窗，沥青路面等改造项目中标(成交)结果公告,2026-07-21,吉林省,,中标公告,吉林市公共资源交易网上招投标系统,https://www.ggzy.gov.cn/information/deal/html/a/220000/0202/20260721/0022e4f968fdf43f4575a6e2dbe82ef63990.html,校舍维修改造,校舍维修改造,校舍维修改造,一贯制未分段,否,否
0051a579e9f8f7854cdc93e95feae87c1718,乐山市第七中学电子白板采购项目中标（成交）结果公告,2026-07-21,四川省,,中标公告,,https://www.ggzy.gov.cn/information/deal/html/a/510000/0202/20260721/0051a579e9f8f7854cdc93e95feae87c1718.html,智慧黑板,智慧黑板,智慧黑板,一贯制未分段,是,是
00615d7a45fc1a784c1c82aee9b0f16a4562,淳化县方里初级中学提升改造及设备购置项目成交结果公告.html,2026-07-21,陕西省,,中标公告,全国公共资源交易平台（陕西省·咸阳市）电子交易系统,https://www.ggzy.gov.cn/information/deal/html/a/610000/0202/20260721/00615d7a45fc1a784c1c82aee9b0f16a4562.html,校舍维修改造,校舍维修改造,校舍维修改造,初中,否,否
0045617bda2a09954e0c95ce64a0f5c54c45,防城港市防城区教育局关于防城港市第三中学挡土墙、围墙等附属工程成交结果公告,2026-07-21,广西壮族自治区,,中标公告,防城港市电子招标投标系统,https://www.ggzy.gov.cn/information/deal/html/a/450000/0202/20260721/0045617bda2a09954e0c95ce64a0f5c54c45.html,校舍维修改造,校舍维修改造,校舍维修改造,教育局统筹,否,否
0051700ddd43f2d746d8a39507774ffda534,四川省剑州中学校思贤楼、近贤楼外墙及窗维修改造项目中标（成交）结果公告,2026-07-21,四川省,,中标公告,,https://www.ggzy.gov.cn/information/deal/html/a/510000/0202/20260721/0051700ddd43f2d746d8a39507774ffda534.html,校舍维修改造,校舍维修改造,校舍维修改造,一贯制未分段,否,否
0033d796972010f14ab2a084bc4264f54279,浙江中正工程项目管理有限公司关于苍南县第二高级中学监控改造及智慧校园采购项目中标(成交)结果公告,2026-07-21,浙江省,,中标公告,温州市公共资源交易网,https://www.ggzy.gov.cn/information/deal/html/a/330000/0202/20260721/0033d796972010f14ab2a084bc4264f54279.html,智慧校园,智慧校园,智慧校园;校舍维修改造;校园安防,高中,是,是
00522bd9bd8aadd44fdba5349797b2a0ee97,思南中学采购“班班通”及理化生实验室教学设备项目中标结果公告,2026-07-21,贵州省,,中标公告,铜仁市公共资源交易中心,https://www.ggzy.gov.cn/information/deal/html/a/520000/0202/20260721/00522bd9bd8aadd44fdba5349797b2a0ee97.html,实验室设备,实验室设备,实验室设备;教学仪器,一贯制未分段,否,否
002252caba0aeeca444a97465e1054db0206,梨树县第二中学操场改造中标(成交)结果公告,2026-07-21,吉林省,,中标公告,四平市政务服务中心(新),https://www.ggzy.gov.cn/information/deal/html/a/220000/0202/20260721/002252caba0aeeca444a97465e1054db0206.html,校舍维修改造,校舍维修改造,校舍维修改造,一贯制未分段,否,否
00230842fe9bcea84f3b87387e6991d405ed,黑龙江省八达路桥建设有限公司鸡西分公司鸡西市城市更新品质提升工程-南岗路（实验中学）停车库及运动场工程项目劳务分包采购项目（一批）二次中标结果公告,2026-07-21,黑龙江省,,中标公告,,https://www.ggzy.gov.cn/information/deal/html/a/230000/0202/20260721/00230842fe9bcea84f3b87387e6991d405ed.html,校舍维修改造,校舍维修改造,校舍维修改造;后勤服务,一贯制未分段,否,否
0045b5be86c673794857bf98e2a639fbe1c1,防城港市防城区教育局关于防城港市第三中学挡土墙、围墙等附属工程成交公告,2026-07-21,广西壮族自治区,,中标公告,广西壮族自治区公共资源电子交易系统,https://www.ggzy.gov.cn/information/deal/html/a/450000/0202/20260721/0045b5be86c673794857bf98e2a639fbe1c1.html,校舍维修改造,校舍维修改造,校舍维修改造,教育局统筹,否,否
00225d525de66c6b4305a32bc6bd17629bab,大安市乐胜乡中学校教学楼外墙保温改造工程中标(成交)结果公告,2026-07-21,吉林省,,中标公告,白城市人民政府政务服务中心(新),https://www.ggzy.gov.cn/information/deal/html/a/220000/0202/20260721/00225d525de66c6b4305a32bc6bd17629bab.html,校舍维修改造,校舍维修改造,校舍维修改造,一贯制未分段,否,否
0045db9a77966cae40128046ae98302a7099,广西驰通建设工程管理有限公司关于忻城县思练中学(秀慧楼、玉洁楼)女生宿舍维修成交公告,2026-07-21,广西壮族自治区,,中标公告,来宾市公共资源交易服务平台,https://www.ggzy.gov.cn/information/deal/html/a/450000/0202/20260721/0045db9a77966cae40128046ae98302a7099.html,校舍维修改造,校舍维修改造,校舍维修改造,一贯制未分段,否,否
002288f1c22fe25d42f2b498bbdddfb620fa,大安市第三中学校教学楼外墙、围墙、消防外网维修工程中标(成交)结果公告,2026-07-21,吉林省,,中标公告,白城市人民政府政务服务中心(新),https://www.ggzy.gov.cn/information/deal/html/a/220000/0202/20260721/002288f1c22fe25d42f2b498bbdddfb620fa.html,校舍维修改造,校舍维修改造,校舍维修改造;校园安防,一贯制未分段,否,否
00220f1efff8bbab46c29c19dbbb707f9083,2026年集安市第一中学校园校舍维修改造项目中标(成交)结果公告,2026-07-21,吉林省,,中标公告,通化市电子招投标交易平台(新),https://www.ggzy.gov.cn/information/deal/html/a/220000/0202/20260721/00220f1efff8bbab46c29c19dbbb707f9083.html,校舍维修改造,校舍维修改造,校舍维修改造,一贯制未分段,否,否
0041e2712a3e6fe1498bb73c537e4de025f5,郑州市第四高级中学校园文化建设（校园绿化）项目中标公告,2026-07-21,河南省,,中标公告,,https://www.ggzy.gov.cn/information/deal/html/a/410000/0202/20260721/0041e2712a3e6fe1498bb73c537e4de025f5.html,工程配套,其他,工程配套;校园文化,高中,否,否
006178d06853648a4350a7fd72435f9872de,米脂县第三中学消防改造工程中标（成交）结果公告,2026-07-21,陕西省,,中标公告,全国公共资源交易平台（陕西省）,https://www.ggzy.gov.cn/information/deal/html/a/610000/0202/20260721/006178d06853648a4350a7fd72435f9872de.html,校舍维修改造,校舍维修改造,校舍维修改造;校园安防,一贯制未分段,否,否
004116e2c196b122443fa6d37bfb1be6b1a3,南阳市第二完全学校高级中学物业绿化保洁项目-成交公告,2026-07-21,河南省,,中标公告,,https://www.ggzy.gov.cn/information/deal/html/a/410000/0202/20260721/004116e2c196b122443fa6d37bfb1be6b1a3.html,后勤服务,其他,后勤服务;工程配套,高中,否,否
003383d5e92118c241d4b608bdfa959d3dfe,浙江中基正采管理咨询有限公司关于宁海县知恩中学、宁海县知恩桃源书院食堂管理团队委托服务项目中标(成交)结果公告,2026-07-21,浙江省,,中标公告,宁波市公共资源交易网,https://www.ggzy.gov.cn/information/deal/html/a/330000/0202/20260721/003383d5e92118c241d4b608bdfa959d3dfe.html,食堂设备,食堂设备,食堂设备;后勤服务,一贯制未分段,否,否
0033e482619d70c4414ebf835d4cbc00a4db,温州博腾项目管理咨询有限公司关于平阳县鳌江中学＂桃李芬芳＂榜样示范长廊中标(成交)结果公告,2026-07-21,浙江省,,中标公告,温州市公共资源交易网,https://www.ggzy.gov.cn/information/deal/html/a/330000/0202/20260721/0033e482619d70c4414ebf835d4cbc00a4db.html,后勤服务,其他,后勤服务,一贯制未分段,否,否
004132b5fb1463d44b5db480564434e987de,唐河县毕店镇中心学校毕店镇第一初级中学餐厅扩建项目-成交公告,2026-07-21,河南省,,中标公告,,https://www.ggzy.gov.cn/information/deal/html/a/410000/0202/20260721/004132b5fb1463d44b5db480564434e987de.html,校舍维修改造,校舍维修改造,校舍维修改造;食堂设备,初中,否,否
0033ef8a612a5093411c946a6cea2d547f06,遂昌一航采购代理有限公司关于遂昌县育才高级中学学生宿舍床采购项目(二期)第二次中标(成交)结果公告,2026-07-21,浙江省,,中标公告,丽水市公共资源交易网,https://www.ggzy.gov.cn/information/deal/html/a/330000/0202/20260721/0033ef8a612a5093411c946a6cea2d547f06.html,其他,其他,,高中,否,否
00336c74eab16ffd40b5af51dc08aec3fce0,浙江威盛工程咨询有限公司关于仙居县南峰中学项目(桩基础检测、基坑监测服务)中标(成交)结果公告,2026-07-21,浙江省,,中标公告,台州市公共资源交易网,https://www.ggzy.gov.cn/information/deal/html/a/330000/0202/20260721/00336c74eab16ffd40b5af51dc08aec3fce0.html,后勤服务,其他,后勤服务,一贯制未分段,否,否
0033ff749d915bf24063b0300b3c189080d7,台州明辰招标代理有限公司关于临海市第八中学宿舍管理服务中标(成交)结果公告,2026-07-21,浙江省,,中标公告,台州市公共资源交易网,https://www.ggzy.gov.cn/information/deal/html/a/330000/0202/20260721/0033ff749d915bf24063b0300b3c189080d7.html,后勤服务,其他,后勤服务,一贯制未分段,否,否
006138b69dd7a9934c9f9f1833b0dd673bd9,太白中学科技楼改造项目（二次）采购结果公告,2026-07-21,陕西省,,中标公告,全国公共资源交易平台（陕西省）,https://www.ggzy.gov.cn/information/deal/html/a/610000/0202/20260721/006138b69dd7a9934c9f9f1833b0dd673bd9.html,校舍维修改造,校舍维修改造,校舍维修改造,一贯制未分段,否,否
00333365570ba4dc4b3b95b3325658d74d7f,宁波寅源工程管理咨询有限公司关于北仑中学中外合作项目服外方教育服务采购中标(成交)结果公告,2026-07-21,浙江省,,中标公告,宁波市公共资源交易网,https://www.ggzy.gov.cn/information/deal/html/a/330000/0202/20260721/00333365570ba4dc4b3b95b3325658d74d7f.html,后勤服务,其他,后勤服务,一贯制未分段,否,否
00337c64200a036f4de5b5b06c5ed7cf9f31,浙江同欣工程管理有限公司关于杭州市源清第二高级中学校园安防二期中标(成交)结果公告,2026-07-21,浙江省,,中标公告,杭州市公共资源交易网,https://www.ggzy.gov.cn/information/deal/html/a/330000/0202/20260721/00337c64200a036f4de5b5b06c5ed7cf9f31.html,校园安防,校园安防,校园安防,高中,否,否
00338805d9528aa9436494e32501dea96f9a,浙江同欣工程管理有限公司关于杭州市源清第二高级中学网络建设二期中标(成交)结果公告,2026-07-21,浙江省,,中标公告,杭州市公共资源交易网,https://www.ggzy.gov.cn/information/deal/html/a/330000/0202/20260721/00338805d9528aa9436494e32501dea96f9a.html,其他,其他,,高中,否,否
0033082911612a904f5cbf4bbbeb02e98762,杭州市建设工程管理集团有限公司关于杭州市余杭区太炎中学2026年8月至2027年7月餐饮服务采购项目中标(成交)结果公告,2026-07-21,浙江省,,中标公告,杭州市公共资源交易网,https://www.ggzy.gov.cn/information/deal/html/a/330000/0202/20260721/0033082911612a904f5cbf4bbbeb02e98762.html,后勤服务,其他,后勤服务,一贯制未分段,否,否
0033d74c9bd4b1c8473f8ba6a34a709f8fce,浙江省成套招标代理有限公司关于杭州学军中学教育集团径山高级中学学生宿舍组合式床采购项目中标(成交)结果公告,2026-07-21,浙江省,,中标公告,杭州市公共资源交易网,https://www.ggzy.gov.cn/information/deal/html/a/330000/0202/20260721/0033d74c9bd4b1c8473f8ba6a34a709f8fce.html,其他,其他,,高中,否,否
003395384bbe4fdd4d329b30f66b5b997a18,中纬工程管理咨询有限公司关于苍南县钱库镇第一中学运动场改造工程中标(成交)结果公告,2026-07-21,浙江省,,中标公告,温州市公共资源交易网,https://www.ggzy.gov.cn/information/deal/html/a/330000/0202/20260721/003395384bbe4fdd4d329b30f66b5b997a18.html,校舍维修改造,校舍维修改造,校舍维修改造;后勤服务,一贯制未分段,否,否
0033888246f0b1f645319e3cd42042e8db89,卓信工程咨询有限公司关于绍兴市柯桥区马鞍中学午休课桌椅采购项目中标(成交)结果公告,2026-07-21,浙江省,,中标公告,绍兴市公共资源交易网,https://www.ggzy.gov.cn/information/deal/html/a/330000/0202/20260721/0033888246f0b1f645319e3cd42042e8db89.html,课桌椅,课桌椅,课桌椅;后勤服务,一贯制未分段,否,否
0036e6c8bb59870f49f496ce913c724fc1ca,安福县第二中学关于安福县第二中学物业服务项目【ABXZBZC202608024】成交结果公示,2026-07-21,江西省,,中标公告,吉安市公共资源交易中心,https://www.ggzy.gov.cn/information/deal/html/a/360000/0202/20260721/0036e6c8bb59870f49f496ce913c724fc1ca.html,后勤服务,其他,后勤服务,一贯制未分段,否,否
003603ecc96646204ff298993584e25c9cb3,GZ2026-C019赣州市第四中学物业管理服务项目结果公示,2026-07-21,江西省,,中标公告,赣州市公共资源交易中心,https://www.ggzy.gov.cn/information/deal/html/a/360000/0202/20260721/003603ecc96646204ff298993584e25c9cb3.html,后勤服务,其他,后勤服务,一贯制未分段,否,否
0021eca5ce02603e4acaa4e2cdd27d61cead,沈阳市培英中学操场改造工程结果公告,2026-07-21,辽宁省,,中标公告,辽宁政府采购网,https://www.ggzy.gov.cn/information/deal/html/a/210000/0202/20260721/0021eca5ce02603e4acaa4e2cdd27d61cead.html,校舍维修改造,校舍维修改造,校舍维修改造,一贯制未分段,否,否
002150748b1bace24521abad53aa5da2585a,兴城市第二高级中学电力改造及设施配套安装工程结果公告,2026-07-21,辽宁省,,中标公告,辽宁政府采购网,https://www.ggzy.gov.cn/information/deal/html/a/210000/0202/20260721/002150748b1bace24521abad53aa5da2585a.html,校舍维修改造,校舍维修改造,校舍维修改造,高中,否,否
0063f8e45653334543418e7147759d54029b,青海浩驰招标代理有限公司关于青海省2025年中学购置实验设备项目（二期）中标(成交)结果公告,2026-07-20,青海省,,中标公告,青海省公共资源交易网,https://www.ggzy.gov.cn/information/deal/html/a/630000/0202/20260720/0063f8e45653334543418e7147759d54029b.html,实验室设备,实验室设备,实验室设备,一贯制未分段,否,否
00420396124bc6594b4ba661fdcfe91a4969,监利市大垸管理区中心学校监利市大垸流港初级中学学生宿舍楼维修工程中标（成交）结果公告,2026-07-20,湖北省,,中标公告,湖北省政府采购网,https://www.ggzy.gov.cn/information/deal/html/a/420000/0202/20260720/00420396124bc6594b4ba661fdcfe91a4969.html,校舍维修改造,校舍维修改造,校舍维修改造,初中,否,否
00654e7ffab27072419ebf5b74b90252b394,库车市齐满镇中学餐饮服务项目中标(成交)结果公告,2026-07-20,新疆维吾尔自治区,,中标公告,新疆维吾尔自治区公共资源交易平台,https://www.ggzy.gov.cn/information/deal/html/a/650000/0202/20260720/00654e7ffab27072419ebf5b74b90252b394.html,后勤服务,其他,后勤服务,一贯制未分段,否,否
0065017e72f0eac84e7ca291a1b653276d89,库车市乌尊镇中学校园食堂餐饮服务外包项目中标(成交)结果公告,2026-07-20,新疆维吾尔自治区,,中标公告,新疆维吾尔自治区公共资源交易平台,https://www.ggzy.gov.cn/information/deal/html/a/650000/0202/20260720/0065017e72f0eac84e7ca291a1b653276d89.html,食堂设备,食堂设备,食堂设备;后勤服务,一贯制未分段,否,否
0037c649cfc1adf940aca4a02d5d8b255f43,莒县第二中学宿舍维修改造项目中标（成交）结果公告,2026-07-20,山东省,,中标公告,日照市公共资源电子交易平台,https://www.ggzy.gov.cn/information/deal/html/a/370000/0202/20260720/0037c649cfc1adf940aca4a02d5d8b255f43.html,校舍维修改造,校舍维修改造,校舍维修改造,一贯制未分段,否,否
00651979f54558144f2d82b8c4d492dd47af,乌鲁木齐市第138中学功能室改造装修工程-装修室内设计中标(成交)结果公告,2026-07-20,新疆维吾尔自治区,,中标公告,新疆维吾尔自治区公共资源交易平台,https://www.ggzy.gov.cn/information/deal/html/a/650000/0202/20260720/00651979f54558144f2d82b8c4d492dd47af.html,校舍维修改造,校舍维修改造,校舍维修改造;实验室设备,一贯制未分段,否,否
003294f05cb218794ecbbc4faf2d4ac60097,常州市北环中学易地新建项目分体空调设备采购安装中标公告采购包1,2026-07-20,江苏省,,中标公告,,https://www.ggzy.gov.cn/information/deal/html/a/320000/0202/20260720/003294f05cb218794ecbbc4faf2d4ac60097.html,校舍维修改造,校舍维修改造,校舍维修改造;工程配套,一贯制未分段,否,否
0032550055f7ee014cbcb07e56ff639b3f35,常州市北郊高级中学电梯中标公告采购包1,2026-07-20,江苏省,,中标公告,,https://www.ggzy.gov.cn/information/deal/html/a/320000/0202/20260720/0032550055f7ee014cbcb07e56ff639b3f35.html,工程配套,其他,工程配套,高中,否,否
0044976c2419ace24b48a0e2fbdf341a499a,广东仲元中学莲花湾学校信息化设备采购项目结果公告,2026-07-20,广东省,,中标公告,,https://www.ggzy.gov.cn/information/deal/html/a/440000/0202/20260720/0044976c2419ace24b48a0e2fbdf341a499a.html,信息化,信息化,信息化,一贯制未分段,是,是
0064d8a2ddfe742549d4ac36fc4f54b157c8,宁夏育才中学实训楼改造为学生宿舍楼及配套设施设备采购项目二标段：学生用组合家具采购与安装中标公告,2026-07-20,宁夏回族自治区,,中标公告,宁夏公共资源交易服务平台,https://www.ggzy.gov.cn/information/deal/html/a/640000/0202/20260720/0064d8a2ddfe742549d4ac36fc4f54b157c8.html,校舍维修改造,校舍维修改造,校舍维修改造;课桌椅,一贯制未分段,否,否
00622f631667d1e84770892b405d10b26065,华亭市第一中学教室、宿舍门更换项目,2026-07-20,甘肃省,,中标公告,平凉市公共资源交易平台,https://www.ggzy.gov.cn/information/deal/html/a/620000/0202/20260720/00622f631667d1e84770892b405d10b26065.html,其他,其他,,一贯制未分段,否,否
00152ae4fa7b3db14ac78de3bdea2c394910,扎赉特旗音德尔第六中学2026年旧食堂改造成教学及辅助用房项目中标（成交）结果公告,2026-07-20,内蒙古自治区,,中标公告,,https://www.ggzy.gov.cn/information/deal/html/a/150000/0202/20260720/00152ae4fa7b3db14ac78de3bdea2c394910.html,校舍维修改造,校舍维修改造,校舍维修改造;食堂设备,一贯制未分段,否,否
00654efda217745e40b6907283ba363e2d69,喀什地区喀什市优质高中（喀什市第五十中学）建设项目初步设计中标(成交)结果公告,2026-07-20,新疆维吾尔自治区,,中标公告,新疆维吾尔自治区公共资源交易平台,https://www.ggzy.gov.cn/information/deal/html/a/650000/0202/20260720/00654efda217745e40b6907283ba363e2d69.html,其他,其他,,高中,否,否
00650fe494b4966241908fffff1b1610e941,昭苏县第一中学及职业学校食材采购配送服务项目中标(成交)结果公告,2026-07-20,新疆维吾尔自治区,,中标公告,新疆维吾尔自治区公共资源交易平台,https://www.ggzy.gov.cn/information/deal/html/a/650000/0202/20260720/00650fe494b4966241908fffff1b1610e941.html,后勤服务,其他,后勤服务,一贯制未分段,否,否
006227815baeee3c4f58b78fa07996cee556,天水市第三中学物业管理服务竞争性磋商采购项目中标公示,2026-07-20,甘肃省,,中标公告,天水市公共资源交易平台,https://www.ggzy.gov.cn/information/deal/html/a/620000/0202/20260720/006227815baeee3c4f58b78fa07996cee556.html,后勤服务,其他,后勤服务,一贯制未分段,否,否
00630bde5aced7064588b2ad0d71fa04e13f,化隆县群科新区黄河中学周边道路建设项目设计中标(成交)结果公告,2026-07-20,青海省,,中标公告,青海省公共资源交易网,https://www.ggzy.gov.cn/information/deal/html/a/630000/0202/20260720/00630bde5aced7064588b2ad0d71fa04e13f.html,其他,其他,,一贯制未分段,否,否
0032025038ca61b64040ad783187990077a3,江苏省梅村高级中学校园保安服务项目中标公告采购包1,2026-07-20,江苏省,,中标公告,,https://www.ggzy.gov.cn/information/deal/html/a/320000/0202/20260720/0032025038ca61b64040ad783187990077a3.html,后勤服务,其他,后勤服务,高中,否,否
0013dd71b48284584730bbb649714705f9fe,Z1307302600292001怀来县沙城第二中学食堂设备采购项目结果公告,2026-07-20,河北省,,中标公告,张家口公共资源交易综合信息平台,https://www.ggzy.gov.cn/information/deal/html/a/130000/0202/20260720/0013dd71b48284584730bbb649714705f9fe.html,食堂设备,食堂设备,食堂设备,一贯制未分段,否,否
0011584380f7e9f848769d4617ebe1349e60,额度外—丽泽中学教学楼内墙壁排险改造项目成交公告,2026-07-20,北京,,中标公告,北京市政府采购网,https://www.ggzy.gov.cn/information/deal/html/a/110000/0202/20260720/0011584380f7e9f848769d4617ebe1349e60.html,校舍维修改造,校舍维修改造,校舍维修改造,一贯制未分段,否,否
005167ed50077ed5415a81970de59594b810,遂宁市船山区新桥镇初级中学校教学楼维修改造中标（成交）结果公告,2026-07-20,四川省,,中标公告,,https://www.ggzy.gov.cn/information/deal/html/a/510000/0202/20260720/005167ed50077ed5415a81970de59594b810.html,校舍维修改造,校舍维修改造,校舍维修改造,初中,否,否
00517a393040cb364e3c89fbbbf86dc48487,北京第二外国语学院成都附属中学教职工体检中标（成交）结果公告,2026-07-20,四川省,,中标公告,,https://www.ggzy.gov.cn/information/deal/html/a/510000/0202/20260720/00517a393040cb364e3c89fbbbf86dc48487.html,后勤服务,其他,后勤服务,一贯制未分段,否,否
005165bcaf4fc76e4ef28a83323785de612b,成都市教育科学研究院附属中学2026年成都教科院附中午小憩家具采购项目中标（成交）结果公告,2026-07-20,四川省,,中标公告,,https://www.ggzy.gov.cn/information/deal/html/a/510000/0202/20260720/005165bcaf4fc76e4ef28a83323785de612b.html,课桌椅,课桌椅,课桌椅,一贯制未分段,否,否
0052f65f3dfebec746e9809b08a2a17f550b,六盘水市第六中学食堂劳务项目中标（成交）结果公告,2026-07-20,贵州省,,中标公告,六盘水市公共资源交易中心,https://www.ggzy.gov.cn/information/deal/html/a/520000/0202/20260720/0052f65f3dfebec746e9809b08a2a17f550b.html,食堂设备,食堂设备,食堂设备;后勤服务,一贯制未分段,否,否
00519bb69da27ab94efba3e737e39dd02d94,四川省武胜万善中学校四川省武胜万善职业中学校旧女生公寓维修工程(二次)中标（成交）结果公告,2026-07-20,四川省,,中标公告,,https://www.ggzy.gov.cn/information/deal/html/a/510000/0202/20260720/00519bb69da27ab94efba3e737e39dd02d94.html,校舍维修改造,校舍维修改造,校舍维修改造,一贯制未分段,否,否
0041052e88c53bf2438188ddabbb34c5d35a,洛阳市第十一高级中学淋浴间、卫生间改造项目-成交公告,2026-07-20,河南省,,中标公告,,https://www.ggzy.gov.cn/information/deal/html/a/410000/0202/20260720/0041052e88c53bf2438188ddabbb34c5d35a.html,校舍维修改造,校舍维修改造,校舍维修改造,高中,否,否
00517e7f2457eeb94b2e98c2f656ba74f68b,四川省高县中学校高县中学校学生课桌椅采购项目中标（成交）结果公告,2026-07-20,四川省,,中标公告,,https://www.ggzy.gov.cn/information/deal/html/a/510000/0202/20260720/00517e7f2457eeb94b2e98c2f656ba74f68b.html,课桌椅,课桌椅,课桌椅,一贯制未分段,否,否
00510bcfaabf2e4c453db5b1dd59a33e9de6,眉山天府新区第一中学教室柜式空调采购项目(二次)中标（成交）结果公告,2026-07-20,四川省,,中标公告,,https://www.ggzy.gov.cn/information/deal/html/a/510000/0202/20260720/00510bcfaabf2e4c453db5b1dd59a33e9de6.html,工程配套,其他,工程配套,一贯制未分段,否,否
005151ef5a0f4cbf4743a413a8e16a16ef5f,四川省泸州市江阳职业高级中学校江阳职高足球场及器械区提升改造工程项目中标（成交）结果公告,2026-07-20,四川省,,中标公告,,https://www.ggzy.gov.cn/information/deal/html/a/510000/0202/20260720/005151ef5a0f4cbf4743a413a8e16a16ef5f.html,校舍维修改造,校舍维修改造,校舍维修改造;工程配套,高中,否,否
0034d0585c6085c940168ce47a96f78c90d0,定远县2025年炉桥中学维修改造项目成交结果公告,2026-07-20,安徽省,,中标公告,滁州市公共资源交易平台电子交易系统,https://www.ggzy.gov.cn/information/deal/html/a/340000/0202/20260720/0034d0585c6085c940168ce47a96f78c90d0.html,校舍维修改造,校舍维修改造,校舍维修改造,一贯制未分段,否,否
003593f25eef275a48be8319512145d1ce11,泉州第五中学海丝校区触控一体机及光能黑板货物类采购结果公告（采购包1）,2026-07-20,福建省,,中标公告,泉州市公共资源交易中心,https://www.ggzy.gov.cn/information/deal/html/a/350000/0202/20260720/003593f25eef275a48be8319512145d1ce11.html,大屏,大屏,大屏,一贯制未分段,是,是
00513c4917a932f64361a247a852ed36e22e,四川省成都市中和职业中学（四川省成都高新综合高级中学）教职工体检服务采购（新采）中标（成交）结果公告,2026-07-20,四川省,,中标公告,,https://www.ggzy.gov.cn/information/deal/html/a/510000/0202/20260720/00513c4917a932f64361a247a852ed36e22e.html,后勤服务,其他,后勤服务,高中,否,否
0051dc19c592b6fe4490a5a2566e54394504,四川省彭州中学2026年度教职工体检服务中标（成交）结果公告,2026-07-20,四川省,,中标公告,,https://www.ggzy.gov.cn/information/deal/html/a/510000/0202/20260720/0051dc19c592b6fe4490a5a2566e54394504.html,后勤服务,其他,后勤服务,一贯制未分段,否,否
00158c205472551c49bb8384705356b132e3,乌海市乌达区实验中学校园低压电电网改造项目中标（成交）结果公告,2026-07-20,内蒙古自治区,,中标公告,,https://www.ggzy.gov.cn/information/deal/html/a/150000/0202/20260720/00158c205472551c49bb8384705356b132e3.html,校舍维修改造,校舍维修改造,校舍维修改造,一贯制未分段,否,否
002225bdf30488314043b186d72ccbf637d2,长春市实验中学四号学生公寓综合维修改造项目成交结果公告,2026-07-20,吉林省,,中标公告,长春市公共资源交易中心(新),https://www.ggzy.gov.cn/information/deal/html/a/220000/0202/20260720/002225bdf30488314043b186d72ccbf637d2.html,校舍维修改造,校舍维修改造,校舍维修改造,一贯制未分段,否,否
0022b3f870d348f146019abbb9ba3a2b9454,长春市实验中学电力增容及改造工程项目成交结果公告,2026-07-20,吉林省,,中标公告,长春市公共资源交易中心(新),https://www.ggzy.gov.cn/information/deal/html/a/220000/0202/20260720/0022b3f870d348f146019abbb9ba3a2b9454.html,校舍维修改造,校舍维修改造,校舍维修改造,一贯制未分段,否,否
001138a96997d8ba46a2a9681591af60b05c,2026年密云区太师庄中学教学楼加固改造工程成交公告,2026-07-20,北京,,中标公告,北京市政府采购网,https://www.ggzy.gov.cn/information/deal/html/a/110000/0202/20260720/001138a96997d8ba46a2a9681591af60b05c.html,校舍维修改造,校舍维修改造,校舍维修改造,一贯制未分段,否,否
0014df23c354bb7d45849007668d3d1fa61d,山西省交城中学校2026年教职工健康体检项目结果公告,2026-07-20,山西省,,中标公告,,https://www.ggzy.gov.cn/information/deal/html/a/140000/0202/20260720/0014df23c354bb7d45849007668d3d1fa61d.html,后勤服务,其他,后勤服务,一贯制未分段,否,否
0013e7d85531f13f4ddfbdb1a36fff9939c5,石家庄市第一中学试卷及教辅资料制作-1包竞争性磋商中标公告,2026-07-20,河北省,,中标公告,石家庄公共资源交易网,https://www.ggzy.gov.cn/information/deal/html/a/130000/0202/20260720/0013e7d85531f13f4ddfbdb1a36fff9939c5.html,其他,其他,,一贯制未分段,否,否
005188381958b4cd41e1b7c34fcb31b68146,四川省隆昌市城关职业中学隆昌市城关职业中学学生课桌、书柜等采购项目中标（成交）结果公告,2026-07-20,四川省,,中标公告,,https://www.ggzy.gov.cn/information/deal/html/a/510000/0202/20260720/005188381958b4cd41e1b7c34fcb31b68146.html,课桌椅,课桌椅,课桌椅,一贯制未分段,否,否
0031bd51ba06c6954bb2bfdeadd0e83ad25c,2026年上海市彭浦初级中学调整改造用家具校具项目的中标（成交）结果公告,2026-07-20,上海市,,中标公告,上海政府采购网,https://www.ggzy.gov.cn/information/deal/html/a/310000/0202/20260720/0031bd51ba06c6954bb2bfdeadd0e83ad25c.html,校舍维修改造,校舍维修改造,校舍维修改造;课桌椅,初中,否,否
00654d8225d40ae34ad98193a5e73a7bfb95,乌鲁木齐市第八十五中学采购新风系统设备项目中标(成交)结果公告,2026-07-20,新疆维吾尔自治区,,中标公告,新疆维吾尔自治区公共资源交易平台,https://www.ggzy.gov.cn/information/deal/html/a/650000/0202/20260720/00654d8225d40ae34ad98193a5e73a7bfb95.html,其他,其他,,一贯制未分段,否,否
006376ee8cd095ef4ff4b82c50577b8436ec,西宁市体育实验中学食堂维修项目中标(成交)结果公告,2026-07-20,青海省,,中标公告,青海省公共资源交易网,https://www.ggzy.gov.cn/information/deal/html/a/630000/0202/20260720/006376ee8cd095ef4ff4b82c50577b8436ec.html,校舍维修改造,校舍维修改造,校舍维修改造;食堂设备,一贯制未分段,否,否
0014202d6f902ed64a0291ce0aa0c079a21e,大同市云冈区口泉中学校改善办学条件维修改造工程竞争性磋商结果公告,2026-07-20,山西省,,中标公告,,https://www.ggzy.gov.cn/information/deal/html/a/140000/0202/20260720/0014202d6f902ed64a0291ce0aa0c079a21e.html,校舍维修改造,校舍维修改造,校舍维修改造,一贯制未分段,否,否
0061dbb8a962b0c442d8a0eeac06965210ba,泾阳县安吴镇龙泉中学运动场地改造项目中标（成交）结果公告.html,2026-07-20,陕西省,,中标公告,全国公共资源交易平台（陕西省·咸阳市）电子交易系统,https://www.ggzy.gov.cn/information/deal/html/a/610000/0202/20260720/0061dbb8a962b0c442d8a0eeac06965210ba.html,校舍维修改造,校舍维修改造,校舍维修改造,一贯制未分段,否,否
00126609545c4ae5413888f6c1e921a54bae,天津市天津中学 天津市天津中学宿舍楼及食堂地下管网维修改造项目 (项目编号:JZD-TJ26-028)成交公告,2026-07-20,天津市,,中标公告,天津市公共资源交易平台交易系统,https://www.ggzy.gov.cn/information/deal/html/a/120000/0202/20260720/00126609545c4ae5413888f6c1e921a54bae.html,校舍维修改造,校舍维修改造,校舍维修改造;食堂设备,一贯制未分段,否,否
0051add500b0573b4ba5aba88b3eadb0496d,四川省合江县中学校合江中学中南校区2026年校舍维修改造及设备购置项目中标（成交）结果公告,2026-07-20,四川省,,中标公告,,https://www.ggzy.gov.cn/information/deal/html/a/510000/0202/20260720/0051add500b0573b4ba5aba88b3eadb0496d.html,校舍维修改造,校舍维修改造,校舍维修改造,一贯制未分段,否,否
00434636bb12fde84ce1815ec9ebea03ccd6,邵阳市第四中学食堂食材配送服务公开招标中标公示,2026-07-20,湖南省,,中标公告,,https://www.ggzy.gov.cn/information/deal/html/a/430000/0202/20260720/00434636bb12fde84ce1815ec9ebea03ccd6.html,食堂设备,食堂设备,食堂设备;后勤服务,一贯制未分段,否,否
0043fc6723d6c6c1443f88e2c621083adfab,南县麻河口镇方谷初级中学综合楼装饰装修及校园道路维修工程成交公告,2026-07-20,湖南省,,中标公告,,https://www.ggzy.gov.cn/information/deal/html/a/430000/0202/20260720/0043fc6723d6c6c1443f88e2c621083adfab.html,校舍维修改造,校舍维修改造,校舍维修改造,初中,否,否
00356998ebb62eae41cea944ee21fa2579b6,闽侯县第一中学新建体艺中心报告厅设备结果公告（采购包1）,2026-07-20,福建省,,中标公告,福州市公共资源交易服务中心,https://www.ggzy.gov.cn/information/deal/html/a/350000/0202/20260720/00356998ebb62eae41cea944ee21fa2579b6.html,校舍维修改造,校舍维修改造,校舍维修改造,一贯制未分段,否,否
0044122a50b3e99042bbbefcb5ed23c6f611,横琴子期中学校园文化建设服务项目中标结果公告,2026-07-20,广东省,,中标公告,,https://www.ggzy.gov.cn/information/deal/html/a/440000/0202/20260720/0044122a50b3e99042bbbefcb5ed23c6f611.html,校园文化,其他,校园文化,一贯制未分段,否,否
005110c1de156e864ca4b101ba4f5f3770cc,宜宾市三中屏山县岷江实验中学校智慧黑板、学生桌椅等设备设施采购项目（学生公寓床、桌椅、智慧黑板）(二次)中标（成交）结果公告,2026-07-20,四川省,,中标公告,,https://www.ggzy.gov.cn/information/deal/html/a/510000/0202/20260720/005110c1de156e864ca4b101ba4f5f3770cc.html,智慧黑板,智慧黑板,智慧黑板;课桌椅,一贯制未分段,是,是
0044b8ad5a07107b4e5a97e2a87008d6bcbf,广州大学附属中学英德实验学校广德校区高中部建设项目设备采购项目结果公告,2026-07-20,广东省,,中标公告,,https://www.ggzy.gov.cn/information/deal/html/a/440000/0202/20260720/0044b8ad5a07107b4e5a97e2a87008d6bcbf.html,其他,其他,,高中,否,否
003459bdd030196442ca8109eef1390e18f9,四十中学运动场及门前场地改造工程项目成交结果公告,2026-07-20,安徽省,,中标公告,芜湖市公共资源交易平台电子交易系统,https://www.ggzy.gov.cn/information/deal/html/a/340000/0202/20260720/003459bdd030196442ca8109eef1390e18f9.html,校舍维修改造,校舍维修改造,校舍维修改造,一贯制未分段,否,否
0050e9255cc95e4247659045c90a9f23f4a2,重庆市酉阳第一中学校陈列室设备采购(YOY26A00063)中标（成交）结果公告,2026-07-20,重庆市,,中标公告,重庆市公共资源交易服务平台,https://www.ggzy.gov.cn/information/deal/html/a/500000/0202/20260720/0050e9255cc95e4247659045c90a9f23f4a2.html,其他,其他,,一贯制未分段,否,否
00136e5568333c30431c807ef2011e1e048e,Z1306002602901011保定中学宿舍管理服务项目结果公告,2026-07-20,河北省,,中标公告,保定市公共资源交易中心,https://www.ggzy.gov.cn/information/deal/html/a/130000/0202/20260720/00136e5568333c30431c807ef2011e1e048e.html,后勤服务,其他,后勤服务,一贯制未分段,否,否
00428c5408b73f9c4369aa6ce6d44042506c,大冶市金湖街道办事处初级中学宿舍改造中标（成交）结果公告,2026-07-20,湖北省,,中标公告,湖北省政府采购网,https://www.ggzy.gov.cn/information/deal/html/a/420000/0202/20260720/00428c5408b73f9c4369aa6ce6d44042506c.html,校舍维修改造,校舍维修改造,校舍维修改造,初中,否,否
0042d46e7714ca50469183f1fc0f8369b5d8,沙洋县李市中学学生宿舍维修改造项目中标（成交）结果公告,2026-07-20,湖北省,,中标公告,湖北省政府采购网,https://www.ggzy.gov.cn/information/deal/html/a/420000/0202/20260720/0042d46e7714ca50469183f1fc0f8369b5d8.html,校舍维修改造,校舍维修改造,校舍维修改造,一贯制未分段,否,否
00423b2a975bf91a42f6b6ceebb647d05310,宜昌市第十一中学田径运动场改造项目成交结果公告,2026-07-20,湖北省,,中标公告,湖北省政府采购网,https://www.ggzy.gov.cn/information/deal/html/a/420000/0202/20260720/00423b2a975bf91a42f6b6ceebb647d05310.html,校舍维修改造,校舍维修改造,校舍维修改造,一贯制未分段,否,否
004381f5a8ef7b344e8296457bc9632d7ed1,长沙县第一中学学生宿舍床铺、储物柜、视频监控系统采购项目结果公告,2026-07-20,湖南省,,中标公告,,https://www.ggzy.gov.cn/information/deal/html/a/430000/0202/20260720/004381f5a8ef7b344e8296457bc9632d7ed1.html,校园安防,校园安防,校园安防,一贯制未分段,否,否
0032b5400fbafd6b497397af3562b7fb67b2,徐州市开发区中学2026年度校舍维修工程竞争性磋商成交结果公告采购包2,2026-07-20,江苏省,,中标公告,,https://www.ggzy.gov.cn/information/deal/html/a/320000/0202/20260720/0032b5400fbafd6b497397af3562b7fb67b2.html,校舍维修改造,校舍维修改造,校舍维修改造,一贯制未分段,否,否
0032a83feb3fa50648dfaa66eefeab198215,徐州市开发区中学2026年度校舍维修工程竞争性磋商成交结果公告采购包1,2026-07-20,江苏省,,中标公告,,https://www.ggzy.gov.cn/information/deal/html/a/320000/0202/20260720/0032a83feb3fa50648dfaa66eefeab198215.html,校舍维修改造,校舍维修改造,校舍维修改造,一贯制未分段,否,否
0032a51c8dfa79924bbcab842185ec97bc39,南京市江宁区陆郎初级中学等校2026年厨具设备中标公告采购包2,2026-07-20,江苏省,,中标公告,,https://www.ggzy.gov.cn/information/deal/html/a/320000/0202/20260720/0032a51c8dfa79924bbcab842185ec97bc39.html,其他,其他,,初中,否,否
00323fbc8785d5174bd2b4c97008a0868c22,南京市江宁区陆郎初级中学等校2026年厨具设备中标公告采购包1,2026-07-20,江苏省,,中标公告,,https://www.ggzy.gov.cn/information/deal/html/a/320000/0202/20260720/00323fbc8785d5174bd2b4c97008a0868c22.html,其他,其他,,初中,否,否
0051b040e800cb564877b4d5967001007177,四川省乐至县良安中学塑胶运动场及舞台建设项目中标（成交）结果公告,2026-07-20,四川省,,中标公告,,https://www.ggzy.gov.cn/information/deal/html/a/510000/0202/20260720/0051b040e800cb564877b4d5967001007177.html,校舍维修改造,校舍维修改造,校舍维修改造,一贯制未分段,否,否
00114b37dd8080f64cb5a3305e05657a1535,2026年八十中学睿志分校中学部设备配备第一包教学设备1中标公告,2026-07-20,北京,,中标公告,北京市政府采购网,https://www.ggzy.gov.cn/information/deal/html/a/110000/0202/20260720/00114b37dd8080f64cb5a3305e05657a1535.html,教学仪器,教学仪器,教学仪器,一贯制未分段,否,否
00113291a16312bd45868d1f5eb6d4ad4b5a,2026年八十中学睿志分校中学部设备配备第二包教学设备2中标公告,2026-07-20,北京,,中标公告,北京市政府采购网,https://www.ggzy.gov.cn/information/deal/html/a/110000/0202/20260720/00113291a16312bd45868d1f5eb6d4ad4b5a.html,教学仪器,教学仪器,教学仪器,一贯制未分段,否,否
00431f60ae3573e4495a9932b6fe1ba73d89,长沙市湘郡培粹实验中学隆平校区体育设施设备采购项目结果公告,2026-07-20,湖南省,,中标公告,,https://www.ggzy.gov.cn/information/deal/html/a/430000/0202/20260720/00431f60ae3573e4495a9932b6fe1ba73d89.html,音体美器材,音体美器材,音体美器材,一贯制未分段,否,否
001438afff93c162439fa48df62f0b82a434,临汾市县底中学校物业服务项目结果公告,2026-07-20,山西省,,中标公告,,https://www.ggzy.gov.cn/information/deal/html/a/140000/0202/20260720/001438afff93c162439fa48df62f0b82a434.html,后勤服务,其他,后勤服务,一贯制未分段,否,否
0011dc08fb42f5024739926a86c0d7be7e5a,北京市第八中学百万庄校区操场改造工程成交公告,2026-07-20,北京,,中标公告,北京市政府采购网,https://www.ggzy.gov.cn/information/deal/html/a/110000/0202/20260720/0011dc08fb42f5024739926a86c0d7be7e5a.html,校舍维修改造,校舍维修改造,校舍维修改造,一贯制未分段,否,否
00423b473fa2e4324d3a9bcf2e8965d3a9b0,浠水县实验初级中学设备采购项目第二次中标成交公告,2026-07-20,湖北省,,中标公告,湖北省政府采购网,https://www.ggzy.gov.cn/information/deal/html/a/420000/0202/20260720/00423b473fa2e4324d3a9bcf2e8965d3a9b0.html,其他,其他,,初中,否,否
0041a12ae53af7e24f06b49341e3ec2b2e21,漯河市召陵区实验中学物业安保综合服务项目-成交公告,2026-07-20,河南省,,中标公告,漯河市公共资源交易中心,https://www.ggzy.gov.cn/information/deal/html/a/410000/0202/20260720/0041a12ae53af7e24f06b49341e3ec2b2e21.html,校园安防,校园安防,校园安防;后勤服务,一贯制未分段,否,否
002215823b442e914b31b248ccf1615f9331,梅河口市第二实验中学2026年维修改造项目中标(成交)结果公告,2026-07-20,吉林省,,中标公告,通化市电子招投标交易平台(新),https://www.ggzy.gov.cn/information/deal/html/a/220000/0202/20260720/002215823b442e914b31b248ccf1615f9331.html,校舍维修改造,校舍维修改造,校舍维修改造,一贯制未分段,否,否
0022509d4bf5579a410788c12f8b92e9ccaf,长春市第二实验中学行政楼教学楼屋面防水维修项目中标(成交)结果公告,2026-07-20,吉林省,,中标公告,长春市公共资源交易中心(新),https://www.ggzy.gov.cn/information/deal/html/a/220000/0202/20260720/0022509d4bf5579a410788c12f8b92e9ccaf.html,校舍维修改造,校舍维修改造,校舍维修改造,一贯制未分段,否,否
00223ece57c6440b4cf681dcede116c7111e,农安县合隆镇高级中学宿舍楼维修、教学楼卫生间改造项目（二次）中标(成交)结果公告,2026-07-20,吉林省,,中标公告,长春市公共资源交易中心(新),https://www.ggzy.gov.cn/information/deal/html/a/220000/0202/20260720/00223ece57c6440b4cf681dcede116c7111e.html,校舍维修改造,校舍维修改造,校舍维修改造,高中,否,否
00522943dd309f4c4c7480bb0e571714d3f9,毕节市第一中学双山校区食堂干调冷链类采购及配送中标（成交）结果公告,2026-07-20,贵州省,,中标公告,毕节市公共资源交易中心,https://www.ggzy.gov.cn/information/deal/html/a/520000/0202/20260720/00522943dd309f4c4c7480bb0e571714d3f9.html,食堂设备,食堂设备,食堂设备;后勤服务,一贯制未分段,否,否
00143e49848d436c4d5089e8f426c828a5ca,文水县凤城第三初级中学竞争性磋商文水县凤城第三初级中学体育场改造结果公告,2026-07-20,山西省,,中标公告,,https://www.ggzy.gov.cn/information/deal/html/a/140000/0202/20260720/00143e49848d436c4d5089e8f426c828a5ca.html,校舍维修改造,校舍维修改造,校舍维修改造,初中,否,否
00457963fe1b1eca4d22bba44ab15d019eba,广西磐鸿工程咨询有限公司关于凤山县民族中学学生宿舍楼和教学楼（至善楼）维修改造项目（HCZC2026-C2-230021-GXPH）成交结果公告,2026-07-20,广西壮族自治区,,中标公告,河池市公共资源交易中心,https://www.ggzy.gov.cn/information/deal/html/a/450000/0202/20260720/00457963fe1b1eca4d22bba44ab15d019eba.html,校舍维修改造,校舍维修改造,校舍维修改造;后勤服务,一贯制未分段,否,否
00652fcdfd99f3b6496e9c1875e30dddac69,乌鲁木齐市第八十中学教学楼弱电改造项目中标(成交)结果公告,2026-07-20,新疆维吾尔自治区,,中标公告,新疆维吾尔自治区公共资源交易平台,https://www.ggzy.gov.cn/information/deal/html/a/650000/0202/20260720/00652fcdfd99f3b6496e9c1875e30dddac69.html,校舍维修改造,校舍维修改造,校舍维修改造,一贯制未分段,否,否
0065c6e36066ab7f4cc7b8dd559fe91206d2,乌鲁木齐市第八十中学教学楼楼顶防水项目中标(成交)结果公告,2026-07-20,新疆维吾尔自治区,,中标公告,新疆维吾尔自治区公共资源交易平台,https://www.ggzy.gov.cn/information/deal/html/a/650000/0202/20260720/0065c6e36066ab7f4cc7b8dd559fe91206d2.html,其他,其他,,一贯制未分段,否,否
00457a78ae4cafb649c09e7424da1dbbd0a5,广西磐鸿工程咨询有限公司关于凤山县金牙瑶族乡初级中学学生宿舍楼改造项目（HCZC2026-C2-230022-GXPH）成交结果公告,2026-07-20,广西壮族自治区,,中标公告,河池市公共资源交易中心,https://www.ggzy.gov.cn/information/deal/html/a/450000/0202/20260720/00457a78ae4cafb649c09e7424da1dbbd0a5.html,校舍维修改造,校舍维修改造,校舍维修改造;后勤服务,初中,否,否
005108db509690014348912bf208107db746,泸州市纳溪区江南职业中学电梯采购中标（成交）结果公告,2026-07-20,四川省,,中标公告,,https://www.ggzy.gov.cn/information/deal/html/a/510000/0202/20260720/005108db509690014348912bf208107db746.html,工程配套,其他,工程配套,一贯制未分段,否,否
00438f8b246422c44502b965be3ddda72b38,长沙市湘郡培粹实验中学隆平校区学校基础教学与生活设施采购项目结果公告,2026-07-20,湖南省,,中标公告,,https://www.ggzy.gov.cn/information/deal/html/a/430000/0202/20260720/00438f8b246422c44502b965be3ddda72b38.html,其他,其他,,一贯制未分段,否,否
0045846f6b794e2f43409278ab949b595533,广西磐鸿工程咨询有限公司关于凤山县金牙瑶族乡初级中学学生宿舍楼改造项目成交公告,2026-07-20,广西壮族自治区,,中标公告,广西壮族自治区公共资源电子交易系统,https://www.ggzy.gov.cn/information/deal/html/a/450000/0202/20260720/0045846f6b794e2f43409278ab949b595533.html,校舍维修改造,校舍维修改造,校舍维修改造;后勤服务,初中,否,否
0034b372a193d1174414b949ebe987133230,实验中学教学楼连廊等项目（一次）成交结果公告,2026-07-20,安徽省,,中标公告,淮南市公共资源交易平台电子交易系统,https://www.ggzy.gov.cn/information/deal/html/a/340000/0202/20260720/0034b372a193d1174414b949ebe987133230.html,其他,其他,,一贯制未分段,否,否
0044ce7d2311ffb74972842d786094dffa39,广州市番禺区洛溪新城中学自营食堂人员服务采购项目结果公告,2026-07-20,广东省,,中标公告,,https://www.ggzy.gov.cn/information/deal/html/a/440000/0202/20260720/0044ce7d2311ffb74972842d786094dffa39.html,食堂设备,食堂设备,食堂设备,一贯制未分段,否,否
001363c87ea2f7024528b7ad13ae8de93d9e,Z1306242600372301河北阜平中学路面及孔子雕像广场改造提升工程结果公告,2026-07-20,河北省,,中标公告,保定市公共资源交易中心,https://www.ggzy.gov.cn/information/deal/html/a/130000/0202/20260720/001363c87ea2f7024528b7ad13ae8de93d9e.html,校舍维修改造,校舍维修改造,校舍维修改造,一贯制未分段,否,否
0042f844161379b7479582e8d93e519c43f9,鄂城区泽林镇中心学校本级鄂州市泽林镇泽林初级中学运动场草坪改造工程中标（成交）结果公告,2026-07-20,湖北省,,中标公告,湖北省政府采购网,https://www.ggzy.gov.cn/information/deal/html/a/420000/0202/20260720/0042f844161379b7479582e8d93e519c43f9.html,校舍维修改造,校舍维修改造,校舍维修改造;工程配套,初中,否,否
0042a5459802b01342ac98dcd588e7fef188,云梦县曾店镇初级中学校舍维修改造升级项目中标成交公告,2026-07-20,湖北省,,中标公告,湖北省政府采购网,https://www.ggzy.gov.cn/information/deal/html/a/420000/0202/20260720/0042a5459802b01342ac98dcd588e7fef188.html,校舍维修改造,校舍维修改造,校舍维修改造,初中,否,否
004145382577bad0413cb1e8808ac9ef066d,新乡市第十中学直录播教室升级改造项目-成交公告,2026-07-20,河南省,,中标公告,,https://www.ggzy.gov.cn/information/deal/html/a/410000/0202/20260720/004145382577bad0413cb1e8808ac9ef066d.html,信息化设备,信息化设备,信息化设备;校舍维修改造,一贯制未分段,是,是
005134f76e918acc4f80a7651b91a7472e0f,四川省泸县第五中学泸县第五中学2026年校舍维修项目中标（成交）结果公告,2026-07-20,四川省,,中标公告,,https://www.ggzy.gov.cn/information/deal/html/a/510000/0202/20260720/005134f76e918acc4f80a7651b91a7472e0f.html,校舍维修改造,校舍维修改造,校舍维修改造,一贯制未分段,否,否
0043580ac08e65404b198b1a719d9a09a87d,娄底市春元中学食堂维修改造工程结果公告,2026-07-20,湖南省,,中标公告,,https://www.ggzy.gov.cn/information/deal/html/a/430000/0202/20260720/0043580ac08e65404b198b1a719d9a09a87d.html,校舍维修改造,校舍维修改造,校舍维修改造;食堂设备,一贯制未分段,否,否
0021b4a2398a43ea45a9816fbb1c3aa0317d,瓦房店市高级中学校园扩建工程电梯采购项目采购中标结果公示,2026-07-20,辽宁省,,中标公告,大连市公共资源交易平台,https://www.ggzy.gov.cn/information/deal/html/a/210000/0202/20260720/0021b4a2398a43ea45a9816fbb1c3aa0317d.html,校舍维修改造,校舍维修改造,校舍维修改造;工程配套,高中,否,否
00338d37af8409c14531aed6f1fd677b1890,宁波至同项目管理有限公司关于2026年北仑区“最美上学路”项目-大榭中学项目（重新发布）中标(成交)结果公告,2026-07-20,浙江省,,中标公告,宁波市公共资源交易网,https://www.ggzy.gov.cn/information/deal/html/a/330000/0202/20260720/00338d37af8409c14531aed6f1fd677b1890.html,其他,其他,,一贯制未分段,否,否
00456417b7dbaa45474eaec0dac37d14c2c5,广西桂贵工程咨询服务有限公司关于桂平市社步镇第二初级中学小卖部商品（食品）供货服务采购项目（项目编号：GG2026-C3-007-GXGG）,2026-07-20,广西壮族自治区,,中标公告,贵港市公共资源交易平台,https://www.ggzy.gov.cn/information/deal/html/a/450000/0202/20260720/00456417b7dbaa45474eaec0dac37d14c2c5.html,后勤服务,其他,后勤服务,初中,否,否
00350d4d3640766e4e6e93bba1859a2b51b4,闽侯县上街实验学校美岐校区（福建省医科大学附属中学）学生课桌椅采购(二次)结果公告（采购包1）,2026-07-20,福建省,,中标公告,福州市公共资源交易服务中心,https://www.ggzy.gov.cn/information/deal/html/a/350000/0202/20260720/00350d4d3640766e4e6e93bba1859a2b51b4.html,课桌椅,课桌椅,课桌椅,一贯制未分段,否,否
0033823fd72911bf4ccf99a0031530d10085,诸暨市教育体育局项目交易办公室关于浙江省诸暨中学暨阳分校热水系统采购项目中标(成交)结果公告,2026-07-20,浙江省,,中标公告,绍兴市公共资源交易网,https://www.ggzy.gov.cn/information/deal/html/a/330000/0202/20260720/0033823fd72911bf4ccf99a0031530d10085.html,工程配套,其他,工程配套,教育局统筹,否,否
00457879aa1e858a48d999491a7325ca3905,广西磐鸿工程咨询有限公司关于凤山县民族中学学生宿舍楼和教学楼（至善楼）维修改造项目成交公告,2026-07-20,广西壮族自治区,,中标公告,广西壮族自治区公共资源电子交易系统,https://www.ggzy.gov.cn/information/deal/html/a/450000/0202/20260720/00457879aa1e858a48d999491a7325ca3905.html,校舍维修改造,校舍维修改造,校舍维修改造;后勤服务,一贯制未分段,否,否
0013a590a33b771b48ce9c00ad881038e0c8,Z1307252600322001尚义县第二中学2026年书法教室设备、学生储物柜、智慧黑板及校园智慧安防建设设备采购项目结果公告,2026-07-20,河北省,,中标公告,张家口公共资源交易综合信息平台,https://www.ggzy.gov.cn/information/deal/html/a/130000/0202/20260720/0013a590a33b771b48ce9c00ad881038e0c8.html,智慧黑板,智慧黑板,智慧黑板;校园安防,一贯制未分段,是,是
005159298886f7cf4d26830b7b2d49965c36,甘洛县教育和体育局甘洛县第二中学信息化场馆建设项目中标（成交）结果公告,2026-07-20,四川省,,中标公告,,https://www.ggzy.gov.cn/information/deal/html/a/510000/0202/20260720/005159298886f7cf4d26830b7b2d49965c36.html,信息化,信息化,信息化,教育局统筹,是,是
00510bea2f385cf04eb399721e2fcdfa2420,四川省乐山沫若中学校门、道路及附属设施改造项目中标（成交）结果公告,2026-07-20,四川省,,中标公告,,https://www.ggzy.gov.cn/information/deal/html/a/510000/0202/20260720/00510bea2f385cf04eb399721e2fcdfa2420.html,校舍维修改造,校舍维修改造,校舍维修改造,一贯制未分段,否,否
0051482b4a224ffd402c8c0a90144a3a8d95,四川省成都市第七中学成都七中（高新校区）实验室建设项目工程类采购项目(二次)中标（成交）结果公告,2026-07-20,四川省,,中标公告,,https://www.ggzy.gov.cn/information/deal/html/a/510000/0202/20260720/0051482b4a224ffd402c8c0a90144a3a8d95.html,实验室设备,实验室设备,实验室设备,一贯制未分段,否,否
00454c5816d0bb6b49fb82100d5f8ce79d3e,广西骏驰工程咨询有限责任公司关于桂平市大湾镇第二初级中学小卖部商品（食品）供货服务采购项目（项目编号：GG2026-C3-007-GXJC）,2026-07-20,广西壮族自治区,,中标公告,贵港市公共资源交易平台,https://www.ggzy.gov.cn/information/deal/html/a/450000/0202/20260720/00454c5816d0bb6b49fb82100d5f8ce79d3e.html,后勤服务,其他,后勤服务,初中,否,否
0031b9dbf94c3b5f4d61b266fd8c0698b5f6,风华初级中学东校场地修缮工程的中标（成交）结果公告,2026-07-20,上海市,,中标公告,上海政府采购网,https://www.ggzy.gov.cn/information/deal/html/a/310000/0202/20260720/0031b9dbf94c3b5f4d61b266fd8c0698b5f6.html,校舍维修改造,校舍维修改造,校舍维修改造,初中,否,否
0044d090db1fe30e467faced5aecafc54f0a,广州市番禺区南村中学2026年学校自营食堂人员服务采购项目结果公告,2026-07-20,广东省,,中标公告,,https://www.ggzy.gov.cn/information/deal/html/a/440000/0202/20260720/0044d090db1fe30e467faced5aecafc54f0a.html,食堂设备,食堂设备,食堂设备,一贯制未分段,否,否
0042b1577acc7d864e3eb88576b8bcdc3cfc,阳新县实验高级中学2026-2027年度印刷服务项目成交结果公告,2026-07-20,湖北省,,中标公告,湖北省政府采购网,https://www.ggzy.gov.cn/information/deal/html/a/420000/0202/20260720/0042b1577acc7d864e3eb88576b8bcdc3cfc.html,后勤服务,其他,后勤服务,高中,否,否
00371539eb4d58ca453781c31b0b6fa30f38,淄博市张店区龙凤苑中学印刷服务采购项目成交结果公告,2026-07-20,山东省,,中标公告,淄博市公共资源交易平台电子交易系统,https://www.ggzy.gov.cn/information/deal/html/a/370000/0202/20260720/00371539eb4d58ca453781c31b0b6fa30f38.html,后勤服务,其他,后勤服务,一贯制未分段,否,否
006121184a161406412a988888b07ea6b2ea,吴堡县郭家沟中学教学区操场维修改造工程中标（成交）结果公告,2026-07-20,陕西省,,中标公告,全国公共资源交易平台（陕西省）,https://www.ggzy.gov.cn/information/deal/html/a/610000/0202/20260720/006121184a161406412a988888b07ea6b2ea.html,校舍维修改造,校舍维修改造,校舍维修改造,一贯制未分段,否,否
002280de5505b0b74d429ce1a8c6a8c2949f,辽源市田家炳高级中学校食堂改扩建项目成交结果公告,2026-07-20,吉林省,,中标公告,辽源市公共资源交易中心(新),https://www.ggzy.gov.cn/information/deal/html/a/220000/0202/20260720/002280de5505b0b74d429ce1a8c6a8c2949f.html,校舍维修改造,校舍维修改造,校舍维修改造;食堂设备,高中,否,否
002218e31b76fb38417d9a5b237e84d408dc,德惠市第九中学改造工程中标(成交)结果公告,2026-07-20,吉林省,,中标公告,长春市公共资源交易中心(新),https://www.ggzy.gov.cn/information/deal/html/a/220000/0202/20260720/002218e31b76fb38417d9a5b237e84d408dc.html,校舍维修改造,校舍维修改造,校舍维修改造,一贯制未分段,否,否
003319fd8aaaa9094a43801de6a78a264ef1,诸暨市公共资源交易中心关于诸暨中学学生课桌椅采购项目中标(成交)结果公告,2026-07-20,浙江省,,中标公告,绍兴市公共资源交易网,https://www.ggzy.gov.cn/information/deal/html/a/330000/0202/20260720/003319fd8aaaa9094a43801de6a78a264ef1.html,课桌椅,课桌椅,课桌椅,一贯制未分段,否,否
002207548e5ddc4349dbbd8283a45f470a2b,柳河县第二中学2026年更换电动门，教学楼、宿舍楼维修项目中标(成交)结果公告,2026-07-20,吉林省,,中标公告,通化市电子招投标交易平台(新),https://www.ggzy.gov.cn/information/deal/html/a/220000/0202/20260720/002207548e5ddc4349dbbd8283a45f470a2b.html,校舍维修改造,校舍维修改造,校舍维修改造,一贯制未分段,否,否
0033e3a7c755467940f6845f06699f3ffbf8,杭州市建设工程管理集团有限公司关于2026年临平区塘栖第三中学（港北路学校）校园文化采购项目中标(成交)结果公告,2026-07-20,浙江省,,中标公告,杭州市公共资源交易网,https://www.ggzy.gov.cn/information/deal/html/a/330000/0202/20260720/0033e3a7c755467940f6845f06699f3ffbf8.html,校园文化,其他,校园文化,一贯制未分段,否,否
00410ae2fca67323476c9470ccc41287eb11,社旗县教育体育局社旗县第二高级中学污水外排项目-成交公告,2026-07-20,河南省,,中标公告,,https://www.ggzy.gov.cn/information/deal/html/a/410000/0202/20260720/00410ae2fca67323476c9470ccc41287eb11.html,其他,其他,,教育局统筹,否,否
0041b6282de2ee7749289c37d6990f81df6b,南阳市宛城区茶庵乡第二初级中学安全保障提升工程项目（一期）-成交公告,2026-07-20,河南省,,中标公告,,https://www.ggzy.gov.cn/information/deal/html/a/410000/0202/20260720/0041b6282de2ee7749289c37d6990f81df6b.html,其他,其他,,初中,否,否
006172faa856c5274ffb9d7a29671abacdaa,陕西延安中学北关校区消防维修工程采购结果公告,2026-07-20,陕西省,,中标公告,全国公共资源交易平台（陕西省）,https://www.ggzy.gov.cn/information/deal/html/a/610000/0202/20260720/006172faa856c5274ffb9d7a29671abacdaa.html,校舍维修改造,校舍维修改造,校舍维修改造;校园安防,一贯制未分段,否,否
0033021fc4ec92df4eb4be0fa778c5558316,杭州瑞拓工程咨询有限公司关于太炎中学（官山校区）饮水设备采购项目中标(成交)结果公告,2026-07-20,浙江省,,中标公告,杭州市公共资源交易网,https://www.ggzy.gov.cn/information/deal/html/a/330000/0202/20260720/0033021fc4ec92df4eb4be0fa778c5558316.html,后勤服务,其他,后勤服务;工程配套,一贯制未分段,否,否
00334c0e811744ad42aa9dce7fe970d92926,浙江中正工程项目管理有限公司关于开化中学高一高二数学、英语教师教学能力提升培训项目中标(成交)结果公告,2026-07-20,浙江省,,中标公告,衢州市公共资源交易网,https://www.ggzy.gov.cn/information/deal/html/a/330000/0202/20260720/00334c0e811744ad42aa9dce7fe970d92926.html,培训,培训,培训,一贯制未分段,是,是
00332e2c606ef8b143fd9a732039de4f863b,慈溪市基建审计事务所关于慈溪市崇寿初级中学变压器扩容改造工程项目中标(成交)结果公告,2026-07-20,浙江省,,中标公告,宁波市公共资源交易网,https://www.ggzy.gov.cn/information/deal/html/a/330000/0202/20260720/00332e2c606ef8b143fd9a732039de4f863b.html,校舍维修改造,校舍维修改造,校舍维修改造,初中,否,否
00613d8d1ecebb3245178fb3af05f0e151f7,绥德县远竹中学1号教学楼维修改造更新工程项目采购结果公告,2026-07-20,陕西省,,中标公告,全国公共资源交易平台（陕西省）,https://www.ggzy.gov.cn/information/deal/html/a/610000/0202/20260720/00613d8d1ecebb3245178fb3af05f0e151f7.html,校舍维修改造,校舍维修改造,校舍维修改造,一贯制未分段,否,否
0033184a6a7e73c741d4aa0a420b06e172d0,浙江广通工程咨询有限公司关于2026年——2028年仙居中学宿管及保洁服务采购项目中标(成交)结果公告,2026-07-20,浙江省,,中标公告,台州市公共资源交易网,https://www.ggzy.gov.cn/information/deal/html/a/330000/0202/20260720/0033184a6a7e73c741d4aa0a420b06e172d0.html,后勤服务,其他,后勤服务,一贯制未分段,否,否
0041b1285acc880f4ddfb199b3133d4ad59a,渑池县县直中学围墙改扩建项目-成交公告,2026-07-20,河南省,,中标公告,三门峡市公共资源交易中心,https://www.ggzy.gov.cn/information/deal/html/a/410000/0202/20260720/0041b1285acc880f4ddfb199b3133d4ad59a.html,校舍维修改造,校舍维修改造,校舍维修改造,一贯制未分段,否,否
00339ab1b60ab05f43b1902bce199256fa33,浙江诚源工程管理咨询有限公司关于大榭中学大榭中学提升工程项目（重发）中标(成交)结果公告,2026-07-20,浙江省,,中标公告,宁波市公共资源交易网,https://www.ggzy.gov.cn/information/deal/html/a/330000/0202/20260720/00339ab1b60ab05f43b1902bce199256fa33.html,后勤服务,其他,后勤服务,一贯制未分段,否,否
0033862b1bca18d14c18805b2cf0ed2a10c1,宁波中基国际招标有限公司关于宁波市海曙区雅戈尔中学2026年职工疗休养项目成交结果公告,2026-07-20,浙江省,,中标公告,宁波市公共资源交易网,https://www.ggzy.gov.cn/information/deal/html/a/330000/0202/20260720/0033862b1bca18d14c18805b2cf0ed2a10c1.html,其他,其他,,一贯制未分段,否,否
0033d6315532625644c7a6740000832d1d5b,浙江中勤招标代理有限公司关于杭州第九中学树范学校看台挡雨棚、伸缩雨棚项目的中标(成交)结果公告,2026-07-20,浙江省,,中标公告,杭州市公共资源交易网,https://www.ggzy.gov.cn/information/deal/html/a/330000/0202/20260720/0033d6315532625644c7a6740000832d1d5b.html,其他,其他,,一贯制未分段,否,否
00332588d95f969c424a9ef2f3f80c4867ed,天阳建设管理有限公司关于沈括中学食堂服务外包项目中标(成交)结果公告,2026-07-20,浙江省,,中标公告,杭州市公共资源交易网,https://www.ggzy.gov.cn/information/deal/html/a/330000/0202/20260720/00332588d95f969c424a9ef2f3f80c4867ed.html,食堂设备,食堂设备,食堂设备;后勤服务,一贯制未分段,否,否
003394e86f43082f4b0faffb116e386d7014,浙江省成套招标代理有限公司关于仙居县横溪镇新生中学运动场中心区地面、主席台网架加固、新建体育辅助用房、食堂操作区提升等改造工程中标(成交)结果公告,2026-07-20,浙江省,,中标公告,台州市公共资源交易网,https://www.ggzy.gov.cn/information/deal/html/a/330000/0202/20260720/003394e86f43082f4b0faffb116e386d7014.html,校舍维修改造,校舍维修改造,校舍维修改造;食堂设备,一贯制未分段,否,否
0036ee408df76f974938a69c04d2a3c0fef0,万安县顺峰中学校舍维修改造项目竞争性谈判结果公示,2026-07-20,江西省,,中标公告,吉安市公共资源交易中心,https://www.ggzy.gov.cn/information/deal/html/a/360000/0202/20260720/0036ee408df76f974938a69c04d2a3c0fef0.html,校舍维修改造,校舍维修改造,校舍维修改造,一贯制未分段,否,否
0036da39afb4498047fdbeb3330070580c5d,安义县公共资源交易中心关于安义县龙津镇中心学校安义县龙津中学信息化教学设备购置项目（项目编号：AYZFCG2026-G003）电子化公开招标采购结果公示,2026-07-20,江西省,,中标公告,南昌市公共资源交易中心,https://www.ggzy.gov.cn/information/deal/html/a/360000/0202/20260720/0036da39afb4498047fdbeb3330070580c5d.html,信息化,信息化,信息化;教学仪器,一贯制未分段,是,是
003682629b9c30474fa2b1c50c468b00e5e1,江西诚信伟业招标咨询有限公司关于江西师范大学附属中学生涯发展中心维修改造项目（项目编号：1493-266106252040第二次）竞争性磋商成交结果公示,2026-07-20,江西省,,中标公告,江西省公共资源交易中心,https://www.ggzy.gov.cn/information/deal/html/a/360000/0202/20260720/003682629b9c30474fa2b1c50c468b00e5e1.html,校舍维修改造,校舍维修改造,校舍维修改造;后勤服务,一贯制未分段,否,否
00366bc536764eb64de38d7f1954735a5ddb,九江市建设监理有限公司关于九江市同文中学浔东校区新建高中教学楼及食堂项目素质教育中心设备采购项目（项目编号：JJJS2026-097）结果公示,2026-07-20,江西省,,中标公告,九江市公共资源交易中心,https://www.ggzy.gov.cn/information/deal/html/a/360000/0202/20260720/00366bc536764eb64de38d7f1954735a5ddb.html,校舍维修改造,校舍维修改造,校舍维修改造;食堂设备;后勤服务,高中,否,否
003649aea6668e9c47e79959934889733d6a,九江市建设监理有限公司关于九江市同文中学浔东校区新建高中教学楼及食堂项目弱电智能化系统采购项目（项目编号：JJJS2026-098）结果公示,2026-07-20,江西省,,中标公告,九江市公共资源交易中心,https://www.ggzy.gov.cn/information/deal/html/a/360000/0202/20260720/003649aea6668e9c47e79959934889733d6a.html,校舍维修改造,校舍维修改造,校舍维修改造;食堂设备;后勤服务,高中,否,否
0036340c6ae43cb4417cab80fccf195596f8,万载县第三中学食堂设备采购项目及安装项目（第二次）(中心-WZ2026-23-1)中标结果公示,2026-07-20,江西省,,中标公告,宜春市公共资源交易中心,https://www.ggzy.gov.cn/information/deal/html/a/360000/0202/20260720/0036340c6ae43cb4417cab80fccf195596f8.html,食堂设备,食堂设备,食堂设备,一贯制未分段,否,否
003494081daba88d43ae95ee547235820ed0,安徽省阜阳第一中学泉河校区食堂设备采购与安装项目结果更正公告,2026-07-20,安徽省,,中标公告,阜阳市公共资源交易平台电子交易系统,https://www.ggzy.gov.cn/information/deal/html/a/340000/0202/20260720/003494081daba88d43ae95ee547235820ed0.html,食堂设备,食堂设备,食堂设备,一贯制未分段,否,否
0034452ce0216a0f4b4e8c0277f374027ba8,安徽省阜阳第一中学泉河校区物业管理服务项目成交结果公告,2026-07-20,安徽省,,中标公告,阜阳市公共资源交易平台电子交易系统,https://www.ggzy.gov.cn/information/deal/html/a/340000/0202/20260720/0034452ce0216a0f4b4e8c0277f374027ba8.html,后勤服务,其他,后勤服务,一贯制未分段,否,否
005255ad19918e6246999c99a858ab19a3c7,2026年花溪区英语实验学校维修改造中标结果公告,2026-07-24,贵州省,,中标公告,贵阳市公共资源交易中心,https://www.ggzy.gov.cn/information/deal/html/a/520000/0202/20260724/005255ad19918e6246999c99a858ab19a3c7.html,校舍维修改造,校舍维修改造,校舍维修改造,一贯制未分段,否,否
00446dd747cdce22430db7f4ee047261221a,深汕实验学校三期教学及办公家具采购项目中标（成交）结果公告,2026-07-24,广东省,,中标公告,,https://www.ggzy.gov.cn/information/deal/html/a/440000/0202/20260724/00446dd747cdce22430db7f4ee047261221a.html,课桌椅,课桌椅,课桌椅,一贯制未分段,否,否
0043df2ce2f4108e44a79b9a39779bb0aae5,沅江市城南实验学校运动场提质改造项目成交公告,2026-07-24,湖南省,,中标公告,,https://www.ggzy.gov.cn/information/deal/html/a/430000/0202/20260724/0043df2ce2f4108e44a79b9a39779bb0aae5.html,校舍维修改造,校舍维修改造,校舍维修改造,一贯制未分段,否,否
003481fd02379a714e149bd49481d322bf60,淮南经济技术开发区实验学校校舍维修及操场维修项目（一次）成交结果公告,2026-07-24,安徽省,,中标公告,淮南市公共资源交易平台电子交易系统,https://www.ggzy.gov.cn/information/deal/html/a/340000/0202/20260724/003481fd02379a714e149bd49481d322bf60.html,校舍维修改造,校舍维修改造,校舍维修改造,一贯制未分段,否,否
0022eeced96fbf194925919af8fbbe46aaf5,梅河新区博雅实验学校维修改造工程项目中标(成交)结果公告,2026-07-24,吉林省,,中标公告,通化市电子招投标交易平台(新),https://www.ggzy.gov.cn/information/deal/html/a/220000/0202/20260724/0022eeced96fbf194925919af8fbbe46aaf5.html,校舍维修改造,校舍维修改造,校舍维修改造,一贯制未分段,否,否
00444888d5b7667145d1abc3b3b3ec7c0cd1,东莞市松山湖横沥实验学校购买食堂厨工服务项目结果公告,2026-07-24,广东省,,中标公告,,https://www.ggzy.gov.cn/information/deal/html/a/440000/0202/20260724/00444888d5b7667145d1abc3b3b3ec7c0cd1.html,食堂设备,食堂设备,食堂设备,一贯制未分段,否,否
0033176f52d10eab4bce92c498328630589d,浙江西建工程管理有限公司关于保俶塔实验学校2026年室内维修工程中标(成交)结果公告,2026-07-24,浙江省,,中标公告,杭州市公共资源交易网,https://www.ggzy.gov.cn/information/deal/html/a/330000/0202/20260724/0033176f52d10eab4bce92c498328630589d.html,校舍维修改造,校舍维修改造,校舍维修改造,一贯制未分段,否,否
00322ee854a4242d4f8daa7c097465ecff40,2026年盐城市西城实验学校物业管理服务项目中标公告采购包1,2026-07-23,江苏省,,中标公告,,https://www.ggzy.gov.cn/information/deal/html/a/320000/0202/20260723/00322ee854a4242d4f8daa7c097465ecff40.html,后勤服务,其他,后勤服务,一贯制未分段,否,否
0011dec2ef680a964c0d9cfea31ad6085a48,北京第四实验学校2026年教育教学设备采购项目中标结果公告,2026-07-23,北京,,中标公告,北京市政府采购网,https://www.ggzy.gov.cn/information/deal/html/a/110000/0202/20260723/0011dec2ef680a964c0d9cfea31ad6085a48.html,教学仪器,教学仪器,教学仪器,一贯制未分段,否,否
00112fe6661a386144aaa7861606c6eced51,北京第四实验学校2026年家具采购项目中标结果公告,2026-07-23,北京,,中标公告,北京市政府采购网,https://www.ggzy.gov.cn/information/deal/html/a/110000/0202/20260723/00112fe6661a386144aaa7861606c6eced51.html,课桌椅,课桌椅,课桌椅,一贯制未分段,否,否
0021fa6cb14d3109487b974124534bce8bbe,高新区第二实验学校艺术心理卫生教学设备采购项目采购中标结果公示,2026-07-23,辽宁省,,中标公告,大连市公共资源交易平台,https://www.ggzy.gov.cn/information/deal/html/a/210000/0202/20260723/0021fa6cb14d3109487b974124534bce8bbe.html,教学仪器,教学仪器,教学仪器,一贯制未分段,否,否
0051245930d249af45b6a91d8c5e7bb28a1b,眉山天府新区实验学校实验学校物业管理服务采购项目中标（成交）结果公告,2026-07-23,四川省,,中标公告,,https://www.ggzy.gov.cn/information/deal/html/a/510000/0202/20260723/0051245930d249af45b6a91d8c5e7bb28a1b.html,后勤服务,其他,后勤服务,一贯制未分段,否,否
001169e334095b24439391c903b34583f8d8,北京第四实验学校学生宿舍及办公设备等购置项目（分散采购）中标公告,2026-07-23,北京,,中标公告,北京市政府采购网,https://www.ggzy.gov.cn/information/deal/html/a/110000/0202/20260723/001169e334095b24439391c903b34583f8d8.html,其他,其他,,一贯制未分段,否,否
00323e49dd7bd89546299d62e5560157d90b,盐渎实验学校教学楼屋顶渗漏维修工程成交公告采购包1,2026-07-22,江苏省,,中标公告,,https://www.ggzy.gov.cn/information/deal/html/a/320000/0202/20260722/00323e49dd7bd89546299d62e5560157d90b.html,校舍维修改造,校舍维修改造,校舍维修改造,一贯制未分段,否,否
0011c5998af86cfd4426bfa67d2d9664efba,额度外-中英实验学校礼堂基础建设工程其他建筑工程采购项目成交公告,2026-07-22,北京,,中标公告,北京市政府采购网,https://www.ggzy.gov.cn/information/deal/html/a/110000/0202/20260722/0011c5998af86cfd4426bfa67d2d9664efba.html,其他,其他,,一贯制未分段,否,否
0011fecc447543cc495f8162a8113eedba5d,北京第四实验学校教育教学设备购置项目（二期）02包中标公告,2026-07-22,北京,,中标公告,北京市政府采购网,https://www.ggzy.gov.cn/information/deal/html/a/110000/0202/20260722/0011fecc447543cc495f8162a8113eedba5d.html,教学仪器,教学仪器,教学仪器,一贯制未分段,否,否
0044a7b1eebf41cb4581b4515d4effaba823,深汕实验学校三期教学配套设施设备采购项目中标（成交）结果公告,2026-07-22,广东省,,中标公告,,https://www.ggzy.gov.cn/information/deal/html/a/440000/0202/20260722/0044a7b1eebf41cb4581b4515d4effaba823.html,其他,其他,,一贯制未分段,否,否
0033018d02b483784fa399b7cb98516e9a6c,嘉兴经投工程咨询服务有限公司关于嘉兴市马家浜实验学校窗帘采购及安装项目中标(成交)结果公告,2026-07-22,浙江省,,中标公告,嘉兴市公共资源交易网,https://www.ggzy.gov.cn/information/deal/html/a/330000/0202/20260722/0033018d02b483784fa399b7cb98516e9a6c.html,后勤服务,其他,后勤服务;工程配套,一贯制未分段,否,否
0033fb78e1bf4fcb420c8b20b4f7cce7e13f,嘉兴市公共资源交易中心关于嘉兴市马家浜实验学校专用教室基础设备采购项目中标(成交)结果公告,2026-07-22,浙江省,,中标公告,嘉兴市公共资源交易网,https://www.ggzy.gov.cn/information/deal/html/a/330000/0202/20260722/0033fb78e1bf4fcb420c8b20b4f7cce7e13f.html,实验室设备,实验室设备,实验室设备,一贯制未分段,否,否
0044a1e43aedec664401ac31adf2c43a0406,深汕实验学校三期化学实验室设施设备采购项目中标（成交）结果公告,2026-07-21,广东省,,中标公告,,https://www.ggzy.gov.cn/information/deal/html/a/440000/0202/20260721/0044a1e43aedec664401ac31adf2c43a0406.html,实验室设备,实验室设备,实验室设备,一贯制未分段,否,否
0032982a83b95908452c931a4d0f43794fac,江北新区滨江实验学校工程项目实验室装备采购中标公告采购包1,2026-07-21,江苏省,,中标公告,,https://www.ggzy.gov.cn/information/deal/html/a/320000/0202/20260721/0032982a83b95908452c931a4d0f43794fac.html,实验室设备,实验室设备,实验室设备,一贯制未分段,否,否
0050fbac41a0f2954b57b8c4a42111f3b93d,重庆市南川实验学校理化生实验室和危化品储藏室升级改造（第五次）(NCQ26A00052)中标（成交）结果公告,2026-07-21,重庆市,,中标公告,重庆市公共资源交易服务平台,https://www.ggzy.gov.cn/information/deal/html/a/500000/0202/20260721/0050fbac41a0f2954b57b8c4a42111f3b93d.html,校舍维修改造,校舍维修改造,校舍维修改造;实验室设备,一贯制未分段,否,否
0044abd4b01b25274bd7b759586c04bfc089,罗湖实验学校2026年度后勤管理服务项目中标（成交）结果公告,2026-07-21,广东省,,中标公告,,https://www.ggzy.gov.cn/information/deal/html/a/440000/0202/20260721/0044abd4b01b25274bd7b759586c04bfc089.html,后勤服务,其他,后勤服务,一贯制未分段,否,否
0032b23a31cd50554cf893914583601e5aff,盐城市亭湖区南洋实验学校2026年度物业服务项目中标公告采购包1,2026-07-21,江苏省,,中标公告,,https://www.ggzy.gov.cn/information/deal/html/a/320000/0202/20260721/0032b23a31cd50554cf893914583601e5aff.html,后勤服务,其他,后勤服务,一贯制未分段,否,否
003237f5538013aa4b30b63c3b0006e0e7fb,无锡市新吴区第一实验学校物业管理服务项目中标公告(二)采购包1,2026-07-21,江苏省,,中标公告,,https://www.ggzy.gov.cn/information/deal/html/a/320000/0202/20260721/003237f5538013aa4b30b63c3b0006e0e7fb.html,后勤服务,其他,后勤服务,一贯制未分段,否,否
00117e7ea57d93a34baea2db7d9f2596295b,2026年北京市东城区史家实验学校食堂质量提升设备采购项目中标公告,2026-07-21,北京,,中标公告,北京市政府采购网,https://www.ggzy.gov.cn/information/deal/html/a/110000/0202/20260721/00117e7ea57d93a34baea2db7d9f2596295b.html,食堂设备,食堂设备,食堂设备,一贯制未分段,否,否
00446b95916e3e6b4f59b67438934db09b48,深圳市罗湖区莲南实验学校2026-2027年后勤管理服务项目中标（成交）结果公告,2026-07-21,广东省,,中标公告,,https://www.ggzy.gov.cn/information/deal/html/a/440000/0202/20260721/00446b95916e3e6b4f59b67438934db09b48.html,后勤服务,其他,后勤服务,一贯制未分段,否,否
0042c7bc7dc6baa94d0fb11371eb90434bc7,沙洋县汉上实验学校食堂维修改造工程中标（成交）结果公告,2026-07-21,湖北省,,中标公告,湖北省政府采购网,https://www.ggzy.gov.cn/information/deal/html/a/420000/0202/20260721/0042c7bc7dc6baa94d0fb11371eb90434bc7.html,校舍维修改造,校舍维修改造,校舍维修改造;食堂设备,一贯制未分段,否,否
0022da05a88843514a7188206053731e8edf,长春市双阳区实验学校监控设备采购项目中标(成交)结果公告,2026-07-21,吉林省,,中标公告,长春市公共资源交易中心(新),https://www.ggzy.gov.cn/information/deal/html/a/220000/0202/20260721/0022da05a88843514a7188206053731e8edf.html,校园安防,校园安防,校园安防,一贯制未分段,否,否
0050d317512f4aec4257bb7434f4944eccb4,复盛实验学校校园保安服务采购(JBQ26C00036)中标（成交）结果公告,2026-07-21,重庆市,,中标公告,重庆市公共资源交易服务平台,https://www.ggzy.gov.cn/information/deal/html/a/500000/0202/20260721/0050d317512f4aec4257bb7434f4944eccb4.html,后勤服务,其他,后勤服务,一贯制未分段,否,否
00442e7f70b35229489eaff0bb32a15bc296,深圳实验学校教学楼学生餐厅维修改造工程-学生餐厅改造中标（成交）结果公示,2026-07-21,广东省,,中标公告,,https://www.ggzy.gov.cn/information/deal/html/a/440000/0202/20260721/00442e7f70b35229489eaff0bb32a15bc296.html,校舍维修改造,校舍维修改造,校舍维修改造;食堂设备,一贯制未分段,否,否
00449512fa05eb2547ffa3ecbc9a90c3693b,深圳实验学校高中部上床下桌公寓床采购项目中标（成交）结果公告,2026-07-21,广东省,,中标公告,,https://www.ggzy.gov.cn/information/deal/html/a/440000/0202/20260721/00449512fa05eb2547ffa3ecbc9a90c3693b.html,课桌椅,课桌椅,课桌椅,高中,否,否
0033b8739bf8839c46a7911b0781ef5bfab9,浙江鼎欣工程项目管理有限公司关于杭州市采荷实验学校（公办）2026年暑期改造提升项目中标(成交)结果公告,2026-07-21,浙江省,,中标公告,杭州市公共资源交易网,https://www.ggzy.gov.cn/information/deal/html/a/330000/0202/20260721/0033b8739bf8839c46a7911b0781ef5bfab9.html,校舍维修改造,校舍维修改造,校舍维修改造,一贯制未分段,否,否
00411230a658b68d46d3b9a1df3892c3e6ba,安阳县教育局·安东第二实验学校教育教学办公用品采购项目-成交公告,2026-07-20,河南省,,中标公告,,https://www.ggzy.gov.cn/information/deal/html/a/410000/0202/20260720/00411230a658b68d46d3b9a1df3892c3e6ba.html,其他,其他,,教育局统筹,否,否
0011ae55db3ca5344ac8b5da3b27415df593,开办项目-北京第三实验学校图书购置项目（二期）中标公告,2026-07-20,北京,,中标公告,北京市政府采购网,https://www.ggzy.gov.cn/information/deal/html/a/110000/0202/20260720/0011ae55db3ca5344ac8b5da3b27415df593.html,图书,图书,图书,一贯制未分段,否,否
003415fe17923b2b48b5bb50a64c02251cdc,2026年芜湖华师实验学校芜湖特殊教育学校维修工程成交结果公告,2026-07-20,安徽省,,中标公告,芜湖市公共资源交易平台电子交易系统,https://www.ggzy.gov.cn/information/deal/html/a/340000/0202/20260720/003415fe17923b2b48b5bb50a64c02251cdc.html,校舍维修改造,校舍维修改造,校舍维修改造,一贯制未分段,否,否
0013eef70be46e064e2793860583185c1baa,石家庄市华源实验学校操场及围墙改造项目竞争性磋商成交公告,2026-07-20,河北省,,中标公告,石家庄公共资源交易网,https://www.ggzy.gov.cn/information/deal/html/a/130000/0202/20260720/0013eef70be46e064e2793860583185c1baa.html,校舍维修改造,校舍维修改造,校舍维修改造,一贯制未分段,否,否
0044d3396b1c274c4531842022d19765cbd0,东莞市松山湖横沥实验学校食堂食材配送服务项目结果公告,2026-07-20,广东省,,中标公告,,https://www.ggzy.gov.cn/information/deal/html/a/440000/0202/20260720/0044d3396b1c274c4531842022d19765cbd0.html,食堂设备,食堂设备,食堂设备;后勤服务,一贯制未分段,否,否
003417597c827dd04cb6aaa3bee4fb6ecfcf,高新区实验学校运动场维修改造工程项目成交结果公告,2026-07-20,安徽省,,中标公告,芜湖市公共资源交易平台电子交易系统,https://www.ggzy.gov.cn/information/deal/html/a/340000/0202/20260720/003417597c827dd04cb6aaa3bee4fb6ecfcf.html,校舍维修改造,校舍维修改造,校舍维修改造,一贯制未分段,否,否
00516c30f89cf8b847bd86e5a8ee47007686,富顺县安和实验学校运动场维修改造及排水工程中标（成交）结果公告,2026-07-20,四川省,,中标公告,,https://www.ggzy.gov.cn/information/deal/html/a/510000/0202/20260720/00516c30f89cf8b847bd86e5a8ee47007686.html,校舍维修改造,校舍维修改造,校舍维修改造,一贯制未分段,否,否
0022261c2a47f5e84654aad7c28f7938b2b3,东北师范大学附属实验学校经开2026年-2028年保安服务项目（二次）中标(成交)结果公告,2026-07-20,吉林省,,中标公告,长春市公共资源交易中心(新),https://www.ggzy.gov.cn/information/deal/html/a/220000/0202/20260720/0022261c2a47f5e84654aad7c28f7938b2b3.html,后勤服务,其他,后勤服务,一贯制未分段,否,否
0041d0146f1582e9435aa5b3fd54ce541e51,焦作市马村区实验学校操场及小足球场地人工草皮改造项目-成交公告,2026-07-20,河南省,,中标公告,,https://www.ggzy.gov.cn/information/deal/html/a/410000/0202/20260720/0041d0146f1582e9435aa5b3fd54ce541e51.html,校舍维修改造,校舍维修改造,校舍维修改造;工程配套,一贯制未分段,否,否
00335ba64f827cb84a2bb9c8d064a3606df3,宁波市北仑区（开发区）政务服务中心关于滨海新城实验学校办公家具采购项目中标(成交)结果公告,2026-07-20,浙江省,,中标公告,宁波市公共资源交易网,https://www.ggzy.gov.cn/information/deal/html/a/330000/0202/20260720/00335ba64f827cb84a2bb9c8d064a3606df3.html,课桌椅,课桌椅,课桌椅,一贯制未分段,否,否
0035179152bbd7144dfc80f0afe3c0dfe31c,莆田市外国语学校网络、监控和广播中心设备采购结果公告（采购包1）,2026-07-24,福建省,,中标公告,莆田市行政服务中心,https://www.ggzy.gov.cn/information/deal/html/a/350000/0202/20260724/0035179152bbd7144dfc80f0afe3c0dfe31c.html,校园安防,校园安防,校园安防,一贯制未分段,否,否
005145a079033b60427cb01d0a802d1a5e9b,攀枝花市十九中小密地外国语学校龙箐学校运动场改造中标（成交）结果公告,2026-07-23,四川省,,中标公告,,https://www.ggzy.gov.cn/information/deal/html/a/510000/0202/20260723/005145a079033b60427cb01d0a802d1a5e9b.html,校舍维修改造,校舍维修改造,校舍维修改造,一贯制未分段,否,否
00427137c760018b463db3242cba7a7032f0,武汉外国语学校（武汉实验外国语学校）教具设备中标（成交）结果公告,2026-07-22,湖北省,,中标公告,湖北省政府采购网,https://www.ggzy.gov.cn/information/deal/html/a/420000/0202/20260722/00427137c760018b463db3242cba7a7032f0.html,教学仪器,教学仪器,教学仪器,一贯制未分段,否,否
0013ed48b56eede84fe4aab27e045f72c09e,石家庄外国语学校太平河校区食堂设备采购项目公开招标中标公告,2026-07-21,河北省,,中标公告,石家庄公共资源交易网,https://www.ggzy.gov.cn/information/deal/html/a/130000/0202/20260721/0013ed48b56eede84fe4aab27e045f72c09e.html,食堂设备,食堂设备,食堂设备,一贯制未分段,否,否
0044fe45e8be4af249d7bdf490f191c2135a,龙岗区外国语学校（集团）行知学校一体机及讲台设施设备采购项目中标（成交）结果公告,2026-07-21,广东省,,中标公告,,https://www.ggzy.gov.cn/information/deal/html/a/440000/0202/20260721/0044fe45e8be4af249d7bdf490f191c2135a.html,其他,其他,,一贯制未分段,否,否
0065c5b61d29320047ba8898327fe92d749d,伊宁市教育局学校食堂劳务招标项目中标(成交)结果公告,2026-07-24,新疆维吾尔自治区,,中标公告,新疆维吾尔自治区公共资源交易平台,https://www.ggzy.gov.cn/information/deal/html/a/650000/0202/20260724/0065c5b61d29320047ba8898327fe92d749d.html,食堂设备,食堂设备,食堂设备;后勤服务,教育局统筹,否,否
0014bbe15e48a5c246f9b59102913c2f3432,长子县教育局关于购买学生校外意外伤害保险服务项目竞争性磋商结果公告,2026-07-24,山西省,,中标公告,,https://www.ggzy.gov.cn/information/deal/html/a/140000/0202/20260724/0014bbe15e48a5c246f9b59102913c2f3432.html,后勤服务,其他,后勤服务,教育局统筹,否,否
00651d59887bdbeb4ccd8ad3cb1f64636157,柯坪县教育局2026年柯坪县义务教育校舍安全保障长效机制项目（四标段）中标(成交)结果公告,2026-07-24,新疆维吾尔自治区,,中标公告,新疆维吾尔自治区公共资源交易平台,https://www.ggzy.gov.cn/information/deal/html/a/650000/0202/20260724/00651d59887bdbeb4ccd8ad3cb1f64636157.html,校舍维修改造,校舍维修改造,校舍维修改造,教育局统筹,否,否
00514f49fabe23954e6092537309cd0052f9,阿坝县教育局2026年寄宿制学生生活用品采购项目(四次)中标（成交）结果公告,2026-07-24,四川省,,中标公告,,https://www.ggzy.gov.cn/information/deal/html/a/510000/0202/20260724/00514f49fabe23954e6092537309cd0052f9.html,其他,其他,,教育局统筹,否,否
0015ac8c5c9696254fea9f0b89fbc5c207e5,鄂温克族自治旗教育局运动场塑胶跑道与草坪修缮项目中标（成交）结果公告,2026-07-24,内蒙古自治区,,中标公告,,https://www.ggzy.gov.cn/information/deal/html/a/150000/0202/20260724/0015ac8c5c9696254fea9f0b89fbc5c207e5.html,校舍维修改造,校舍维修改造,校舍维修改造;工程配套,教育局统筹,否,否
00417910b3d7e3bb44eca11634edc17164b0,汤阴县教育局安阳市专门学校改建采购项目包2（二次）-成交公告,2026-07-24,河南省,,中标公告,,https://www.ggzy.gov.cn/information/deal/html/a/410000/0202/20260724/00417910b3d7e3bb44eca11634edc17164b0.html,其他,其他,,教育局统筹,否,否
0043ff6a80f2cb1241bda94129247354c1c0,芷江侗族自治县教育局芷江侗族自治县学校（含城区）大宗食材米、食用油采购公开招标中标公示,2026-07-24,湖南省,,中标公告,,https://www.ggzy.gov.cn/information/deal/html/a/430000/0202/20260724/0043ff6a80f2cb1241bda94129247354c1c0.html,后勤服务,其他,后勤服务,教育局统筹,否,否
001424f2fbcd485044bd9a39d7d84d28f734,长治市教育局单一来源采购AI+数据双轮驱动学科核心素养提升工程结果公告,2026-07-24,山西省,,中标公告,,https://www.ggzy.gov.cn/information/deal/html/a/140000/0202/20260724/001424f2fbcd485044bd9a39d7d84d28f734.html,人工智能,人工智能,人工智能,教育局统筹,是,是
00514c713c41430c4dcaa82b5bb893387cd6,马尔康市教育局KCBX专项研学中标（成交）结果公告,2026-07-24,四川省,,中标公告,,https://www.ggzy.gov.cn/information/deal/html/a/510000/0202/20260724/00514c713c41430c4dcaa82b5bb893387cd6.html,其他,其他,,教育局统筹,否,否
00516a825d53c9e44aadade4bed92130d7d8,大英县教育局大英县公办学校2026年食堂食材集中配送服务采购项目中标（成交）结果公告,2026-07-24,四川省,,中标公告,,https://www.ggzy.gov.cn/information/deal/html/a/510000/0202/20260724/00516a825d53c9e44aadade4bed92130d7d8.html,食堂设备,食堂设备,食堂设备;后勤服务,教育局统筹,否,否
004188f959ac579c4f1f9cf3d328fc1eec60,舞阳县教育局义务教育学校触控一体机（智慧黑板）采购项目-成交公告,2026-07-24,河南省,,中标公告,,https://www.ggzy.gov.cn/information/deal/html/a/410000/0202/20260724/004188f959ac579c4f1f9cf3d328fc1eec60.html,智慧黑板,智慧黑板,智慧黑板;大屏,教育局统筹,是,是
002294df1881b3074e00b46ce2851f4e9e42,抚松县教育局义务教育阶段学校设备采购项目中标(成交)结果公告,2026-07-24,吉林省,,中标公告,白山电子招投标交易平台,https://www.ggzy.gov.cn/information/deal/html/a/220000/0202/20260724/002294df1881b3074e00b46ce2851f4e9e42.html,其他,其他,,教育局统筹,否,否
00317cfae5aa10f648bfb411b8f21e75c872,2026年松江区教育局物业管理服务（第三批）的中标（成交）结果公告,2026-07-24,上海市,,中标公告,上海政府采购网,https://www.ggzy.gov.cn/information/deal/html/a/310000/0202/20260724/00317cfae5aa10f648bfb411b8f21e75c872.html,后勤服务,其他,后勤服务,教育局统筹,否,否
0014cf3f371067ec46d8b97268fb994d0c2f,高平市教育局公开招标高平教育局增设地震预警信息发布终端项目结果公告,2026-07-24,山西省,,中标公告,,https://www.ggzy.gov.cn/information/deal/html/a/140000/0202/20260724/0014cf3f371067ec46d8b97268fb994d0c2f.html,信息化设备,信息化设备,信息化设备,教育局统筹,是,是
00428bafaeb641dd4ef0a3ab5c81af57dab1,黄石市教育局黄石市“国培计划（2026）”教师培训中标（成交）结果公告,2026-07-24,湖北省,,中标公告,湖北省政府采购网,https://www.ggzy.gov.cn/information/deal/html/a/420000/0202/20260724/00428bafaeb641dd4ef0a3ab5c81af57dab1.html,培训,培训,培训,教育局统筹,是,是
0064dbba3b63e5694a87918c4de7acab772b,银川市西夏区教育局智慧食堂建设项目中标公告,2026-07-24,宁夏回族自治区,,中标公告,宁夏公共资源交易服务平台,https://www.ggzy.gov.cn/information/deal/html/a/640000/0202/20260724/0064dbba3b63e5694a87918c4de7acab772b.html,食堂设备,食堂设备,食堂设备,教育局统筹,否,否
00157832a67260434755a14ed546f23ec81c,包头市青山区教育局2026年内蒙古自治区校园足球精英赛赛事及活动项目中标（成交）结果公告,2026-07-24,内蒙古自治区,,中标公告,,https://www.ggzy.gov.cn/information/deal/html/a/150000/0202/20260724/00157832a67260434755a14ed546f23ec81c.html,其他,其他,,教育局统筹,否,否
0033edba8acacadf40e786afb8594ae00a7d,浙江尚信工程咨询有限公司关于衢州市教育局衢州市第二期中青年校长培养项目的中标结果公告,2026-07-24,浙江省,,中标公告,衢州市公共资源交易网,https://www.ggzy.gov.cn/information/deal/html/a/330000/0202/20260724/0033edba8acacadf40e786afb8594ae00a7d.html,后勤服务,其他,后勤服务,教育局统筹,否,否
003791a8eb1f75a34bbd9f91c732db7081a6,威海市教育局（第二实验高中）办公教学设备公开招标中标结果公告,2026-07-23,山东省,,中标公告,威海市公共资源交易电子交易系统,https://www.ggzy.gov.cn/information/deal/html/a/370000/0202/20260723/003791a8eb1f75a34bbd9f91c732db7081a6.html,教学仪器,教学仪器,教学仪器,教育局统筹,否,否
0037a65889bffaa2432fa88c30c8691440c4,威海市教育局（第二实验高中）功能室家具公开招标中标结果公告,2026-07-23,山东省,,中标公告,威海市公共资源交易电子交易系统,https://www.ggzy.gov.cn/information/deal/html/a/370000/0202/20260723/0037a65889bffaa2432fa88c30c8691440c4.html,实验室设备,实验室设备,实验室设备;课桌椅,教育局统筹,否,否
0051162f370b55df459f8a1907298583bfd5,小金县教育局小金县.教育局2026年“网链共享计划”直录播设施设备采购项目(二次)中标（成交）结果公告,2026-07-23,四川省,,中标公告,,https://www.ggzy.gov.cn/information/deal/html/a/510000/0202/20260723/0051162f370b55df459f8a1907298583bfd5.html,信息化设备,信息化设备,信息化设备,教育局统筹,是,是
004352d28f2e20404e4b98c8bbeb8179caed,衡阳县教育局衡阳县2026年学校食堂提质升级设备采购竞争性磋商成交公告,2026-07-23,湖南省,,中标公告,,https://www.ggzy.gov.cn/information/deal/html/a/430000/0202/20260723/004352d28f2e20404e4b98c8bbeb8179caed.html,食堂设备,食堂设备,食堂设备,教育局统筹,否,否
006202cbe429c41f453f8daebb506d30f701,兰州市西固区教育局西固区教育局2026—2027年度农村义务教育学生营养改善计划政府采购项目中标公告,2026-07-23,甘肃省,,中标公告,兰州市公共资源交易平台,https://www.ggzy.gov.cn/information/deal/html/a/620000/0202/20260723/006202cbe429c41f453f8daebb506d30f701.html,其他,其他,,教育局统筹,否,否
0043a3859090a0264f4da8c4af220e81cd68,长沙市芙蓉区教育局2025年大项目预算信息设备采购结果公告,2026-07-23,湖南省,,中标公告,,https://www.ggzy.gov.cn/information/deal/html/a/430000/0202/20260723/0043a3859090a0264f4da8c4af220e81cd68.html,其他,其他,,教育局统筹,否,否
0051f36405f28dcf4dd896403efbb4ebf836,雅安市名山区教育局2026-2027学年义务教育阶段学生作业本采购项目中标（成交）结果公告,2026-07-23,四川省,,中标公告,,https://www.ggzy.gov.cn/information/deal/html/a/510000/0202/20260723/0051f36405f28dcf4dd896403efbb4ebf836.html,其他,其他,,教育局统筹,否,否
0015f581edba33af492bb9d0ed755b18b899,赤峰市松山区教育局松山区义务教育学校校园校舍维修维护工程中标（成交）结果公告,2026-07-23,内蒙古自治区,,中标公告,,https://www.ggzy.gov.cn/information/deal/html/a/150000/0202/20260723/0015f581edba33af492bb9d0ed755b18b899.html,校舍维修改造,校舍维修改造,校舍维修改造,教育局统筹,否,否
0037ae8439c940c04605870f5f2c388848d8,威海市教育局（第二实验高中）公寓设备公开招标中标结果公告,2026-07-22,山东省,,中标公告,威海市公共资源交易电子交易系统,https://www.ggzy.gov.cn/information/deal/html/a/370000/0202/20260722/0037ae8439c940c04605870f5f2c388848d8.html,其他,其他,,教育局统筹,否,否
0051f662efc9ccd5459395be8cc9f594a9ab,马尔康市教育局马尔康市长征学校定制家具采购项目中标（成交）结果公告,2026-07-22,四川省,,中标公告,,https://www.ggzy.gov.cn/information/deal/html/a/510000/0202/20260722/0051f662efc9ccd5459395be8cc9f594a9ab.html,课桌椅,课桌椅,课桌椅,教育局统筹,否,否
00515d186aa24a02478bb33b456b855ced92,石棉县教育局向阳教育园区建设工程项目（二期）竣工结算审计服务中标（成交）结果公告,2026-07-22,四川省,,中标公告,,https://www.ggzy.gov.cn/information/deal/html/a/510000/0202/20260722/00515d186aa24a02478bb33b456b855ced92.html,其他,其他,,教育局统筹,否,否
0032ab163b4d7d2d4376afaf3ddff8b5a0f7,2026年南通市教育局直属学校家具项目（实木类）成交公告采购包1,2026-07-22,江苏省,,中标公告,,https://www.ggzy.gov.cn/information/deal/html/a/320000/0202/20260722/0032ab163b4d7d2d4376afaf3ddff8b5a0f7.html,课桌椅,课桌椅,课桌椅,教育局统筹,否,否
00426764bd83d2f24d279f05524fb92afec4,曾都区教育局干部人事档案数字化建设项目中标(成交)结果公告,2026-07-22,湖北省,,中标公告,湖北省政府采购网,https://www.ggzy.gov.cn/information/deal/html/a/420000/0202/20260722/00426764bd83d2f24d279f05524fb92afec4.html,信息化,信息化,信息化;后勤服务,教育局统筹,是,是
00516cef975151f34b2b865fb789b089b643,成都市金牛区教育局金牛区教育局2026年信息化教学设备采购项目中标（成交）结果公告,2026-07-22,四川省,,中标公告,,https://www.ggzy.gov.cn/information/deal/html/a/510000/0202/20260722/00516cef975151f34b2b865fb789b089b643.html,信息化,信息化,信息化;教学仪器,教育局统筹,是,是
001380b2c38bd0054dceb894c1f17ec680e0,Z1306002604812001高新区教育局校园食品安全、膳食经费和膳食营养智慧管理平台项目结果公告,2026-07-22,河北省,,中标公告,保定市公共资源交易中心,https://www.ggzy.gov.cn/information/deal/html/a/130000/0202/20260722/001380b2c38bd0054dceb894c1f17ec680e0.html,其他,其他,,教育局统筹,否,否
005140e124b89726495f982199ae5b551b8e,蓬溪县教育局2026-2027学年全县学校食堂大宗食材采购中标（成交）结果公告,2026-07-22,四川省,,中标公告,,https://www.ggzy.gov.cn/information/deal/html/a/510000/0202/20260722/005140e124b89726495f982199ae5b551b8e.html,食堂设备,食堂设备,食堂设备;后勤服务,教育局统筹,否,否
00133ae7f697b90d40c58e2ac265ad36716e,Z1302002604522201唐山市路北区教育局AI英语听说课堂采购项目结果公告,2026-07-22,河北省,,中标公告,,https://www.ggzy.gov.cn/information/deal/html/a/130000/0202/20260722/00133ae7f697b90d40c58e2ac265ad36716e.html,人工智能,人工智能,人工智能,教育局统筹,是,是
0035e6da2c3833c8427dbade43005579f842,三明市沙县区教育局2026-2027学年义务教育公办寄宿制学校食材采购及配送项目(二次)结果公告（采购包1）,2026-07-22,福建省,,中标公告,三明市公共资源交易中心,https://www.ggzy.gov.cn/information/deal/html/a/350000/0202/20260722/0035e6da2c3833c8427dbade43005579f842.html,后勤服务,其他,后勤服务,教育局统筹,否,否
0035cdbb67cfabef49a4b826b35c9869008a,武平县教育局2026年义务教育阶段学生簿籍采购项目结果公告（采购包1）,2026-07-22,福建省,,中标公告,龙岩市公共资源交易中心,https://www.ggzy.gov.cn/information/deal/html/a/350000/0202/20260722/0035cdbb67cfabef49a4b826b35c9869008a.html,其他,其他,,教育局统筹,否,否
00142cbfd9a2b4fa44f8abc3c4ac134eb347,2026年浑源县教育局校舍安全保障长效机制一期项目结果公告,2026-07-22,山西省,,中标公告,,https://www.ggzy.gov.cn/information/deal/html/a/140000/0202/20260722/00142cbfd9a2b4fa44f8abc3c4ac134eb347.html,校舍维修改造,校舍维修改造,校舍维修改造,教育局统筹,否,否
0033c3736bdebb2b4727b1e7d6e922909ad0,浙江省成套工程有限公司关于杭州市滨江区教育局学校安全防护设备采购项目（重新招标）中标(成交)结果公告,2026-07-22,浙江省,,中标公告,杭州市公共资源交易网,https://www.ggzy.gov.cn/information/deal/html/a/330000/0202/20260722/0033c3736bdebb2b4727b1e7d6e922909ad0.html,其他,其他,,教育局统筹,否,否
0051fb3b1b11224e4809975a4d6121dd614b,成都市锦江区教育局2026年智慧安防软硬件集成建设服务采购项目(二次)中标（成交）结果公告,2026-07-21,四川省,,中标公告,,https://www.ggzy.gov.cn/information/deal/html/a/510000/0202/20260721/0051fb3b1b11224e4809975a4d6121dd614b.html,校园安防,校园安防,校园安防,教育局统筹,否,否
001299903054a9e344dd82479ad49dc2d58d,天津市东丽区教育局机关 2026年天津市东丽区教育局新建学校教学家具购置安装项目 (项目编号:TJDL-2026-A-0004)中标公告,2026-07-21,天津市,,中标公告,天津市公共资源交易平台交易系统,https://www.ggzy.gov.cn/information/deal/html/a/120000/0202/20260721/001299903054a9e344dd82479ad49dc2d58d.html,校舍维修改造,校舍维修改造,校舍维修改造;课桌椅,教育局统筹,否,否
0051083847fc54964e30bc1e5c32e3f51fe3,成都市教育局2026年儿童青少年近视防控项目中标（成交）结果公告,2026-07-21,四川省,,中标公告,,https://www.ggzy.gov.cn/information/deal/html/a/510000/0202/20260721/0051083847fc54964e30bc1e5c32e3f51fe3.html,其他,其他,,教育局统筹,否,否
0042edfb839c834b43e587a57fe1102b0236,江岸区教育局机关食堂物资配送服务二次结果公告,2026-07-21,湖北省,,中标公告,湖北省政府采购网,https://www.ggzy.gov.cn/information/deal/html/a/420000/0202/20260721/0042edfb839c834b43e587a57fe1102b0236.html,食堂设备,食堂设备,食堂设备;后勤服务,教育局统筹,否,否
0042b6e9dbf28a78481c9bd8fc637be5675c,2026年武汉经开区教育局暑期维修项目监理服务结果公告,2026-07-21,湖北省,,中标公告,湖北省政府采购网,https://www.ggzy.gov.cn/information/deal/html/a/420000/0202/20260721/0042b6e9dbf28a78481c9bd8fc637be5675c.html,校舍维修改造,校舍维修改造,校舍维修改造;后勤服务,教育局统筹,否,否
00417f75cd2055d742969b1437f850e423cf,巩义市教育局教育工会生日蛋糕券项目-成交公告,2026-07-21,河南省,,中标公告,,https://www.ggzy.gov.cn/information/deal/html/a/410000/0202/20260721/00417f75cd2055d742969b1437f850e423cf.html,其他,其他,,教育局统筹,否,否
00345424a655c18147c4a3f3ab10940bef1c,烈山区教育局2026年支持学前教育发展建设项目成交结果公告,2026-07-21,安徽省,,中标公告,淮北市公共资源交易平台电子交易系统,https://www.ggzy.gov.cn/information/deal/html/a/340000/0202/20260721/00345424a655c18147c4a3f3ab10940bef1c.html,其他,其他,,教育局统筹,否,否
0014736abc6b13624f0aa6141693c79f1cce,长治市潞州区教育局学科自主命题资料印刷服务结果公告,2026-07-21,山西省,,中标公告,,https://www.ggzy.gov.cn/information/deal/html/a/140000/0202/20260721/0014736abc6b13624f0aa6141693c79f1cce.html,后勤服务,其他,后勤服务,教育局统筹,否,否
0021d39a1ed739364300988890c7841e1c71,辽阳市文圣区教育局校车租赁服务采购项目结果公告,2026-07-21,辽宁省,,中标公告,辽宁政府采购网,https://www.ggzy.gov.cn/information/deal/html/a/210000/0202/20260721/0021d39a1ed739364300988890c7841e1c71.html,后勤服务,其他,后勤服务,教育局统筹,否,否
0013c082571cd61e4373806813644e63888e,赵县教育局学前教育推进工程竞争性磋商中标公告,2026-07-20,河北省,,中标公告,石家庄公共资源交易网,https://www.ggzy.gov.cn/information/deal/html/a/130000/0202/20260720/0013c082571cd61e4373806813644e63888e.html,其他,其他,,教育局统筹,否,否
0054f70fd2527e2f4b79bf956f842351f123,隆子县教育局2026年7月30日-2027年7月30日“三包”及营养改善伙食部分采购项目（三标段）二次中标（成交）结果公告,2026-07-20,西藏自治区,,中标公告,,https://www.ggzy.gov.cn/information/deal/html/a/540000/0202/20260720/0054f70fd2527e2f4b79bf956f842351f123.html,其他,其他,,教育局统筹,否,否
005113def897e75a42b9a066db41df3382c2,九龙县教育和体育局九龙县教育局消防维保项目中标（成交）结果公告,2026-07-20,四川省,,中标公告,,https://www.ggzy.gov.cn/information/deal/html/a/510000/0202/20260720/005113def897e75a42b9a066db41df3382c2.html,校园安防,校园安防,校园安防,教育局统筹,否,否
0021716d0725104a4d8eb5ba3e30fbbd5822,甘井子区教育局2026年教学设备采购项目采购中标结果公示,2026-07-20,辽宁省,,中标公告,大连市公共资源交易平台,https://www.ggzy.gov.cn/information/deal/html/a/210000/0202/20260720/0021716d0725104a4d8eb5ba3e30fbbd5822.html,教学仪器,教学仪器,教学仪器,教育局统筹,否,否
00511a2ad59f3e324b3ea4fb1f478506958f,汶川县教育局2025年学前幼儿教育教学设备设施采购项目中标（成交）结果公告,2026-07-20,四川省,,中标公告,,https://www.ggzy.gov.cn/information/deal/html/a/510000/0202/20260720/00511a2ad59f3e324b3ea4fb1f478506958f.html,教学仪器,教学仪器,教学仪器,教育局统筹,否,否
00510e38a7909c134ec1ae099298c4f89b25,成都市温江区教育局2026年温江区蓉台大道学校未来教室设备政府采购项目中标（成交）结果公告,2026-07-20,四川省,,中标公告,,https://www.ggzy.gov.cn/information/deal/html/a/510000/0202/20260720/00510e38a7909c134ec1ae099298c4f89b25.html,其他,其他,,教育局统筹,否,否
0012bcd9cbee2a8e486695c335433ea9396c,天津市东丽区教育局机关 2026年天津市东丽区教育局新建学校计算机、信息教室购置安装项目 (项目编号:TJDL-2026-A-0003)中标公告,2026-07-20,天津市,,中标公告,天津市公共资源交易平台交易系统,https://www.ggzy.gov.cn/information/deal/html/a/120000/0202/20260720/0012bcd9cbee2a8e486695c335433ea9396c.html,信息化设备,信息化设备,信息化设备;校舍维修改造,教育局统筹,是,是
005179e4dc5004544eb5a3150dee8986d9fd,红原县教育局“浙里石榴红”青少年交流交往交融服务项目中标（成交）结果公告,2026-07-20,四川省,,中标公告,,https://www.ggzy.gov.cn/information/deal/html/a/510000/0202/20260720/005179e4dc5004544eb5a3150dee8986d9fd.html,其他,其他,,教育局统筹,否,否
004288c87f67aa254f43a208aa45988648cc,五峰土家族自治县教育局综合业务用房（改造）建设项目成交结果公示,2026-07-20,湖北省,,中标公告,湖北省政府采购网,https://www.ggzy.gov.cn/information/deal/html/a/420000/0202/20260720/004288c87f67aa254f43a208aa45988648cc.html,校舍维修改造,校舍维修改造,校舍维修改造,教育局统筹,否,否
0033d3bf969fecf1469e83ecf21c50c8797e,宁波市政务服务中心关于宁波市教育局直属学校物业、安保服务采购（第二阶段第二批）项目中标(成交)结果公告,2026-07-20,浙江省,,中标公告,宁波市公共资源交易网,https://www.ggzy.gov.cn/information/deal/html/a/330000/0202/20260720/0033d3bf969fecf1469e83ecf21c50c8797e.html,校园安防,校园安防,校园安防;后勤服务,教育局统筹,否,否
0033eb59ef5df66e45b0aa18b1b100c0988b,杭州市公共资源交易中心高新技术产业开发区（滨江）分中心关于杭州市滨江区教育局下属学校2026年触控一体机采购及安装项目中标(成交)结果公告,2026-07-20,浙江省,,中标公告,杭州市公共资源交易网,https://www.ggzy.gov.cn/information/deal/html/a/330000/0202/20260720/0033eb59ef5df66e45b0aa18b1b100c0988b.html,大屏,大屏,大屏,教育局统筹,是,是
0033f2b3fe10f91c41e88504b4f90c8f97af,杭州市公共资源交易中心上城分中心关于2026年杭州市上城区教育局下属学校短焦激光投影仪及其配套采购项目中标(成交)结果公告,2026-07-20,浙江省,,中标公告,杭州市公共资源交易网,https://www.ggzy.gov.cn/information/deal/html/a/330000/0202/20260720/0033f2b3fe10f91c41e88504b4f90c8f97af.html,其他,其他,,教育局统筹,否,否
00417ddef88197cf4c6f85a701e72151822e,郸城县教体局关于2023年教育强国配套资金项目-成交公告,2026-07-21,河南省,,中标公告,,https://www.ggzy.gov.cn/information/deal/html/a/410000/0202/20260721/00417ddef88197cf4c6f85a701e72151822e.html,其他,其他,,教育局统筹,否,否
0045de00f94035014b819eb0fb53c0063c17,广西桂贵工程咨询服务有限公司关于2026年第一批农村义务教育校舍安全保障长效机制补助资金-贵港市港南区木格镇中心学校运动场地改造项目（项目编号：GGZC2026-C2-030050-GXGG）成交结果公告,2026-07-24,广西壮族自治区,,中标公告,贵港市公共资源交易平台,https://www.ggzy.gov.cn/information/deal/html/a/450000/0202/20260724/0045de00f94035014b819eb0fb53c0063c17.html,校舍维修改造,校舍维修改造,校舍维修改造;后勤服务,一贯制未分段,否,否
0022f16ffc3db4d645588c806cd0a3fa665e,永吉县义务教育信息化设备采购项目（三次）中标(成交)结果公告,2026-07-24,吉林省,,中标公告,吉林市公共资源交易网上招投标系统,https://www.ggzy.gov.cn/information/deal/html/a/220000/0202/20260724/0022f16ffc3db4d645588c806cd0a3fa665e.html,信息化,信息化,信息化,一贯制未分段,是,是
00157770cda33a2b4f9293f0f8d4d6bff800,内蒙古自治区教育科学研究与监测评估院内蒙古自治区2026年度义务教育课程实施与教材使用监测项目中标（成交）结果公告,2026-07-24,内蒙古自治区,,中标公告,,https://www.ggzy.gov.cn/information/deal/html/a/150000/0202/20260724/00157770cda33a2b4f9293f0f8d4d6bff800.html,后勤服务,其他,后勤服务,一贯制未分段,否,否
0061d3738c2739184fe7ab4285d3de160c42,米脂县学生资助和后勤服务中心米脂县2026-2027学年义务教育阶段学校零收费（作业本、校服）采购项目(二次)中标（成交）结果公告,2026-07-24,陕西省,,中标公告,全国公共资源交易平台（陕西省）,https://www.ggzy.gov.cn/information/deal/html/a/610000/0202/20260724/0061d3738c2739184fe7ab4285d3de160c42.html,校服,校服,校服;后勤服务,一贯制未分段,否,否
00514ad2c1934ed24ab28b7f9108bfb35128,武胜县教育科技和体育局2026-2027学年义务教育阶段学生作业本采购项目中标（成交）结果公告,2026-07-24,四川省,,中标公告,,https://www.ggzy.gov.cn/information/deal/html/a/510000/0202/20260724/00514ad2c1934ed24ab28b7f9108bfb35128.html,其他,其他,,一贯制未分段,否,否
0065b368f523d8e7400c97a114c3320609e7,库车市2026年自治区义务教育薄弱环节改善与能力提升项目（设备购置类）中标(成交)结果公告,2026-07-23,新疆维吾尔自治区,,中标公告,新疆维吾尔自治区公共资源交易平台,https://www.ggzy.gov.cn/information/deal/html/a/650000/0202/20260723/0065b368f523d8e7400c97a114c3320609e7.html,其他,其他,,一贯制未分段,否,否
0051bee45916927e464b91585b764387b7ac,南充市教育和体育局2026年南充市直属学校义务教育阶段学生作业本采购与配送项目(二次)中标（成交）结果公告,2026-07-23,四川省,,中标公告,,https://www.ggzy.gov.cn/information/deal/html/a/510000/0202/20260723/0051bee45916927e464b91585b764387b7ac.html,后勤服务,其他,后勤服务,教育局统筹,否,否
003550109bbc0be847e8a3de7b091a9a5007,2026-2027学年宁化县义务教育阶段学校免费提供作业本一批结果公告（采购包1）,2026-07-23,福建省,,中标公告,三明市公共资源交易中心,https://www.ggzy.gov.cn/information/deal/html/a/350000/0202/20260723/003550109bbc0be847e8a3de7b091a9a5007.html,其他,其他,,一贯制未分段,否,否
0052314c313df4b84387b1cbb45ee3faeaf9,普安县2026年义务教育学校中央补助资金维修改造项目（青山镇、楼下镇）中标结果公告,2026-07-23,贵州省,,中标公告,黔西南州公共资源交易中心,https://www.ggzy.gov.cn/information/deal/html/a/520000/0202/20260723/0052314c313df4b84387b1cbb45ee3faeaf9.html,校舍维修改造,校舍维修改造,校舍维修改造,一贯制未分段,否,否
0035fb3be9c7626143b09074cabb7ae3812d,2026-2027学年台江区属义务教育学校学生作业本采购项目结果公告（采购包1）,2026-07-23,福建省,,中标公告,福州市公共资源交易服务中心,https://www.ggzy.gov.cn/information/deal/html/a/350000/0202/20260723/0035fb3be9c7626143b09074cabb7ae3812d.html,其他,其他,,一贯制未分段,否,否
00639a1d1bb788914f688d69eae854132590,青海浩驰招标代理有限公司关于祁连县义务教育学校教学设备采购成交结果公告,2026-07-23,青海省,,中标公告,青海省公共资源交易网,https://www.ggzy.gov.cn/information/deal/html/a/630000/0202/20260723/00639a1d1bb788914f688d69eae854132590.html,教学仪器,教学仪器,教学仪器,一贯制未分段,否,否
0051b4b13993ef114b0682f2628b4acd2071,兴文县教育和体育局兴文县2026年秋期-2027年春期义务教育阶段营养餐改善计划食材采购中标（成交）结果公告,2026-07-23,四川省,,中标公告,,https://www.ggzy.gov.cn/information/deal/html/a/510000/0202/20260723/0051b4b13993ef114b0682f2628b4acd2071.html,后勤服务,其他,后勤服务,教育局统筹,否,否
004247419525331f4187bacbeb196ce4898e,丹江口市农村义务教育学生营养改善计划物资配送服务项目中标成交公告,2026-07-23,湖北省,,中标公告,湖北省政府采购网,https://www.ggzy.gov.cn/information/deal/html/a/420000/0202/20260723/004247419525331f4187bacbeb196ce4898e.html,后勤服务,其他,后勤服务,一贯制未分段,否,否
0035f54acb4bf17d4eeca838381777afb3e2,2026年秋季-2027年春季洛江区义务教育阶段免费作业本结果公告（采购包1）,2026-07-22,福建省,,中标公告,泉州市公共资源交易中心,https://www.ggzy.gov.cn/information/deal/html/a/350000/0202/20260722/0035f54acb4bf17d4eeca838381777afb3e2.html,其他,其他,,一贯制未分段,否,否
0034ee1da989e2384d8b8d3a9c61031a796c,岳西县2026-2027学年度“农村义务教育学生营养改善计划”学生营养餐午餐食材采购项目（不含大米和食用油）中标结果公告,2026-07-22,安徽省,,中标公告,安庆市公共资源交易平台电子交易系统,https://www.ggzy.gov.cn/information/deal/html/a/340000/0202/20260722/0034ee1da989e2384d8b8d3a9c61031a796c.html,后勤服务,其他,后勤服务,一贯制未分段,否,否
0051579301406a8a4b678d0081d25cc36590,遂宁市河东新区社会事业与文体旅游商务局河东新区2026-2027学年义务教育阶段在校生免费作业本项目中标（成交）结果公告,2026-07-22,四川省,,中标公告,,https://www.ggzy.gov.cn/information/deal/html/a/510000/0202/20260722/0051579301406a8a4b678d0081d25cc36590.html,其他,其他,,一贯制未分段,否,否
00412ecc78be0dd84e92b46dca9468889fd6,兰考县教育体育局兰考县2025年（二批）义务教育薄弱环节改善与能力提升教育装备和信息化建设项目-成交公告,2026-07-22,河南省,,中标公告,,https://www.ggzy.gov.cn/information/deal/html/a/410000/0202/20260722/00412ecc78be0dd84e92b46dca9468889fd6.html,信息化,信息化,信息化,教育局统筹,是,是
0051a2874eeb7f3d4d1e8a826492abbcb368,南充市嘉陵区教育和体育局嘉陵区2026-2027学年度义务教育阶段学生营养改善计划食堂劳务项目采购中标（成交）结果公告,2026-07-22,四川省,,中标公告,,https://www.ggzy.gov.cn/information/deal/html/a/510000/0202/20260722/0051a2874eeb7f3d4d1e8a826492abbcb368.html,食堂设备,食堂设备,食堂设备;后勤服务,教育局统筹,否,否
0065848003de828d4f20a7b81e7684f3d3e5,焉耆县2026年义务教育农村校舍安全保障长效机制项目二标段中标(成交)结果公告,2026-07-22,新疆维吾尔自治区,,中标公告,新疆维吾尔自治区公共资源交易平台,https://www.ggzy.gov.cn/information/deal/html/a/650000/0202/20260722/0065848003de828d4f20a7b81e7684f3d3e5.html,校舍维修改造,校舍维修改造,校舍维修改造,一贯制未分段,否,否
005152f737d29e9a49568add3703184cfd15,南江县教育科技局南江县2026年秋至2028年春义务教育阶段学生作业本印刷服务中标（成交）结果公告,2026-07-22,四川省,,中标公告,,https://www.ggzy.gov.cn/information/deal/html/a/510000/0202/20260722/005152f737d29e9a49568add3703184cfd15.html,后勤服务,其他,后勤服务,一贯制未分段,否,否
0035bfa8001325c74cc8a1ba35010a6da10d,2026年秋—2027年春南安市义务教育阶段免费作业本采购项目结果公告（采购包1、2）,2026-07-22,福建省,,中标公告,泉州市公共资源交易中心,https://www.ggzy.gov.cn/information/deal/html/a/350000/0202/20260722/0035bfa8001325c74cc8a1ba35010a6da10d.html,其他,其他,,一贯制未分段,否,否
0043706ffd4fa3284698ad581f19bf254349,花垣县农村义务教育学生营养改善计划专项资金及自营食堂大宗食材采购项目（第二次）中标公示,2026-07-22,湖南省,,中标公告,,https://www.ggzy.gov.cn/information/deal/html/a/430000/0202/20260722/0043706ffd4fa3284698ad581f19bf254349.html,食堂设备,食堂设备,食堂设备;后勤服务,一贯制未分段,否,否
0036ff7b5d72a6934bf5998d0d5fa5b910d2,上饶市康宏招标采购代理有限公司关于上饶市广信区农村义务教育营养改善计划食品购买及配送服务项目B标段（城区周边片区）（项目编号：KHZBCG-2026-051#-B）的中标结果公示,2026-07-22,江西省,,中标公告,上饶市公共资源交易中心,https://www.ggzy.gov.cn/information/deal/html/a/360000/0202/20260722/0036ff7b5d72a6934bf5998d0d5fa5b910d2.html,后勤服务,其他,后勤服务,一贯制未分段,否,否
0036b41f3fda284740aaa6b23416c799acc9,上饶市康宏招标采购代理有限公司关于上饶市广信区农村义务教育营养改善计划食品购买及配送服务项目C标段（北乡片区）（项目编号：KHZBCG-2026-051#-C）的中标结果公示,2026-07-22,江西省,,中标公告,上饶市公共资源交易中心,https://www.ggzy.gov.cn/information/deal/html/a/360000/0202/20260722/0036b41f3fda284740aaa6b23416c799acc9.html,后勤服务,其他,后勤服务,一贯制未分段,否,否
00362ea85bc1b8b84c2c996056544be1ef4b,上饶市康宏招标采购代理有限公司关于上饶市广信区农村义务教育营养改善计划食品购买及配送服务招标项目A标段（南乡片区）（项目编号：KHZBCG-2026-051#-A）的中标结果公示,2026-07-22,江西省,,中标公告,上饶市公共资源交易中心,https://www.ggzy.gov.cn/information/deal/html/a/360000/0202/20260722/00362ea85bc1b8b84c2c996056544be1ef4b.html,后勤服务,其他,后勤服务,一贯制未分段,否,否
00657afd32ab98d7435c9b2cec27adfe3cbe,喀什铭远建设工程项目管理咨询有限公司关于塔什库尔干塔吉克自治县2026-2027学年教育系统学前教育、义务教育伙食材料、营养改善计划食材采购项目中标(成交)结果公告,2026-07-21,新疆维吾尔自治区,,中标公告,新疆维吾尔自治区公共资源交易平台,https://www.ggzy.gov.cn/information/deal/html/a/650000/0202/20260721/00657afd32ab98d7435c9b2cec27adfe3cbe.html,后勤服务,其他,后勤服务,一贯制未分段,否,否
0062810af1672cd449d8ae5f7977385b1659,肃州区义务教育寄宿制学校专用校车服务采购项目A包中标公示,2026-07-21,甘肃省,,中标公告,酒泉市公共资源交易平台,https://www.ggzy.gov.cn/information/deal/html/a/620000/0202/20260721/0062810af1672cd449d8ae5f7977385b1659.html,后勤服务,其他,后勤服务,一贯制未分段,否,否
0052b60f791cebc0453bbe11383208dfd7cb,普安县2026年义务教育学校中央补助资金维修改造项目（高棉乡、江西坡镇、新店镇）中标结果公告,2026-07-21,贵州省,,中标公告,黔西南州公共资源交易中心,https://www.ggzy.gov.cn/information/deal/html/a/520000/0202/20260721/0052b60f791cebc0453bbe11383208dfd7cb.html,校舍维修改造,校舍维修改造,校舍维修改造,一贯制未分段,否,否
0062fb0f76c88e134366ab9400c51cf92188,2026－2027学年度景泰县农村义务教育学生营养改善计划食材采购项目,2026-07-21,甘肃省,,中标公告,白银市公共资源交易平台,https://www.ggzy.gov.cn/information/deal/html/a/620000/0202/20260721/0062fb0f76c88e134366ab9400c51cf92188.html,后勤服务,其他,后勤服务,一贯制未分段,否,否
00350e9598332efa4ffd81157ebb2462998b,秀屿区2026-2027学年度（2026年秋季和2027年春季两学期）义务教育阶段学生作业簿和校本作业采购结果公告（采购包1）,2026-07-20,福建省,,中标公告,莆田市行政服务中心,https://www.ggzy.gov.cn/information/deal/html/a/350000/0202/20260720/00350e9598332efa4ffd81157ebb2462998b.html,其他,其他,,一贯制未分段,否,否
0043c45dce535aba4994aed2ab8b64e56d53,芷江侗族自治县农村义务教育学校集中采购食材中标结果公告,2026-07-20,湖南省,,中标公告,,https://www.ggzy.gov.cn/information/deal/html/a/430000/0202/20260720/0043c45dce535aba4994aed2ab8b64e56d53.html,后勤服务,其他,后勤服务,一贯制未分段,否,否
0045ad9d33aa53124e3ab94413728e581ea8,广西中科项目管理有限责任公司 关于武宣县2026年第一批农村义务教育校舍维修改造项目(城区片) （LBZC2026-C2-230033-GXZK）的成交结果公告,2026-07-20,广西壮族自治区,,中标公告,广西壮族自治区公共资源电子交易系统,https://www.ggzy.gov.cn/information/deal/html/a/450000/0202/20260720/0045ad9d33aa53124e3ab94413728e581ea8.html,校舍维修改造,校舍维修改造,校舍维修改造,一贯制未分段,否,否
00447f5db8d9ec2b401bb845189d159388f5,连山壮族瑶族自治县2026-2027学年农村义务教育学生营养改善计划食堂供餐项目中标公告,2026-07-20,广东省,,中标公告,,https://www.ggzy.gov.cn/information/deal/html/a/440000/0202/20260720/00447f5db8d9ec2b401bb845189d159388f5.html,食堂设备,食堂设备,食堂设备,一贯制未分段,否,否
00353a88fee72b6c4a719c472ac8cdd327f9,2026-2027学年义务教育免费教科书政府采购及配送结果公告（采购包1）,2026-07-20,福建省,,中标公告,福建省公共资源交易中心,https://www.ggzy.gov.cn/information/deal/html/a/350000/0202/20260720/00353a88fee72b6c4a719c472ac8cdd327f9.html,后勤服务,其他,后勤服务,一贯制未分段,否,否
00651aefe813ca694ab9bee58dd13ceb65df,2026年阿图什市义务教育薄弱环节改善与能力提升中央资金（第一批）建设项目（附属维修）中标(成交)结果公告,2026-07-20,新疆维吾尔自治区,,中标公告,新疆维吾尔自治区公共资源交易平台,https://www.ggzy.gov.cn/information/deal/html/a/650000/0202/20260720/00651aefe813ca694ab9bee58dd13ceb65df.html,校舍维修改造,校舍维修改造,校舍维修改造,一贯制未分段,否,否
002248573122e67d40fc99537dd81305b313,临江市义务教育学校配备心理咨询室设施设备项目中标(成交)结果公告,2026-07-20,吉林省,,中标公告,白山电子招投标交易平台,https://www.ggzy.gov.cn/information/deal/html/a/220000/0202/20260720/002248573122e67d40fc99537dd81305b313.html,后勤服务,其他,后勤服务,一贯制未分段,否,否
003310614db09b264d2da1e357f0cdb1f92d,遂昌一航采购代理有限公司关于遂昌县2026-2028学年义务教育阶段簿册采购项目中标(成交)结果公告,2026-07-20,浙江省,,中标公告,丽水市公共资源交易网,https://www.ggzy.gov.cn/information/deal/html/a/330000/0202/20260720/003310614db09b264d2da1e357f0cdb1f92d.html,其他,其他,,一贯制未分段,否,否
00514613b193e7014608a267d1dff6ba036d,2024-2027年芳草小学物业管理服务采购项目采购合同 (续签),2026-07-26,四川省,,采购合同,,https://www.ggzy.gov.cn/information/deal/html/a/510000/0203/20260726/00514613b193e7014608a267d1dff6ba036d.html,后勤服务,其他,后勤服务,小学,否,否
00339097d632a58c44709aa084f2d567ea70,文华小学2026年教学及教学辅助用房维修工程合同,2026-07-26,浙江省,,采购合同,杭州市公共资源交易网,https://www.ggzy.gov.cn/information/deal/html/a/330000/0203/20260726/00339097d632a58c44709aa084f2d567ea70.html,校舍维修改造,校舍维修改造,校舍维修改造,小学,否,否
00518c87a3e2e19b4b00be4b057620da5d3e,邛崃市西街小学触控一体机直接选定采购合同,2026-07-26,四川省,,采购合同,,https://www.ggzy.gov.cn/information/deal/html/a/510000/0203/20260726/00518c87a3e2e19b4b00be4b057620da5d3e.html,大屏,大屏,大屏,小学,是,是
00429b1758d69347492296030d0d82158772,还地桥镇小学校舍维修工程,2026-07-26,湖北省,,采购合同,湖北省政府采购网,https://www.ggzy.gov.cn/information/deal/html/a/420000/0203/20260726/00429b1758d69347492296030d0d82158772.html,校舍维修改造,校舍维修改造,校舍维修改造,小学,否,否
00425cc8c90732ea41ef9b5967f5689492fd,2026年中小学教室触控一体机采购,2026-07-26,湖北省,,采购合同,湖北省政府采购网,https://www.ggzy.gov.cn/information/deal/html/a/420000/0203/20260726/00425cc8c90732ea41ef9b5967f5689492fd.html,大屏,大屏,大屏,教育局统筹,是,是
0042aeb73f386c90404ea763a8e9bd9e15a6,监利市红城小学教学楼及运动场改扩建工程,2026-07-26,湖北省,,采购合同,湖北省政府采购网,https://www.ggzy.gov.cn/information/deal/html/a/420000/0203/20260726/0042aeb73f386c90404ea763a8e9bd9e15a6.html,校舍维修改造,校舍维修改造,校舍维修改造,小学,否,否
00427f2c23b8c9cb4d4e8ea1109a8677a2b0,2026年江汉区中小学智慧黑板采购 （第一包）,2026-07-26,湖北省,,采购合同,湖北省政府采购网,https://www.ggzy.gov.cn/information/deal/html/a/420000/0203/20260726/00427f2c23b8c9cb4d4e8ea1109a8677a2b0.html,智慧黑板,智慧黑板,智慧黑板,教育局统筹,是,是
0042088087c3845040c1a08bdbf40d530dd2,宣恩县第二民族实验小学食堂改造项目合同书,2026-07-25,湖北省,,采购合同,湖北省政府采购网,https://www.ggzy.gov.cn/information/deal/html/a/420000/0203/20260725/0042088087c3845040c1a08bdbf40d530dd2.html,校舍维修改造,校舍维修改造,校舍维修改造;食堂设备,小学,否,否
0042c981a1f3f8294fa0937d33a55471ebf4,枝江市丹阳小学综合楼维修改造项目,2026-07-25,湖北省,,采购合同,湖北省政府采购网,https://www.ggzy.gov.cn/information/deal/html/a/420000/0203/20260725/0042c981a1f3f8294fa0937d33a55471ebf4.html,校舍维修改造,校舍维修改造,校舍维修改造,小学,否,否
003349971f6c5278465cbf5aa6de50569649,杭州市娃哈哈小学屋顶操场修漏、幕墙改造工程合同,2026-07-25,浙江省,,采购合同,杭州市公共资源交易网,https://www.ggzy.gov.cn/information/deal/html/a/330000/0203/20260725/003349971f6c5278465cbf5aa6de50569649.html,校舍维修改造,校舍维修改造,校舍维修改造,小学,否,否
0042864eaa29325d47f3a8d3156af29ca4e9,武汉市江汉区万松园路小学2026年维修改造项目,2026-07-25,湖北省,,采购合同,湖北省政府采购网,https://www.ggzy.gov.cn/information/deal/html/a/420000/0203/20260725/0042864eaa29325d47f3a8d3156af29ca4e9.html,校舍维修改造,校舍维修改造,校舍维修改造,小学,否,否
00331d8b22fe5bfd48d4a0abb0989bf6d89f,杭州市余杭区中泰小学2026学年食堂服务外包采购项目合同,2026-07-25,浙江省,,采购合同,杭州市公共资源交易网,https://www.ggzy.gov.cn/information/deal/html/a/330000/0203/20260725/00331d8b22fe5bfd48d4a0abb0989bf6d89f.html,食堂设备,食堂设备,食堂设备;后勤服务,小学,否,否
00332a4f39d4009944adab5c37773d9d2d7d,2026年度平水镇中心小学教职工疗休养采购合同,2026-07-25,浙江省,,采购合同,绍兴市公共资源交易网,https://www.ggzy.gov.cn/information/deal/html/a/330000/0203/20260725/00332a4f39d4009944adab5c37773d9d2d7d.html,其他,其他,,小学,否,否
00338b3f0c47172c44d599f3be1c080d73c4,义乌市中小学课桌椅采购合同,2026-07-25,浙江省,,采购合同,金华市公共资源交易网,https://www.ggzy.gov.cn/information/deal/html/a/330000/0203/20260725/00338b3f0c47172c44d599f3be1c080d73c4.html,课桌椅,课桌椅,课桌椅,教育局统筹,否,否
0042c3947f97475144d29c4170f0e524a8e5,宣恩县优质均衡发展中小学电子化测试计算机教室设备采购项目合同书,2026-07-25,湖北省,,采购合同,湖北省政府采购网,https://www.ggzy.gov.cn/information/deal/html/a/420000/0203/20260725/0042c3947f97475144d29c4170f0e524a8e5.html,信息化设备,信息化设备,信息化设备,教育局统筹,是,是
0042894cbd3efe744637a44c4d762ed3171f,实小、李家河小学、晓关小学等三校升降柱安装工程,2026-07-25,湖北省,,采购合同,湖北省政府采购网,https://www.ggzy.gov.cn/information/deal/html/a/420000/0203/20260725/0042894cbd3efe744637a44c4d762ed3171f.html,其他,其他,,小学,否,否
00421cb2ca1c85a2412885a633b5ff3e881a,保康县熊绎小学空调采购项目,2026-07-25,湖北省,,采购合同,湖北省政府采购网,https://www.ggzy.gov.cn/information/deal/html/a/420000/0203/20260725/00421cb2ca1c85a2412885a633b5ff3e881a.html,工程配套,其他,工程配套,小学,否,否
0033bee7b2780bcf4b378ebb0f36aff71d1e,嘉善县俞汇小学2026年度校园食品安全保障项目工程合同,2026-07-25,浙江省,,采购合同,嘉兴市公共资源交易网,https://www.ggzy.gov.cn/information/deal/html/a/330000/0203/20260725/0033bee7b2780bcf4b378ebb0f36aff71d1e.html,其他,其他,,小学,否,否
0033e2c48801d4624069ab4bfc655454b446,嘉善县俞汇小学2026年度学校校舍常规维修工程合同,2026-07-25,浙江省,,采购合同,嘉兴市公共资源交易网,https://www.ggzy.gov.cn/information/deal/html/a/330000/0203/20260725/0033e2c48801d4624069ab4bfc655454b446.html,校舍维修改造,校舍维修改造,校舍维修改造,小学,否,否
00337116493e89cc4b2292a089cfcabb9dc2,杭州市余杭区瓶窑第二小学2026年8月1日-2027年7月31日食堂餐饮服务外包采购项目合同,2026-07-25,浙江省,,采购合同,杭州市公共资源交易网,https://www.ggzy.gov.cn/information/deal/html/a/330000/0203/20260725/00337116493e89cc4b2292a089cfcabb9dc2.html,食堂设备,食堂设备,食堂设备;后勤服务,小学,否,否
0033ad5faa81e2934d4987e545167f1639b1,杭州市余杭区仁和小学2026年8月至2027年7月食堂服务外包采购项目合同,2026-07-25,浙江省,,采购合同,杭州市公共资源交易网,https://www.ggzy.gov.cn/information/deal/html/a/330000/0203/20260725/0033ad5faa81e2934d4987e545167f1639b1.html,食堂设备,食堂设备,食堂设备;后勤服务,小学,否,否
00333f174a2c3e9b4dc9ab86925af7ce2260,义乌市教育局中小学寝室床及教室储物柜等家具采购项目合同,2026-07-25,浙江省,,采购合同,金华市公共资源交易网,https://www.ggzy.gov.cn/information/deal/html/a/330000/0203/20260725/00333f174a2c3e9b4dc9ab86925af7ce2260.html,课桌椅,课桌椅,课桌椅,教育局统筹,否,否
0044d16dea106b3f4585b7ce8f5d11848303,广州市南沙区双翼小学2026年设备租赁合同,2026-07-25,广东省,,采购合同,,https://www.ggzy.gov.cn/information/deal/html/a/440000/0203/20260725/0044d16dea106b3f4585b7ce8f5d11848303.html,后勤服务,其他,后勤服务,小学,否,否
004419e22fb4a3e1432c9c5bf7de936a3970,广州市南沙区榄核小学2026年设备租赁合同,2026-07-25,广东省,,采购合同,,https://www.ggzy.gov.cn/information/deal/html/a/440000/0203/20260725/004419e22fb4a3e1432c9c5bf7de936a3970.html,后勤服务,其他,后勤服务,小学,否,否
0035cef4c6251fc44ee89f7d416d66dca00d,永安市西门小学科学培训基地实训室建设项目,2026-07-25,福建省,,采购合同,三明市公共资源交易中心,https://www.ggzy.gov.cn/information/deal/html/a/350000/0203/20260725/0035cef4c6251fc44ee89f7d416d66dca00d.html,培训,培训,培训;实验室设备,小学,是,是
0051d8680732ed2047909601e07b85c8932b,石棉县永和乡中心小学壁挂式空调机直接选定采购合同,2026-07-24,四川省,,采购合同,,https://www.ggzy.gov.cn/information/deal/html/a/510000/0203/20260724/0051d8680732ed2047909601e07b85c8932b.html,工程配套,其他,工程配套,小学,否,否
00148b40f1da9d7c489c8515f8d70ad40901,翼城县西街小学消防水池及配套设施工程合同,2026-07-24,山西省,,采购合同,,https://www.ggzy.gov.cn/information/deal/html/a/140000/0203/20260724/00148b40f1da9d7c489c8515f8d70ad40901.html,校园安防,校园安防,校园安防,小学,否,否
003374a2b32c520b480da19e5a0beda10c95,义乌市中小学课桌椅采购合同,2026-07-24,浙江省,,采购合同,金华市公共资源交易网,https://www.ggzy.gov.cn/information/deal/html/a/330000/0203/20260724/003374a2b32c520b480da19e5a0beda10c95.html,课桌椅,课桌椅,课桌椅,教育局统筹,否,否
0033f9c599a26ed14260a436c301fd0cc94c,2026年湖州市新风实验小学教育集团三校区校园保洁服务项目合同,2026-07-24,浙江省,,采购合同,湖州市公共资源交易网,https://www.ggzy.gov.cn/information/deal/html/a/330000/0203/20260724/0033f9c599a26ed14260a436c301fd0cc94c.html,其他,其他,,小学,否,否
00427f1222adfbd449e5b36b08cf5c0be66c,2026年江汉区中小学智慧黑板采购(第二包）,2026-07-24,湖北省,,采购合同,湖北省政府采购网,https://www.ggzy.gov.cn/information/deal/html/a/420000/0203/20260724/00427f1222adfbd449e5b36b08cf5c0be66c.html,智慧黑板,智慧黑板,智慧黑板,教育局统筹,是,是
00423c70f4e5137d416c82c9d1969dbe41c8,2026年江汉区中小学智慧黑板采购（第三包）,2026-07-24,湖北省,,采购合同,湖北省政府采购网,https://www.ggzy.gov.cn/information/deal/html/a/420000/0203/20260724/00423c70f4e5137d416c82c9d1969dbe41c8.html,智慧黑板,智慧黑板,智慧黑板,教育局统筹,是,是
003349c14a022b46452cb63898b2328f71a7,江晖南路小学（现长河小学）校园文化建设项目合同,2026-07-24,浙江省,,采购合同,杭州市公共资源交易网,https://www.ggzy.gov.cn/information/deal/html/a/330000/0203/20260724/003349c14a022b46452cb63898b2328f71a7.html,校园文化,其他,校园文化,小学,否,否
0014a0c817f7ee6b44628ae68bf2979474cc,沁水县定都小学楼顶彩钢瓦加装项目合同,2026-07-24,山西省,,采购合同,,https://www.ggzy.gov.cn/information/deal/html/a/140000/0203/20260724/0014a0c817f7ee6b44628ae68bf2979474cc.html,其他,其他,,小学,否,否
0051c1d8af6d98134c7ca71b28ab92d61388,南江县文庙小学台式计算机直接选定采购合同,2026-07-24,四川省,,采购合同,,https://www.ggzy.gov.cn/information/deal/html/a/510000/0203/20260724/0051c1d8af6d98134c7ca71b28ab92d61388.html,信息化设备,信息化设备,信息化设备,小学,是,是
005101cd85878555499b8f34676407eab2b8,南江县文庙小学便携式计算机直接选定采购合同,2026-07-24,四川省,,采购合同,,https://www.ggzy.gov.cn/information/deal/html/a/510000/0203/20260724/005101cd85878555499b8f34676407eab2b8.html,信息化设备,信息化设备,信息化设备,小学,是,是
0051d257527c7d09494b92f74a64a3858ead,南江县文庙小学A4彩色打印机直接选定采购合同,2026-07-24,四川省,,采购合同,,https://www.ggzy.gov.cn/information/deal/html/a/510000/0203/20260724/0051d257527c7d09494b92f74a64a3858ead.html,其他,其他,,小学,否,否
00511aacef6ccd6e4e6293e1b2aa807dd6f7,木里县中小学智慧校园ai升级改造项目,2026-07-24,四川省,,采购合同,,https://www.ggzy.gov.cn/information/deal/html/a/510000/0203/20260724/00511aacef6ccd6e4e6293e1b2aa807dd6f7.html,智慧校园,智慧校园,智慧校园;校舍维修改造,教育局统筹,是,是
0062d07480d70b2e4cc88e452953bc70db57,凉州区中小学护眼照明改造项目(001),2026-07-24,甘肃省,,采购合同,武威市公共资源交易平台,https://www.ggzy.gov.cn/information/deal/html/a/620000/0203/20260724/0062d07480d70b2e4cc88e452953bc70db57.html,校舍维修改造,校舍维修改造,校舍维修改造;工程配套,教育局统筹,否,否
005104af96b41deb40d2a241c54b1cc66c77,石棉县栗子坪乡中心小学壁挂式空调机直接选定采购合同,2026-07-24,四川省,,采购合同,,https://www.ggzy.gov.cn/information/deal/html/a/510000/0203/20260724/005104af96b41deb40d2a241c54b1cc66c77.html,工程配套,其他,工程配套,小学,否,否
00429a94956eaca449579fe81b10bef46806,武珞路小学石牌岭分校校园安全隐患消除维修合同协议书,2026-07-24,湖北省,,采购合同,湖北省政府采购网,https://www.ggzy.gov.cn/information/deal/html/a/420000/0203/20260724/00429a94956eaca449579fe81b10bef46806.html,校舍维修改造,校舍维修改造,校舍维修改造,小学,否,否
00339cfd2bb89e244e7c8ad7b36820ad61b4,杭州市余杭区锦绣小学2026学年食堂服务外包采购项目合同,2026-07-24,浙江省,,采购合同,杭州市公共资源交易网,https://www.ggzy.gov.cn/information/deal/html/a/330000/0203/20260724/00339cfd2bb89e244e7c8ad7b36820ad61b4.html,食堂设备,食堂设备,食堂设备;后勤服务,小学,否,否
00334338d7d45c2540989222c9e528307c0f,杭州市余杭区径山小学2026-2027学年食堂服务外包采购项目合同,2026-07-24,浙江省,,采购合同,杭州市公共资源交易网,https://www.ggzy.gov.cn/information/deal/html/a/330000/0203/20260724/00334338d7d45c2540989222c9e528307c0f.html,食堂设备,食堂设备,食堂设备;后勤服务,小学,否,否
0033fd4c95e9178d4b41b3b85df331609296,义乌市教育局中小学寝室床及教室储物柜等家具采购项目合同,2026-07-24,浙江省,,采购合同,金华市公共资源交易网,https://www.ggzy.gov.cn/information/deal/html/a/330000/0203/20260724/0033fd4c95e9178d4b41b3b85df331609296.html,课桌椅,课桌椅,课桌椅,教育局统筹,否,否
0051c40f849c088c434d91b80b3b6e8a6a16,石棉县新棉小学壁挂式空调机直接选定采购合同,2026-07-24,四川省,,采购合同,,https://www.ggzy.gov.cn/information/deal/html/a/510000/0203/20260724/0051c40f849c088c434d91b80b3b6e8a6a16.html,工程配套,其他,工程配套,小学,否,否
0033c096549793aa4ff89a91692f5a309cb1,杭州市余杭区大禹小学2026-2027学年食堂服务外包采购项目合同,2026-07-24,浙江省,,采购合同,杭州市公共资源交易网,https://www.ggzy.gov.cn/information/deal/html/a/330000/0203/20260724/0033c096549793aa4ff89a91692f5a309cb1.html,食堂设备,食堂设备,食堂设备;后勤服务,小学,否,否
003167f9247f81de4545ad4726e024801d58,2026年浦东新区新开办学校教学仪器设备（上海市浦东新区福山外国语小学）的合同,2026-07-24,上海市,,采购合同,上海政府采购网,https://www.ggzy.gov.cn/information/deal/html/a/310000/0203/20260724/003167f9247f81de4545ad4726e024801d58.html,教学仪器,教学仪器,教学仪器,小学,否,否
003128cdb2449d084972842bb4544a7afb59,2026年浦东新区新开办学校教学仪器设备（上海市浦东新区观澜小学）的合同,2026-07-24,上海市,,采购合同,上海政府采购网,https://www.ggzy.gov.cn/information/deal/html/a/310000/0203/20260724/003128cdb2449d084972842bb4544a7afb59.html,教学仪器,教学仪器,教学仪器,小学,否,否
00213acf02cbb5334965acb00bcbd3dd9c77,沙河口区中小学教学办公桌椅及相关配置采购项目-1【合同】,2026-07-24,辽宁省,,采购合同,大连市公共资源交易平台,https://www.ggzy.gov.cn/information/deal/html/a/210000/0203/20260724/00213acf02cbb5334965acb00bcbd3dd9c77.html,课桌椅,课桌椅,课桌椅,教育局统筹,否,否
0033c279213a0ba542238410ee74ff7dc406,杭州市采荷第一小学厨房提升改造合同,2026-07-24,浙江省,,采购合同,杭州市公共资源交易网,https://www.ggzy.gov.cn/information/deal/html/a/330000/0203/20260724/0033c279213a0ba542238410ee74ff7dc406.html,校舍维修改造,校舍维修改造,校舍维修改造,小学,否,否
00517a6efda87439403a95e25c7f0cbfc857,绵竹市紫岩小学校LED显示屏二次竞价采购合同,2026-07-24,四川省,,采购合同,,https://www.ggzy.gov.cn/information/deal/html/a/510000/0203/20260724/00517a6efda87439403a95e25c7f0cbfc857.html,大屏,大屏,大屏,小学,是,是
00511f1544b694a64f1bb4f8f687364b239c,绵阳市安州区桑枣镇小学触控一体机直接选定采购合同,2026-07-24,四川省,,采购合同,,https://www.ggzy.gov.cn/information/deal/html/a/510000/0203/20260724/00511f1544b694a64f1bb4f8f687364b239c.html,大屏,大屏,大屏,小学,是,是
0051f6994ca0d6d84010ac99f475d9b364b9,石棉县安顺场先锋小学壁挂式空调机直接选定采购合同,2026-07-24,四川省,,采购合同,,https://www.ggzy.gov.cn/information/deal/html/a/510000/0203/20260724/0051f6994ca0d6d84010ac99f475d9b364b9.html,工程配套,其他,工程配套,小学,否,否
00517f406894d18c4fb4b080c0b64f9f21b9,汶川县七一绵虒小学校其他商务服务直接选定采购合同,2026-07-24,四川省,,采购合同,,https://www.ggzy.gov.cn/information/deal/html/a/510000/0203/20260724/00517f406894d18c4fb4b080c0b64f9f21b9.html,其他,其他,,小学,否,否
0033fe964d032ed54ccd8cf86fba36898f35,温岭市各中小学校教室多媒体设备项目合同,2026-07-24,浙江省,,采购合同,台州市公共资源交易网,https://www.ggzy.gov.cn/information/deal/html/a/330000/0203/20260724/0033fe964d032ed54ccd8cf86fba36898f35.html,信息化设备,信息化设备,信息化设备,教育局统筹,是,是
0033eca0627ad60c434ea278b39fe710a858,杭州市钱江新城实验小学南操场跑道与北操场人工草坪足球场改造工程项目合同,2026-07-24,浙江省,,采购合同,杭州市公共资源交易网,https://www.ggzy.gov.cn/information/deal/html/a/330000/0203/20260724/0033eca0627ad60c434ea278b39fe710a858.html,校舍维修改造,校舍维修改造,校舍维修改造;工程配套,小学,否,否
00511a951838dadf40cd9573282de203e08d,金堂县杨柳小学柜式空调机等直接选定采购合同,2026-07-24,四川省,,采购合同,,https://www.ggzy.gov.cn/information/deal/html/a/510000/0203/20260724/00511a951838dadf40cd9573282de203e08d.html,工程配套,其他,工程配套,小学,否,否
005246c0a0c7dba442e3a8de6073c41faff1,贵安新区2026年中小学维修改造项目合同,2026-07-24,贵州省,,采购合同,贵阳市公共资源交易中心,https://www.ggzy.gov.cn/information/deal/html/a/520000/0203/20260724/005246c0a0c7dba442e3a8de6073c41faff1.html,校舍维修改造,校舍维修改造,校舍维修改造,教育局统筹,否,否
003313d3a7a2d0694783b95f568005b328d7,北仑区中小学校舍维修工程-小港实验学校（重新发布）合同,2026-07-24,浙江省,,采购合同,宁波市公共资源交易网,https://www.ggzy.gov.cn/information/deal/html/a/330000/0203/20260724/003313d3a7a2d0694783b95f568005b328d7.html,校舍维修改造,校舍维修改造,校舍维修改造,教育局统筹,否,否
003346c151165ede47c1977314e1a9fb1abf,博平小学博爱楼厕所改造工程合同,2026-07-24,浙江省,,采购合同,宁波市公共资源交易网,https://www.ggzy.gov.cn/information/deal/html/a/330000/0203/20260724/003346c151165ede47c1977314e1a9fb1abf.html,校舍维修改造,校舍维修改造,校舍维修改造,小学,否,否
00333a63d94b4cb8415183882258a77ec7fb,慈溪市龙山镇实验小学等三校（区）综合改造工程（慈溪市龙山镇实验小学综合改造工程）合同,2026-07-24,浙江省,,采购合同,宁波市公共资源交易网,https://www.ggzy.gov.cn/information/deal/html/a/330000/0203/20260724/00333a63d94b4cb8415183882258a77ec7fb.html,校舍维修改造,校舍维修改造,校舍维修改造,小学,否,否
0063ec18f50b8e6f46ccb51a17ae488559fd,门源县青石嘴镇寄宿制小学、阴田乡寄宿制小学、第三初级中学维修改造项目,2026-07-24,青海省,,采购合同,青海省公共资源交易网,https://www.ggzy.gov.cn/information/deal/html/a/630000/0203/20260724/0063ec18f50b8e6f46ccb51a17ae488559fd.html,校舍维修改造,校舍维修改造,校舍维修改造,初中,否,否
0035dd51552f7ec84f1facccd8a36022603d,水南中心小学余坊校区二期2000KVA配变工程,2026-07-24,福建省,,采购合同,南平市招标投标服务中心,https://www.ggzy.gov.cn/information/deal/html/a/350000/0203/20260724/0035dd51552f7ec84f1facccd8a36022603d.html,其他,其他,,小学,否,否
0035ceb9508299b7440faeac49ada51e29bf,三元区沪明小学智慧体育系统建设项目,2026-07-24,福建省,,采购合同,三明市公共资源交易中心,https://www.ggzy.gov.cn/information/deal/html/a/350000/0203/20260724/0035ceb9508299b7440faeac49ada51e29bf.html,其他,其他,,小学,否,否
00359b965b9eed944bd5bdbe1133ea441651,小学部图书馆、医务室设施设备采购项目,2026-07-24,福建省,,采购合同,厦门市公共资源交易中心,https://www.ggzy.gov.cn/information/deal/html/a/350000/0203/20260724/00359b965b9eed944bd5bdbe1133ea441651.html,图书,图书,图书,小学,否,否
0035352e2631abfb474b893319355eb796f0,南平实验小学专用教室功能升级及薄弱环节提质改造项目,2026-07-24,福建省,,采购合同,南平市招标投标服务中心,https://www.ggzy.gov.cn/information/deal/html/a/350000/0203/20260724/0035352e2631abfb474b893319355eb796f0.html,校舍维修改造,校舍维修改造,校舍维修改造;实验室设备,小学,否,否
0035058929fe98e24a7eb6b21de1111e93b8,2026-2029年湖里区属中小学校学生健康体检服务,2026-07-24,福建省,,采购合同,厦门市公共资源交易中心,https://www.ggzy.gov.cn/information/deal/html/a/350000/0203/20260724/0035058929fe98e24a7eb6b21de1111e93b8.html,后勤服务,其他,后勤服务,教育局统筹,否,否
0034f9744030b9c04fdab1b6d44617dfceaf,明光市逸夫小学教室空调采购安装项目（二次）合同备案,2026-07-24,安徽省,,采购合同,滁州市公共资源交易平台电子交易系统,https://www.ggzy.gov.cn/information/deal/html/a/340000/0203/20260724/0034f9744030b9c04fdab1b6d44617dfceaf.html,工程配套,其他,工程配套,小学,否,否
00348d813f8c8ac741d8bd7af06e4bca8b8f,宿松县实验小学维修改造项目,2026-07-24,安徽省,,采购合同,安庆市公共资源交易平台电子交易系统,https://www.ggzy.gov.cn/information/deal/html/a/340000/0203/20260724/00348d813f8c8ac741d8bd7af06e4bca8b8f.html,校舍维修改造,校舍维修改造,校舍维修改造,小学,否,否
0033a8e79c9e94f6496988c96a66bc3aa204,台州市路桥区路南小学课桌椅采购项目,2026-07-23,浙江省,,采购合同,台州市公共资源交易网,https://www.ggzy.gov.cn/information/deal/html/a/330000/0203/20260723/0033a8e79c9e94f6496988c96a66bc3aa204.html,课桌椅,课桌椅,课桌椅,小学,否,否
00339c3acfff7b5b4e42ad244b0c0ee9329b,义乌市中小学课桌椅采购合同,2026-07-23,浙江省,,采购合同,金华市公共资源交易网,https://www.ggzy.gov.cn/information/deal/html/a/330000/0203/20260723/00339c3acfff7b5b4e42ad244b0c0ee9329b.html,课桌椅,课桌椅,课桌椅,教育局统筹,否,否
0034b898dadc77ea40c09af525a92e5745fc,新站高新区2026年部分中小学校舍维修改造（第3包）,2026-07-23,安徽省,,采购合同,安徽合肥公共资源交易中心电子交易系统,https://www.ggzy.gov.cn/information/deal/html/a/340000/0203/20260723/0034b898dadc77ea40c09af525a92e5745fc.html,校舍维修改造,校舍维修改造,校舍维修改造,教育局统筹,否,否
00341d33ad7dfaa14904b065d006d8589928,新站高新区2026年部分中小学校舍维修改造（第2包）,2026-07-23,安徽省,,采购合同,安徽合肥公共资源交易中心电子交易系统,https://www.ggzy.gov.cn/information/deal/html/a/340000/0203/20260723/00341d33ad7dfaa14904b065d006d8589928.html,校舍维修改造,校舍维修改造,校舍维修改造,教育局统筹,否,否
00342c0412ac444f43a78792e092a5b24fd9,新站高新区2026年部分中小学校舍维修改造（第1包）,2026-07-23,安徽省,,采购合同,安徽合肥公共资源交易中心电子交易系统,https://www.ggzy.gov.cn/information/deal/html/a/340000/0203/20260723/00342c0412ac444f43a78792e092a5b24fd9.html,校舍维修改造,校舍维修改造,校舍维修改造,教育局统筹,否,否
005124cf1191596a4e219204a0c3b3d35dec,九寨沟县第四小学复印纸直接选定采购合同,2026-07-23,四川省,,采购合同,,https://www.ggzy.gov.cn/information/deal/html/a/510000/0203/20260723/005124cf1191596a4e219204a0c3b3d35dec.html,其他,其他,,小学,否,否
00335de6f3ad3e7a415da3610e8b1a816589,新湾小学暑假维修改造项目合同,2026-07-23,浙江省,,采购合同,杭州市公共资源交易网,https://www.ggzy.gov.cn/information/deal/html/a/330000/0203/20260723/00335de6f3ad3e7a415da3610e8b1a816589.html,校舍维修改造,校舍维修改造,校舍维修改造,小学,否,否
00511045330688b0499f95a78b01ae4af608,合江县月亮街小学校设备设施购置（信息化基础设备设施及智慧校园建设）,2026-07-23,四川省,,采购合同,,https://www.ggzy.gov.cn/information/deal/html/a/510000/0203/20260723/00511045330688b0499f95a78b01ae4af608.html,智慧校园,智慧校园,智慧校园;信息化,小学,是,是
00519ecdd52145384d2fbbc96f464a9b703c,汶川县漩口小学校其他商务服务直接选定采购合同,2026-07-23,四川省,,采购合同,,https://www.ggzy.gov.cn/information/deal/html/a/510000/0203/20260723/00519ecdd52145384d2fbbc96f464a9b703c.html,其他,其他,,小学,否,否
00513a050df03d0f4be38c2eba0d60f3dcdb,理塘县2026年中小学课桌椅及学生食堂餐桌采购项目,2026-07-23,四川省,,采购合同,,https://www.ggzy.gov.cn/information/deal/html/a/510000/0203/20260723/00513a050df03d0f4be38c2eba0d60f3dcdb.html,课桌椅,课桌椅,课桌椅;食堂设备,教育局统筹,否,否
00526cf54787b9e44982be5262afcbf6f18a,清镇市七砂小学1号教学楼应急排险维修项目合同,2026-07-23,贵州省,,采购合同,贵阳市公共资源交易中心,https://www.ggzy.gov.cn/information/deal/html/a/520000/0203/20260723/00526cf54787b9e44982be5262afcbf6f18a.html,校舍维修改造,校舍维修改造,校舍维修改造,小学,否,否
00510e8f835362b84be1b96130e58db2c584,汶川县七一绵虒小学校其他商务服务直接选定采购合同,2026-07-23,四川省,,采购合同,,https://www.ggzy.gov.cn/information/deal/html/a/510000/0203/20260723/00510e8f835362b84be1b96130e58db2c584.html,其他,其他,,小学,否,否
0051a5ca8e6d7af44a5b83e97c24f3e96797,成都高新区锦晖小学LED显示屏直接选定采购合同,2026-07-23,四川省,,采购合同,,https://www.ggzy.gov.cn/information/deal/html/a/510000/0203/20260723/0051a5ca8e6d7af44a5b83e97c24f3e96797.html,大屏,大屏,大屏,小学,是,是
00340d376f67de5a43c38ab24888d8adc73d,利民路小学花津校区延安学校儒林中学运动场维修改造工程项目合同,2026-07-23,安徽省,,采购合同,芜湖市公共资源交易平台电子交易系统,https://www.ggzy.gov.cn/information/deal/html/a/340000/0203/20260723/00340d376f67de5a43c38ab24888d8adc73d.html,校舍维修改造,校舍维修改造,校舍维修改造,小学,否,否
0045e425245490e44d9b83784c94e5e3a3a8,巴马瑶族自治县西山乡平洞中心小学学生食堂项目【合同】,2026-07-23,广西壮族自治区,,采购合同,河池市公共资源交易中心,https://www.ggzy.gov.cn/information/deal/html/a/450000/0203/20260723/0045e425245490e44d9b83784c94e5e3a3a8.html,食堂设备,食堂设备,食堂设备,小学,否,否
0033b3c5cdabb5c544eaa8c245f23dccc555,武义县项店小学操场改造工程项目合同,2026-07-23,浙江省,,采购合同,金华市公共资源交易网,https://www.ggzy.gov.cn/information/deal/html/a/330000/0203/20260723/0033b3c5cdabb5c544eaa8c245f23dccc555.html,校舍维修改造,校舍维修改造,校舍维修改造,小学,否,否
0051f9f52d28addd4d3b9dbf5d5f2fcd87b4,成都市双流区东升小学台式计算机直接选定采购合同,2026-07-23,四川省,,采购合同,,https://www.ggzy.gov.cn/information/deal/html/a/510000/0203/20260723/0051f9f52d28addd4d3b9dbf5d5f2fcd87b4.html,信息化设备,信息化设备,信息化设备,小学,是,是
005146c2fbaf498c4f70b082a4c40926617c,成都市双流区东升小学便携式计算机直接选定采购合同,2026-07-23,四川省,,采购合同,,https://www.ggzy.gov.cn/information/deal/html/a/510000/0203/20260723/005146c2fbaf498c4f70b082a4c40926617c.html,信息化设备,信息化设备,信息化设备,小学,是,是
00345da06c9cb57949129ffd75687501ab55,四十八中峨桥中心小学龙湖中心小学东升分校龙湖中心小学三十九中等学校维修改造工程项目合同,2026-07-23,安徽省,,采购合同,芜湖市公共资源交易平台电子交易系统,https://www.ggzy.gov.cn/information/deal/html/a/340000/0203/20260723/00345da06c9cb57949129ffd75687501ab55.html,校舍维修改造,校舍维修改造,校舍维修改造,小学,否,否
0045a368510c399f4b2a953d86c086704913,2026年西林县各中小学校设备采购（边境3市数字终端设备）【合同】,2026-07-23,广西壮族自治区,,采购合同,百色市公共资源交易中心,https://www.ggzy.gov.cn/information/deal/html/a/450000/0203/20260723/0045a368510c399f4b2a953d86c086704913.html,其他,其他,,教育局统筹,否,否
0051b283312bd8fa429f90fae09b908a22b7,成都高新区天辰路小学LED显示屏直接选定采购合同,2026-07-23,四川省,,采购合同,,https://www.ggzy.gov.cn/information/deal/html/a/510000/0203/20260723/0051b283312bd8fa429f90fae09b908a22b7.html,大屏,大屏,大屏,小学,是,是
0052932d35d4c7fe4ce2abba83bc8484cdbe,清镇市红枫第一小学（二校区）排危改造项目合同,2026-07-23,贵州省,,采购合同,贵阳市公共资源交易中心,https://www.ggzy.gov.cn/information/deal/html/a/520000/0203/20260723/0052932d35d4c7fe4ce2abba83bc8484cdbe.html,校舍维修改造,校舍维修改造,校舍维修改造,小学,否,否
003433f36aca206b44fc8935be20eaea608b,南瑞实验学校利民路小学等学校电房新建扩容和线路改造工程项目合同,2026-07-23,安徽省,,采购合同,芜湖市公共资源交易平台电子交易系统,https://www.ggzy.gov.cn/information/deal/html/a/340000/0203/20260723/003433f36aca206b44fc8935be20eaea608b.html,校舍维修改造,校舍维修改造,校舍维修改造,小学,否,否
003421e42710f54149999db596d21b4d9418,小洲中心小学四十一中高安中心小学等学校维修改造工程项目合同,2026-07-23,安徽省,,采购合同,芜湖市公共资源交易平台电子交易系统,https://www.ggzy.gov.cn/information/deal/html/a/340000/0203/20260723/003421e42710f54149999db596d21b4d9418.html,校舍维修改造,校舍维修改造,校舍维修改造,小学,否,否
00338678b377aaa04d72bb65eda2a59fad8f,江北区中小学餐厅桌椅采购合同,2026-07-23,浙江省,,采购合同,宁波市公共资源交易网,https://www.ggzy.gov.cn/information/deal/html/a/330000/0203/20260723/00338678b377aaa04d72bb65eda2a59fad8f.html,课桌椅,课桌椅,课桌椅;食堂设备,教育局统筹,否,否
003372da2ac22a6d4fc680578fcbb363de1b,大碶小学2026年暑期工程合同,2026-07-23,浙江省,,采购合同,宁波市公共资源交易网,https://www.ggzy.gov.cn/information/deal/html/a/330000/0203/20260723/003372da2ac22a6d4fc680578fcbb363de1b.html,其他,其他,,小学,否,否
005299c3882f18e648c08c1f03af1c7cc7f1,贵阳市白云区大山洞街道片区学校（第一、二、十、二十七、三十小学）食堂改造建设项目合同,2026-07-23,贵州省,,采购合同,贵阳市公共资源交易中心,https://www.ggzy.gov.cn/information/deal/html/a/520000/0203/20260723/005299c3882f18e648c08c1f03af1c7cc7f1.html,校舍维修改造,校舍维修改造,校舍维修改造;食堂设备,小学,否,否
0052595bd21318e049028ea36897b73f4d7d,贵阳市白云区龚家寨街道、都拉营街道片区学校（第六、七、八、二十六小学）食堂改造建设项目合同,2026-07-23,贵州省,,采购合同,贵阳市公共资源交易中心,https://www.ggzy.gov.cn/information/deal/html/a/520000/0203/20260723/0052595bd21318e049028ea36897b73f4d7d.html,校舍维修改造,校舍维修改造,校舍维修改造;食堂设备,小学,否,否
005207c9eb1054cc4af2bd1fdba8a59c4860,清镇市扁山小学少年宫及多功能教学楼应急排险维修项目合同,2026-07-23,贵州省,,采购合同,贵阳市公共资源交易中心,https://www.ggzy.gov.cn/information/deal/html/a/520000/0203/20260723/005207c9eb1054cc4af2bd1fdba8a59c4860.html,校舍维修改造,校舍维修改造,校舍维修改造,小学,否,否
00149e1b5f082ee94e1ba8c36bd2e08bbc2f,太原市杏花岭区新道街小学校操场及附属配套工程建设项目合同,2026-07-23,山西省,,采购合同,,https://www.ggzy.gov.cn/information/deal/html/a/140000/0203/20260723/00149e1b5f082ee94e1ba8c36bd2e08bbc2f.html,校舍维修改造,校舍维修改造,校舍维修改造,小学,否,否
0052734d3ae563c2454ca9e17cadc0ea9f34,贵阳市白云区云城街道、泉湖街道片区学校（第九、十五、十六、二十九小学、第七中学）食堂改造建设项目合同,2026-07-23,贵州省,,采购合同,贵阳市公共资源交易中心,https://www.ggzy.gov.cn/information/deal/html/a/520000/0203/20260723/0052734d3ae563c2454ca9e17cadc0ea9f34.html,校舍维修改造,校舍维修改造,校舍维修改造;食堂设备,小学,否,否
0051e5a5793272704d3b85d7cb54ec1ab36a,石棉县向阳小学壁挂式空调机直接选定采购合同,2026-07-23,四川省,,采购合同,,https://www.ggzy.gov.cn/information/deal/html/a/510000/0203/20260723/0051e5a5793272704d3b85d7cb54ec1ab36a.html,工程配套,其他,工程配套,小学,否,否
003364ec6c86f7de4975965015e462d0dc61,云和县中小学普通教室课桌椅采购项目合同,2026-07-23,浙江省,,采购合同,丽水市公共资源交易网,https://www.ggzy.gov.cn/information/deal/html/a/330000/0203/20260723/003364ec6c86f7de4975965015e462d0dc61.html,课桌椅,课桌椅,课桌椅,教育局统筹,否,否
0034c87d51271c414847985e62bd6e481c1b,肥东县中小学2026年课桌椅采购及安装（二次）,2026-07-23,安徽省,,采购合同,安徽合肥公共资源交易中心电子交易系统,https://www.ggzy.gov.cn/information/deal/html/a/340000/0203/20260723/0034c87d51271c414847985e62bd6e481c1b.html,课桌椅,课桌椅,课桌椅,教育局统筹,否,否
0013f2cbe309866d47078fdf648b7274bd2d,围场县腰站学区永合栈小学运动场改造工程-河北磐阳建筑工程有限责任公司,2026-07-23,河北省,,采购合同,,https://www.ggzy.gov.cn/information/deal/html/a/130000/0203/20260723/0013f2cbe309866d47078fdf648b7274bd2d.html,校舍维修改造,校舍维修改造,校舍维修改造,小学,否,否
0033a4e99946181f4501ba1d2672ca2386f7,宁波市海曙区镇明中心小学2026年度职工疗休养项目合同,2026-07-23,浙江省,,采购合同,宁波市公共资源交易网,https://www.ggzy.gov.cn/information/deal/html/a/330000/0203/20260723/0033a4e99946181f4501ba1d2672ca2386f7.html,其他,其他,,小学,否,否
0034221d3408125e417994fd62259d980739,碧桂园小学五十中官河小学三山中心小学月亮湾小学维修改造工程项目合同,2026-07-23,安徽省,,采购合同,芜湖市公共资源交易平台电子交易系统,https://www.ggzy.gov.cn/information/deal/html/a/340000/0203/20260723/0034221d3408125e417994fd62259d980739.html,校舍维修改造,校舍维修改造,校舍维修改造,小学,否,否
00332186a3c14f8244e0b47959f9d727655b,星洲小学2026年室内外维修工程合同,2026-07-23,浙江省,,采购合同,杭州市公共资源交易网,https://www.ggzy.gov.cn/information/deal/html/a/330000/0203/20260723/00332186a3c14f8244e0b47959f9d727655b.html,校舍维修改造,校舍维修改造,校舍维修改造,小学,否,否
00342157011bf29b47da811ded493d007bcc,安师大附属小学西校区元亩塘小学运动场改造工程项目合同,2026-07-23,安徽省,,采购合同,芜湖市公共资源交易平台电子交易系统,https://www.ggzy.gov.cn/information/deal/html/a/340000/0203/20260723/00342157011bf29b47da811ded493d007bcc.html,校舍维修改造,校舍维修改造,校舍维修改造,小学,否,否
003489e649395cbf4c39ba594ba27f6ff265,南瑞实验学校瑞阳小学运动场改造工程项目合同,2026-07-23,安徽省,,采购合同,芜湖市公共资源交易平台电子交易系统,https://www.ggzy.gov.cn/information/deal/html/a/340000/0203/20260723/003489e649395cbf4c39ba594ba27f6ff265.html,校舍维修改造,校舍维修改造,校舍维修改造,小学,否,否
0033de49737963264d7ea73f485eb0544891,2026年乐清市中小学常规教学仪器设备采购合同,2026-07-23,浙江省,,采购合同,温州市公共资源交易网,https://www.ggzy.gov.cn/information/deal/html/a/330000/0203/20260723/0033de49737963264d7ea73f485eb0544891.html,教学仪器,教学仪器,教学仪器,教育局统筹,否,否
006524ba1f06864a48fda14c7049517f4322,乌鲁木齐市第七十四小学校教学楼楼顶防水项目合同,2026-07-23,新疆维吾尔自治区,,采购合同,新疆维吾尔自治区公共资源交易平台,https://www.ggzy.gov.cn/information/deal/html/a/650000/0203/20260723/006524ba1f06864a48fda14c7049517f4322.html,其他,其他,,小学,否,否
00350977d6e919044328b14358f73bc66142,上杭县实验小学图书馆设施设备采购项目,2026-07-23,福建省,,采购合同,龙岩市公共资源交易中心,https://www.ggzy.gov.cn/information/deal/html/a/350000/0203/20260723/00350977d6e919044328b14358f73bc66142.html,图书,图书,图书,小学,否,否
0034b9036e2a91f548f0ba2254f4854b5058,黄山市徽州区岩寺小学屋顶防水和教室、门厅地面维修工程采购项目合同备案,2026-07-23,安徽省,,采购合同,黄山市公共资源交易平台电子交易系统,https://www.ggzy.gov.cn/information/deal/html/a/340000/0203/20260723/0034b9036e2a91f548f0ba2254f4854b5058.html,校舍维修改造,校舍维修改造,校舍维修改造,小学,否,否
0022ec76d3c1383e4539bf11a18573c41f59,辉南县石道河镇中心小学新建水冲厕所合同,2026-07-23,吉林省,,采购合同,通化市电子招投标交易平台(新),https://www.ggzy.gov.cn/information/deal/html/a/220000/0203/20260723/0022ec76d3c1383e4539bf11a18573c41f59.html,校舍维修改造,校舍维修改造,校舍维修改造,小学,否,否
0012502d083e758a45d094d152a076d402b1,静海区实验小学教学楼更换门窗工程_第1包,2026-07-23,天津市,,采购合同,天津市公共资源交易平台交易系统,https://www.ggzy.gov.cn/information/deal/html/a/120000/0203/20260723/0012502d083e758a45d094d152a076d402b1.html,工程配套,其他,工程配套,小学,否,否
00517051ecdd23854cc8b8221ba70d03eb1d,冕宁县高阳小学校A4黑白打印机直接选定采购合同,2026-07-22,四川省,,采购合同,,https://www.ggzy.gov.cn/information/deal/html/a/510000/0203/20260722/00517051ecdd23854cc8b8221ba70d03eb1d.html,其他,其他,,小学,否,否
00518292e4d507d640e5b48ae1ee45551ccd,冕宁县高阳小学校触控一体机直接选定采购合同,2026-07-22,四川省,,采购合同,,https://www.ggzy.gov.cn/information/deal/html/a/510000/0203/20260722/00518292e4d507d640e5b48ae1ee45551ccd.html,大屏,大屏,大屏,小学,是,是
0051a48e841f4eee4fe881c154e1da175d43,冕宁县高阳小学校台式计算机直接选定采购合同,2026-07-22,四川省,,采购合同,,https://www.ggzy.gov.cn/information/deal/html/a/510000/0203/20260722/0051a48e841f4eee4fe881c154e1da175d43.html,信息化设备,信息化设备,信息化设备,小学,是,是
00517fae68bc7f4b4b458a291ca48e2734f8,冕宁县高阳小学校便携式计算机直接选定采购合同,2026-07-22,四川省,,采购合同,,https://www.ggzy.gov.cn/information/deal/html/a/510000/0203/20260722/00517fae68bc7f4b4b458a291ca48e2734f8.html,信息化设备,信息化设备,信息化设备,小学,是,是
0062134c6f47e1b6495faea037ab50f7c249,兰州新区实验小学南、北校区物业服务采购项目(二次),2026-07-22,甘肃省,,采购合同,甘肃省公共资源交易平台,https://www.ggzy.gov.cn/information/deal/html/a/620000/0203/20260722/0062134c6f47e1b6495faea037ab50f7c249.html,后勤服务,其他,后勤服务,小学,否,否
0014d21828246ad9410dbe5d3f0ac5a5a0a7,寿阳县城内小学建筑工程消防改造项目（专项整治）合同,2026-07-22,山西省,,采购合同,,https://www.ggzy.gov.cn/information/deal/html/a/140000/0203/20260722/0014d21828246ad9410dbe5d3f0ac5a5a0a7.html,校舍维修改造,校舍维修改造,校舍维修改造;校园安防,小学,否,否
005123d788f3539c48ebb4eb105e235551d7,石棉县新民乡中心小学壁挂式空调机直接选定采购合同,2026-07-22,四川省,,采购合同,,https://www.ggzy.gov.cn/information/deal/html/a/510000/0203/20260722/005123d788f3539c48ebb4eb105e235551d7.html,工程配套,其他,工程配套,小学,否,否
005173b626eeee664bc6aade27368f81cc6e,成都市锦江区芙蓉小学壁挂式空调机直接选定采购合同,2026-07-22,四川省,,采购合同,,https://www.ggzy.gov.cn/information/deal/html/a/510000/0203/20260722/005173b626eeee664bc6aade27368f81cc6e.html,工程配套,其他,工程配套,小学,否,否
003392061d922f0549c58deb2833bff39ea4,宁波市鄞州区东钱湖镇中心小学2026年教职工疗休养项目合同,2026-07-22,浙江省,,采购合同,宁波市公共资源交易网,https://www.ggzy.gov.cn/information/deal/html/a/330000/0203/20260722/003392061d922f0549c58deb2833bff39ea4.html,其他,其他,,小学,否,否
0033f6e5143f45e943a38f26142da5f7f692,2026年杭州市上城区中小学网络改造项目合同,2026-07-22,浙江省,,采购合同,杭州市公共资源交易网,https://www.ggzy.gov.cn/information/deal/html/a/330000/0203/20260722/0033f6e5143f45e943a38f26142da5f7f692.html,校舍维修改造,校舍维修改造,校舍维修改造,教育局统筹,否,否
0031c117c1c8df814799b3ece675fd2e9941,愚一、威宁小学弱电、多媒体系统更新的合同,2026-07-22,上海市,,采购合同,上海政府采购网,https://www.ggzy.gov.cn/information/deal/html/a/310000/0203/20260722/0031c117c1c8df814799b3ece675fd2e9941.html,信息化设备,信息化设备,信息化设备,小学,是,是
003328f4809e1a524b9d899348367fcfbf86,2026年桐庐县中小学校园弱电更新改造设备采购项目合同,2026-07-22,浙江省,,采购合同,杭州市公共资源交易网,https://www.ggzy.gov.cn/information/deal/html/a/330000/0203/20260722/003328f4809e1a524b9d899348367fcfbf86.html,校舍维修改造,校舍维修改造,校舍维修改造,教育局统筹,否,否
00518402831c54a241c7b9ab874934eeee46,汉源县中小学校设施设备升级更新项目（教室灯光更新）,2026-07-22,四川省,,采购合同,,https://www.ggzy.gov.cn/information/deal/html/a/510000/0203/20260722/00518402831c54a241c7b9ab874934eeee46.html,其他,其他,,教育局统筹,否,否
0033786a2d3c5ff74d768248214d0e0f0362,长兴县夹浦镇中心小学2026年暑期维修、老教学楼卫生间整体改造工程合同,2026-07-22,浙江省,,采购合同,湖州市公共资源交易网,https://www.ggzy.gov.cn/information/deal/html/a/330000/0203/20260722/0033786a2d3c5ff74d768248214d0e0f0362.html,校舍维修改造,校舍维修改造,校舍维修改造,小学,否,否
0051d63892e969904f6aa5f9cdc4395fa990,甘洛县新市坝镇附城小学校壁挂式空调机直接选定采购合同,2026-07-22,四川省,,采购合同,,https://www.ggzy.gov.cn/information/deal/html/a/510000/0203/20260722/0051d63892e969904f6aa5f9cdc4395fa990.html,工程配套,其他,工程配套,小学,否,否
00517639e5f427174b688ff428e4d301df6b,甘洛县新市坝镇附城小学校便携式计算机直接选定采购合同,2026-07-22,四川省,,采购合同,,https://www.ggzy.gov.cn/information/deal/html/a/510000/0203/20260722/00517639e5f427174b688ff428e4d301df6b.html,信息化设备,信息化设备,信息化设备,小学,是,是
005137e1922913224ab787ba29ae5cf50a34,甘洛县新市坝镇附城小学校柜式空调机直接选定采购合同,2026-07-22,四川省,,采购合同,,https://www.ggzy.gov.cn/information/deal/html/a/510000/0203/20260722/005137e1922913224ab787ba29ae5cf50a34.html,工程配套,其他,工程配套,小学,否,否
00336b6377488aa64c8d8ef59d8b24be5bbf,新昌县七星小学2026年职工疗休养服务项目合同,2026-07-22,浙江省,,采购合同,绍兴市公共资源交易网,https://www.ggzy.gov.cn/information/deal/html/a/330000/0203/20260722/00336b6377488aa64c8d8ef59d8b24be5bbf.html,其他,其他,,小学,否,否
001478df99676d3a4b968d56cbeafbb3a118,北街示范小学学校排水系统改造、地面硬化及铺设草坪等合同,2026-07-22,山西省,,采购合同,,https://www.ggzy.gov.cn/information/deal/html/a/140000/0203/20260722/001478df99676d3a4b968d56cbeafbb3a118.html,校舍维修改造,校舍维修改造,校舍维修改造;工程配套,小学,否,否
00338dcd1cf59f1a4dbdb7daf54d252e1b21,2026年度青田县中小学塑胶运动场项目合同,2026-07-22,浙江省,,采购合同,丽水市公共资源交易网,https://www.ggzy.gov.cn/information/deal/html/a/330000/0203/20260722/00338dcd1cf59f1a4dbdb7daf54d252e1b21.html,校舍维修改造,校舍维修改造,校舍维修改造,教育局统筹,否,否
0013cf501259ba5b46e6b7be7c95482bfa07,盐山县中小学操场维修改造项目-3包,2026-07-22,河北省,,采购合同,,https://www.ggzy.gov.cn/information/deal/html/a/130000/0203/20260722/0013cf501259ba5b46e6b7be7c95482bfa07.html,校舍维修改造,校舍维修改造,校舍维修改造,教育局统筹,否,否
001387be04a829694029a9cb710a6f2d4d97,盐山县中小学操场维修改造项目-2包,2026-07-22,河北省,,采购合同,,https://www.ggzy.gov.cn/information/deal/html/a/130000/0203/20260722/001387be04a829694029a9cb710a6f2d4d97.html,校舍维修改造,校舍维修改造,校舍维修改造,教育局统筹,否,否
00133f7734bfa6224bf2aa7d79e0ba691b0e,盐山县中小学操场维修改造项目-1包,2026-07-22,河北省,,采购合同,,https://www.ggzy.gov.cn/information/deal/html/a/130000/0203/20260722/00133f7734bfa6224bf2aa7d79e0ba691b0e.html,校舍维修改造,校舍维修改造,校舍维修改造,教育局统筹,否,否
0013a0b5b472a25444bab611eded29b36197,围场县腰站学区查罕扎布等三所小学维修改造工程-四川超囿建筑工程有限公司,2026-07-22,河北省,,采购合同,,https://www.ggzy.gov.cn/information/deal/html/a/130000/0203/20260722/0013a0b5b472a25444bab611eded29b36197.html,校舍维修改造,校舍维修改造,校舍维修改造,小学,否,否
006283241bc59c1742c4a4d34c5dfa76ed2b,甘肃省兰州实验小学塑胶操场改造工程,2026-07-22,甘肃省,,采购合同,甘肃省公共资源交易平台,https://www.ggzy.gov.cn/information/deal/html/a/620000/0203/20260722/006283241bc59c1742c4a4d34c5dfa76ed2b.html,校舍维修改造,校舍维修改造,校舍维修改造,小学,否,否
003310cb11b66aa4418a8eb7855c16110291,德清县教育保障中心的2026-2027学年中小学校配套作业本采购项目（第二次）合同,2026-07-22,浙江省,,采购合同,湖州市公共资源交易网,https://www.ggzy.gov.cn/information/deal/html/a/330000/0203/20260722/003310cb11b66aa4418a8eb7855c16110291.html,其他,其他,,教育局统筹,否,否
0051e030d137a4c24fdf9dd508b690383478,洪雅四幼花溪分园（原花溪小学）室内改造和室外运动场改造工程,2026-07-22,四川省,,采购合同,,https://www.ggzy.gov.cn/information/deal/html/a/510000/0203/20260722/0051e030d137a4c24fdf9dd508b690383478.html,校舍维修改造,校舍维修改造,校舍维修改造,小学,否,否
005100762d00903348b78f1117f95cb0f89c,古蔺县椒园镇中心小学校LED显示屏直接选定采购合同,2026-07-22,四川省,,采购合同,,https://www.ggzy.gov.cn/information/deal/html/a/510000/0203/20260722/005100762d00903348b78f1117f95cb0f89c.html,大屏,大屏,大屏,小学,是,是
0034de450a5e0ed74fee87268c204a4e1987,2026年合肥市青年路小学食堂服务采购项目第2包,2026-07-22,安徽省,,采购合同,安徽合肥公共资源交易中心电子交易系统,https://www.ggzy.gov.cn/information/deal/html/a/340000/0203/20260722/0034de450a5e0ed74fee87268c204a4e1987.html,食堂设备,食堂设备,食堂设备,小学,否,否
003498dc04b2c2894858ace7778706b07a19,2026年合肥市青年路小学食堂服务采购项目第1包,2026-07-22,安徽省,,采购合同,安徽合肥公共资源交易中心电子交易系统,https://www.ggzy.gov.cn/information/deal/html/a/340000/0203/20260722/003498dc04b2c2894858ace7778706b07a19.html,食堂设备,食堂设备,食堂设备,小学,否,否
003361c1022efe334ea7bf5b5081a6bfa771,宁海县西店镇第二小学宿舍楼提升工程合同,2026-07-22,浙江省,,采购合同,宁波市公共资源交易网,https://www.ggzy.gov.cn/information/deal/html/a/330000/0203/20260722/003361c1022efe334ea7bf5b5081a6bfa771.html,其他,其他,,小学,否,否
0051e6a35b793ff44e61a0eccf7316165ecd,盐亭县富驿镇花林小学台式计算机直接选定采购合同,2026-07-22,四川省,,采购合同,,https://www.ggzy.gov.cn/information/deal/html/a/510000/0203/20260722/0051e6a35b793ff44e61a0eccf7316165ecd.html,信息化设备,信息化设备,信息化设备,小学,是,是
0051619ed64d7a0443b9a121ae802c469f00,射洪市沱牌镇第二小学校柜式空调机直接选定采购合同,2026-07-22,四川省,,采购合同,,https://www.ggzy.gov.cn/information/deal/html/a/510000/0203/20260722/0051619ed64d7a0443b9a121ae802c469f00.html,工程配套,其他,工程配套,小学,否,否
0014172aa486709d424a8f99e172af102650,西街小学线路改造、地面修缮及室内外粉刷等工程合同,2026-07-22,山西省,,采购合同,,https://www.ggzy.gov.cn/information/deal/html/a/140000/0203/20260722/0014172aa486709d424a8f99e172af102650.html,校舍维修改造,校舍维修改造,校舍维修改造,小学,否,否
0051d0033d794ff34e54848b0291a4bfad9d,射洪市第二小学校柜式空调机等直接选定采购合同,2026-07-22,四川省,,采购合同,,https://www.ggzy.gov.cn/information/deal/html/a/510000/0203/20260722/0051d0033d794ff34e54848b0291a4bfad9d.html,工程配套,其他,工程配套,小学,否,否
005124d86da0c6d844e89e94336c1e8ea4eb,井研县城南小学校触控一体机直接选定采购合同,2026-07-22,四川省,,采购合同,,https://www.ggzy.gov.cn/information/deal/html/a/510000/0203/20260722/005124d86da0c6d844e89e94336c1e8ea4eb.html,大屏,大屏,大屏,小学,是,是
0014387d83fb33524ee3bcf47d3c1834b5e1,朔州市第二小学校校园围墙建设及路面硬化项目合同,2026-07-22,山西省,,采购合同,,https://www.ggzy.gov.cn/information/deal/html/a/140000/0203/20260722/0014387d83fb33524ee3bcf47d3c1834b5e1.html,校舍维修改造,校舍维修改造,校舍维修改造,小学,否,否
00512777fac6cc064ce6a7ff216317a4747d,雅安市雨城区第十小学壁挂式空调机直接选定采购合同,2026-07-22,四川省,,采购合同,,https://www.ggzy.gov.cn/information/deal/html/a/510000/0203/20260722/00512777fac6cc064ce6a7ff216317a4747d.html,工程配套,其他,工程配套,小学,否,否
005164c927e3f5d840a696bb5549e6221b74,雅安市雨城区第十小学触控一体机直接选定采购合同,2026-07-22,四川省,,采购合同,,https://www.ggzy.gov.cn/information/deal/html/a/510000/0203/20260722/005164c927e3f5d840a696bb5549e6221b74.html,大屏,大屏,大屏,小学,是,是
0051409879d8d4104780a7cc1ec4e444d9ad,雅安市雨城区第十小学复印机直接选定采购合同,2026-07-22,四川省,,采购合同,,https://www.ggzy.gov.cn/information/deal/html/a/510000/0203/20260722/0051409879d8d4104780a7cc1ec4e444d9ad.html,其他,其他,,小学,否,否
0051335a53f589a34c3390e795e06f71c56c,雅安市雨城区第十小学台式计算机直接选定采购合同,2026-07-22,四川省,,采购合同,,https://www.ggzy.gov.cn/information/deal/html/a/510000/0203/20260722/0051335a53f589a34c3390e795e06f71c56c.html,信息化设备,信息化设备,信息化设备,小学,是,是
0051e5d01a3bb4254d0b9b70db92276e2846,井研县城南小学校壁挂式空调机直接选定采购合同,2026-07-22,四川省,,采购合同,,https://www.ggzy.gov.cn/information/deal/html/a/510000/0203/20260722/0051e5d01a3bb4254d0b9b70db92276e2846.html,工程配套,其他,工程配套,小学,否,否
0046618e94d9af944e499872e15c5d4fc59f,2026年琼中县公办中小学校图书采购项目,2026-07-22,海南省,,采购合同,,https://www.ggzy.gov.cn/information/deal/html/a/460000/0203/20260722/0046618e94d9af944e499872e15c5d4fc59f.html,图书,图书,图书,教育局统筹,否,否
003339216f2ff4b1424ea9abf6219b8cd5c4,柴桥小学功能室改造工程合同,2026-07-22,浙江省,,采购合同,宁波市公共资源交易网,https://www.ggzy.gov.cn/information/deal/html/a/330000/0203/20260722/003339216f2ff4b1424ea9abf6219b8cd5c4.html,校舍维修改造,校舍维修改造,校舍维修改造;实验室设备,小学,否,否
0051f280ff4f930a4f49b13a3390601e13c1,盐亭县富驿镇五马小学台式计算机直接选定采购合同,2026-07-22,四川省,,采购合同,,https://www.ggzy.gov.cn/information/deal/html/a/510000/0203/20260722/0051f280ff4f930a4f49b13a3390601e13c1.html,信息化设备,信息化设备,信息化设备,小学,是,是
003351fc791910c744558d989efb874d245a,2026年嘉兴市秀洲区梅里小学教师疗休养项目合同,2026-07-22,浙江省,,采购合同,嘉兴市公共资源交易网,https://www.ggzy.gov.cn/information/deal/html/a/330000/0203/20260722/003351fc791910c744558d989efb874d245a.html,其他,其他,,小学,否,否
0033bd670b108ed04a9480280f91589d8d81,小浃江小学工会会员疗休养服务项目合同,2026-07-22,浙江省,,采购合同,宁波市公共资源交易网,https://www.ggzy.gov.cn/information/deal/html/a/330000/0203/20260722/0033bd670b108ed04a9480280f91589d8d81.html,其他,其他,,小学,否,否
0014ae1a4637fee74017aec23f8c03b40850,吉县教育体育局关于中小学（园）校舍安全及抗震性鉴定项目合同,2026-07-22,山西省,,采购合同,,https://www.ggzy.gov.cn/information/deal/html/a/140000/0203/20260722/0014ae1a4637fee74017aec23f8c03b40850.html,校舍维修改造,校舍维修改造,校舍维修改造,教育局统筹,否,否
0051dc9a29a9875f4be0b0bea530dfe06dbc,广安区北辰小学校教学楼外墙改造,2026-07-22,四川省,,采购合同,,https://www.ggzy.gov.cn/information/deal/html/a/510000/0203/20260722/0051dc9a29a9875f4be0b0bea530dfe06dbc.html,校舍维修改造,校舍维修改造,校舍维修改造,小学,否,否
005126bcd5423d0c4f559763c9bde56682bf,大英县蓬莱小学壁挂式空调机直接选定采购合同,2026-07-22,四川省,,采购合同,,https://www.ggzy.gov.cn/information/deal/html/a/510000/0203/20260722/005126bcd5423d0c4f559763c9bde56682bf.html,工程配套,其他,工程配套,小学,否,否
0033e9856d3c22f74f9ebff39f0537d598c1,宁波市镇海区实验小学暑期疗休养服务采购项目合同,2026-07-22,浙江省,,采购合同,宁波市公共资源交易网,https://www.ggzy.gov.cn/information/deal/html/a/330000/0203/20260722/0033e9856d3c22f74f9ebff39f0537d598c1.html,其他,其他,,小学,否,否
003306f7801cda9e436ca42e78f83d80e626,2026年云和县中小学教室多媒体采购项目（第二次）合同,2026-07-22,浙江省,,采购合同,丽水市公共资源交易网,https://www.ggzy.gov.cn/information/deal/html/a/330000/0203/20260722/003306f7801cda9e436ca42e78f83d80e626.html,信息化设备,信息化设备,信息化设备,教育局统筹,是,是
0051bdb5424656304bee99baccc70a09ab79,成都市金沙小学便携式计算机直接选定采购合同,2026-07-22,四川省,,采购合同,,https://www.ggzy.gov.cn/information/deal/html/a/510000/0203/20260722/0051bdb5424656304bee99baccc70a09ab79.html,信息化设备,信息化设备,信息化设备,小学,是,是
0051118f81d14ff04f13b326c37718dcfba5,成都市金沙小学台式计算机直接选定采购合同,2026-07-22,四川省,,采购合同,,https://www.ggzy.gov.cn/information/deal/html/a/510000/0203/20260722/0051118f81d14ff04f13b326c37718dcfba5.html,信息化设备,信息化设备,信息化设备,小学,是,是
0035847ec88fc2c84a3bb5b21a66294f7802,上杭县实验小学科学创新教室设备采购项目,2026-07-22,福建省,,采购合同,龙岩市公共资源交易中心,https://www.ggzy.gov.cn/information/deal/html/a/350000/0203/20260722/0035847ec88fc2c84a3bb5b21a66294f7802.html,其他,其他,,小学,否,否
003557142272cd8349d5a0af77b9dbdacdb8,武夷山实验小学运动场人工草采购,2026-07-22,福建省,,采购合同,南平市招标投标服务中心,https://www.ggzy.gov.cn/information/deal/html/a/350000/0203/20260722/003557142272cd8349d5a0af77b9dbdacdb8.html,校舍维修改造,校舍维修改造,校舍维修改造,小学,否,否
0035440fe23bb0f547d39bbd1cfb6438ed18,南平市建阳区教育局中小学校学生簿册印刷及配送服务项目,2026-07-22,福建省,,采购合同,南平市招标投标服务中心,https://www.ggzy.gov.cn/information/deal/html/a/350000/0203/20260722/0035440fe23bb0f547d39bbd1cfb6438ed18.html,后勤服务,其他,后勤服务,教育局统筹,否,否
0034e1003cca0da3458bbf08bbb9f02621f3,怀远县双桥集镇中心学校(实验小学、小街分校、刘碾小学等)3校改造工程合同备案,2026-07-22,安徽省,,采购合同,蚌埠市公共资源交易平台电子交易系统,https://www.ggzy.gov.cn/information/deal/html/a/340000/0203/20260722/0034e1003cca0da3458bbf08bbb9f02621f3.html,校舍维修改造,校舍维修改造,校舍维修改造,小学,否,否
003375869c5147104556bb822df80a986c35,宁波市中原小学宁波市海曙区中原小学2026年维修工程合同,2026-07-21,浙江省,,采购合同,宁波市公共资源交易网,https://www.ggzy.gov.cn/information/deal/html/a/330000/0203/20260721/003375869c5147104556bb822df80a986c35.html,校舍维修改造,校舍维修改造,校舍维修改造,小学,否,否
0051c8efbfff38aa43c4ae5ed504cd32a81b,蓬溪县鸣凤镇小学校触控一体机直接选定采购合同,2026-07-21,四川省,,采购合同,,https://www.ggzy.gov.cn/information/deal/html/a/510000/0203/20260721/0051c8efbfff38aa43c4ae5ed504cd32a81b.html,大屏,大屏,大屏,小学,是,是
0033d30ac2944f2c442fb5e753acad55aa5b,北仑区中小学校舍维修工程-小浃江小学合同,2026-07-21,浙江省,,采购合同,宁波市公共资源交易网,https://www.ggzy.gov.cn/information/deal/html/a/330000/0203/20260721/0033d30ac2944f2c442fb5e753acad55aa5b.html,校舍维修改造,校舍维修改造,校舍维修改造,教育局统筹,否,否
0033a208683762134007901d567d7cb4e847,宁波市鄞州区钟公庙中心小学智慧黑板采购及安装项目合同,2026-07-21,浙江省,,采购合同,宁波市公共资源交易网,https://www.ggzy.gov.cn/information/deal/html/a/330000/0203/20260721/0033a208683762134007901d567d7cb4e847.html,智慧黑板,智慧黑板,智慧黑板,小学,是,是
00516872fad1d2924e7c8450123d6b517823,成都市中小学德育PBL创新实践项目,2026-07-21,四川省,,采购合同,,https://www.ggzy.gov.cn/information/deal/html/a/510000/0203/20260721/00516872fad1d2924e7c8450123d6b517823.html,其他,其他,,教育局统筹,否,否
0033d5ca964a7c27471299d094ab935c375f,2026中小学食堂及室外维修改造工程合同,2026-07-21,浙江省,,采购合同,杭州市公共资源交易网,https://www.ggzy.gov.cn/information/deal/html/a/330000/0203/20260721/0033d5ca964a7c27471299d094ab935c375f.html,校舍维修改造,校舍维修改造,校舍维修改造;食堂设备,教育局统筹,否,否
00130493937cf3d2478bb175c512134d99cd,承德县教育和体育局中小学智慧安防建设项目公开招标-中移建设有限公司,2026-07-21,河北省,,采购合同,,https://www.ggzy.gov.cn/information/deal/html/a/130000/0203/20260721/00130493937cf3d2478bb175c512134d99cd.html,校园安防,校园安防,校园安防,教育局统筹,否,否
0033d6580d1128074cd8aa43946e6ff0b34c,杭州市临平区崇信小学电脑采购项目合同,2026-07-21,浙江省,,采购合同,杭州市公共资源交易网,https://www.ggzy.gov.cn/information/deal/html/a/330000/0203/20260721/0033d6580d1128074cd8aa43946e6ff0b34c.html,信息化设备,信息化设备,信息化设备,小学,是,是
00519035f8e4784e430aa29f187ff07bd199,泡桐树小学（桐欣）校区物业服务合同,2026-07-21,四川省,,采购合同,,https://www.ggzy.gov.cn/information/deal/html/a/510000/0203/20260721/00519035f8e4784e430aa29f187ff07bd199.html,后勤服务,其他,后勤服务,小学,否,否
0051196c3ad4b23f45098ef41c2b0dd3f252,成都市泡桐树小学本部及桐乐校区2024年至2026年物业物业采购政府采购合同,2026-07-21,四川省,,采购合同,,https://www.ggzy.gov.cn/information/deal/html/a/510000/0203/20260721/0051196c3ad4b23f45098ef41c2b0dd3f252.html,后勤服务,其他,后勤服务,小学,否,否
003390307612c7e84ab79997dea53b1fa540,桐庐县城南小学塑胶跑道等修缮工程合同,2026-07-21,浙江省,,采购合同,杭州市公共资源交易网,https://www.ggzy.gov.cn/information/deal/html/a/330000/0203/20260721/003390307612c7e84ab79997dea53b1fa540.html,校舍维修改造,校舍维修改造,校舍维修改造,小学,否,否
00515eb6623d887f4382b042b56a0ee5f1f5,成都市双流区实验小学外国语学校台式计算机直接选定采购合同,2026-07-21,四川省,,采购合同,,https://www.ggzy.gov.cn/information/deal/html/a/510000/0203/20260721/00515eb6623d887f4382b042b56a0ee5f1f5.html,信息化设备,信息化设备,信息化设备,小学,是,是
00519559a9420887405c9e372c5447864314,汶川县三江小学校其他商务服务直接选定采购合同,2026-07-21,四川省,,采购合同,,https://www.ggzy.gov.cn/information/deal/html/a/510000/0203/20260721/00519559a9420887405c9e372c5447864314.html,其他,其他,,小学,否,否
004198551b9fb35a4334acc1fa6b285dd074,沁阳市商隐小学西校区仪器、设备采购项目（4包）,2026-07-21,河南省,,采购合同,,https://www.ggzy.gov.cn/information/deal/html/a/410000/0203/20260721/004198551b9fb35a4334acc1fa6b285dd074.html,教学仪器,教学仪器,教学仪器,小学,否,否
00516d522340c13143f29ee93f81952f4ba9,蓬溪县实验小学校柜式空调机直接选定采购合同,2026-07-21,四川省,,采购合同,,https://www.ggzy.gov.cn/information/deal/html/a/510000/0203/20260721/00516d522340c13143f29ee93f81952f4ba9.html,工程配套,其他,工程配套,小学,否,否
0051f6de43670c9a4689aa75b449f1310e26,成都市双流区棠湖小学触控一体机直接选定采购合同,2026-07-21,四川省,,采购合同,,https://www.ggzy.gov.cn/information/deal/html/a/510000/0203/20260721/0051f6de43670c9a4689aa75b449f1310e26.html,大屏,大屏,大屏,小学,是,是
0051bb6707c38c944878b5124a7e645b60e8,成都市双流区棠湖小学台式计算机直接选定采购合同,2026-07-21,四川省,,采购合同,,https://www.ggzy.gov.cn/information/deal/html/a/510000/0203/20260721/0051bb6707c38c944878b5124a7e645b60e8.html,信息化设备,信息化设备,信息化设备,小学,是,是
00134e2ca065ee024154ac3c3a98b98c993e,昌黎县靖安镇闫庄完全小学教学楼更换保温层、窗户等维修改造项目,2026-07-21,河北省,,采购合同,秦皇岛市公共资源交易网,https://www.ggzy.gov.cn/information/deal/html/a/130000/0203/20260721/00134e2ca065ee024154ac3c3a98b98c993e.html,校舍维修改造,校舍维修改造,校舍维修改造,小学,否,否
00518a0aab5e22524e22a52d8c1c9ac5b616,绵竹市城东中小学办公家具采购项目,2026-07-21,四川省,,采购合同,,https://www.ggzy.gov.cn/information/deal/html/a/510000/0203/20260721/00518a0aab5e22524e22a52d8c1c9ac5b616.html,课桌椅,课桌椅,课桌椅,教育局统筹,否,否
004629affcfed79b4fca8e8db3a5200a1585,2026年琼中县中小学校多功能教室及广播设备采购项目,2026-07-21,海南省,,采购合同,,https://www.ggzy.gov.cn/information/deal/html/a/460000/0203/20260721/004629affcfed79b4fca8e8db3a5200a1585.html,其他,其他,,教育局统筹,否,否
0033c8661f54f6bf49de86831d4b43d711a3,嘉兴市秀洲区麟湖小学2026年教师疗休养项目合同,2026-07-21,浙江省,,采购合同,嘉兴市公共资源交易网,https://www.ggzy.gov.cn/information/deal/html/a/330000/0203/20260721/0033c8661f54f6bf49de86831d4b43d711a3.html,其他,其他,,小学,否,否
0051805d2579e4cc4b839b06887c869002d8,成都师范附属小学科技园分校空调采购项目,2026-07-21,四川省,,采购合同,,https://www.ggzy.gov.cn/information/deal/html/a/510000/0203/20260721/0051805d2579e4cc4b839b06887c869002d8.html,工程配套,其他,工程配套,小学,否,否
006203e951d250b9458aac5a87a7d938cb01,甘肃省平凉市实验小学物业服务项目001合同,2026-07-21,甘肃省,,采购合同,平凉市公共资源交易平台,https://www.ggzy.gov.cn/information/deal/html/a/620000/0203/20260721/006203e951d250b9458aac5a87a7d938cb01.html,后勤服务,其他,后勤服务,小学,否,否
00466d2205b08cd0418ebbbea0f4e141d612,2026年寄宿制中小学校热水洗浴供应项目,2026-07-21,海南省,,采购合同,,https://www.ggzy.gov.cn/information/deal/html/a/460000/0203/20260721/00466d2205b08cd0418ebbbea0f4e141d612.html,工程配套,其他,工程配套,教育局统筹,否,否
0051cda988e9ae7a4ae1952419ecbd87244c,成都高新区银都紫藤初中附属小学柜式空调机等直接选定采购合同,2026-07-21,四川省,,采购合同,,https://www.ggzy.gov.cn/information/deal/html/a/510000/0203/20260721/0051cda988e9ae7a4ae1952419ecbd87244c.html,工程配套,其他,工程配套,初中,否,否
00133cbd14e5316241e090114224e9c55acc,海兴县赵家小学操场改造,2026-07-21,河北省,,采购合同,,https://www.ggzy.gov.cn/information/deal/html/a/130000/0203/20260721/00133cbd14e5316241e090114224e9c55acc.html,校舍维修改造,校舍维修改造,校舍维修改造,小学,否,否
003313e97cadf69a48fe912fc52e05297e65,奉化区莼湖街道中心小学教学楼改造提升工程项目合同,2026-07-21,浙江省,,采购合同,宁波市公共资源交易网,https://www.ggzy.gov.cn/information/deal/html/a/330000/0203/20260721/003313e97cadf69a48fe912fc52e05297e65.html,校舍维修改造,校舍维修改造,校舍维修改造,小学,否,否
00133f0c7ad8211d4c59b93b9e9400e3c6f1,南皮县中、小学校教室照明改造项目-1包,2026-07-21,河北省,,采购合同,,https://www.ggzy.gov.cn/information/deal/html/a/130000/0203/20260721/00133f0c7ad8211d4c59b93b9e9400e3c6f1.html,校舍维修改造,校舍维修改造,校舍维修改造;工程配套,小学,否,否
0013aa2832b8d46d4c9b9150c706b7453c4c,南皮县中、小学校教室照明改造项目-2包,2026-07-21,河北省,,采购合同,,https://www.ggzy.gov.cn/information/deal/html/a/130000/0203/20260721/0013aa2832b8d46d4c9b9150c706b7453c4c.html,校舍维修改造,校舍维修改造,校舍维修改造;工程配套,小学,否,否
00511b8a32bfbae94bbbb66c2bb3decccac5,德阳市罗江区实验小学校柜式空调机等直接选定采购合同,2026-07-21,四川省,,采购合同,,https://www.ggzy.gov.cn/information/deal/html/a/510000/0203/20260721/00511b8a32bfbae94bbbb66c2bb3decccac5.html,工程配套,其他,工程配套,小学,否,否
006143075eebbcdc4f7a83c9a6ba5843b81a,临渭区人和小学主席台膜结构重建项目,2026-07-21,陕西省,,采购合同,全国公共资源交易平台（陕西省）,https://www.ggzy.gov.cn/information/deal/html/a/610000/0203/20260721/006143075eebbcdc4f7a83c9a6ba5843b81a.html,其他,其他,,小学,否,否
00543c21fa73c186479b9a6e20af7578f063,西藏自治区教育厅2026-2027学年中小学免费教科书政府采购项目合同书,2026-07-21,西藏自治区,,采购合同,西藏自治区招标投标网,https://www.ggzy.gov.cn/information/deal/html/a/540000/0203/20260721/00543c21fa73c186479b9a6e20af7578f063.html,其他,其他,,教育局统筹,否,否
0044e057801c450c4fc98df92ebfedb8b5bf,东莞市长安镇金沙小学饭堂食材配送服务采购项目,2026-07-21,广东省,,采购合同,,https://www.ggzy.gov.cn/information/deal/html/a/440000/0203/20260721/0044e057801c450c4fc98df92ebfedb8b5bf.html,后勤服务,其他,后勤服务,小学,否,否
0035bed964422b884d91b0b038b3bd57afce,寿宁县平溪中心小学校区搬迁后修缮改造项目,2026-07-21,福建省,,采购合同,宁德市公共资源交易中心,https://www.ggzy.gov.cn/information/deal/html/a/350000/0203/20260721/0035bed964422b884d91b0b038b3bd57afce.html,校舍维修改造,校舍维修改造,校舍维修改造,小学,否,否
0035ad5b264a6c82420d92056d5adc642263,南靖县实验小学校舍及附属设施改造项目,2026-07-21,福建省,,采购合同,漳州市公共资源交易中心,https://www.ggzy.gov.cn/information/deal/html/a/350000/0203/20260721/0035ad5b264a6c82420d92056d5adc642263.html,校舍维修改造,校舍维修改造,校舍维修改造,小学,否,否
003577e8517fbc9b4fafa6314f3225755d76,罗源县义务教育阶段中小学生簿册2026—2027学年采购项目,2026-07-21,福建省,,采购合同,福州市公共资源交易服务中心,https://www.ggzy.gov.cn/information/deal/html/a/350000/0203/20260721/003577e8517fbc9b4fafa6314f3225755d76.html,其他,其他,,教育局统筹,否,否
00351fab36641d2e4d3b9707ff4246266452,2026年莆田市中小学教育培训服务项目,2026-07-21,福建省,,采购合同,莆田市行政服务中心,https://www.ggzy.gov.cn/information/deal/html/a/350000/0203/20260721/00351fab36641d2e4d3b9707ff4246266452.html,培训,培训,培训,教育局统筹,是,是
003518965679714c4103b28c0eefcf998966,长汀县中小学校食堂食材集中采购配送服务项目,2026-07-21,福建省,,采购合同,龙岩市公共资源交易中心,https://www.ggzy.gov.cn/information/deal/html/a/350000/0203/20260721/003518965679714c4103b28c0eefcf998966.html,食堂设备,食堂设备,食堂设备;后勤服务,教育局统筹,否,否
0034f864894fd1114380a1798eb10d40f007,安庆市公园小学人工智能实验室及科创中心采购建设合同,2026-07-21,安徽省,,采购合同,安庆市公共资源交易平台电子交易系统,https://www.ggzy.gov.cn/information/deal/html/a/340000/0203/20260721/0034f864894fd1114380a1798eb10d40f007.html,人工智能,人工智能,人工智能;实验室设备,小学,是,是
00345a006f2de4e843f39f71461b1676be7f,怀远县2026年怀远县实验小学功能室及图书馆采购等项目第4包合同备案,2026-07-21,安徽省,,采购合同,蚌埠市公共资源交易平台电子交易系统,https://www.ggzy.gov.cn/information/deal/html/a/340000/0203/20260721/00345a006f2de4e843f39f71461b1676be7f.html,实验室设备,实验室设备,实验室设备;图书,小学,否,否
0051d3c5ec58c5d64576859be3f22d7654f2,绵竹市城东中小学办公家具采购项目,2026-07-20,四川省,,采购合同,,https://www.ggzy.gov.cn/information/deal/html/a/510000/0203/20260720/0051d3c5ec58c5d64576859be3f22d7654f2.html,课桌椅,课桌椅,课桌椅,教育局统筹,否,否
00144afb1321506f4b6c824092b4390ce425,潞州区下南街小学校校园维修改造工程合同,2026-07-20,山西省,,采购合同,,https://www.ggzy.gov.cn/information/deal/html/a/140000/0203/20260720/00144afb1321506f4b6c824092b4390ce425.html,校舍维修改造,校舍维修改造,校舍维修改造,小学,否,否
0051332defc477814463b18cf3c28ade0769,2026年成都市中小学心理健康资源建设及关护行动,2026-07-20,四川省,,采购合同,,https://www.ggzy.gov.cn/information/deal/html/a/510000/0203/20260720/0051332defc477814463b18cf3c28ade0769.html,其他,其他,,教育局统筹,否,否
005198e12b6d46ba415898d2aab8947091d4,冕宁县复兴小学校触控一体机直接选定采购合同,2026-07-20,四川省,,采购合同,,https://www.ggzy.gov.cn/information/deal/html/a/510000/0203/20260720/005198e12b6d46ba415898d2aab8947091d4.html,大屏,大屏,大屏,小学,是,是
00335324655bc10f417e9b3849ab9d7c5515,长兴县第四小学2026年暑期维修和卫生间改造工程合同,2026-07-20,浙江省,,采购合同,湖州市公共资源交易网,https://www.ggzy.gov.cn/information/deal/html/a/330000/0203/20260720/00335324655bc10f417e9b3849ab9d7c5515.html,校舍维修改造,校舍维修改造,校舍维修改造,小学,否,否
00339313639cb5d84fe7b21085ca59609b2a,2026年乐清市中小学常规教学仪器设备采购合同,2026-07-20,浙江省,,采购合同,温州市公共资源交易网,https://www.ggzy.gov.cn/information/deal/html/a/330000/0203/20260720/00339313639cb5d84fe7b21085ca59609b2a.html,教学仪器,教学仪器,教学仪器,教育局统筹,否,否
005147a21542612f4523b1082c6a44175495,绵阳经济技术开发区实验小学多功能一体机直接选定采购合同,2026-07-20,四川省,,采购合同,,https://www.ggzy.gov.cn/information/deal/html/a/510000/0203/20260720/005147a21542612f4523b1082c6a44175495.html,其他,其他,,小学,否,否
003484376dfdbdd0456f8f21cf284a6170a2,肥西县教体局2026年中小学作业本印刷及配送服务,2026-07-20,安徽省,,采购合同,安徽合肥公共资源交易中心电子交易系统,https://www.ggzy.gov.cn/information/deal/html/a/340000/0203/20260720/003484376dfdbdd0456f8f21cf284a6170a2.html,后勤服务,其他,后勤服务,教育局统筹,否,否
0051bb759492c6c74b039ab3fc6ca92c66f2,汶川八一小学校其他商务服务直接选定采购合同,2026-07-20,四川省,,采购合同,,https://www.ggzy.gov.cn/information/deal/html/a/510000/0203/20260720/0051bb759492c6c74b039ab3fc6ca92c66f2.html,其他,其他,,小学,否,否
0051371690a5c74f49b2b70207158268b426,绵阳经济技术开发区实验小学台式计算机直接选定采购合同,2026-07-20,四川省,,采购合同,,https://www.ggzy.gov.cn/information/deal/html/a/510000/0203/20260720/0051371690a5c74f49b2b70207158268b426.html,信息化设备,信息化设备,信息化设备,小学,是,是
0051bd5665f8e7c74ac188a086cea7430ac2,绵阳经济技术开发区实验小学便携式计算机直接选定采购合同,2026-07-20,四川省,,采购合同,,https://www.ggzy.gov.cn/information/deal/html/a/510000/0203/20260720/0051bd5665f8e7c74ac188a086cea7430ac2.html,信息化设备,信息化设备,信息化设备,小学,是,是
003347817e7dcda844308eb57d89d33591bd,临安区中小学校食宿提升工程－-2026年厨房设备采购（三次）合同,2026-07-20,浙江省,,采购合同,杭州市公共资源交易网,https://www.ggzy.gov.cn/information/deal/html/a/330000/0203/20260720/003347817e7dcda844308eb57d89d33591bd.html,食堂设备,食堂设备,食堂设备,教育局统筹,否,否
0033f84d4a7a4da44ef8acc539630c20df42,玉环市清港下湫小学迁建工程-专用教室仪器等设备采购项目合同,2026-07-20,浙江省,,采购合同,台州市公共资源交易网,https://www.ggzy.gov.cn/information/deal/html/a/330000/0203/20260720/0033f84d4a7a4da44ef8acc539630c20df42.html,实验室设备,实验室设备,实验室设备;教学仪器,小学,否,否
00518cf79db751cc4f419e00efef71f76429,德阳市岷山路小学LED显示屏直接选定采购合同,2026-07-20,四川省,,采购合同,,https://www.ggzy.gov.cn/information/deal/html/a/510000/0203/20260720/00518cf79db751cc4f419e00efef71f76429.html,大屏,大屏,大屏,小学,是,是
0013712dde86b1a340faaba72739557a4093,北戴河区实验小学更换门窗、外墙保温粉刷工程合同,2026-07-20,河北省,,采购合同,秦皇岛市公共资源交易网,https://www.ggzy.gov.cn/information/deal/html/a/130000/0203/20260720/0013712dde86b1a340faaba72739557a4093.html,校舍维修改造,校舍维修改造,校舍维修改造;工程配套,小学,否,否
0034deb5fc4b3424477f9d622aa0a80c011c,长丰县2026-2027学年（两学期）中小学作业本印刷及配送,2026-07-20,安徽省,,采购合同,安徽合肥公共资源交易中心电子交易系统,https://www.ggzy.gov.cn/information/deal/html/a/340000/0203/20260720/0034deb5fc4b3424477f9d622aa0a80c011c.html,后勤服务,其他,后勤服务,教育局统筹,否,否
00513bcb1e3885ee4f3e88e71c999c911166,石棉县王岗坪乡第一小学壁挂式空调机直接选定采购合同,2026-07-20,四川省,,采购合同,,https://www.ggzy.gov.cn/information/deal/html/a/510000/0203/20260720/00513bcb1e3885ee4f3e88e71c999c911166.html,工程配套,其他,工程配套,小学,否,否
005157b4be463d3145fbb006e01c54a23110,成都市温江区东大街第二小学校农科城分校柜式空调机等直接选定采购合同,2026-07-20,四川省,,采购合同,,https://www.ggzy.gov.cn/information/deal/html/a/510000/0203/20260720/005157b4be463d3145fbb006e01c54a23110.html,工程配套,其他,工程配套,小学,否,否
0033eaf350a90a404656b40d968a058c00f3,杭州市临平区临平第三小学触控一体机设备采购项目合同,2026-07-20,浙江省,,采购合同,杭州市公共资源交易网,https://www.ggzy.gov.cn/information/deal/html/a/330000/0203/20260720/0033eaf350a90a404656b40d968a058c00f3.html,大屏,大屏,大屏,小学,是,是
005195e28dedd6d0494480a8fda646b56fed,蒲江县蒲江中学附属小学台式计算机直接选定采购合同,2026-07-20,四川省,,采购合同,,https://www.ggzy.gov.cn/information/deal/html/a/510000/0203/20260720/005195e28dedd6d0494480a8fda646b56fed.html,信息化设备,信息化设备,信息化设备,小学,是,是
0051820f3d92c90c45188f47f277fe880dc3,蒲江县蒲江中学附属小学多功能一体机直接选定采购合同,2026-07-20,四川省,,采购合同,,https://www.ggzy.gov.cn/information/deal/html/a/510000/0203/20260720/0051820f3d92c90c45188f47f277fe880dc3.html,其他,其他,,小学,否,否
0051e58d2aebd3ce4746a438981bd542bf4e,蒲江县蒲江中学附属小学便携式计算机直接选定采购合同,2026-07-20,四川省,,采购合同,,https://www.ggzy.gov.cn/information/deal/html/a/510000/0203/20260720/0051e58d2aebd3ce4746a438981bd542bf4e.html,信息化设备,信息化设备,信息化设备,小学,是,是
00518073253a05d84cdfa704d7ba3b3e3152,蒲江县蒲江中学附属小学复印机直接选定采购合同,2026-07-20,四川省,,采购合同,,https://www.ggzy.gov.cn/information/deal/html/a/510000/0203/20260720/00518073253a05d84cdfa704d7ba3b3e3152.html,其他,其他,,小学,否,否
0051305f7461e49346ecba61ee507f44bae1,蒲江县蒲江中学附属小学办公软件直接选定采购合同,2026-07-20,四川省,,采购合同,,https://www.ggzy.gov.cn/information/deal/html/a/510000/0203/20260720/0051305f7461e49346ecba61ee507f44bae1.html,其他,其他,,小学,否,否
005130904406eceb4384a7c54fa94a8e12d2,石棉县草科乡中心小学壁挂式空调机直接选定采购合同,2026-07-20,四川省,,采购合同,,https://www.ggzy.gov.cn/information/deal/html/a/510000/0203/20260720/005130904406eceb4384a7c54fa94a8e12d2.html,工程配套,其他,工程配套,小学,否,否
0033f59f0ea9849146f7ba7cfe31d59c4691,文一街小学2026年教学楼加固维修工程合同,2026-07-20,浙江省,,采购合同,杭州市公共资源交易网,https://www.ggzy.gov.cn/information/deal/html/a/330000/0203/20260720/0033f59f0ea9849146f7ba7cfe31d59c4691.html,校舍维修改造,校舍维修改造,校舍维修改造,小学,否,否
00515c761bf80a574ea49e00d200edfd3135,石棉县联合小学壁挂式空调机直接选定采购合同,2026-07-20,四川省,,采购合同,,https://www.ggzy.gov.cn/information/deal/html/a/510000/0203/20260720/00515c761bf80a574ea49e00d200edfd3135.html,工程配套,其他,工程配套,小学,否,否
003110f8d0709d6c4625ae6fd4d02df4cd0c,关于上海市浦东新区金茂小学制冷空调设备的框架协议合同,2026-07-20,上海市,,采购合同,上海政府采购网,https://www.ggzy.gov.cn/information/deal/html/a/310000/0203/20260720/003110f8d0709d6c4625ae6fd4d02df4cd0c.html,工程配套,其他,工程配套,小学,否,否
0013b4c9084aded24f11ac640492deeb9b30,卢龙县2026年中小学校舍维修改造工程A标段合同,2026-07-20,河北省,,采购合同,秦皇岛市公共资源交易网,https://www.ggzy.gov.cn/information/deal/html/a/130000/0203/20260720/0013b4c9084aded24f11ac640492deeb9b30.html,校舍维修改造,校舍维修改造,校舍维修改造,教育局统筹,否,否
0013feff9c3d5e3c4e3690dfe961ecf92dcc,卢龙县2026年中小学校舍维修改造工程B标段合同,2026-07-20,河北省,,采购合同,秦皇岛市公共资源交易网,https://www.ggzy.gov.cn/information/deal/html/a/130000/0203/20260720/0013feff9c3d5e3c4e3690dfe961ecf92dcc.html,校舍维修改造,校舍维修改造,校舍维修改造,教育局统筹,否,否
0033e00b824af7e54451b7b50508e4a2ce17,海宁市2026-2027学年中小学空白作业本采购项目合同,2026-07-20,浙江省,,采购合同,嘉兴市公共资源交易网,https://www.ggzy.gov.cn/information/deal/html/a/330000/0203/20260720/0033e00b824af7e54451b7b50508e4a2ce17.html,其他,其他,,教育局统筹,否,否
0033612a356cbaec40fa9e515a05f58d1253,玉环市清港下湫小学迁建工程-教学设备采购项目合同,2026-07-20,浙江省,,采购合同,台州市公共资源交易网,https://www.ggzy.gov.cn/information/deal/html/a/330000/0203/20260720/0033612a356cbaec40fa9e515a05f58d1253.html,教学仪器,教学仪器,教学仪器,小学,否,否
0031ecc26c2727ba4557b0a6b5f7cd280a47,黄浦区009-04地块曹光彪小学新建工程周边房屋检测的合同,2026-07-20,上海市,,采购合同,上海政府采购网,https://www.ggzy.gov.cn/information/deal/html/a/310000/0203/20260720/0031ecc26c2727ba4557b0a6b5f7cd280a47.html,校舍维修改造,校舍维修改造,校舍维修改造,小学,否,否
0034ff89bc29076a42949efb4391a045ca4f,谢家集区第四小学电路改造项目,2026-07-20,安徽省,,采购合同,淮南市公共资源交易平台电子交易系统,https://www.ggzy.gov.cn/information/deal/html/a/340000/0203/20260720/0034ff89bc29076a42949efb4391a045ca4f.html,校舍维修改造,校舍维修改造,校舍维修改造,小学,否,否
00429312b6884628421eb61d6e2ce367b3e7,南漳县武安镇刘集中心小学运动场维修改造项目,2026-07-20,湖北省,,采购合同,湖北省政府采购网,https://www.ggzy.gov.cn/information/deal/html/a/420000/0203/20260720/00429312b6884628421eb61d6e2ce367b3e7.html,校舍维修改造,校舍维修改造,校舍维修改造,小学,否,否
004230acbf4c296d4545aa2c2dd15a4275ac,南漳县城关镇胡家营中心小学运动场维修改造项目,2026-07-20,湖北省,,采购合同,湖北省政府采购网,https://www.ggzy.gov.cn/information/deal/html/a/420000/0203/20260720/004230acbf4c296d4545aa2c2dd15a4275ac.html,校舍维修改造,校舍维修改造,校舍维修改造,小学,否,否
003393cd2271896e4a5f854f546b5e47e5ec,嘉兴市秀洲区印通小学2026年教师疗休养项目合同,2026-07-20,浙江省,,采购合同,嘉兴市公共资源交易网,https://www.ggzy.gov.cn/information/deal/html/a/330000/0203/20260720/003393cd2271896e4a5f854f546b5e47e5ec.html,其他,其他,,小学,否,否
00519794e81e477e4347827339ddaf504607,石棉县丰乐乡中心小学壁挂式空调机直接选定采购合同,2026-07-20,四川省,,采购合同,,https://www.ggzy.gov.cn/information/deal/html/a/510000/0203/20260720/00519794e81e477e4347827339ddaf504607.html,工程配套,其他,工程配套,小学,否,否
00330f89310469734ef7bb482a4beb5e41ae,桐庐县方埠小学老教学楼室内地胶、护墙板采购项目合同,2026-07-20,浙江省,,采购合同,杭州市公共资源交易网,https://www.ggzy.gov.cn/information/deal/html/a/330000/0203/20260720/00330f89310469734ef7bb482a4beb5e41ae.html,其他,其他,,小学,否,否
00437e14866ff9e94c0f9c9a2fad1cc00288,灰山港镇完全小学运动场建设项目合同,2026-07-20,湖南省,,采购合同,,https://www.ggzy.gov.cn/information/deal/html/a/430000/0203/20260720/00437e14866ff9e94c0f9c9a2fad1cc00288.html,校舍维修改造,校舍维修改造,校舍维修改造,小学,否,否
005198e47db9101b4708a471a1a74bf617e8,成都师范附属小学华润分校触控一体机直接选定采购合同,2026-07-20,四川省,,采购合同,,https://www.ggzy.gov.cn/information/deal/html/a/510000/0203/20260720/005198e47db9101b4708a471a1a74bf617e8.html,大屏,大屏,大屏,小学,是,是
0065ec3e59c77d7d487cbf03d300ea0c9523,乌鲁木齐第九小学校运动场及场坪改造项目合同,2026-07-20,新疆维吾尔自治区,,采购合同,新疆维吾尔自治区公共资源交易平台,https://www.ggzy.gov.cn/information/deal/html/a/650000/0203/20260720/0065ec3e59c77d7d487cbf03d300ea0c9523.html,校舍维修改造,校舍维修改造,校舍维修改造,小学,否,否
0065c0d963268a714833bb25e1f9196a1d10,哈巴河县2026年义务教育薄弱环节改善与能力提升项目-中小学监控设备采购项目合同,2026-07-20,新疆维吾尔自治区,,采购合同,新疆维吾尔自治区公共资源交易平台,https://www.ggzy.gov.cn/information/deal/html/a/650000/0203/20260720/0065c0d963268a714833bb25e1f9196a1d10.html,校园安防,校园安防,校园安防,教育局统筹,否,否
0061798ac9fafaf644ada060a954c0dc2d28,车坞中心小学提升改造及设备购置项目,2026-07-20,陕西省,,采购合同,全国公共资源交易平台（陕西省）,https://www.ggzy.gov.cn/information/deal/html/a/610000/0203/20260720/0061798ac9fafaf644ada060a954c0dc2d28.html,校舍维修改造,校舍维修改造,校舍维修改造,小学,否,否
0044b124c03d37c84c55805f1c2b43d901d7,东莞市松山湖第一小学物业管理服务项目,2026-07-20,广东省,,采购合同,,https://www.ggzy.gov.cn/information/deal/html/a/440000/0203/20260720/0044b124c03d37c84c55805f1c2b43d901d7.html,后勤服务,其他,后勤服务,小学,否,否
00445d0e80bf1dcd46f586fc5a2f61a21bf0,遂溪县建新镇那仙小学重建教学楼,2026-07-20,广东省,,采购合同,,https://www.ggzy.gov.cn/information/deal/html/a/440000/0203/20260720/00445d0e80bf1dcd46f586fc5a2f61a21bf0.html,其他,其他,,小学,否,否
00345becdf4544814842a378bdafaacd135b,青阳县丁桥镇中心小学运动场维修改造项目合同公告,2026-07-20,安徽省,,采购合同,池州市公共资源交易平台电子交易系统,https://www.ggzy.gov.cn/information/deal/html/a/340000/0203/20260720/00345becdf4544814842a378bdafaacd135b.html,校舍维修改造,校舍维修改造,校舍维修改造,小学,否,否
0012e5298cc49c344e29bbc475a5e5696c01,天津市河西区东楼小学2026年保安服务项目_第1包,2026-07-20,天津市,,采购合同,天津市公共资源交易平台交易系统,https://www.ggzy.gov.cn/information/deal/html/a/120000/0203/20260720/0012e5298cc49c344e29bbc475a5e5696c01.html,后勤服务,其他,后勤服务,小学,否,否
001218addbad73ee4450a604d5dab50d5d5e,天津市西青区张家窝镇华旭小学安保服务外包项目_第1包,2026-07-20,天津市,,采购合同,天津市公共资源交易平台交易系统,https://www.ggzy.gov.cn/information/deal/html/a/120000/0203/20260720/001218addbad73ee4450a604d5dab50d5d5e.html,校园安防,校园安防,校园安防;后勤服务,小学,否,否
00516192885da52d4d1a98efa2ba9ccdcc68,四川大学附属中学新城分校复印机直接选定采购合同,2026-07-26,四川省,,采购合同,,https://www.ggzy.gov.cn/information/deal/html/a/510000/0203/20260726/00516192885da52d4d1a98efa2ba9ccdcc68.html,其他,其他,,一贯制未分段,否,否
00514398682d076649dabe924eb93e03305f,四川大学附属中学新城分校触控一体机直接选定采购合同,2026-07-26,四川省,,采购合同,,https://www.ggzy.gov.cn/information/deal/html/a/510000/0203/20260726/00514398682d076649dabe924eb93e03305f.html,大屏,大屏,大屏,一贯制未分段,是,是
005192838af4568c4cd3bd0f24794db04823,四川大学附属中学新城分校投影仪直接选定采购合同,2026-07-26,四川省,,采购合同,,https://www.ggzy.gov.cn/information/deal/html/a/510000/0203/20260726/005192838af4568c4cd3bd0f24794db04823.html,其他,其他,,一贯制未分段,否,否
00142307af4df1084136803107d355879b27,运城市实验中学东校区操场改造工程合同,2026-07-26,山西省,,采购合同,,https://www.ggzy.gov.cn/information/deal/html/a/140000/0203/20260726/00142307af4df1084136803107d355879b27.html,校舍维修改造,校舍维修改造,校舍维修改造,一贯制未分段,否,否
004296c264979db14c148e5f91349bb7da52,浠水县实验高级中学宿舍改造及围墙建设工程施工合同,2026-07-26,湖北省,,采购合同,湖北省政府采购网,https://www.ggzy.gov.cn/information/deal/html/a/420000/0203/20260726/004296c264979db14c148e5f91349bb7da52.html,校舍维修改造,校舍维修改造,校舍维修改造,高中,否,否
004215ee5bf31f5149c9807153ed3fde98ff,2026年武汉市第十九初级中学维修改造工程,2026-07-26,湖北省,,采购合同,湖北省政府采购网,https://www.ggzy.gov.cn/information/deal/html/a/420000/0203/20260726/004215ee5bf31f5149c9807153ed3fde98ff.html,校舍维修改造,校舍维修改造,校舍维修改造,初中,否,否
0042898da804f1124703b518e1a485ce73a8,房县姚坪中学西侧地面塌陷排危除险治理工程,2026-07-26,湖北省,,采购合同,湖北省政府采购网,https://www.ggzy.gov.cn/information/deal/html/a/420000/0203/20260726/0042898da804f1124703b518e1a485ce73a8.html,其他,其他,,一贯制未分段,否,否
0042342b63fbc9d6402d8b918d3e0c634045,湖北省水果湖高级中学屋面防水,2026-07-26,湖北省,,采购合同,湖北省政府采购网,https://www.ggzy.gov.cn/information/deal/html/a/420000/0203/20260726/0042342b63fbc9d6402d8b918d3e0c634045.html,校舍维修改造,校舍维修改造,校舍维修改造,高中,否,否
0042c4ff25e677a944c59c90a47bd925f59f,崇阳县沙坪中学运动场改造工程,2026-07-26,湖北省,,采购合同,湖北省政府采购网,https://www.ggzy.gov.cn/information/deal/html/a/420000/0203/20260726/0042c4ff25e677a944c59c90a47bd925f59f.html,校舍维修改造,校舍维修改造,校舍维修改造,一贯制未分段,否,否
0012e6e93ce0efda4c10a6be0bd8a66bf04a,天津市天津中学物业管理项目_第1包,2026-07-26,天津市,,采购合同,天津市公共资源交易平台交易系统,https://www.ggzy.gov.cn/information/deal/html/a/120000/0203/20260726/0012e6e93ce0efda4c10a6be0bd8a66bf04a.html,后勤服务,其他,后勤服务,一贯制未分段,否,否
00421cd785f962894f1b8d4150bd12aacfb0,监利市容城镇实验初级中学运动场改扩建工程,2026-07-25,湖北省,,采购合同,湖北省政府采购网,https://www.ggzy.gov.cn/information/deal/html/a/420000/0203/20260725/00421cd785f962894f1b8d4150bd12aacfb0.html,校舍维修改造,校舍维修改造,校舍维修改造,初中,否,否
0042149ab1308c2c4d69ae6b1a695de33903,2026年武汉市友谊路中学维修改造工程2包,2026-07-25,湖北省,,采购合同,湖北省政府采购网,https://www.ggzy.gov.cn/information/deal/html/a/420000/0203/20260725/0042149ab1308c2c4d69ae6b1a695de33903.html,校舍维修改造,校舍维修改造,校舍维修改造,一贯制未分段,否,否
0051dba8eac357f042099493286ff83ac157,若尔盖县纳木中学其他商务服务直接选定采购合同,2026-07-25,四川省,,采购合同,,https://www.ggzy.gov.cn/information/deal/html/a/510000/0203/20260725/0051dba8eac357f042099493286ff83ac157.html,其他,其他,,一贯制未分段,否,否
0042ee212c8e2de3481abb1f562b54db4633,武汉市第十九中学2026年维修改造项目,2026-07-25,湖北省,,采购合同,湖北省政府采购网,https://www.ggzy.gov.cn/information/deal/html/a/420000/0203/20260725/0042ee212c8e2de3481abb1f562b54db4633.html,校舍维修改造,校舍维修改造,校舍维修改造,一贯制未分段,否,否
0042cec0522084fb4b9897474df76ec7cf33,2026年武汉市第一中学维修改造工程,2026-07-25,湖北省,,采购合同,湖北省政府采购网,https://www.ggzy.gov.cn/information/deal/html/a/420000/0203/20260725/0042cec0522084fb4b9897474df76ec7cf33.html,校舍维修改造,校舍维修改造,校舍维修改造,一贯制未分段,否,否
0051d648cc2e484847deaebccb47c111a998,四川省乐至县吴仲良中学LED显示屏直接选定采购合同,2026-07-25,四川省,,采购合同,,https://www.ggzy.gov.cn/information/deal/html/a/510000/0203/20260725/0051d648cc2e484847deaebccb47c111a998.html,大屏,大屏,大屏,一贯制未分段,是,是
004276d12f3713f643d487b047d66f8106e6,孝昌县第二高级中学教学楼维修改造项目,2026-07-25,湖北省,,采购合同,湖北省政府采购网,https://www.ggzy.gov.cn/information/deal/html/a/420000/0203/20260725/004276d12f3713f643d487b047d66f8106e6.html,校舍维修改造,校舍维修改造,校舍维修改造,高中,否,否
00425de67764b4c14f2990e1a114e228f94c,钟祥市实验中学2026年改善普通高中办学条件项目（综合楼改造）,2026-07-25,湖北省,,采购合同,湖北省政府采购网,https://www.ggzy.gov.cn/information/deal/html/a/420000/0203/20260725/00425de67764b4c14f2990e1a114e228f94c.html,校舍维修改造,校舍维修改造,校舍维修改造,高中,否,否
0051fe01b1c1ac3d491c8a07aa4f2a5d3cd6,筠连县双腾初级中学壁挂式空调机直接选定采购合同,2026-07-25,四川省,,采购合同,,https://www.ggzy.gov.cn/information/deal/html/a/510000/0203/20260725/0051fe01b1c1ac3d491c8a07aa4f2a5d3cd6.html,工程配套,其他,工程配套,初中,否,否
0033b2c45f12904242398778a2562f050893,浙江省温岭中学学生宿舍管理服务采购合同,2026-07-25,浙江省,,采购合同,台州市公共资源交易网,https://www.ggzy.gov.cn/information/deal/html/a/330000/0203/20260725/0033b2c45f12904242398778a2562f050893.html,后勤服务,其他,后勤服务,一贯制未分段,否,否
0033a62b2fea7d344ccbbb83d52e92ae292c,《浙江省中学实验仪器设备购置项目》第二批采购项目(台州)合同,2026-07-24,浙江省,,采购合同,浙江政府采购云平台,https://www.ggzy.gov.cn/information/deal/html/a/330000/0203/20260724/0033a62b2fea7d344ccbbb83d52e92ae292c.html,实验室设备,实验室设备,实验室设备;教学仪器,一贯制未分段,否,否
00425347db14888e4153a3b97a637cc26254,曾都区何店初级中学综合楼改扩建,2026-07-24,湖北省,,采购合同,湖北省政府采购网,https://www.ggzy.gov.cn/information/deal/html/a/420000/0203/20260724/00425347db14888e4153a3b97a637cc26254.html,校舍维修改造,校舍维修改造,校舍维修改造,初中,否,否
0033065147d49229454483cd63b74238d571,春晖中学新建逸夫楼工程-设施设备采购项目（第二次）合同,2026-07-24,浙江省,,采购合同,绍兴市公共资源交易网,https://www.ggzy.gov.cn/information/deal/html/a/330000/0203/20260724/0033065147d49229454483cd63b74238d571.html,校舍维修改造,校舍维修改造,校舍维修改造,一贯制未分段,否,否
0042a5e94ec9174440618b892789170de166,宣恩县第一中学食堂改造升级项目施工合同,2026-07-24,湖北省,,采购合同,湖北省政府采购网,https://www.ggzy.gov.cn/information/deal/html/a/420000/0203/20260724/0042a5e94ec9174440618b892789170de166.html,校舍维修改造,校舍维修改造,校舍维修改造;食堂设备,一贯制未分段,否,否
0042c5373d5bf9524a9bb531fd9503439d24,2026年武汉市第三十六中学维修改造工程,2026-07-24,湖北省,,采购合同,湖北省政府采购网,https://www.ggzy.gov.cn/information/deal/html/a/420000/0203/20260724/0042c5373d5bf9524a9bb531fd9503439d24.html,校舍维修改造,校舍维修改造,校舍维修改造,一贯制未分段,否,否
0033fb80088d228a40dca6998baef69cc61e,杭州市源清中学教学楼修缮一期工程合同,2026-07-24,浙江省,,采购合同,杭州市公共资源交易网,https://www.ggzy.gov.cn/information/deal/html/a/330000/0203/20260724/0033fb80088d228a40dca6998baef69cc61e.html,校舍维修改造,校舍维修改造,校舍维修改造,一贯制未分段,否,否
00625d5080dc5eed47339b623fd11695ae71,武威第二十九中学教学设备采购项目(001),2026-07-24,甘肃省,,采购合同,武威市公共资源交易平台,https://www.ggzy.gov.cn/information/deal/html/a/620000/0203/20260724/00625d5080dc5eed47339b623fd11695ae71.html,教学仪器,教学仪器,教学仪器,一贯制未分段,否,否
00512131e6fb4ff34d2c9baeb537641fb54f,宜宾市第七初级中学校A4黑白打印机直接选定采购合同,2026-07-24,四川省,,采购合同,,https://www.ggzy.gov.cn/information/deal/html/a/510000/0203/20260724/00512131e6fb4ff34d2c9baeb537641fb54f.html,其他,其他,,初中,否,否
0051cd24cdc49def414aa17e7c0bb6f95456,木里藏族自治县三所初级中学精准化教学实施服务项目,2026-07-24,四川省,,采购合同,,https://www.ggzy.gov.cn/information/deal/html/a/510000/0203/20260724/0051cd24cdc49def414aa17e7c0bb6f95456.html,其他,其他,,初中,否,否
005125a8ba98ad334205866f15269aefcec0,成都东部新区第七中学校（成都七中东部学校）触控一体机直接选定采购合同,2026-07-24,四川省,,采购合同,,https://www.ggzy.gov.cn/information/deal/html/a/510000/0203/20260724/005125a8ba98ad334205866f15269aefcec0.html,大屏,大屏,大屏,一贯制未分段,是,是
005142b90bdd33584867848c6b3adf91156c,成都东部新区第七中学校（成都七中东部学校）A3彩色打印机直接选定采购合同,2026-07-24,四川省,,采购合同,,https://www.ggzy.gov.cn/information/deal/html/a/510000/0203/20260724/005142b90bdd33584867848c6b3adf91156c.html,其他,其他,,一贯制未分段,否,否
005171d77e52ec004f148f36ab2fc46b7635,宜宾市第七初级中学校触控一体机直接选定采购合同,2026-07-24,四川省,,采购合同,,https://www.ggzy.gov.cn/information/deal/html/a/510000/0203/20260724/005171d77e52ec004f148f36ab2fc46b7635.html,大屏,大屏,大屏,初中,是,是
00514fd11ee4e74748d4858ff224b41e606d,成都市双流区九江新城初级中学壁挂式空调机直接选定采购合同,2026-07-24,四川省,,采购合同,,https://www.ggzy.gov.cn/information/deal/html/a/510000/0203/20260724/00514fd11ee4e74748d4858ff224b41e606d.html,工程配套,其他,工程配套,初中,否,否
0042bee1e48cac8f4d9eb148a6ae62122e41,2026年武汉市第十二中学维修工程项目,2026-07-24,湖北省,,采购合同,湖北省政府采购网,https://www.ggzy.gov.cn/information/deal/html/a/420000/0203/20260724/0042bee1e48cac8f4d9eb148a6ae62122e41.html,校舍维修改造,校舍维修改造,校舍维修改造,一贯制未分段,否,否
005176b6560919a74d2583652e759705865e,四川省广安中学多功能一体机直接选定采购合同,2026-07-24,四川省,,采购合同,,https://www.ggzy.gov.cn/information/deal/html/a/510000/0203/20260724/005176b6560919a74d2583652e759705865e.html,其他,其他,,一贯制未分段,否,否
0051311a073fcf1d41368ec453c9e9bf4c33,四川省广安中学复印纸直接选定采购合同,2026-07-24,四川省,,采购合同,,https://www.ggzy.gov.cn/information/deal/html/a/510000/0203/20260724/0051311a073fcf1d41368ec453c9e9bf4c33.html,其他,其他,,一贯制未分段,否,否
0051441d16c8e23249a89098243ec0304b53,四川省广安中学柜式空调机直接选定采购合同,2026-07-24,四川省,,采购合同,,https://www.ggzy.gov.cn/information/deal/html/a/510000/0203/20260724/0051441d16c8e23249a89098243ec0304b53.html,工程配套,其他,工程配套,一贯制未分段,否,否
00517a7f847a840f4da1ba25f99950fb0ce1,成都市双流区九江新城初级中学柜式空调机直接选定采购合同,2026-07-24,四川省,,采购合同,,https://www.ggzy.gov.cn/information/deal/html/a/510000/0203/20260724/00517a7f847a840f4da1ba25f99950fb0ce1.html,工程配套,其他,工程配套,初中,否,否
0013be663c53acb74903a1f1eb794b9f0517,河北黄骅中学智能化教学设备采购项目（二标段：智慧教室）,2026-07-24,河北省,,采购合同,,https://www.ggzy.gov.cn/information/deal/html/a/130000/0203/20260724/0013be663c53acb74903a1f1eb794b9f0517.html,教学仪器,教学仪器,教学仪器,一贯制未分段,否,否
0013d2b4345b65d74d74b5c15e5da541d411,河北黄骅中学智能化教学设备采购项目（一标段：智能化AI设备）,2026-07-24,河北省,,采购合同,,https://www.ggzy.gov.cn/information/deal/html/a/130000/0203/20260724/0013d2b4345b65d74d74b5c15e5da541d411.html,人工智能,人工智能,人工智能;教学仪器,一贯制未分段,是,是
0062f0394bcd58bc4dc191dea7ba7662ac21,平凉市第七中学科创楼及运动场建设设备采购项目003合同,2026-07-24,甘肃省,,采购合同,平凉市公共资源交易平台,https://www.ggzy.gov.cn/information/deal/html/a/620000/0203/20260724/0062f0394bcd58bc4dc191dea7ba7662ac21.html,校舍维修改造,校舍维修改造,校舍维修改造,一贯制未分段,否,否
0062d0e118f1170c44e6b40368f93564ba16,平凉市第七中学科创楼及运动场建设设备采购项目002合同,2026-07-24,甘肃省,,采购合同,平凉市公共资源交易平台,https://www.ggzy.gov.cn/information/deal/html/a/620000/0203/20260724/0062d0e118f1170c44e6b40368f93564ba16.html,校舍维修改造,校舍维修改造,校舍维修改造,一贯制未分段,否,否
00625300b5cb745041248ef8c46220918d25,平凉市第七中学科创楼及运动场建设设备采购项目001合同,2026-07-24,甘肃省,,采购合同,平凉市公共资源交易平台,https://www.ggzy.gov.cn/information/deal/html/a/620000/0203/20260724/00625300b5cb745041248ef8c46220918d25.html,校舍维修改造,校舍维修改造,校舍维修改造,一贯制未分段,否,否
0033c14fdc5dd5fa4595bab0f90e6111db66,杭州市丁兰实验中学学校整体改造工程合同,2026-07-24,浙江省,,采购合同,杭州市公共资源交易网,https://www.ggzy.gov.cn/information/deal/html/a/330000/0203/20260724/0033c14fdc5dd5fa4595bab0f90e6111db66.html,校舍维修改造,校舍维修改造,校舍维修改造,一贯制未分段,否,否
004392074620d21f44b1934279712d000941,南县麻河口镇方谷初级中学综合楼装饰装修及校园道路维修工程合同,2026-07-24,湖南省,,采购合同,,https://www.ggzy.gov.cn/information/deal/html/a/430000/0203/20260724/004392074620d21f44b1934279712d000941.html,校舍维修改造,校舍维修改造,校舍维修改造,初中,否,否
00435095fae4aa274f7bbd446f242470622a,南县第六中学女生宿舍装饰装修及篮球场修缮工程合同,2026-07-24,湖南省,,采购合同,,https://www.ggzy.gov.cn/information/deal/html/a/430000/0203/20260724/00435095fae4aa274f7bbd446f242470622a.html,校舍维修改造,校舍维修改造,校舍维修改造;工程配套,一贯制未分段,否,否
0043781d6893262344bd9e5be6fd1148194d,南县三仙湖镇初级中学学生宿舍装饰装修工程合同,2026-07-24,湖南省,,采购合同,,https://www.ggzy.gov.cn/information/deal/html/a/430000/0203/20260724/0043781d6893262344bd9e5be6fd1148194d.html,其他,其他,,初中,否,否
00518b923cc4f5144554a22c58837c548274,四川省双流中学壁挂式空调机直接选定采购合同,2026-07-24,四川省,,采购合同,,https://www.ggzy.gov.cn/information/deal/html/a/510000/0203/20260724/00518b923cc4f5144554a22c58837c548274.html,工程配套,其他,工程配套,一贯制未分段,否,否
0042f4b4c1d303ce48b390cc22c24ba03202,监利市朱河镇芦陵初级中学教学楼及食堂维修项目,2026-07-24,湖北省,,采购合同,湖北省政府采购网,https://www.ggzy.gov.cn/information/deal/html/a/420000/0203/20260724/0042f4b4c1d303ce48b390cc22c24ba03202.html,校舍维修改造,校舍维修改造,校舍维修改造;食堂设备,初中,否,否
00450e1867547fbf4b13aed4e71c3634a84f,贵港市港南中学物业服务招标【合同】,2026-07-24,广西壮族自治区,,采购合同,贵港市公共资源交易平台,https://www.ggzy.gov.cn/information/deal/html/a/450000/0203/20260724/00450e1867547fbf4b13aed4e71c3634a84f.html,后勤服务,其他,后勤服务,一贯制未分段,否,否
0042d36394e55110463c83d416169538e0ea,大冶市尹家湖中学校舍维修,2026-07-24,湖北省,,采购合同,湖北省政府采购网,https://www.ggzy.gov.cn/information/deal/html/a/420000/0203/20260724/0042d36394e55110463c83d416169538e0ea.html,校舍维修改造,校舍维修改造,校舍维修改造,一贯制未分段,否,否
003314fa13a576724c06925592cdfb3a0682,顾国和中学2026年暑期维修改造项目合同,2026-07-24,浙江省,,采购合同,宁波市公共资源交易网,https://www.ggzy.gov.cn/information/deal/html/a/330000/0203/20260724/003314fa13a576724c06925592cdfb3a0682.html,校舍维修改造,校舍维修改造,校舍维修改造,一贯制未分段,否,否
00145bbef09f070f42dcb7b29fa40dd5160c,绛县职业中学机电专业工业机器人实训室项目合同,2026-07-24,山西省,,采购合同,,https://www.ggzy.gov.cn/information/deal/html/a/140000/0203/20260724/00145bbef09f070f42dcb7b29fa40dd5160c.html,实验室设备,实验室设备,实验室设备,一贯制未分段,否,否
00133d2266d7423f4ed58de837cbf08a5497,南皮县第一中学北校区学生餐厅设备采购项目,2026-07-24,河北省,,采购合同,,https://www.ggzy.gov.cn/information/deal/html/a/130000/0203/20260724/00133d2266d7423f4ed58de837cbf08a5497.html,食堂设备,食堂设备,食堂设备,一贯制未分段,否,否
005130b31ffa495b4d5990101a40451f2776,宜宾市第十六中学校扩容改建项目（电器设备）(四次),2026-07-24,四川省,,采购合同,,https://www.ggzy.gov.cn/information/deal/html/a/510000/0203/20260724/005130b31ffa495b4d5990101a40451f2776.html,其他,其他,,一贯制未分段,否,否
00515953dd23d6274715b242023d5ceb7ccc,四川省石棉县民族中学壁挂式空调机直接选定采购合同,2026-07-24,四川省,,采购合同,,https://www.ggzy.gov.cn/information/deal/html/a/510000/0203/20260724/00515953dd23d6274715b242023d5ceb7ccc.html,工程配套,其他,工程配套,一贯制未分段,否,否
0033375fd65a37f04567a080393f3cc65c43,杭州学军中学桐庐学校生物组培与分子实验室项目合同,2026-07-24,浙江省,,采购合同,杭州市公共资源交易网,https://www.ggzy.gov.cn/information/deal/html/a/330000/0203/20260724/0033375fd65a37f04567a080393f3cc65c43.html,实验室设备,实验室设备,实验室设备,一贯制未分段,否,否
00517b5383e3901245e2a639363b2ecc697a,四川省犍为县清溪高级中学壁挂式空调机直接选定采购合同,2026-07-24,四川省,,采购合同,,https://www.ggzy.gov.cn/information/deal/html/a/510000/0203/20260724/00517b5383e3901245e2a639363b2ecc697a.html,工程配套,其他,工程配套,高中,否,否
00510c980cd4ce7c482bac9a1910e480aeb1,旺苍中学女生公寓木床采购,2026-07-24,四川省,,采购合同,,https://www.ggzy.gov.cn/information/deal/html/a/510000/0203/20260724/00510c980cd4ce7c482bac9a1910e480aeb1.html,其他,其他,,一贯制未分段,否,否
0014d6282467d0974f6c8b57e81f0357554c,晋中市太谷区职业中学校建筑装饰技术专业高水平实训基地建设教学软件采购合同,2026-07-24,山西省,,采购合同,,https://www.ggzy.gov.cn/information/deal/html/a/140000/0203/20260724/0014d6282467d0974f6c8b57e81f0357554c.html,教学软件,教学软件,教学软件,一贯制未分段,是,是
003371d6c44ddd554fc1b6b35639ac737eb5,余姚市子陵中学教育集团世南校区暑期改造维修工程合同,2026-07-24,浙江省,,采购合同,宁波市公共资源交易网,https://www.ggzy.gov.cn/information/deal/html/a/330000/0203/20260724/003371d6c44ddd554fc1b6b35639ac737eb5.html,校舍维修改造,校舍维修改造,校舍维修改造,一贯制未分段,否,否
00315cb9c58b27b649b290c2c25a2d2739a6,2026年浦东新区新开办学校教学仪器设备（华东师范大学第二附属中学浦东临港实验学校）的合同,2026-07-24,上海市,,采购合同,上海政府采购网,https://www.ggzy.gov.cn/information/deal/html/a/310000/0203/20260724/00315cb9c58b27b649b290c2c25a2d2739a6.html,教学仪器,教学仪器,教学仪器,一贯制未分段,否,否
005277740dbafc7143e9a8919d09ee240692,贵阳市第三实验中学（窦官校区）2026—2027年安保服务项目合同,2026-07-24,贵州省,,采购合同,贵阳市公共资源交易中心,https://www.ggzy.gov.cn/information/deal/html/a/520000/0203/20260724/005277740dbafc7143e9a8919d09ee240692.html,校园安防,校园安防,校园安防,一贯制未分段,否,否
0031f406fd7d99784774af8d69a4f2e2a63e,2026年浦东新区新开办学校理化生实验室、教学仪器设备（上海南汇中学）的合同,2026-07-24,上海市,,采购合同,上海政府采购网,https://www.ggzy.gov.cn/information/deal/html/a/310000/0203/20260724/0031f406fd7d99784774af8d69a4f2e2a63e.html,实验室设备,实验室设备,实验室设备;教学仪器,一贯制未分段,否,否
0033b47d032de1b442c798e7def6a96db478,景宁畲族自治县城北中学风雨连廊建设工程合同,2026-07-24,浙江省,,采购合同,丽水市公共资源交易网,https://www.ggzy.gov.cn/information/deal/html/a/330000/0203/20260724/0033b47d032de1b442c798e7def6a96db478.html,其他,其他,,一贯制未分段,否,否
0033172ed71c679a480a8d3a22c689f02342,杭州市余杭区杜甫中学关于2026年-2027年食堂服务外包采购项目合同,2026-07-24,浙江省,,采购合同,杭州市公共资源交易网,https://www.ggzy.gov.cn/information/deal/html/a/330000/0203/20260724/0033172ed71c679a480a8d3a22c689f02342.html,食堂设备,食堂设备,食堂设备;后勤服务,一贯制未分段,否,否
005150b2bab697f4454c895e92cd4508295c,隆昌市城关职业中学智慧图书馆采购项目,2026-07-24,四川省,,采购合同,,https://www.ggzy.gov.cn/information/deal/html/a/510000/0203/20260724/005150b2bab697f4454c895e92cd4508295c.html,图书,图书,图书,一贯制未分段,否,否
0033644cf0f6a17e4f16965b15e66254665f,嘉兴高级中学新校空调设备采购项目合同,2026-07-24,浙江省,,采购合同,嘉兴市公共资源交易网,https://www.ggzy.gov.cn/information/deal/html/a/330000/0203/20260724/0033644cf0f6a17e4f16965b15e66254665f.html,工程配套,其他,工程配套,高中,否,否
00518bef9e0e1205429dab42d443a5612242,泸州市第十二初级中学校A4黑白打印机直接选定采购合同,2026-07-24,四川省,,采购合同,,https://www.ggzy.gov.cn/information/deal/html/a/510000/0203/20260724/00518bef9e0e1205429dab42d443a5612242.html,其他,其他,,初中,否,否
0031da2dd13c6e164755a1c17abe94717c83,2026年浦东新区新开办学校教学仪器设备（上海市五三中学）的合同,2026-07-24,上海市,,采购合同,上海政府采购网,https://www.ggzy.gov.cn/information/deal/html/a/310000/0203/20260724/0031da2dd13c6e164755a1c17abe94717c83.html,教学仪器,教学仪器,教学仪器,一贯制未分段,否,否
0051c4034614482a488998250d8ac2d023f7,四川省眉山第一中学柜式空调机等直接选定采购合同,2026-07-24,四川省,,采购合同,,https://www.ggzy.gov.cn/information/deal/html/a/510000/0203/20260724/0051c4034614482a488998250d8ac2d023f7.html,工程配套,其他,工程配套,一贯制未分段,否,否
0034008cea8b4bfa42d880599a40426ef1ee,砀山中学新校区标准化考点建设项目合同备案,2026-07-24,安徽省,,采购合同,宿州市公共资源交易平台电子交易系统,https://www.ggzy.gov.cn/information/deal/html/a/340000/0203/20260724/0034008cea8b4bfa42d880599a40426ef1ee.html,其他,其他,,一贯制未分段,否,否
001430bc2e7815064e618d476bc177989b3c,翼城县第四中学校校园改造工程合同,2026-07-24,山西省,,采购合同,,https://www.ggzy.gov.cn/information/deal/html/a/140000/0203/20260724/001430bc2e7815064e618d476bc177989b3c.html,校舍维修改造,校舍维修改造,校舍维修改造,一贯制未分段,否,否
0051869a1d5b800344a38d98aec19dc370b3,甘洛县第二中学信息化场馆建设项目,2026-07-24,四川省,,采购合同,,https://www.ggzy.gov.cn/information/deal/html/a/510000/0203/20260724/0051869a1d5b800344a38d98aec19dc370b3.html,信息化,信息化,信息化,一贯制未分段,是,是
00336a8b4aa8167e40b6adec24564cbe2972,余姚市第八中学物业管理服务项目合同,2026-07-24,浙江省,,采购合同,宁波市公共资源交易网,https://www.ggzy.gov.cn/information/deal/html/a/330000/0203/20260724/00336a8b4aa8167e40b6adec24564cbe2972.html,后勤服务,其他,后勤服务,一贯制未分段,否,否
00332c0d6bae21f3486aa0f31cc9b7f42336,丽水经济开发区中学风雨操场修缮项目合同,2026-07-24,浙江省,,采购合同,丽水市公共资源交易网,https://www.ggzy.gov.cn/information/deal/html/a/330000/0203/20260724/00332c0d6bae21f3486aa0f31cc9b7f42336.html,校舍维修改造,校舍维修改造,校舍维修改造,一贯制未分段,否,否
0033fa05c0037b2f489aa942ac2995d7dca6,2026年杭州市塘栖中学教职工暑期疗休养采购项目合同,2026-07-24,浙江省,,采购合同,杭州市公共资源交易网,https://www.ggzy.gov.cn/information/deal/html/a/330000/0203/20260724/0033fa05c0037b2f489aa942ac2995d7dca6.html,其他,其他,,一贯制未分段,否,否
003306447f45315d4542a14a12e268efdc38,浙江省临安中学2026年度职工疗休养项目合同,2026-07-24,浙江省,,采购合同,杭州市公共资源交易网,https://www.ggzy.gov.cn/information/deal/html/a/330000/0203/20260724/003306447f45315d4542a14a12e268efdc38.html,其他,其他,,一贯制未分段,否,否
0014f152b35d30f8425d8f424859c0a3b222,晋城市矿区中学心理辅导中心设备采购项目合同,2026-07-24,山西省,,采购合同,,https://www.ggzy.gov.cn/information/deal/html/a/140000/0203/20260724/0014f152b35d30f8425d8f424859c0a3b222.html,其他,其他,,一贯制未分段,否,否
0051cfc652d526a9426d9e320db37fbdd383,甘洛县第二中学办公桌椅及厨房设备采购项目,2026-07-24,四川省,,采购合同,,https://www.ggzy.gov.cn/information/deal/html/a/510000/0203/20260724/0051cfc652d526a9426d9e320db37fbdd383.html,课桌椅,课桌椅,课桌椅;食堂设备,一贯制未分段,否,否
00447bcee6d4739443de903bba2526dacbcb,广州市番禺区洛溪新城中学自营食堂人员服务采购项目,2026-07-24,广东省,,采购合同,,https://www.ggzy.gov.cn/information/deal/html/a/440000/0203/20260724/00447bcee6d4739443de903bba2526dacbcb.html,食堂设备,食堂设备,食堂设备,一贯制未分段,否,否
0035fc6420b746d84995a499357c62bb70b1,德化六中学生运动场等改造工程,2026-07-24,福建省,,采购合同,泉州市公共资源交易中心,https://www.ggzy.gov.cn/information/deal/html/a/350000/0203/20260724/0035fc6420b746d84995a499357c62bb70b1.html,校舍维修改造,校舍维修改造,校舍维修改造,一贯制未分段,否,否
0035a0b74c27c48940e3808d40ee2c0b1385,枋洋中学操场改造提升工程,2026-07-24,福建省,,采购合同,漳州市公共资源交易中心,https://www.ggzy.gov.cn/information/deal/html/a/350000/0203/20260724/0035a0b74c27c48940e3808d40ee2c0b1385.html,校舍维修改造,校舍维修改造,校舍维修改造,一贯制未分段,否,否
00357767e0e182404860849c9920d113412d,永安市第九中学宿舍楼空调用电改造项目,2026-07-24,福建省,,采购合同,三明市公共资源交易中心,https://www.ggzy.gov.cn/information/deal/html/a/350000/0203/20260724/00357767e0e182404860849c9920d113412d.html,校舍维修改造,校舍维修改造,校舍维修改造;工程配套,一贯制未分段,否,否
00352da66d884fa447dba57bd2a1cb0a8ec8,2026年福建省青少年校园足球联赛暨中学生足球锦标赛（高中组、中职组）（含男女组别）,2026-07-24,福建省,,采购合同,南平市招标投标服务中心,https://www.ggzy.gov.cn/information/deal/html/a/350000/0203/20260724/00352da66d884fa447dba57bd2a1cb0a8ec8.html,其他,其他,,高中,否,否
0034743fba1677f64f6c818cd11f4d41783b,市十二中学生食堂（餐厅）、挡土墙等维修（二次）合同备案,2026-07-24,安徽省,,采购合同,宣城市公共资源交易平台电子交易系统,https://www.ggzy.gov.cn/information/deal/html/a/340000/0203/20260724/0034743fba1677f64f6c818cd11f4d41783b.html,校舍维修改造,校舍维修改造,校舍维修改造;食堂设备,一贯制未分段,否,否
00346379bf902200498a920bddabbcf2be36,宣城中学校舍及设施设备维修改造工程（第一包）合同备案,2026-07-24,安徽省,,采购合同,宣城市公共资源交易平台电子交易系统,https://www.ggzy.gov.cn/information/deal/html/a/340000/0203/20260724/00346379bf902200498a920bddabbcf2be36.html,校舍维修改造,校舍维修改造,校舍维修改造,一贯制未分段,否,否
003437f0d9d1a8ea4ac682e2624de7d8e512,安徽省阜阳第一中学泉河校区物业管理服务项目合同,2026-07-24,安徽省,,采购合同,阜阳市公共资源交易平台电子交易系统,https://www.ggzy.gov.cn/information/deal/html/a/340000/0203/20260724/003437f0d9d1a8ea4ac682e2624de7d8e512.html,后勤服务,其他,后勤服务,一贯制未分段,否,否
0051fe6751f10f2644c180d8b1be6c2d7b69,泸州市第十二初级中学校台式计算机直接选定采购合同,2026-07-23,四川省,,采购合同,,https://www.ggzy.gov.cn/information/deal/html/a/510000/0203/20260723/0051fe6751f10f2644c180d8b1be6c2d7b69.html,信息化设备,信息化设备,信息化设备,初中,是,是
005141fcf323c5eb4f318e5b1fb193ea4546,泸州市第十二初级中学校便携式计算机直接选定采购合同,2026-07-23,四川省,,采购合同,,https://www.ggzy.gov.cn/information/deal/html/a/510000/0203/20260723/005141fcf323c5eb4f318e5b1fb193ea4546.html,信息化设备,信息化设备,信息化设备,初中,是,是
003342fc2b6b899647e3873050188f22297b,杭州高级中学钱塘学校校园人工草坪足球场改造项目合同,2026-07-23,浙江省,,采购合同,杭州市公共资源交易网,https://www.ggzy.gov.cn/information/deal/html/a/330000/0203/20260723/003342fc2b6b899647e3873050188f22297b.html,校舍维修改造,校舍维修改造,校舍维修改造;工程配套,高中,否,否
00335ae0ebf805074e0c9ffa8facb3035d06,镇海区龙赛中学改扩建工程食堂厨房设备采购安装项目合同,2026-07-23,浙江省,,采购合同,宁波市公共资源交易网,https://www.ggzy.gov.cn/information/deal/html/a/330000/0203/20260723/00335ae0ebf805074e0c9ffa8facb3035d06.html,校舍维修改造,校舍维修改造,校舍维修改造;食堂设备,一贯制未分段,否,否
0051ccadb3dfae794b4f8e15af3dc07e3dcc,四川省绵阳普明中学柜式空调机等直接选定采购合同,2026-07-23,四川省,,采购合同,,https://www.ggzy.gov.cn/information/deal/html/a/510000/0203/20260723/0051ccadb3dfae794b4f8e15af3dc07e3dcc.html,工程配套,其他,工程配套,一贯制未分段,否,否
0051f05e6a1061df45809d7da64d555522f9,四川省隆昌市第二中学LED显示屏直接选定采购合同,2026-07-23,四川省,,采购合同,,https://www.ggzy.gov.cn/information/deal/html/a/510000/0203/20260723/0051f05e6a1061df45809d7da64d555522f9.html,大屏,大屏,大屏,一贯制未分段,是,是
0014a9dd2554347240bb9a99880106f1ad12,翼城县第五中学校消防水池及配套设施工程合同,2026-07-23,山西省,,采购合同,,https://www.ggzy.gov.cn/information/deal/html/a/140000/0203/20260723/0014a9dd2554347240bb9a99880106f1ad12.html,校园安防,校园安防,校园安防,一贯制未分段,否,否
0014affc3c5cf40c44009d18fcaa999be932,新建绛县中学校配套设施设备采购项目智慧教室系统采购合同,2026-07-23,山西省,,采购合同,,https://www.ggzy.gov.cn/information/deal/html/a/140000/0203/20260723/0014affc3c5cf40c44009d18fcaa999be932.html,校舍维修改造,校舍维修改造,校舍维修改造,一贯制未分段,否,否
0033daa8dac3222a476e97ec6bd927bf1116,宁波市北仑职业高级中学学生寝室改造工程合同,2026-07-23,浙江省,,采购合同,宁波市公共资源交易网,https://www.ggzy.gov.cn/information/deal/html/a/330000/0203/20260723/0033daa8dac3222a476e97ec6bd927bf1116.html,校舍维修改造,校舍维修改造,校舍维修改造,高中,否,否
00330e1f0fd97a2b48e9976f0e44ba302525,浙江省平阳县第二中学学生宿舍床等合同,2026-07-23,浙江省,,采购合同,温州市公共资源交易网,https://www.ggzy.gov.cn/information/deal/html/a/330000/0203/20260723/00330e1f0fd97a2b48e9976f0e44ba302525.html,其他,其他,,一贯制未分段,否,否
005183534022b40c41b7b72dbf0a6ebc25f0,宜宾市第十初级中学校触控一体机直接选定采购合同,2026-07-23,四川省,,采购合同,,https://www.ggzy.gov.cn/information/deal/html/a/510000/0203/20260723/005183534022b40c41b7b72dbf0a6ebc25f0.html,大屏,大屏,大屏,初中,是,是
003395e3b69374dc45c78a13e1b7f8bbb095,《浙江省中学实验仪器设备购置项目》第二批采购项目(温州）合同,2026-07-23,浙江省,,采购合同,浙江政府采购云平台,https://www.ggzy.gov.cn/information/deal/html/a/330000/0203/20260723/003395e3b69374dc45c78a13e1b7f8bbb095.html,实验室设备,实验室设备,实验室设备;教学仪器,一贯制未分段,否,否
0013861349c473d84b949ec1d8a84a6ed4ae,盐山中学学生宿舍楼供饮水改造工程项目,2026-07-23,河北省,,采购合同,,https://www.ggzy.gov.cn/information/deal/html/a/130000/0203/20260723/0013861349c473d84b949ec1d8a84a6ed4ae.html,校舍维修改造,校舍维修改造,校舍维修改造;工程配套,一贯制未分段,否,否
0013ddca28119c85488795994cd3ae80f8d6,盐山中学更换学生宿舍阳台门工程项目,2026-07-23,河北省,,采购合同,,https://www.ggzy.gov.cn/information/deal/html/a/130000/0203/20260723/0013ddca28119c85488795994cd3ae80f8d6.html,其他,其他,,一贯制未分段,否,否
00343a2f28cd3fd54abdbf8498b0f10ef008,合肥市第五中学2026年市属学校校舍维修及校园环境整治第1、3包（二次）第3包,2026-07-23,安徽省,,采购合同,,https://www.ggzy.gov.cn/information/deal/html/a/340000/0203/20260723/00343a2f28cd3fd54abdbf8498b0f10ef008.html,校舍维修改造,校舍维修改造,校舍维修改造,一贯制未分段,否,否
0062ebe4eee0e01a46f2813aa8f03ea5b0a6,镇原县城关初级中学校园消防设施改造提升项目001合同,2026-07-23,甘肃省,,采购合同,庆阳市公共资源交易平台,https://www.ggzy.gov.cn/information/deal/html/a/620000/0203/20260723/0062ebe4eee0e01a46f2813aa8f03ea5b0a6.html,校舍维修改造,校舍维修改造,校舍维修改造;校园安防,初中,否,否
00342661a858d2b947d090c2c790b26672e7,合肥市第五中学2026年市属学校校舍维修及校园环境整治第1、3包（二次）第1包,2026-07-23,安徽省,,采购合同,,https://www.ggzy.gov.cn/information/deal/html/a/340000/0203/20260723/00342661a858d2b947d090c2c790b26672e7.html,校舍维修改造,校舍维修改造,校舍维修改造,一贯制未分段,否,否
00518ce8cae0fb014a8ab4974e13eca5bf7b,八中学生活动中心及排危改造项目,2026-07-23,四川省,,采购合同,,https://www.ggzy.gov.cn/information/deal/html/a/510000/0203/20260723/00518ce8cae0fb014a8ab4974e13eca5bf7b.html,校舍维修改造,校舍维修改造,校舍维修改造,一贯制未分段,否,否
00335d6536a35dc444e991035c0a6e2aef48,仁和中学2026年教职工疗休养项目合同,2026-07-23,浙江省,,采购合同,杭州市公共资源交易网,https://www.ggzy.gov.cn/information/deal/html/a/330000/0203/20260723/00335d6536a35dc444e991035c0a6e2aef48.html,其他,其他,,一贯制未分段,否,否
00518dab246dca174c0bb64d10a3a6d0ddff,成都市石室联合中学（西区）壁挂式空调机直接选定采购合同,2026-07-23,四川省,,采购合同,,https://www.ggzy.gov.cn/information/deal/html/a/510000/0203/20260723/00518dab246dca174c0bb64d10a3a6d0ddff.html,工程配套,其他,工程配套,一贯制未分段,否,否
0031166d706306d843cca558cad667e3e642,扬子中学理化生实验室升级改造项目的合同,2026-07-23,上海市,,采购合同,上海政府采购网,https://www.ggzy.gov.cn/information/deal/html/a/310000/0203/20260723/0031166d706306d843cca558cad667e3e642.html,校舍维修改造,校舍维修改造,校舍维修改造;实验室设备,一贯制未分段,否,否
00337be1013cc9e0414a978d8c0db6c31528,浙江省临安中学2026年度职工疗休养项目合同,2026-07-23,浙江省,,采购合同,杭州市公共资源交易网,https://www.ggzy.gov.cn/information/deal/html/a/330000/0203/20260723/00337be1013cc9e0414a978d8c0db6c31528.html,其他,其他,,一贯制未分段,否,否
00332d30f24cfbbe42c0a794a4134b5b063d,新昌县城关中学2026年教职工疗休养服务项目合同,2026-07-23,浙江省,,采购合同,绍兴市公共资源交易网,https://www.ggzy.gov.cn/information/deal/html/a/330000/0203/20260723/00332d30f24cfbbe42c0a794a4134b5b063d.html,其他,其他,,一贯制未分段,否,否
0013613a47974fbb4166a151dd63b439ed15,逸夫中学采暖管道维修改造工程,2026-07-23,河北省,,采购合同,秦皇岛市公共资源交易网,https://www.ggzy.gov.cn/information/deal/html/a/130000/0203/20260723/0013613a47974fbb4166a151dd63b439ed15.html,校舍维修改造,校舍维修改造,校舍维修改造,一贯制未分段,否,否
0033947e622196314c15ac6e6909f79e2238,浙江省杭州第二中学滨江校区师生健康活动中心综合修缮合同,2026-07-23,浙江省,,采购合同,杭州市公共资源交易网,https://www.ggzy.gov.cn/information/deal/html/a/330000/0203/20260723/0033947e622196314c15ac6e6909f79e2238.html,校舍维修改造,校舍维修改造,校舍维修改造,一贯制未分段,否,否
005170c683340d7b4a3caa1218919c66c8c8,四川省成都市第十一中学（四川省成都市女子实验中学）台式计算机直接选定采购合同,2026-07-23,四川省,,采购合同,,https://www.ggzy.gov.cn/information/deal/html/a/510000/0203/20260723/005170c683340d7b4a3caa1218919c66c8c8.html,信息化设备,信息化设备,信息化设备,一贯制未分段,是,是
003327d4642a068e4735bdf07903b40c6454,诸暨中学学生宿舍热水系统设备采购项目合同,2026-07-23,浙江省,,采购合同,绍兴市公共资源交易网,https://www.ggzy.gov.cn/information/deal/html/a/330000/0203/20260723/003327d4642a068e4735bdf07903b40c6454.html,工程配套,其他,工程配套,一贯制未分段,否,否
00337cf0ee6eb23a4b57b4a794843d29658b,平阳县万全镇宋桥中学运动场改造工程合同,2026-07-23,浙江省,,采购合同,温州市公共资源交易网,https://www.ggzy.gov.cn/information/deal/html/a/330000/0203/20260723/00337cf0ee6eb23a4b57b4a794843d29658b.html,校舍维修改造,校舍维修改造,校舍维修改造,一贯制未分段,否,否
00331e40a672de3e4ff48b0d3d7b323e3f9b,仙居县横溪镇新生中学运动场中心区地面、主席台网架加固、新建体育辅助用房、食堂操作区提升等改造工程合同,2026-07-23,浙江省,,采购合同,台州市公共资源交易网,https://www.ggzy.gov.cn/information/deal/html/a/330000/0203/20260723/00331e40a672de3e4ff48b0d3d7b323e3f9b.html,校舍维修改造,校舍维修改造,校舍维修改造;食堂设备,一贯制未分段,否,否
00511ef0e2a3bde34d4193bd7846df1188df,木里藏族自治县中学触控一体机直接选定采购合同,2026-07-23,四川省,,采购合同,,https://www.ggzy.gov.cn/information/deal/html/a/510000/0203/20260723/00511ef0e2a3bde34d4193bd7846df1188df.html,大屏,大屏,大屏,一贯制未分段,是,是
00510a9a8c2eca9a46c69718a7811dd6fb9a,四川省井研县井研中学复印纸二次竞价采购合同,2026-07-23,四川省,,采购合同,,https://www.ggzy.gov.cn/information/deal/html/a/510000/0203/20260723/00510a9a8c2eca9a46c69718a7811dd6fb9a.html,其他,其他,,一贯制未分段,否,否
00510a46e6f6d05b4129ad2020169700fa2b,四川省成都市树德中学怡心湖学校壁挂式空调机直接选定采购合同,2026-07-23,四川省,,采购合同,,https://www.ggzy.gov.cn/information/deal/html/a/510000/0203/20260723/00510a46e6f6d05b4129ad2020169700fa2b.html,工程配套,其他,工程配套,一贯制未分段,否,否
001407a66840fc1d4d289b9af285eba3c30d,襄垣县第一中学校教学区改造工程合同,2026-07-23,山西省,,采购合同,,https://www.ggzy.gov.cn/information/deal/html/a/140000/0203/20260723/001407a66840fc1d4d289b9af285eba3c30d.html,校舍维修改造,校舍维修改造,校舍维修改造,一贯制未分段,否,否
0014121171dec95f423392ffd0129c2d0320,襄垣县第一中学校教学楼内墙粉刷工程合同,2026-07-23,山西省,,采购合同,,https://www.ggzy.gov.cn/information/deal/html/a/140000/0203/20260723/0014121171dec95f423392ffd0129c2d0320.html,其他,其他,,一贯制未分段,否,否
0046ef68af6fea824db38458ae0aa9c67dd1,海口市第一中学高中部篮球场、排球场、羽毛球场改造项目,2026-07-23,海南省,,采购合同,,https://www.ggzy.gov.cn/information/deal/html/a/460000/0203/20260723/0046ef68af6fea824db38458ae0aa9c67dd1.html,校舍维修改造,校舍维修改造,校舍维修改造;工程配套,高中,否,否
00463374ee7d798a4111954920e498043783,海口市第一中学高中部学生公寓改造项目,2026-07-23,海南省,,采购合同,,https://www.ggzy.gov.cn/information/deal/html/a/460000/0203/20260723/00463374ee7d798a4111954920e498043783.html,校舍维修改造,校舍维修改造,校舍维修改造,高中,否,否
0033ac73e4dc4b254b4ca8c7dd1126920cda,云和县梅源中学校舍提升改造工程分布式光伏发电采购项目合同,2026-07-23,浙江省,,采购合同,丽水市公共资源交易网,https://www.ggzy.gov.cn/information/deal/html/a/330000/0203/20260723/0033ac73e4dc4b254b4ca8c7dd1126920cda.html,校舍维修改造,校舍维修改造,校舍维修改造;工程配套,一贯制未分段,否,否
004666e9ae5ce50245b09033aeea62579d17,儋州市两院中学学生宿舍空调线路改造工程,2026-07-23,海南省,,采购合同,,https://www.ggzy.gov.cn/information/deal/html/a/460000/0203/20260723/004666e9ae5ce50245b09033aeea62579d17.html,校舍维修改造,校舍维修改造,校舍维修改造;工程配套,一贯制未分段,否,否
004585405043558e4d24a58c7ea6aec76527,改善普通高中学校办学条件资金项目（设备采购）【合同】,2026-07-23,广西壮族自治区,,采购合同,贵港市公共资源交易平台,https://www.ggzy.gov.cn/information/deal/html/a/450000/0203/20260723/004585405043558e4d24a58c7ea6aec76527.html,其他,其他,,高中,否,否
00627cf6e91c00e84ebf9a2299d603b11242, 2026年镇原县临泾初级中学校舍维修项目合同,2026-07-23,甘肃省,,采购合同,庆阳市公共资源交易平台,https://www.ggzy.gov.cn/information/deal/html/a/620000/0203/20260723/00627cf6e91c00e84ebf9a2299d603b11242.html,校舍维修改造,校舍维修改造,校舍维修改造,初中,否,否
0034cd4fa3f1b9924cf49f5610e4cc1bf6ae,2026年芜湖市田家炳中学王稼祥纪念园维修工程合同,2026-07-23,安徽省,,采购合同,芜湖市公共资源交易平台电子交易系统,https://www.ggzy.gov.cn/information/deal/html/a/340000/0203/20260723/0034cd4fa3f1b9924cf49f5610e4cc1bf6ae.html,校舍维修改造,校舍维修改造,校舍维修改造,一贯制未分段,否,否
00335720389422e74656a8a5672942b67012,长兴县龙山中学卫生间改造及教学楼伸缩缝盖板维修项目合同,2026-07-23,浙江省,,采购合同,湖州市公共资源交易网,https://www.ggzy.gov.cn/information/deal/html/a/330000/0203/20260723/00335720389422e74656a8a5672942b67012.html,校舍维修改造,校舍维修改造,校舍维修改造,一贯制未分段,否,否
0065418138c303844311bb7c7e3f68df5428,博州实验中学篮球馆、实验楼、启航楼修缮改造工程合同,2026-07-23,新疆维吾尔自治区,,采购合同,新疆维吾尔自治区公共资源交易平台,https://www.ggzy.gov.cn/information/deal/html/a/650000/0203/20260723/0065418138c303844311bb7c7e3f68df5428.html,校舍维修改造,校舍维修改造,校舍维修改造,一贯制未分段,否,否
00652c393adfa6d24b33a00fe4a9b9e3454c,博州实验中学校舍安全修缮改造项目合同,2026-07-23,新疆维吾尔自治区,,采购合同,新疆维吾尔自治区公共资源交易平台,https://www.ggzy.gov.cn/information/deal/html/a/650000/0203/20260723/00652c393adfa6d24b33a00fe4a9b9e3454c.html,校舍维修改造,校舍维修改造,校舍维修改造,一贯制未分段,否,否
006516ee814ad5ac4fdca436220810a9faf8,托克逊县第一中学等五所寄宿制学校学生宿舍设施设备采购项目（二次）合同,2026-07-23,新疆维吾尔自治区,,采购合同,新疆维吾尔自治区公共资源交易平台,https://www.ggzy.gov.cn/information/deal/html/a/650000/0203/20260723/006516ee814ad5ac4fdca436220810a9faf8.html,其他,其他,,一贯制未分段,否,否
006507ce3e78ccb04aaa9925f68433c25d8a,2026年克拉玛依市教育局直属单位学生午休课桌椅及储物柜采购合同（第二中学）,2026-07-23,新疆维吾尔自治区,,采购合同,新疆维吾尔自治区公共资源交易平台,https://www.ggzy.gov.cn/information/deal/html/a/650000/0203/20260723/006507ce3e78ccb04aaa9925f68433c25d8a.html,课桌椅,课桌椅,课桌椅,教育局统筹,否,否
0044ce1514b6c55d4ac8b7ec63828764ee81,广东第二师范学院番禺附属中学自营食堂人员服务采购项目,2026-07-23,广东省,,采购合同,,https://www.ggzy.gov.cn/information/deal/html/a/440000/0203/20260723/0044ce1514b6c55d4ac8b7ec63828764ee81.html,食堂设备,食堂设备,食堂设备,一贯制未分段,否,否
0044978a7681c75647e68cc6dd903c9e6573,广东实验中学湛江学校高中校区建设项目用具设备采购项目,2026-07-23,广东省,,采购合同,,https://www.ggzy.gov.cn/information/deal/html/a/440000/0203/20260723/0044978a7681c75647e68cc6dd903c9e6573.html,其他,其他,,高中,否,否
004435be73a07a2b45ab9d4537c90deb09d3,东莞市第九高级中学厨房设备装饰配套项目,2026-07-23,广东省,,采购合同,,https://www.ggzy.gov.cn/information/deal/html/a/440000/0203/20260723/004435be73a07a2b45ab9d4537c90deb09d3.html,食堂设备,食堂设备,食堂设备,高中,否,否
0044100f83d6bda44992b16ca8a5cd0175d9,广东实验中学湛江学校高中校区建设项目用具设备采购项目(二次),2026-07-23,广东省,,采购合同,,https://www.ggzy.gov.cn/information/deal/html/a/440000/0203/20260723/0044100f83d6bda44992b16ca8a5cd0175d9.html,其他,其他,,高中,否,否
0041bb83ad3ff2fa4648b637740fede5b3e9,淇县卫风学校教育系统2026年第二季度服务采购项目（教育体育局、第一中学、卫风学校）,2026-07-23,河南省,,采购合同,,https://www.ggzy.gov.cn/information/deal/html/a/410000/0203/20260723/0041bb83ad3ff2fa4648b637740fede5b3e9.html,其他,其他,,教育局统筹,否,否
0041a86420ea627e4c38a143027bfdee0984,淇县第一中学教育系统2026年第二季度服务采购项目（教育体育局、第一中学、卫风学校）,2026-07-23,河南省,,采购合同,,https://www.ggzy.gov.cn/information/deal/html/a/410000/0203/20260723/0041a86420ea627e4c38a143027bfdee0984.html,其他,其他,,教育局统筹,否,否
004107c9daff412641f39904d1569c0dc00c,淇县教育体育局教育系统2026年第二季度服务采购项目（教育体育局、第一中学、卫风学校）,2026-07-23,河南省,,采购合同,,https://www.ggzy.gov.cn/information/deal/html/a/410000/0203/20260723/004107c9daff412641f39904d1569c0dc00c.html,其他,其他,,教育局统筹,否,否
0035982654830d2a4585ac6eec3db63cb3ee,泉州第五中学海丝校区触控一体机及光能黑板货物类采购,2026-07-23,福建省,,采购合同,泉州市公共资源交易中心,https://www.ggzy.gov.cn/information/deal/html/a/350000/0203/20260723/0035982654830d2a4585ac6eec3db63cb3ee.html,大屏,大屏,大屏,一贯制未分段,是,是
00352973f0df0bc2446aa38cdaa10f250fb8,2026年福建省厦门双十中学翔安高中校区提升改造项目,2026-07-23,福建省,,采购合同,厦门市公共资源交易中心,https://www.ggzy.gov.cn/information/deal/html/a/350000/0203/20260723/00352973f0df0bc2446aa38cdaa10f250fb8.html,校舍维修改造,校舍维修改造,校舍维修改造,高中,否,否
001253f7b5249b3643c49651708360732197,天津市第五十五中学物业服务项目_第1包,2026-07-23,天津市,,采购合同,天津市公共资源交易平台交易系统,https://www.ggzy.gov.cn/information/deal/html/a/120000/0203/20260723/001253f7b5249b3643c49651708360732197.html,后勤服务,其他,后勤服务,一贯制未分段,否,否
00122889972f3dc64b379675d7565e0e9988,天津市天津中学宿舍楼及食堂地下管网维修改造项目_第1包,2026-07-23,天津市,,采购合同,天津市公共资源交易平台交易系统,https://www.ggzy.gov.cn/information/deal/html/a/120000/0203/20260723/00122889972f3dc64b379675d7565e0e9988.html,校舍维修改造,校舍维修改造,校舍维修改造;食堂设备,一贯制未分段,否,否
0051fdf6777002564f78b4e3bef4b9d24f01,九寨沟县七一南坪中学校其他商务服务直接选定采购合同,2026-07-22,四川省,,采购合同,,https://www.ggzy.gov.cn/information/deal/html/a/510000/0203/20260722/0051fdf6777002564f78b4e3bef4b9d24f01.html,其他,其他,,一贯制未分段,否,否
0014a774a0ae3d33468bbe228362a3310443,潞州中学教育集团主校区东教学楼和南教学楼及西街学校后操场教学楼内部维修改造项目合同,2026-07-22,山西省,,采购合同,,https://www.ggzy.gov.cn/information/deal/html/a/140000/0203/20260722/0014a774a0ae3d33468bbe228362a3310443.html,校舍维修改造,校舍维修改造,校舍维修改造,一贯制未分段,否,否
005174357033cac041afbeef64a41898ba14,黄金初级中学运动场扩建项目(二次),2026-07-22,四川省,,采购合同,,https://www.ggzy.gov.cn/information/deal/html/a/510000/0203/20260722/005174357033cac041afbeef64a41898ba14.html,校舍维修改造,校舍维修改造,校舍维修改造,初中,否,否
005162b5de7725674373a021abb9582f4fdf,西昌市南宁中学台式计算机直接选定采购合同,2026-07-22,四川省,,采购合同,,https://www.ggzy.gov.cn/information/deal/html/a/510000/0203/20260722/005162b5de7725674373a021abb9582f4fdf.html,信息化设备,信息化设备,信息化设备,一贯制未分段,是,是
0014d067e2a6b853462397358685089bf60d,第一职业中学操场面层铺设工程合同,2026-07-22,山西省,,采购合同,,https://www.ggzy.gov.cn/information/deal/html/a/140000/0203/20260722/0014d067e2a6b853462397358685089bf60d.html,校舍维修改造,校舍维修改造,校舍维修改造,一贯制未分段,否,否
0034b4db04eb77504dc8b089de70149ec0ed,2026年芜湖荟萃中学二级机构教学用房维修工程合同,2026-07-22,安徽省,,采购合同,芜湖市公共资源交易平台电子交易系统,https://www.ggzy.gov.cn/information/deal/html/a/340000/0203/20260722/0034b4db04eb77504dc8b089de70149ec0ed.html,校舍维修改造,校舍维修改造,校舍维修改造,一贯制未分段,否,否
00519606c0485fb04b819462ab8700df967f,2026年树德崇州中学项目-教室、宿舍及食堂配套用品(三次),2026-07-22,四川省,,采购合同,,https://www.ggzy.gov.cn/information/deal/html/a/510000/0203/20260722/00519606c0485fb04b819462ab8700df967f.html,食堂设备,食堂设备,食堂设备,一贯制未分段,否,否
00349412ffed1d8840e49cafe1d8c38e3cb7,朱集中学围墙及运动场维修改造项目,2026-07-22,安徽省,,采购合同,淮南市公共资源交易平台电子交易系统,https://www.ggzy.gov.cn/information/deal/html/a/340000/0203/20260722/00349412ffed1d8840e49cafe1d8c38e3cb7.html,校舍维修改造,校舍维修改造,校舍维修改造,一贯制未分段,否,否
00147a0e8db7d6b749f5a524ff06d04a5737,夏县中学教学楼、宿舍楼建设项目监理合同,2026-07-22,山西省,,采购合同,,https://www.ggzy.gov.cn/information/deal/html/a/140000/0203/20260722/00147a0e8db7d6b749f5a524ff06d04a5737.html,后勤服务,其他,后勤服务,一贯制未分段,否,否
0033b80ac5029b444dd1a33a7d3f6144f532,宁波市北仑职业高级中学北仑职高数控机床采购项目项目合同,2026-07-22,浙江省,,采购合同,宁波市公共资源交易网,https://www.ggzy.gov.cn/information/deal/html/a/330000/0203/20260722/0033b80ac5029b444dd1a33a7d3f6144f532.html,其他,其他,,高中,否,否
00339504ea7d5c734642b81d00b924f4afa9,2026年常山县紫港中学新高二暑期培优项目合同,2026-07-22,浙江省,,采购合同,衢州市公共资源交易网,https://www.ggzy.gov.cn/information/deal/html/a/330000/0203/20260722/00339504ea7d5c734642b81d00b924f4afa9.html,其他,其他,,一贯制未分段,否,否
00331a3fcc54a0b6414db649a3ee68a87ca9,嘉兴市秀洲区洪合镇中学教师疗休养项目合同,2026-07-22,浙江省,,采购合同,嘉兴市公共资源交易网,https://www.ggzy.gov.cn/information/deal/html/a/330000/0203/20260722/00331a3fcc54a0b6414db649a3ee68a87ca9.html,其他,其他,,一贯制未分段,否,否
005227c4ca9f6c1b4d58921f47a0352879e8,2026年贵阳市体育中学食堂食材供货服务（二次）合同,2026-07-22,贵州省,,采购合同,贵阳市公共资源交易中心,https://www.ggzy.gov.cn/information/deal/html/a/520000/0203/20260722/005227c4ca9f6c1b4d58921f47a0352879e8.html,食堂设备,食堂设备,食堂设备;后勤服务,一贯制未分段,否,否
00337e0a002ad7804a78ac660548b53517aa,云和县梅源中学校舍提升改造工程厨房设施设备采购项目合同,2026-07-22,浙江省,,采购合同,丽水市公共资源交易网,https://www.ggzy.gov.cn/information/deal/html/a/330000/0203/20260722/00337e0a002ad7804a78ac660548b53517aa.html,校舍维修改造,校舍维修改造,校舍维修改造,一贯制未分段,否,否
0014ece721bfd5124f55819e69983ba06f54,介休市宋古乡第二中学校消防设施维修改造项目（专项整治）合同,2026-07-22,山西省,,采购合同,,https://www.ggzy.gov.cn/information/deal/html/a/140000/0203/20260722/0014ece721bfd5124f55819e69983ba06f54.html,校舍维修改造,校舍维修改造,校舍维修改造;校园安防,一贯制未分段,否,否
0014d28588fc433444638f638a93b47993ab,介公路初级中学校补充监控系统设施设备项目合同,2026-07-22,山西省,,采购合同,,https://www.ggzy.gov.cn/information/deal/html/a/140000/0203/20260722/0014d28588fc433444638f638a93b47993ab.html,校园安防,校园安防,校园安防,初中,否,否
00515bf1776dc3bb474882592fab8e99274c,四川省双流中学触控一体机直接选定采购合同,2026-07-22,四川省,,采购合同,,https://www.ggzy.gov.cn/information/deal/html/a/510000/0203/20260722/00515bf1776dc3bb474882592fab8e99274c.html,大屏,大屏,大屏,一贯制未分段,是,是
0033024d268db1fc44bfb6d0e986c021363f,宁波北仑明港高级中学2026年暑期工程合同,2026-07-22,浙江省,,采购合同,宁波市公共资源交易网,https://www.ggzy.gov.cn/information/deal/html/a/330000/0203/20260722/0033024d268db1fc44bfb6d0e986c021363f.html,其他,其他,,高中,否,否
0051eb11e8db74324d12bb40719e08b7471e,宜宾市第十六中学校扩容改建项目（智能安防设备）,2026-07-22,四川省,,采购合同,,https://www.ggzy.gov.cn/information/deal/html/a/510000/0203/20260722/0051eb11e8db74324d12bb40719e08b7471e.html,校园安防,校园安防,校园安防,一贯制未分段,否,否
0033372f00834351421394fa1d087b7c8daa,金华市汤溪高级中学城区校区家具采购与安装项目合同,2026-07-22,浙江省,,采购合同,金华市公共资源交易网,https://www.ggzy.gov.cn/information/deal/html/a/330000/0203/20260722/0033372f00834351421394fa1d087b7c8daa.html,课桌椅,课桌椅,课桌椅,高中,否,否
0033205a3e7f103e4773bfba99368e877284,金华市汤溪高级中学（城区校区）物业管理服务项目合同,2026-07-22,浙江省,,采购合同,金华市公共资源交易网,https://www.ggzy.gov.cn/information/deal/html/a/330000/0203/20260722/0033205a3e7f103e4773bfba99368e877284.html,后勤服务,其他,后勤服务,高中,否,否
0033216840c0821245679e1dffea25a81945,杭州第九中学树范学校看台挡雨棚、伸缩雨棚项目合同,2026-07-22,浙江省,,采购合同,杭州市公共资源交易网,https://www.ggzy.gov.cn/information/deal/html/a/330000/0203/20260722/0033216840c0821245679e1dffea25a81945.html,其他,其他,,一贯制未分段,否,否
003375ab471cfcb44ee181969d884a00128c,苍南县第二高级中学专业学科实验室建设项目合同,2026-07-22,浙江省,,采购合同,温州市公共资源交易网,https://www.ggzy.gov.cn/information/deal/html/a/330000/0203/20260722/003375ab471cfcb44ee181969d884a00128c.html,实验室设备,实验室设备,实验室设备,高中,否,否
00312fe2602ee7b14423a629a38a617a2cd9,上海市上南中学东校教学办公及专用教室设备的合同,2026-07-22,上海市,,采购合同,上海政府采购网,https://www.ggzy.gov.cn/information/deal/html/a/310000/0203/20260722/00312fe2602ee7b14423a629a38a617a2cd9.html,实验室设备,实验室设备,实验室设备,一贯制未分段,否,否
0051bb72b38ab01b4c7d8a645c55e019bd6a,四川省南充龙门中学多功能一体机直接选定采购合同,2026-07-22,四川省,,采购合同,,https://www.ggzy.gov.cn/information/deal/html/a/510000/0203/20260722/0051bb72b38ab01b4c7d8a645c55e019bd6a.html,其他,其他,,一贯制未分段,否,否
00512960cf99ab07470f9086447b42ba70c5,四川省南充龙门中学A4黑白打印机直接选定采购合同,2026-07-22,四川省,,采购合同,,https://www.ggzy.gov.cn/information/deal/html/a/510000/0203/20260722/00512960cf99ab07470f9086447b42ba70c5.html,其他,其他,,一贯制未分段,否,否
0051c87df9eb56d644dfbe3bffc00eb33bcd,四川省南充龙门中学台式计算机直接选定采购合同,2026-07-22,四川省,,采购合同,,https://www.ggzy.gov.cn/information/deal/html/a/510000/0203/20260722/0051c87df9eb56d644dfbe3bffc00eb33bcd.html,信息化设备,信息化设备,信息化设备,一贯制未分段,是,是
0045c4c9ccf363f142f8bb32ea9a264181b4,陆川中学物业管理服务项目【合同】,2026-07-22,广西壮族自治区,,采购合同,玉林市公共资源交易中心,https://www.ggzy.gov.cn/information/deal/html/a/450000/0203/20260722/0045c4c9ccf363f142f8bb32ea9a264181b4.html,后勤服务,其他,后勤服务,一贯制未分段,否,否
0045d6ac59a9937f43538636025c8402f342,陆川县实验中学电路改造【合同】,2026-07-22,广西壮族自治区,,采购合同,玉林市公共资源交易中心,https://www.ggzy.gov.cn/information/deal/html/a/450000/0203/20260722/0045d6ac59a9937f43538636025c8402f342.html,校舍维修改造,校舍维修改造,校舍维修改造,一贯制未分段,否,否
00454947391c234c4bf59e6eff0f153be116,陆川县城西初级中学新建大门等3个建设项目【合同】,2026-07-22,广西壮族自治区,,采购合同,玉林市公共资源交易中心,https://www.ggzy.gov.cn/information/deal/html/a/450000/0203/20260722/00454947391c234c4bf59e6eff0f153be116.html,校舍维修改造,校舍维修改造,校舍维修改造,初中,否,否
0045fe619d6432404b96a7130e61afef5c98,陆川县第三中学物业管理服务【合同】,2026-07-22,广西壮族自治区,,采购合同,玉林市公共资源交易中心,https://www.ggzy.gov.cn/information/deal/html/a/450000/0203/20260722/0045fe619d6432404b96a7130e61afef5c98.html,后勤服务,其他,后勤服务,一贯制未分段,否,否
006557659ff7a0784b799118ef874a7bd612,乌鲁木齐市第八中学北辰二校区图书采购项目合同,2026-07-22,新疆维吾尔自治区,,采购合同,新疆维吾尔自治区公共资源交易平台,https://www.ggzy.gov.cn/information/deal/html/a/650000/0203/20260722/006557659ff7a0784b799118ef874a7bd612.html,图书,图书,图书,一贯制未分段,否,否
0044f2e2e868455f479a9b65ecd8fd2d8946,龙岗区平冈中学人工智能创新实验室设备设施采购项目,2026-07-22,广东省,,采购合同,,https://www.ggzy.gov.cn/information/deal/html/a/440000/0203/20260722/0044f2e2e868455f479a9b65ecd8fd2d8946.html,人工智能,人工智能,人工智能;实验室设备,一贯制未分段,是,是
0044cb32ecdab69a499589014204561fac40,广东肇庆中学2026-2027学年物业管理服务采购,2026-07-22,广东省,,采购合同,,https://www.ggzy.gov.cn/information/deal/html/a/440000/0203/20260722/0044cb32ecdab69a499589014204561fac40.html,后勤服务,其他,后勤服务,一贯制未分段,否,否
00437586b70c7baa41f5917695ee03dba602,邵阳市双清区姚喆中学宿舍楼、公共卫生间、校大门维修改造项目合同,2026-07-22,湖南省,,采购合同,,https://www.ggzy.gov.cn/information/deal/html/a/430000/0203/20260722/00437586b70c7baa41f5917695ee03dba602.html,校舍维修改造,校舍维修改造,校舍维修改造,一贯制未分段,否,否
0041701606146cdd4e5f969e07a935fe4be9,漯河市召陵区实验中学物业安保综合服务项目,2026-07-22,河南省,,采购合同,漯河市公共资源交易中心,https://www.ggzy.gov.cn/information/deal/html/a/410000/0203/20260722/0041701606146cdd4e5f969e07a935fe4be9.html,校园安防,校园安防,校园安防;后勤服务,一贯制未分段,否,否
00358a03fbc38b644da89a98135ce62a5acb,南平市第三中学改扩建8人制足球场项目,2026-07-22,福建省,,采购合同,南平市招标投标服务中心,https://www.ggzy.gov.cn/information/deal/html/a/350000/0203/20260722/00358a03fbc38b644da89a98135ce62a5acb.html,校舍维修改造,校舍维修改造,校舍维修改造;工程配套,一贯制未分段,否,否
003552f67c19f7d94e02a648e0b29c95f98a,政和县第二中学学生宿舍床柜采购及安装项目,2026-07-22,福建省,,采购合同,南平市招标投标服务中心,https://www.ggzy.gov.cn/information/deal/html/a/350000/0203/20260722/003552f67c19f7d94e02a648e0b29c95f98a.html,其他,其他,,一贯制未分段,否,否
0035407bf9a0c86a4a4c8692d7746375ee0f,晋江市实验中学课桌椅及教师办公桌椅、教师公寓家具采购项目,2026-07-22,福建省,,采购合同,泉州市公共资源交易中心,https://www.ggzy.gov.cn/information/deal/html/a/350000/0203/20260722/0035407bf9a0c86a4a4c8692d7746375ee0f.html,课桌椅,课桌椅,课桌椅,一贯制未分段,否,否
00341669acf611bd4080880440d4649723c6,安徽省阜阳第一中学泉河校区食堂设备采购与安装项目合同,2026-07-22,安徽省,,采购合同,阜阳市公共资源交易平台电子交易系统,https://www.ggzy.gov.cn/information/deal/html/a/340000/0203/20260722/00341669acf611bd4080880440d4649723c6.html,食堂设备,食堂设备,食堂设备,一贯制未分段,否,否
0051202e7a6877e04139a7c4a309f177df31,秀水中学校园提质项目全阶段设计,2026-07-21,四川省,,采购合同,,https://www.ggzy.gov.cn/information/deal/html/a/510000/0203/20260721/0051202e7a6877e04139a7c4a309f177df31.html,其他,其他,,一贯制未分段,否,否
00515168942b682c455c953ae89b9a9731e6,成都市新都香城中学车辆维修、保养服务直接选定采购合同,2026-07-21,四川省,,采购合同,,https://www.ggzy.gov.cn/information/deal/html/a/510000/0203/20260721/00515168942b682c455c953ae89b9a9731e6.html,校舍维修改造,校舍维修改造,校舍维修改造,一贯制未分段,否,否
00338e745f848b044ab4b6dfea6d58576f1b,桐屿中学改扩建工程报告厅、中考考务中心等家具采购（二次）合同,2026-07-21,浙江省,,采购合同,台州市公共资源交易网,https://www.ggzy.gov.cn/information/deal/html/a/330000/0203/20260721/00338e745f848b044ab4b6dfea6d58576f1b.html,校舍维修改造,校舍维修改造,校舍维修改造;课桌椅,一贯制未分段,否,否
0033731a9ef9446742b182576af507cc40d7,杭州第九中学树范学校学科创新教室项目合同,2026-07-21,浙江省,,采购合同,杭州市公共资源交易网,https://www.ggzy.gov.cn/information/deal/html/a/330000/0203/20260721/0033731a9ef9446742b182576af507cc40d7.html,其他,其他,,一贯制未分段,否,否
0062c51a5ad1b3c54600916335f485c42f19,甘肃省兰州实验中学课桌椅采购项目,2026-07-21,甘肃省,,采购合同,甘肃省公共资源交易平台,https://www.ggzy.gov.cn/information/deal/html/a/620000/0203/20260721/0062c51a5ad1b3c54600916335f485c42f19.html,课桌椅,课桌椅,课桌椅,一贯制未分段,否,否
0062f7b446253d354589b49732e0cff788d8,永靖中学强县中项目合同,2026-07-21,甘肃省,,采购合同,临夏州公共资源交易平台,https://www.ggzy.gov.cn/information/deal/html/a/620000/0203/20260721/0062f7b446253d354589b49732e0cff788d8.html,其他,其他,,一贯制未分段,否,否
0033d5e6a4f35387464aae56e1a537aaf07c,2026-2028年余杭第一中学食堂运营劳务外包项目合同,2026-07-21,浙江省,,采购合同,杭州市公共资源交易网,https://www.ggzy.gov.cn/information/deal/html/a/330000/0203/20260721/0033d5e6a4f35387464aae56e1a537aaf07c.html,食堂设备,食堂设备,食堂设备;后勤服务,一贯制未分段,否,否
00334fa479b9794144dfbf0c517d49ce4afa,2026年青田县船寮镇初级中学食堂及后勤劳务外包合同,2026-07-21,浙江省,,采购合同,丽水市公共资源交易网,https://www.ggzy.gov.cn/information/deal/html/a/330000/0203/20260721/00334fa479b9794144dfbf0c517d49ce4afa.html,食堂设备,食堂设备,食堂设备;后勤服务,初中,否,否
00510bebc86da6754867b9147eceac104311,雅安市雨城区上里镇初级中学触控一体机直接选定采购合同,2026-07-21,四川省,,采购合同,,https://www.ggzy.gov.cn/information/deal/html/a/510000/0203/20260721/00510bebc86da6754867b9147eceac104311.html,大屏,大屏,大屏,初中,是,是
003321fe9c14a2d14f36a5c75bfb3e931b31,武义县武阳中学书台校区躺睡椅采购及安装项目合同,2026-07-21,浙江省,,采购合同,金华市公共资源交易网,https://www.ggzy.gov.cn/information/deal/html/a/330000/0203/20260721/003321fe9c14a2d14f36a5c75bfb3e931b31.html,其他,其他,,一贯制未分段,否,否
00627fd56de768a24423a611f32832647c69,陇东中学基础设施提质改造项目—校园道路维修改造合同,2026-07-21,甘肃省,,采购合同,庆阳市公共资源交易平台,https://www.ggzy.gov.cn/information/deal/html/a/620000/0203/20260721/00627fd56de768a24423a611f32832647c69.html,校舍维修改造,校舍维修改造,校舍维修改造,一贯制未分段,否,否
00624157508464734260bceaf35279f4c1c9,陇东中学基础设施提质改造项目—排球场及羽毛球场改造、电动自行车停车场改造、植物园改造合同,2026-07-21,甘肃省,,采购合同,庆阳市公共资源交易平台,https://www.ggzy.gov.cn/information/deal/html/a/620000/0203/20260721/00624157508464734260bceaf35279f4c1c9.html,校舍维修改造,校舍维修改造,校舍维修改造,一贯制未分段,否,否
0033cbed0c7880b14ceeaccf6fb8bd29c6fb,北京十一衢州实验中学理化生实验室家具采购（二次）合同,2026-07-21,浙江省,,采购合同,衢州市公共资源交易网,https://www.ggzy.gov.cn/information/deal/html/a/330000/0203/20260721/0033cbed0c7880b14ceeaccf6fb8bd29c6fb.html,实验室设备,实验室设备,实验室设备;课桌椅,一贯制未分段,否,否
0034a2834a9224504d7aa80baea0e033a97d,马鞍山市第二中学博望分校2026年信息化设备采购项目合同备案,2026-07-21,安徽省,,采购合同,马鞍山市公共资源交易平台电子交易系统,https://www.ggzy.gov.cn/information/deal/html/a/340000/0203/20260721/0034a2834a9224504d7aa80baea0e033a97d.html,信息化,信息化,信息化,一贯制未分段,是,是
005120d88ef8d3f34b7b8d76d0f44fbfe7b8,四川天府新区第八中学台式计算机直接选定采购合同,2026-07-21,四川省,,采购合同,,https://www.ggzy.gov.cn/information/deal/html/a/510000/0203/20260721/005120d88ef8d3f34b7b8d76d0f44fbfe7b8.html,信息化设备,信息化设备,信息化设备,一贯制未分段,是,是
00332351ba8c77144690b8616ed3b4b43084,宁波市北仑区庐山中学教职工疗休养服务采购合同,2026-07-21,浙江省,,采购合同,宁波市公共资源交易网,https://www.ggzy.gov.cn/information/deal/html/a/330000/0203/20260721/00332351ba8c77144690b8616ed3b4b43084.html,其他,其他,,一贯制未分段,否,否
0051b26a0dba99834852b3db2ed6faa5f45a,温江中学实验学校壁挂式空调机直接选定采购合同,2026-07-21,四川省,,采购合同,,https://www.ggzy.gov.cn/information/deal/html/a/510000/0203/20260721/0051b26a0dba99834852b3db2ed6faa5f45a.html,工程配套,其他,工程配套,一贯制未分段,否,否
00518fbe25be02904eebaa10c6ec75f2c7c2,温江中学实验学校触控一体机直接选定采购合同,2026-07-21,四川省,,采购合同,,https://www.ggzy.gov.cn/information/deal/html/a/510000/0203/20260721/00518fbe25be02904eebaa10c6ec75f2c7c2.html,大屏,大屏,大屏,一贯制未分段,是,是
0051f2b21c71793f4453bb17d47218d2dcf8,温江中学实验学校柜式空调机直接选定采购合同,2026-07-21,四川省,,采购合同,,https://www.ggzy.gov.cn/information/deal/html/a/510000/0203/20260721/0051f2b21c71793f4453bb17d47218d2dcf8.html,工程配套,其他,工程配套,一贯制未分段,否,否
0033154f8d5a6db74c3391f42858ce116c72,《浙江省中学实验仪器设备购置项目》第二批采购项目(丽水)合同,2026-07-21,浙江省,,采购合同,浙江政府采购云平台,https://www.ggzy.gov.cn/information/deal/html/a/330000/0203/20260721/0033154f8d5a6db74c3391f42858ce116c72.html,实验室设备,实验室设备,实验室设备;教学仪器,一贯制未分段,否,否
0051975ec2278eef4bbab055d2144fe3c456,四川天府新区鹿溪学校（四川天府新区第四中学校鹿溪校区）便携式计算机直接选定采购合同,2026-07-21,四川省,,采购合同,,https://www.ggzy.gov.cn/information/deal/html/a/510000/0203/20260721/0051975ec2278eef4bbab055d2144fe3c456.html,信息化设备,信息化设备,信息化设备,一贯制未分段,是,是
00518f1b9a75e8be4bb4be673b644e5b16fd,四川天府新区鹿溪学校（四川天府新区第四中学校鹿溪校区）台式计算机直接选定采购合同,2026-07-21,四川省,,采购合同,,https://www.ggzy.gov.cn/information/deal/html/a/510000/0203/20260721/00518f1b9a75e8be4bb4be673b644e5b16fd.html,信息化设备,信息化设备,信息化设备,一贯制未分段,是,是
0051052673fedfa14b9e97d7e05b37b48a4c,四川天府新区鹿溪学校（四川天府新区第四中学校鹿溪校区）触控一体机直接选定采购合同,2026-07-21,四川省,,采购合同,,https://www.ggzy.gov.cn/information/deal/html/a/510000/0203/20260721/0051052673fedfa14b9e97d7e05b37b48a4c.html,大屏,大屏,大屏,一贯制未分段,是,是
0051740fc4597753418d80d2d5add223ad00,成都市泡桐树中学百仁分校LED显示屏直接选定采购合同,2026-07-21,四川省,,采购合同,,https://www.ggzy.gov.cn/information/deal/html/a/510000/0203/20260721/0051740fc4597753418d80d2d5add223ad00.html,大屏,大屏,大屏,一贯制未分段,是,是
00331c1035f7deb241efbbb97653bbb74335,云城中学2026年教学及教学辅助用房维修工程合同,2026-07-21,浙江省,,采购合同,杭州市公共资源交易网,https://www.ggzy.gov.cn/information/deal/html/a/330000/0203/20260721/00331c1035f7deb241efbbb97653bbb74335.html,校舍维修改造,校舍维修改造,校舍维修改造,一贯制未分段,否,否
00516e59867b454947e8b78f3f2523632a18,成都市新都区繁江中学校政府采购合同（服务类）,2026-07-21,四川省,,采购合同,,https://www.ggzy.gov.cn/information/deal/html/a/510000/0203/20260721/00516e59867b454947e8b78f3f2523632a18.html,其他,其他,,一贯制未分段,否,否
0014d11f43abc7aa4829b58d30697ad01d22,高平市第六中学校教学楼室内提升工程合同,2026-07-21,山西省,,采购合同,,https://www.ggzy.gov.cn/information/deal/html/a/140000/0203/20260721/0014d11f43abc7aa4829b58d30697ad01d22.html,其他,其他,,一贯制未分段,否,否
001405d9d2725fe544ae96501f4e33dececc,襄垣县第一中学校教学楼地面墙面改造工程合同,2026-07-21,山西省,,采购合同,,https://www.ggzy.gov.cn/information/deal/html/a/140000/0203/20260721/001405d9d2725fe544ae96501f4e33dececc.html,校舍维修改造,校舍维修改造,校舍维修改造,一贯制未分段,否,否
00517cc4123020434c7c87d0ec429ae25662,自贡市第一中学校LED显示屏直接选定采购合同,2026-07-21,四川省,,采购合同,,https://www.ggzy.gov.cn/information/deal/html/a/510000/0203/20260721/00517cc4123020434c7c87d0ec429ae25662.html,大屏,大屏,大屏,一贯制未分段,是,是
005159560d6aedaf4812bf2049e460d0d8ca,四川省阿坝州民族高级中学台式计算机直接选定采购合同,2026-07-21,四川省,,采购合同,,https://www.ggzy.gov.cn/information/deal/html/a/510000/0203/20260721/005159560d6aedaf4812bf2049e460d0d8ca.html,信息化设备,信息化设备,信息化设备,高中,是,是
001471c4a40570da4b68a1ae74894a9ea303,洪洞县园区中学运动场地改造工程合同,2026-07-21,山西省,,采购合同,,https://www.ggzy.gov.cn/information/deal/html/a/140000/0203/20260721/001471c4a40570da4b68a1ae74894a9ea303.html,校舍维修改造,校舍维修改造,校舍维修改造,一贯制未分段,否,否
0062e112749a43ef4d6699e4f1dbc702d05b,永靖县2026年永靖中学智慧校园建设项目合同,2026-07-21,甘肃省,,采购合同,临夏州公共资源交易平台,https://www.ggzy.gov.cn/information/deal/html/a/620000/0203/20260721/0062e112749a43ef4d6699e4f1dbc702d05b.html,智慧校园,智慧校园,智慧校园,一贯制未分段,是,是
005149ea7871c6604a34ac521b649069543a,四川省内江市第六中学物业服务采购合同,2026-07-21,四川省,,采购合同,,https://www.ggzy.gov.cn/information/deal/html/a/510000/0203/20260721/005149ea7871c6604a34ac521b649069543a.html,后勤服务,其他,后勤服务,一贯制未分段,否,否
0051ba81996d09444f80930a0b3c99c0a6fd,四川省巴中中学柜式空调机直接选定采购合同,2026-07-21,四川省,,采购合同,,https://www.ggzy.gov.cn/information/deal/html/a/510000/0203/20260721/0051ba81996d09444f80930a0b3c99c0a6fd.html,工程配套,其他,工程配套,一贯制未分段,否,否
0051fea1308b9e3d4afba4533f9584c1753f,四川省巴中中学壁挂式空调机直接选定采购合同,2026-07-21,四川省,,采购合同,,https://www.ggzy.gov.cn/information/deal/html/a/510000/0203/20260721/0051fea1308b9e3d4afba4533f9584c1753f.html,工程配套,其他,工程配套,一贯制未分段,否,否
00313d8c16c8d722474c83e7b6c1b77d3b45,上海市徐汇区教育局汾阳中学等学校教室节能灯设备采购项目的合同,2026-07-21,上海市,,采购合同,上海政府采购网,https://www.ggzy.gov.cn/information/deal/html/a/310000/0203/20260721/00313d8c16c8d722474c83e7b6c1b77d3b45.html,其他,其他,,教育局统筹,否,否
0033ebc11ee6b2c544819e4ee74743431bfb,杭州市临安区昌化职业高级中学2026年度职工疗休养项目合同,2026-07-21,浙江省,,采购合同,杭州市公共资源交易网,https://www.ggzy.gov.cn/information/deal/html/a/330000/0203/20260721/0033ebc11ee6b2c544819e4ee74743431bfb.html,其他,其他,,高中,否,否
00135ef051e0653f4c86bfcc30c63fba48ff,河北黄骅中学窗户更新改造,2026-07-21,河北省,,采购合同,,https://www.ggzy.gov.cn/information/deal/html/a/130000/0203/20260721/00135ef051e0653f4c86bfcc30c63fba48ff.html,校舍维修改造,校舍维修改造,校舍维修改造,一贯制未分段,否,否
0033688de8cc748d4e019aaa3c1f2aed3d38,温州市第八高级中学体育馆空调采购合同,2026-07-21,浙江省,,采购合同,温州市公共资源交易网,https://www.ggzy.gov.cn/information/deal/html/a/330000/0203/20260721/0033688de8cc748d4e019aaa3c1f2aed3d38.html,工程配套,其他,工程配套,高中,否,否
0013ce3840f5d7d247de848a6cda08fbbe7f,南大港产业园区初级中学2026年公用经费采购项目,2026-07-21,河北省,,采购合同,,https://www.ggzy.gov.cn/information/deal/html/a/130000/0203/20260721/0013ce3840f5d7d247de848a6cda08fbbe7f.html,其他,其他,,初中,否,否
0013bf74a3de4bef4f4fa4ddceb3ad884532,双山子中学采暖管道维修改造工程,2026-07-21,河北省,,采购合同,秦皇岛市公共资源交易网,https://www.ggzy.gov.cn/information/deal/html/a/130000/0203/20260721/0013bf74a3de4bef4f4fa4ddceb3ad884532.html,校舍维修改造,校舍维修改造,校舍维修改造,一贯制未分段,否,否
0037b9b2e77adc6d451db6793dbf28b40747,临沂滨河高级中学家具采购合同,2026-07-21,山东省,,采购合同,临沂市公共资源电子交易系统,https://www.ggzy.gov.cn/information/deal/html/a/370000/0203/20260721/0037b9b2e77adc6d451db6793dbf28b40747.html,课桌椅,课桌椅,课桌椅,高中,否,否
003361dcc679176e4ec4a7759ebd2d4371f1,宁海中学改扩建工程（一期）太阳能光伏系统设备采购及安装项目合同,2026-07-21,浙江省,,采购合同,宁波市公共资源交易网,https://www.ggzy.gov.cn/information/deal/html/a/330000/0203/20260721/003361dcc679176e4ec4a7759ebd2d4371f1.html,校舍维修改造,校舍维修改造,校舍维修改造;工程配套,一贯制未分段,否,否
00657acc455f418b4abfad6fdf45c0f50dfb,且末县第二中学3间云机房及1间信息化实验室设备采购项目(二次）合同,2026-07-21,新疆维吾尔自治区,,采购合同,新疆维吾尔自治区公共资源交易平台,https://www.ggzy.gov.cn/information/deal/html/a/650000/0203/20260721/00657acc455f418b4abfad6fdf45c0f50dfb.html,信息化设备,信息化设备,信息化设备;信息化;实验室设备,一贯制未分段,是,是
004452652348c2504641a6068ae5d470792e,清远市清新区太和镇回澜中学网络信息设备采购项目,2026-07-21,广东省,,采购合同,,https://www.ggzy.gov.cn/information/deal/html/a/440000/0203/20260721/004452652348c2504641a6068ae5d470792e.html,其他,其他,,一贯制未分段,否,否
0035d83284e43df344e586448e2a30b251d1,福建省将乐县第一中学高中学生宿舍楼项目弱电智能化系统采购项目,2026-07-21,福建省,,采购合同,三明市公共资源交易中心,https://www.ggzy.gov.cn/information/deal/html/a/350000/0203/20260721/0035d83284e43df344e586448e2a30b251d1.html,其他,其他,,高中,否,否
0035d5c6225205ce44c4b1de5de5fa6f6179,黄如论中学温泉校区音体美、生物、信息、录播等功能室及电教设备采购,2026-07-21,福建省,,采购合同,福州市公共资源交易服务中心,https://www.ggzy.gov.cn/information/deal/html/a/350000/0203/20260721/0035d5c6225205ce44c4b1de5de5fa6f6179.html,信息化设备,信息化设备,信息化设备;实验室设备;音体美器材,一贯制未分段,是,是
0035b5b180d5184d4d4ea8861dc287171c29,养正中学新校区教师宿舍楼家具采购,2026-07-21,福建省,,采购合同,泉州市公共资源交易中心,https://www.ggzy.gov.cn/information/deal/html/a/350000/0203/20260721/0035b5b180d5184d4d4ea8861dc287171c29.html,课桌椅,课桌椅,课桌椅,一贯制未分段,否,否
003592c4fa186ecd495591255cecbb14ec4b,黄如论中学温泉校区课桌椅空调等家具设备采购(二次),2026-07-21,福建省,,采购合同,福州市公共资源交易服务中心,https://www.ggzy.gov.cn/information/deal/html/a/350000/0203/20260721/003592c4fa186ecd495591255cecbb14ec4b.html,课桌椅,课桌椅,课桌椅;工程配套,一贯制未分段,否,否
003575159508a13d49438e1e5494021f0786,莆田第十一中学物业管理服务采购项目,2026-07-21,福建省,,采购合同,莆田市行政服务中心,https://www.ggzy.gov.cn/information/deal/html/a/350000/0203/20260721/003575159508a13d49438e1e5494021f0786.html,后勤服务,其他,后勤服务,一贯制未分段,否,否
003544a2377da1bf472dac6629c26af54a19,诏安县四都中学食堂建设项目,2026-07-21,福建省,,采购合同,漳州市公共资源交易中心,https://www.ggzy.gov.cn/information/deal/html/a/350000/0203/20260721/003544a2377da1bf472dac6629c26af54a19.html,食堂设备,食堂设备,食堂设备,一贯制未分段,否,否
0034c5ce7370b6494942a1823f60b20e4a19,青阳县第一中学校内人车分流及东大门改建工程合同公告,2026-07-21,安徽省,,采购合同,池州市公共资源交易平台电子交易系统,https://www.ggzy.gov.cn/information/deal/html/a/340000/0203/20260721/0034c5ce7370b6494942a1823f60b20e4a19.html,其他,其他,,一贯制未分段,否,否
003408f1a53cace047bf808934bd2997e3ed,桐城中学计算机化考试标准化考场建设采购项目合同,2026-07-21,安徽省,,采购合同,安庆市公共资源交易平台电子交易系统,https://www.ggzy.gov.cn/information/deal/html/a/340000/0203/20260721/003408f1a53cace047bf808934bd2997e3ed.html,信息化设备,信息化设备,信息化设备,一贯制未分段,是,是
00229b9048b2ceb6401ab038c05b8eac1a05,长春市第二实验中学行政楼教学楼屋面防水维修项目合同,2026-07-21,吉林省,,采购合同,长春市公共资源交易中心(新),https://www.ggzy.gov.cn/information/deal/html/a/220000/0203/20260721/00229b9048b2ceb6401ab038c05b8eac1a05.html,校舍维修改造,校舍维修改造,校舍维修改造,一贯制未分段,否,否
0033209193d36eab4f98b177f00264eeddb5,文成县职业高级中学老师食堂托管服务及设备维护外包服务合同,2026-07-20,浙江省,,采购合同,温州市公共资源交易网,https://www.ggzy.gov.cn/information/deal/html/a/330000/0203/20260720/0033209193d36eab4f98b177f00264eeddb5.html,食堂设备,食堂设备,食堂设备;课后服务;后勤服务,高中,否,否
003307dd21c8bd7a4fc9ae68df966160fad7,文成县职业高级中学学生食堂托管服务合同,2026-07-20,浙江省,,采购合同,温州市公共资源交易网,https://www.ggzy.gov.cn/information/deal/html/a/330000/0203/20260720/003307dd21c8bd7a4fc9ae68df966160fad7.html,食堂设备,食堂设备,食堂设备;课后服务,高中,否,否
001451beb0dc794e48ad942d586a001972c8,方山县示范区文体产业园(一期)方山县一中(初中)及县高级中学综合楼建设PPP项目工程结算复审服务合同,2026-07-20,山西省,,采购合同,,https://www.ggzy.gov.cn/information/deal/html/a/140000/0203/20260720/001451beb0dc794e48ad942d586a001972c8.html,其他,其他,,初中,否,否
00463920caec2d3441b694ff3c5dd64f9750,儋州市八一中学宿舍空调线路改造及增容工程,2026-07-20,海南省,,采购合同,,https://www.ggzy.gov.cn/information/deal/html/a/460000/0203/20260720/00463920caec2d3441b694ff3c5dd64f9750.html,校舍维修改造,校舍维修改造,校舍维修改造;工程配套,一贯制未分段,否,否
0046f5878eb20e67419f8c6a3acae550a201,儋州市第七中学学生寝室及食堂设备采购项目,2026-07-20,海南省,,采购合同,,https://www.ggzy.gov.cn/information/deal/html/a/460000/0203/20260720/0046f5878eb20e67419f8c6a3acae550a201.html,食堂设备,食堂设备,食堂设备,一贯制未分段,否,否
0051f8cfe8a6878c4eb08b8ea578a5f8bb61,汶川县水磨中学校其他商务服务直接选定采购合同,2026-07-20,四川省,,采购合同,,https://www.ggzy.gov.cn/information/deal/html/a/510000/0203/20260720/0051f8cfe8a6878c4eb08b8ea578a5f8bb61.html,其他,其他,,一贯制未分段,否,否
0033d5c1654ad3ce42d6a504eba5096c497c,新昌县七星中学2026年教职工疗休养服务项目合同,2026-07-20,浙江省,,采购合同,绍兴市公共资源交易网,https://www.ggzy.gov.cn/information/deal/html/a/330000/0203/20260720/0033d5c1654ad3ce42d6a504eba5096c497c.html,其他,其他,,一贯制未分段,否,否
0051a64bac7f078046c0a34547f74ca4bf4c,四川师范大学附属中学锦华分校触控一体机直接选定采购合同,2026-07-20,四川省,,采购合同,,https://www.ggzy.gov.cn/information/deal/html/a/510000/0203/20260720/0051a64bac7f078046c0a34547f74ca4bf4c.html,大屏,大屏,大屏,一贯制未分段,是,是
003496a87170ea6b44cca7e66cbcf30c9d4c,2026年市属学校校舍维修及校园环境整治（合肥一六八中学）服务类采购第2包（三次）,2026-07-20,安徽省,,采购合同,,https://www.ggzy.gov.cn/information/deal/html/a/340000/0203/20260720/003496a87170ea6b44cca7e66cbcf30c9d4c.html,校舍维修改造,校舍维修改造,校舍维修改造,一贯制未分段,否,否
0033125f3c6b21154a3eab52cd40f7c20114,杭州学军中学海创园学校风雨连廊改造项目合同,2026-07-20,浙江省,,采购合同,杭州市公共资源交易网,https://www.ggzy.gov.cn/information/deal/html/a/330000/0203/20260720/0033125f3c6b21154a3eab52cd40f7c20114.html,校舍维修改造,校舍维修改造,校舍维修改造,一贯制未分段,否,否
005295caa7131d054726aa4523f9f88f70c1,安顺市第二高级中学2026年度提质改造项目合同,2026-07-20,贵州省,,采购合同,安顺市公共资源交易中心,https://www.ggzy.gov.cn/information/deal/html/a/520000/0203/20260720/005295caa7131d054726aa4523f9f88f70c1.html,校舍维修改造,校舍维修改造,校舍维修改造,高中,否,否
00510585e6078dab4fc99a6deb16e2586758,巴中中学龙湖校区校舍维修改造项目,2026-07-20,四川省,,采购合同,,https://www.ggzy.gov.cn/information/deal/html/a/510000/0203/20260720/00510585e6078dab4fc99a6deb16e2586758.html,校舍维修改造,校舍维修改造,校舍维修改造,一贯制未分段,否,否
0051bf42c77f799348558cad9f13b88f1620,四川省遂宁市第二中学校机动车保险服务直接选定采购合同,2026-07-20,四川省,,采购合同,,https://www.ggzy.gov.cn/information/deal/html/a/510000/0203/20260720/0051bf42c77f799348558cad9f13b88f1620.html,后勤服务,其他,后勤服务,一贯制未分段,否,否
0033e04b268a6a5643d28bdf0906564bf634,北京十一衢州实验中学通用技术社区设备采购合同,2026-07-20,浙江省,,采购合同,衢州市公共资源交易网,https://www.ggzy.gov.cn/information/deal/html/a/330000/0203/20260720/0033e04b268a6a5643d28bdf0906564bf634.html,其他,其他,,一贯制未分段,否,否
0033d5de447a65d04be6ab66e3a386a17446,西湖高级中学2026年教学及教学辅助用房维修工程合同,2026-07-20,浙江省,,采购合同,杭州市公共资源交易网,https://www.ggzy.gov.cn/information/deal/html/a/330000/0203/20260720/0033d5de447a65d04be6ab66e3a386a17446.html,校舍维修改造,校舍维修改造,校舍维修改造,高中,否,否
00514241622bb491480ab4c50093d6d754e7,四川省成都市第十七中学车辆加油、添加燃料服务直接选定采购合同,2026-07-20,四川省,,采购合同,,https://www.ggzy.gov.cn/information/deal/html/a/510000/0203/20260720/00514241622bb491480ab4c50093d6d754e7.html,后勤服务,其他,后勤服务,一贯制未分段,否,否
0051e1f8c0a7a4a6467c92203a2bbf87006d,四川省成都市第十七中学车辆维修、保养服务直接选定采购合同,2026-07-20,四川省,,采购合同,,https://www.ggzy.gov.cn/information/deal/html/a/510000/0203/20260720/0051e1f8c0a7a4a6467c92203a2bbf87006d.html,校舍维修改造,校舍维修改造,校舍维修改造,一贯制未分段,否,否
0051c2a1a9198ae44dac8b81126873da8eb9,四川省绵阳实验高级中学机动车保险服务直接选定采购合同,2026-07-20,四川省,,采购合同,,https://www.ggzy.gov.cn/information/deal/html/a/510000/0203/20260720/0051c2a1a9198ae44dac8b81126873da8eb9.html,后勤服务,其他,后勤服务,高中,否,否
00331dd3312d1eb646f89d185322bc81b837,宁海县力洋镇初级中学运动场提升工程（重发）合同,2026-07-20,浙江省,,采购合同,宁波市公共资源交易网,https://www.ggzy.gov.cn/information/deal/html/a/330000/0203/20260720/00331dd3312d1eb646f89d185322bc81b837.html,校舍维修改造,校舍维修改造,校舍维修改造,初中,否,否
0051206879ed934f43ae94f744c3be48f296,四川省成都市第十七中学机动车保险服务直接选定采购合同,2026-07-20,四川省,,采购合同,,https://www.ggzy.gov.cn/information/deal/html/a/510000/0203/20260720/0051206879ed934f43ae94f744c3be48f296.html,后勤服务,其他,后勤服务,一贯制未分段,否,否
003334e1aff9b10a4f888bb7636e07c67a9c,台州市新桥中学学生教室扩容和宿舍改造项目合同,2026-07-20,浙江省,,采购合同,台州市公共资源交易网,https://www.ggzy.gov.cn/information/deal/html/a/330000/0203/20260720/003334e1aff9b10a4f888bb7636e07c67a9c.html,校舍维修改造,校舍维修改造,校舍维修改造,一贯制未分段,否,否
00371b0a1ef2f9364fabafc00df8963f6e91,文山中学电教办公设备维保服务项目合同备案,2026-07-20,山东省,,采购合同,潍坊市公共资源电子交易系统,https://www.ggzy.gov.cn/information/deal/html/a/370000/0203/20260720/00371b0a1ef2f9364fabafc00df8963f6e91.html,其他,其他,,一贯制未分段,否,否
0014c8745c8891d74d12ab56292f6b6abb0a,晋中市太谷区职业中学校校园道路提质改造项目合同,2026-07-20,山西省,,采购合同,,https://www.ggzy.gov.cn/information/deal/html/a/140000/0203/20260720/0014c8745c8891d74d12ab56292f6b6abb0a.html,校舍维修改造,校舍维修改造,校舍维修改造,一贯制未分段,否,否
0051c9d220c6fb0e4fe7adab204d8695ce99,四川省梓潼中学校车辆加油、添加燃料服务直接选定采购合同,2026-07-20,四川省,,采购合同,,https://www.ggzy.gov.cn/information/deal/html/a/510000/0203/20260720/0051c9d220c6fb0e4fe7adab204d8695ce99.html,后勤服务,其他,后勤服务,一贯制未分段,否,否
003395449b5a26f04812a2b4705541c5f445,杭州高级中学钱江校区室外运动场地维修工程合同,2026-07-20,浙江省,,采购合同,杭州市公共资源交易网,https://www.ggzy.gov.cn/information/deal/html/a/330000/0203/20260720/003395449b5a26f04812a2b4705541c5f445.html,校舍维修改造,校舍维修改造,校舍维修改造,高中,否,否
00342f9489dd767f44428b268fadd20cb81a,2026年芜湖市繁昌区第三中学校舍维修改造项目工程合同,2026-07-20,安徽省,,采购合同,芜湖市公共资源交易平台电子交易系统,https://www.ggzy.gov.cn/information/deal/html/a/340000/0203/20260720/00342f9489dd767f44428b268fadd20cb81a.html,校舍维修改造,校舍维修改造,校舍维修改造,一贯制未分段,否,否
00513891ce96189a43c08a934ca496ab851f,成都市双流区九江新城初级中学物业管理服务采购项目,2026-07-20,四川省,,采购合同,,https://www.ggzy.gov.cn/information/deal/html/a/510000/0203/20260720/00513891ce96189a43c08a934ca496ab851f.html,后勤服务,其他,后勤服务,初中,否,否
00331d9846f7589a42aebc1697059e35296c,杭州市良渚职业高级中学2026学年食堂外包服务项目合同,2026-07-20,浙江省,,采购合同,杭州市公共资源交易网,https://www.ggzy.gov.cn/information/deal/html/a/330000/0203/20260720/00331d9846f7589a42aebc1697059e35296c.html,食堂设备,食堂设备,食堂设备;后勤服务,高中,否,否
00518cedbac960ce416a9d0c4af4eac0f9a7,广安友谊中学学生食堂劳务服务采购,2026-07-20,四川省,,采购合同,,https://www.ggzy.gov.cn/information/deal/html/a/510000/0203/20260720/00518cedbac960ce416a9d0c4af4eac0f9a7.html,食堂设备,食堂设备,食堂设备;后勤服务,一贯制未分段,否,否
0033b8376ee9f0284b3eab57b67f335dbc9e,《浙江省中学实验仪器设备购置项目》第二批采购项目(金华)合同,2026-07-20,浙江省,,采购合同,浙江政府采购云平台,https://www.ggzy.gov.cn/information/deal/html/a/330000/0203/20260720/0033b8376ee9f0284b3eab57b67f335dbc9e.html,实验室设备,实验室设备,实验室设备;教学仪器,一贯制未分段,否,否
003306648bdd79b9421a812c3a3b2daa4655,台州市洪家中学学生教室扩容改造工程合同,2026-07-20,浙江省,,采购合同,台州市公共资源交易网,https://www.ggzy.gov.cn/information/deal/html/a/330000/0203/20260720/003306648bdd79b9421a812c3a3b2daa4655.html,校舍维修改造,校舍维修改造,校舍维修改造,一贯制未分段,否,否
00460a7348ab1bd24fd0997d99e5653cfa8f,儋州市两院中学学生宿舍空调线路改造工程,2026-07-20,海南省,,采购合同,,https://www.ggzy.gov.cn/information/deal/html/a/460000/0203/20260720/00460a7348ab1bd24fd0997d99e5653cfa8f.html,校舍维修改造,校舍维修改造,校舍维修改造;工程配套,一贯制未分段,否,否
00318d0f1371fcfc44fd9dfff75630ad659a,2026年上海师范大学附属中学闵行分校校舍维修工程（非专项）的合同,2026-07-20,上海市,,采购合同,上海政府采购网,https://www.ggzy.gov.cn/information/deal/html/a/310000/0203/20260720/00318d0f1371fcfc44fd9dfff75630ad659a.html,校舍维修改造,校舍维修改造,校舍维修改造,一贯制未分段,否,否
00332ec8d9ee39b74734994253a693635055,湖州市第四中学教育集团（白鱼潭校区）食堂改造项目合同,2026-07-20,浙江省,,采购合同,湖州市公共资源交易网,https://www.ggzy.gov.cn/information/deal/html/a/330000/0203/20260720/00332ec8d9ee39b74734994253a693635055.html,校舍维修改造,校舍维修改造,校舍维修改造;食堂设备,一贯制未分段,否,否
00335c25bf5bb3f745ce8c45149b785fdefe,杭州市余杭中学2026年教职工疗休养项目合同,2026-07-20,浙江省,,采购合同,杭州市公共资源交易网,https://www.ggzy.gov.cn/information/deal/html/a/330000/0203/20260720/00335c25bf5bb3f745ce8c45149b785fdefe.html,其他,其他,,一贯制未分段,否,否
00336f7e77c5f4f248bdae27f076228260b6,宁波市效实中学给排水管网提升改造工程-东部校区合同,2026-07-20,浙江省,,采购合同,宁波市公共资源交易网,https://www.ggzy.gov.cn/information/deal/html/a/330000/0203/20260720/00336f7e77c5f4f248bdae27f076228260b6.html,校舍维修改造,校舍维修改造,校舍维修改造,一贯制未分段,否,否
0033f4b01d8b457f444aad2698e27b4c5cd2,宁波市效实中学给排水管网提升改造工程-白杨校区合同,2026-07-20,浙江省,,采购合同,宁波市公共资源交易网,https://www.ggzy.gov.cn/information/deal/html/a/330000/0203/20260720/0033f4b01d8b457f444aad2698e27b4c5cd2.html,校舍维修改造,校舍维修改造,校舍维修改造,一贯制未分段,否,否
0031fee05d29e8ca4010ae508d609e32b7e5,顾村中学外语听说考场用计算机等设备采购的合同,2026-07-20,上海市,,采购合同,上海政府采购网,https://www.ggzy.gov.cn/information/deal/html/a/310000/0203/20260720/0031fee05d29e8ca4010ae508d609e32b7e5.html,信息化设备,信息化设备,信息化设备,一贯制未分段,是,是
0033700c3cbb4d8e4f7e84b92f53637151e4,镇海区龙赛中学报告厅、地球仪基座、教学楼走廊等改造工程合同,2026-07-20,浙江省,,采购合同,宁波市公共资源交易网,https://www.ggzy.gov.cn/information/deal/html/a/330000/0203/20260720/0033700c3cbb4d8e4f7e84b92f53637151e4.html,校舍维修改造,校舍维修改造,校舍维修改造,一贯制未分段,否,否
0051cf8b4a57f5f04162ad248f630bab4ef6,成都市双流区棠湖中学实验学校（西区）触控一体机直接选定采购合同,2026-07-20,四川省,,采购合同,,https://www.ggzy.gov.cn/information/deal/html/a/510000/0203/20260720/0051cf8b4a57f5f04162ad248f630bab4ef6.html,大屏,大屏,大屏,一贯制未分段,是,是
0046cadc917cd18c4e13a9ffb6f3e2bb12f8,昌江黎族自治县民族中学学生宿舍楼维修改造工程,2026-07-20,海南省,,采购合同,,https://www.ggzy.gov.cn/information/deal/html/a/460000/0203/20260720/0046cadc917cd18c4e13a9ffb6f3e2bb12f8.html,校舍维修改造,校舍维修改造,校舍维修改造,一贯制未分段,否,否
003715896c6553c74c18ab945b47ab6db7d7,邹城市实验中学2026年标准化考点高考听力设备更新采购项目,2026-07-20,山东省,,采购合同,济宁市公共资源交易服务平台,https://www.ggzy.gov.cn/information/deal/html/a/370000/0203/20260720/003715896c6553c74c18ab945b47ab6db7d7.html,其他,其他,,一贯制未分段,否,否
0033591d16baaa41474ebc75dfe1c8eb8a3f,浙江省杭州高级中学贡院校区科技综合楼外立面改造提升项目合同,2026-07-20,浙江省,,采购合同,杭州市公共资源交易网,https://www.ggzy.gov.cn/information/deal/html/a/330000/0203/20260720/0033591d16baaa41474ebc75dfe1c8eb8a3f.html,校舍维修改造,校舍维修改造,校舍维修改造,高中,否,否
006589ccefe8ff8a41dab4487e42869a1943,乌鲁木齐市高级中学录播教室升级改造项目合同,2026-07-20,新疆维吾尔自治区,,采购合同,新疆维吾尔自治区公共资源交易平台,https://www.ggzy.gov.cn/information/deal/html/a/650000/0203/20260720/006589ccefe8ff8a41dab4487e42869a1943.html,信息化设备,信息化设备,信息化设备;校舍维修改造,高中,是,是
00656b04a02182284fe69513093d49442169,2026年鄯善县教育系统4所高中学校（含中职学校）大宗食堂食材采购项目第三包合同,2026-07-20,新疆维吾尔自治区,,采购合同,新疆维吾尔自治区公共资源交易平台,https://www.ggzy.gov.cn/information/deal/html/a/650000/0203/20260720/00656b04a02182284fe69513093d49442169.html,食堂设备,食堂设备,食堂设备;后勤服务,高中,否,否
006553023052c6ce4ca7995072030d3cba2a,乌鲁木齐市高级中学监控设备更新项目合同,2026-07-20,新疆维吾尔自治区,,采购合同,新疆维吾尔自治区公共资源交易平台,https://www.ggzy.gov.cn/information/deal/html/a/650000/0203/20260720/006553023052c6ce4ca7995072030d3cba2a.html,校园安防,校园安防,校园安防,高中,否,否
00651ef2b51521254c779463678523bc4f00,2026年鄯善县教育系统4所高中学校（含中职学校）大宗食堂食材采购项目第一包合同,2026-07-20,新疆维吾尔自治区,,采购合同,新疆维吾尔自治区公共资源交易平台,https://www.ggzy.gov.cn/information/deal/html/a/650000/0203/20260720/00651ef2b51521254c779463678523bc4f00.html,食堂设备,食堂设备,食堂设备;后勤服务,高中,否,否
0065190770f1b092401da7587c91f19f6a67,2026年鄯善县教育系统4所高中学校（含中职学校）大宗食堂食材采购项目第二包合同,2026-07-20,新疆维吾尔自治区,,采购合同,新疆维吾尔自治区公共资源交易平台,https://www.ggzy.gov.cn/information/deal/html/a/650000/0203/20260720/0065190770f1b092401da7587c91f19f6a67.html,食堂设备,食堂设备,食堂设备;后勤服务,高中,否,否
0044fe04c8989cf44126b3d83a3f70899cf1,清远市清新区太和镇回澜中学生活设备设施采购项目,2026-07-20,广东省,,采购合同,,https://www.ggzy.gov.cn/information/deal/html/a/440000/0203/20260720/0044fe04c8989cf44126b3d83a3f70899cf1.html,其他,其他,,一贯制未分段,否,否
00448cd625eba7e94be6a3e944d1af2c2b8c,深圳科学高中学生宿舍维修改造工程合同,2026-07-20,广东省,,采购合同,,https://www.ggzy.gov.cn/information/deal/html/a/440000/0203/20260720/00448cd625eba7e94be6a3e944d1af2c2b8c.html,校舍维修改造,校舍维修改造,校舍维修改造,高中,否,否
00448497b3701521452f9b79ccfcfcbb1428,深圳中学科技高中专业室储物柜及学习桌椅采购合同,2026-07-20,广东省,,采购合同,,https://www.ggzy.gov.cn/information/deal/html/a/440000/0203/20260720/00448497b3701521452f9b79ccfcfcbb1428.html,课桌椅,课桌椅,课桌椅,高中,否,否
00443ad89c6293024b2b9b0345368087dec3,深圳益新中学学生宿舍家具采购及安装,2026-07-20,广东省,,采购合同,,https://www.ggzy.gov.cn/information/deal/html/a/440000/0203/20260720/00443ad89c6293024b2b9b0345368087dec3.html,课桌椅,课桌椅,课桌椅,一贯制未分段,否,否
00443a26d42420ae4f3082ab1f90f6cf2891,广东肇庆中学2026-2027学年物业管理服务采购,2026-07-20,广东省,,采购合同,,https://www.ggzy.gov.cn/information/deal/html/a/440000/0203/20260720/00443a26d42420ae4f3082ab1f90f6cf2891.html,后勤服务,其他,后勤服务,一贯制未分段,否,否
0044135b0e5bfaca4c35ba4d516bde9e0769,揭阳市揭东区第三中学学生食堂经营项目(二次),2026-07-20,广东省,,采购合同,,https://www.ggzy.gov.cn/information/deal/html/a/440000/0203/20260720/0044135b0e5bfaca4c35ba4d516bde9e0769.html,食堂设备,食堂设备,食堂设备,一贯制未分段,否,否
0044010c9a42527b43118bda6e168e3972f5,深圳中学科技高中触控一体机采购项目合同,2026-07-20,广东省,,采购合同,,https://www.ggzy.gov.cn/information/deal/html/a/440000/0203/20260720/0044010c9a42527b43118bda6e168e3972f5.html,大屏,大屏,大屏,高中,是,是
0035edb3a55320d946d4a0f4406accabeada,德化第八中学运动场、篮球场改造工程,2026-07-20,福建省,,采购合同,泉州市公共资源交易中心,https://www.ggzy.gov.cn/information/deal/html/a/350000/0203/20260720/0035edb3a55320d946d4a0f4406accabeada.html,校舍维修改造,校舍维修改造,校舍维修改造;工程配套,一贯制未分段,否,否
0035ae79103008604723bcc926477f572b04,奕聪中学校园变压增容项目采购,2026-07-20,福建省,,采购合同,泉州市公共资源交易中心,https://www.ggzy.gov.cn/information/deal/html/a/350000/0203/20260720/0035ae79103008604723bcc926477f572b04.html,其他,其他,,一贯制未分段,否,否
003526c87869fbde41f18afe64a417b98805,闽侯县第一中学新建教学楼直录播室,2026-07-20,福建省,,采购合同,福州市公共资源交易服务中心,https://www.ggzy.gov.cn/information/deal/html/a/350000/0203/20260720/003526c87869fbde41f18afe64a417b98805.html,信息化设备,信息化设备,信息化设备;校舍维修改造,一贯制未分段,是,是
00423cab23755d9248ce8cebe29d0585373f,还地桥镇实验学校,2026-07-26,湖北省,,采购合同,湖北省政府采购网,https://www.ggzy.gov.cn/information/deal/html/a/420000/0203/20260726/00423cab23755d9248ce8cebe29d0585373f.html,其他,其他,,一贯制未分段,否,否
00332ed4b2a24dd94903a036009acc6254f9,杭州市余杭区禹航实验学校2026-2027学年食堂服务外包采购项目合同,2026-07-25,浙江省,,采购合同,杭州市公共资源交易网,https://www.ggzy.gov.cn/information/deal/html/a/330000/0203/20260725/00332ed4b2a24dd94903a036009acc6254f9.html,食堂设备,食堂设备,食堂设备;后勤服务,一贯制未分段,否,否
00426840838f71184068922304fcc8377cc0,武汉市江汉区红领巾实验学校2026年维修改造项目,2026-07-25,湖北省,,采购合同,湖北省政府采购网,https://www.ggzy.gov.cn/information/deal/html/a/420000/0203/20260725/00426840838f71184068922304fcc8377cc0.html,校舍维修改造,校舍维修改造,校舍维修改造,一贯制未分段,否,否
004222639aeb4fd34195afc098138e6b1c43,2026年武汉市江汉区大兴第一实验学校（金雅校区）维修工程,2026-07-25,湖北省,,采购合同,湖北省政府采购网,https://www.ggzy.gov.cn/information/deal/html/a/420000/0203/20260725/004222639aeb4fd34195afc098138e6b1c43.html,校舍维修改造,校舍维修改造,校舍维修改造,一贯制未分段,否,否
00425c15f94314494a609d41d5f8c8815b18,浠水县思源实验学校开发区校区教学楼及运动场改造项目施工合同,2026-07-24,湖北省,,采购合同,湖北省政府采购网,https://www.ggzy.gov.cn/information/deal/html/a/420000/0203/20260724/00425c15f94314494a609d41d5f8c8815b18.html,校舍维修改造,校舍维修改造,校舍维修改造,一贯制未分段,否,否
00334ec95b3c566f42dba6be7674b689a504,宁波市新城第一实验学校物业保洁服务项目合同,2026-07-24,浙江省,,采购合同,宁波市公共资源交易网,https://www.ggzy.gov.cn/information/deal/html/a/330000/0203/20260724/00334ec95b3c566f42dba6be7674b689a504.html,后勤服务,其他,后勤服务,一贯制未分段,否,否
003389feb08ce167460695e71a1956636897,杭州市余杭区良运实验学校食堂2026年8月15日-2028年7月31日餐饮服务外包采购项目合同,2026-07-24,浙江省,,采购合同,杭州市公共资源交易网,https://www.ggzy.gov.cn/information/deal/html/a/330000/0203/20260724/003389feb08ce167460695e71a1956636897.html,食堂设备,食堂设备,食堂设备;后勤服务,一贯制未分段,否,否
0051b6ef2141eef7494c9efc049cd54950c4,内江六中经开区实验学校柜式空调机直接选定采购合同,2026-07-24,四川省,,采购合同,,https://www.ggzy.gov.cn/information/deal/html/a/510000/0203/20260724/0051b6ef2141eef7494c9efc049cd54950c4.html,工程配套,其他,工程配套,一贯制未分段,否,否
0033df1b381415e248d0bc287d3116793a74,杭州市保俶塔实验学校（之江校区）教学仪器设备采购项目合同,2026-07-24,浙江省,,采购合同,杭州市公共资源交易网,https://www.ggzy.gov.cn/information/deal/html/a/330000/0203/20260724/0033df1b381415e248d0bc287d3116793a74.html,教学仪器,教学仪器,教学仪器,一贯制未分段,否,否
0034305d628f60194379b1cd6e4b79eba87a,高新区实验学校运动场维修改造工程项目合同,2026-07-23,安徽省,,采购合同,芜湖市公共资源交易平台电子交易系统,https://www.ggzy.gov.cn/information/deal/html/a/340000/0203/20260723/0034305d628f60194379b1cd6e4b79eba87a.html,校舍维修改造,校舍维修改造,校舍维修改造,一贯制未分段,否,否
0051227b191507c94a74a9e100c5be032b1a,成都市青羊区教育科学研究院附属实验学校液晶显示器直接选定采购合同,2026-07-23,四川省,,采购合同,,https://www.ggzy.gov.cn/information/deal/html/a/510000/0203/20260723/0051227b191507c94a74a9e100c5be032b1a.html,其他,其他,,一贯制未分段,否,否
0021e5648d154c314cc383713adf2cd24617,高新区第二实验学校（暂定名）建设项目建筑材料检测及专项检测服务采购项目-1【合同】,2026-07-23,辽宁省,,采购合同,大连市公共资源交易平台,https://www.ggzy.gov.cn/information/deal/html/a/210000/0203/20260723/0021e5648d154c314cc383713adf2cd24617.html,其他,其他,,一贯制未分段,否,否
0033399352d302f74ff1a47f576d7bf5b40b,宁波高新区实验学校食堂用工服务（新晖校区）项目合同,2026-07-23,浙江省,,采购合同,宁波市公共资源交易网,https://www.ggzy.gov.cn/information/deal/html/a/330000/0203/20260723/0033399352d302f74ff1a47f576d7bf5b40b.html,食堂设备,食堂设备,食堂设备,一贯制未分段,否,否
0044377f8f0601c94f359ec84ebbddcbdd4c,深圳市教育科学研究院实验学校（光明）物业管理服务委托合同,2026-07-23,广东省,,采购合同,,https://www.ggzy.gov.cn/information/deal/html/a/440000/0203/20260723/0044377f8f0601c94f359ec84ebbddcbdd4c.html,后勤服务,其他,后勤服务,一贯制未分段,否,否
0051e69e581574da43928b4ac0fca21b07d2,射洪沱牌实验学校壁挂式空调机二次竞价采购合同,2026-07-22,四川省,,采购合同,,https://www.ggzy.gov.cn/information/deal/html/a/510000/0203/20260722/0051e69e581574da43928b4ac0fca21b07d2.html,工程配套,其他,工程配套,一贯制未分段,否,否
00378f2c61b5fa4d4ee5ab8226420dcee0a7,滨州市沾化区泊头镇实验学校学生公寓室外配套项目,2026-07-22,山东省,,采购合同,滨州市公共资源电子交易系统,https://www.ggzy.gov.cn/information/deal/html/a/370000/0203/20260722/00378f2c61b5fa4d4ee5ab8226420dcee0a7.html,其他,其他,,一贯制未分段,否,否
00517c3b1e938c9d4d3c8aa2e8c70982570d,自贡市汇东实验学校触控一体机直接选定采购合同,2026-07-22,四川省,,采购合同,,https://www.ggzy.gov.cn/information/deal/html/a/510000/0203/20260722/00517c3b1e938c9d4d3c8aa2e8c70982570d.html,大屏,大屏,大屏,一贯制未分段,是,是
0033d8e98a1529dc4c589447c8780b8ea6cb,江山市城东实验学校食堂劳务外包采购项目合同,2026-07-21,浙江省,,采购合同,衢州市公共资源交易网,https://www.ggzy.gov.cn/information/deal/html/a/330000/0203/20260721/0033d8e98a1529dc4c589447c8780b8ea6cb.html,食堂设备,食堂设备,食堂设备;后勤服务,一贯制未分段,否,否
0051aab323ad06814cfda6833812c6f18636,遂宁市富源实验学校台式计算机直接选定采购合同,2026-07-20,四川省,,采购合同,,https://www.ggzy.gov.cn/information/deal/html/a/510000/0203/20260720/0051aab323ad06814cfda6833812c6f18636.html,信息化设备,信息化设备,信息化设备,一贯制未分段,是,是
00519885e7107e614d298eea5f6640ca6680,遂宁市富源实验学校触控一体机直接选定采购合同,2026-07-20,四川省,,采购合同,,https://www.ggzy.gov.cn/information/deal/html/a/510000/0203/20260720/00519885e7107e614d298eea5f6640ca6680.html,大屏,大屏,大屏,一贯制未分段,是,是
005139e6c35e60b24548a6814ed1ae8ff5a7,遂宁市富源实验学校A4黑白打印机直接选定采购合同,2026-07-20,四川省,,采购合同,,https://www.ggzy.gov.cn/information/deal/html/a/510000/0203/20260720/005139e6c35e60b24548a6814ed1ae8ff5a7.html,其他,其他,,一贯制未分段,否,否
0051902e6af377ed4d08abc9d4ca3f1e8af7,遂宁市富源实验学校多功能一体机直接选定采购合同,2026-07-20,四川省,,采购合同,,https://www.ggzy.gov.cn/information/deal/html/a/510000/0203/20260720/0051902e6af377ed4d08abc9d4ca3f1e8af7.html,其他,其他,,一贯制未分段,否,否
004183ff38e712524588a4d88850814c71f6,叶县教育体育局2024年义务教育薄弱环节改善与能力提升项目-辛店镇实验学校综合楼,2026-07-20,河南省,,采购合同,平顶山市公共资源交易中心,https://www.ggzy.gov.cn/information/deal/html/a/410000/0203/20260720/004183ff38e712524588a4d88850814c71f6.html,其他,其他,,教育局统筹,否,否
00224d97e7cccd1043a9b3a8afc073de776c,2026年东师附小净月实验学校教师餐主、副食材采购项目合同,2026-07-20,吉林省,,采购合同,长春市公共资源交易中心(新),https://www.ggzy.gov.cn/information/deal/html/a/220000/0203/20260720/00224d97e7cccd1043a9b3a8afc073de776c.html,后勤服务,其他,后勤服务,一贯制未分段,否,否
00332875152644e2462faf9d4e69d088caae,宁波市江北外国语学校和德润书院2026年暑期疗休养合同,2026-07-24,浙江省,,采购合同,宁波市公共资源交易网,https://www.ggzy.gov.cn/information/deal/html/a/330000/0203/20260724/00332875152644e2462faf9d4e69d088caae.html,其他,其他,,一贯制未分段,否,否
0051c65f6c1f1f004015946be5a06175710b,宜宾三江新区成都外国语学校壁挂式空调机直接选定采购合同,2026-07-22,四川省,,采购合同,,https://www.ggzy.gov.cn/information/deal/html/a/510000/0203/20260722/0051c65f6c1f1f004015946be5a06175710b.html,工程配套,其他,工程配套,一贯制未分段,否,否
00510863152126294e0d95df3000582f06d5,宜宾三江新区成都外国语学校触控一体机直接选定采购合同,2026-07-22,四川省,,采购合同,,https://www.ggzy.gov.cn/information/deal/html/a/510000/0203/20260722/00510863152126294e0d95df3000582f06d5.html,大屏,大屏,大屏,一贯制未分段,是,是
00338e2d849cb5d94964b01c28786830f21c,2026宁波市江北区新城外国语学校暑期教师疗休养项目合同,2026-07-22,浙江省,,采购合同,宁波市公共资源交易网,https://www.ggzy.gov.cn/information/deal/html/a/330000/0203/20260722/00338e2d849cb5d94964b01c28786830f21c.html,其他,其他,,一贯制未分段,否,否
005183769610e8b5481f838aae71226e40ad,成都市郫都区岷阳实验外国语学校柜式空调机直接选定采购合同,2026-07-22,四川省,,采购合同,,https://www.ggzy.gov.cn/information/deal/html/a/510000/0203/20260722/005183769610e8b5481f838aae71226e40ad.html,工程配套,其他,工程配套,一贯制未分段,否,否
0044b42110cc791d4889ab0e1984c3aaeb3b,龙岗区信义外国语学校厨房终端设备采购项目,2026-07-22,广东省,,采购合同,,https://www.ggzy.gov.cn/information/deal/html/a/440000/0203/20260722/0044b42110cc791d4889ab0e1984c3aaeb3b.html,其他,其他,,一贯制未分段,否,否
0044231611121775488994e5ae7a172a44ec,2026年-2027年广州外国语学校学生宿舍管理服务采购项目,2026-07-21,广东省,,采购合同,,https://www.ggzy.gov.cn/information/deal/html/a/440000/0203/20260721/0044231611121775488994e5ae7a172a44ec.html,后勤服务,其他,后勤服务,一贯制未分段,否,否
0042cf4df59d800948fcbb79879ddf6fe9f1,五峰土家族自治县教育局综合业务用房（改造）建设项目,2026-07-25,湖北省,,采购合同,湖北省政府采购网,https://www.ggzy.gov.cn/information/deal/html/a/420000/0203/20260725/0042cf4df59d800948fcbb79879ddf6fe9f1.html,校舍维修改造,校舍维修改造,校舍维修改造,教育局统筹,否,否
0021d821ffc733f14121acb73ee8bb651f80,甘井子区教育局教育信息化环境运维服务项目-1【合同】,2026-07-24,辽宁省,,采购合同,大连市公共资源交易平台,https://www.ggzy.gov.cn/information/deal/html/a/210000/0203/20260724/0021d821ffc733f14121acb73ee8bb651f80.html,信息化,信息化,信息化,教育局统筹,是,是
0014cd00e7bf05ee4048ba7e49cf190dc5b0,2026年浑源县教育局校舍安全保障长效机制一期项目合同,2026-07-24,山西省,,采购合同,,https://www.ggzy.gov.cn/information/deal/html/a/140000/0203/20260724/0014cd00e7bf05ee4048ba7e49cf190dc5b0.html,校舍维修改造,校舍维修改造,校舍维修改造,教育局统筹,否,否
00334a629ded6695410c9b9ff13f641338c6,杭州市滨江区教育局下属学校2026年信创电脑采购及安装项目（重招）合同,2026-07-24,浙江省,,采购合同,杭州市公共资源交易网,https://www.ggzy.gov.cn/information/deal/html/a/330000/0203/20260724/00334a629ded6695410c9b9ff13f641338c6.html,信息化设备,信息化设备,信息化设备,教育局统筹,是,是
0051fc49bbb611464160b1e32160feea1453,成都市金牛区教育局机动车保险服务直接选定采购合同,2026-07-24,四川省,,采购合同,,https://www.ggzy.gov.cn/information/deal/html/a/510000/0203/20260724/0051fc49bbb611464160b1e32160feea1453.html,后勤服务,其他,后勤服务,教育局统筹,否,否
00514b6597e2869941a1af5b1f2d559d2f52,龙泉驿区教育局社会审计服务采购项目,2026-07-24,四川省,,采购合同,,https://www.ggzy.gov.cn/information/deal/html/a/510000/0203/20260724/00514b6597e2869941a1af5b1f2d559d2f52.html,其他,其他,,教育局统筹,否,否
0051c612f90ec47d441399a9b3f76ac2bff1,射洪市教育局车辆维修、保养服务直接选定采购合同,2026-07-24,四川省,,采购合同,,https://www.ggzy.gov.cn/information/deal/html/a/510000/0203/20260724/0051c612f90ec47d441399a9b3f76ac2bff1.html,校舍维修改造,校舍维修改造,校舍维修改造,教育局统筹,否,否
0013af10b0fdf56f4be5b93c04d8e726abe4,沧州渤海新区黄骅市教育局2026-2027学年度营养改善计划鸡蛋采购项目-1包,2026-07-23,河北省,,采购合同,,https://www.ggzy.gov.cn/information/deal/html/a/130000/0203/20260723/0013af10b0fdf56f4be5b93c04d8e726abe4.html,其他,其他,,教育局统筹,否,否
001301fbd0193883473a94e8f41cfe8346ed,沧州渤海新区黄骅市教育局2026-2027学年度营养改善计划鸡蛋采购项目-2包,2026-07-23,河北省,,采购合同,,https://www.ggzy.gov.cn/information/deal/html/a/130000/0203/20260723/001301fbd0193883473a94e8f41cfe8346ed.html,其他,其他,,教育局统筹,否,否
00518accc9c252504d08aa93046bf3280a6e,雅安市名山区教育局车辆维修、保养服务直接选定采购合同,2026-07-23,四川省,,采购合同,,https://www.ggzy.gov.cn/information/deal/html/a/510000/0203/20260723/00518accc9c252504d08aa93046bf3280a6e.html,校舍维修改造,校舍维修改造,校舍维修改造,教育局统筹,否,否
00511bc185c4b5d846b5adb53d345beb0017,雅安市名山区教育局机动车保险服务直接选定采购合同,2026-07-23,四川省,,采购合同,,https://www.ggzy.gov.cn/information/deal/html/a/510000/0203/20260723/00511bc185c4b5d846b5adb53d345beb0017.html,后勤服务,其他,后勤服务,教育局统筹,否,否
0051118ceb520a1349b9adf73fb11914c3b1,遂宁市安居区教育局柜式空调机直接选定采购合同,2026-07-23,四川省,,采购合同,,https://www.ggzy.gov.cn/information/deal/html/a/510000/0203/20260723/0051118ceb520a1349b9adf73fb11914c3b1.html,工程配套,其他,工程配套,教育局统筹,否,否
0065ca1b2738102747d68570c1b7a0b3525e,2026年克拉玛依市教育局直属单位学生午休课桌椅及储物柜采购合同,2026-07-23,新疆维吾尔自治区,,采购合同,新疆维吾尔自治区公共资源交易平台,https://www.ggzy.gov.cn/information/deal/html/a/650000/0203/20260723/0065ca1b2738102747d68570c1b7a0b3525e.html,课桌椅,课桌椅,课桌椅,教育局统筹,否,否
004438a5bcbeddb34a9082c2b48302e0ac86,市教育局卫职院2026年度从化校区食堂设备购置项目,2026-07-23,广东省,,采购合同,,https://www.ggzy.gov.cn/information/deal/html/a/440000/0203/20260723/004438a5bcbeddb34a9082c2b48302e0ac86.html,食堂设备,食堂设备,食堂设备,教育局统筹,否,否
0021240b3a73448a4d6fb04650a9b570f3fb,2026年甘井子区教育局限额以下维修服务项目-1【合同】,2026-07-22,辽宁省,,采购合同,大连市公共资源交易平台,https://www.ggzy.gov.cn/information/deal/html/a/210000/0203/20260722/0021240b3a73448a4d6fb04650a9b570f3fb.html,校舍维修改造,校舍维修改造,校舍维修改造,教育局统筹,否,否
003352ca570ea943475390b6cfa7f375dd16,杭州市滨江区教育局下属学校2026年触控一体机采购及安装项目合同,2026-07-22,浙江省,,采购合同,杭州市公共资源交易网,https://www.ggzy.gov.cn/information/deal/html/a/330000/0203/20260722/003352ca570ea943475390b6cfa7f375dd16.html,大屏,大屏,大屏,教育局统筹,是,是
0051b0cf691f815d49ff921e69ddd13aae78,夹江县教育局壁挂式空调机直接选定采购合同,2026-07-22,四川省,,采购合同,,https://www.ggzy.gov.cn/information/deal/html/a/510000/0203/20260722/0051b0cf691f815d49ff921e69ddd13aae78.html,工程配套,其他,工程配套,教育局统筹,否,否
00357f8b1f4219024a9c9655714f440b1bcb,长乐区教育局2026-2027学年度义务教育阶段学生免费作业本采购项目,2026-07-22,福建省,,采购合同,福州市公共资源交易服务中心,https://www.ggzy.gov.cn/information/deal/html/a/350000/0203/20260722/00357f8b1f4219024a9c9655714f440b1bcb.html,其他,其他,,教育局统筹,否,否
003106c12d60ccc74a89b05d2628d8f2c822,上海市徐汇区政府采购中心----徐汇区教育局长桥街道xh310-05地块学校配套弱电政府采购项目的合同,2026-07-21,上海市,,采购合同,上海政府采购网,https://www.ggzy.gov.cn/information/deal/html/a/310000/0203/20260721/003106c12d60ccc74a89b05d2628d8f2c822.html,其他,其他,,教育局统筹,否,否
003317221b1387f7409ab231165add956cdd,2026年路桥区教育局校园监控改造项目合同,2026-07-21,浙江省,,采购合同,台州市公共资源交易网,https://www.ggzy.gov.cn/information/deal/html/a/330000/0203/20260721/003317221b1387f7409ab231165add956cdd.html,校舍维修改造,校舍维修改造,校舍维修改造;校园安防,教育局统筹,否,否
00142dff40791c59405ab4c0ab51b06a8f67,2025年浑源县教育局支持学前教育发展项目合同,2026-07-21,山西省,,采购合同,,https://www.ggzy.gov.cn/information/deal/html/a/140000/0203/20260721/00142dff40791c59405ab4c0ab51b06a8f67.html,其他,其他,,教育局统筹,否,否
0065aa928355e4e34985a2a0c33437b18285,阿瓦提县教育局2026年“祖国情中华行”爱国主义研学活动项目合同,2026-07-21,新疆维吾尔自治区,,采购合同,新疆维吾尔自治区公共资源交易平台,https://www.ggzy.gov.cn/information/deal/html/a/650000/0203/20260721/0065aa928355e4e34985a2a0c33437b18285.html,其他,其他,,教育局统筹,否,否
004482d86c228b5a4a689c86e0cdb6aa16d8,2026年荔湾区教育局局属事业单位公开招聘考试服务项目,2026-07-21,广东省,,采购合同,,https://www.ggzy.gov.cn/information/deal/html/a/440000/0203/20260721/004482d86c228b5a4a689c86e0cdb6aa16d8.html,其他,其他,,教育局统筹,否,否
0012cd8fd9e08c444556987d43865a5a7985,天津市河北区教育局物业管理项目_第1包,2026-07-21,天津市,,采购合同,天津市公共资源交易平台交易系统,https://www.ggzy.gov.cn/information/deal/html/a/120000/0203/20260721/0012cd8fd9e08c444556987d43865a5a7985.html,后勤服务,其他,后勤服务,教育局统筹,否,否
003466e341ae866a46bdb81d0655726688e5,烈山区教育局2026年校舍维修改造工程项目,2026-07-20,安徽省,,采购合同,淮北市公共资源交易平台电子交易系统,https://www.ggzy.gov.cn/information/deal/html/a/340000/0203/20260720/003466e341ae866a46bdb81d0655726688e5.html,校舍维修改造,校舍维修改造,校舍维修改造,教育局统筹,否,否
00339ef2e1fb1558483bb655a2be82026b84,杭州市萧山区教育局2026年春季义务教育教学用书和辅助学习资源（学具）采购项目合同,2026-07-20,浙江省,,采购合同,杭州市公共资源交易网,https://www.ggzy.gov.cn/information/deal/html/a/330000/0203/20260720/00339ef2e1fb1558483bb655a2be82026b84.html,其他,其他,,教育局统筹,否,否
0044fc595ba9552546ed8ed7181d058f3303,广东省政府采购合同书（广州市电化教育馆2026-2028年信息化运维项目之广州市教育局校园视频监控建设联网应用）,2026-07-20,广东省,,采购合同,,https://www.ggzy.gov.cn/information/deal/html/a/440000/0203/20260720/0044fc595ba9552546ed8ed7181d058f3303.html,信息化,信息化,信息化;校园安防,教育局统筹,是,是
00517e14502839394fb589fe6643fc54c644,什邡市教体局校园保安服务,2026-07-21,四川省,,采购合同,,https://www.ggzy.gov.cn/information/deal/html/a/510000/0203/20260721/00517e14502839394fb589fe6643fc54c644.html,后勤服务,其他,后勤服务,教育局统筹,否,否
0034c47664fbefa94f32b4f1fe71906c8aed,肥西县教体局2026年北张学校等功能室设备采购与安装第1包,2026-07-20,安徽省,,采购合同,安徽合肥公共资源交易中心电子交易系统,https://www.ggzy.gov.cn/information/deal/html/a/340000/0203/20260720/0034c47664fbefa94f32b4f1fe71906c8aed.html,实验室设备,实验室设备,实验室设备,教育局统筹,否,否
00511fee9589b51040ddaac3f4017b60adf8,旌阳区2026年秋期至2027年春期义务教育阶段学生作业本采购项目,2026-07-24,四川省,,采购合同,,https://www.ggzy.gov.cn/information/deal/html/a/510000/0203/20260724/00511fee9589b51040ddaac3f4017b60adf8.html,其他,其他,,一贯制未分段,否,否
0051b82b8d051a4f43e3824eb2780c6bdcc7,蒲江县义务教育阶段学生作业本印刷服务,2026-07-24,四川省,,采购合同,,https://www.ggzy.gov.cn/information/deal/html/a/510000/0203/20260724/0051b82b8d051a4f43e3824eb2780c6bdcc7.html,后勤服务,其他,后勤服务,一贯制未分段,否,否
005102206f8bedf4452cb187da003c4adee1,2026-2027学年成都东部新区义务教育阶段学生作业本采购项目,2026-07-24,四川省,,采购合同,,https://www.ggzy.gov.cn/information/deal/html/a/510000/0203/20260724/005102206f8bedf4452cb187da003c4adee1.html,其他,其他,,一贯制未分段,否,否
0051801f4225f7994653884d2b33cbb381da,荣县2026-2027学年度义务教育阶段学生作业本采购,2026-07-24,四川省,,采购合同,,https://www.ggzy.gov.cn/information/deal/html/a/510000/0203/20260724/0051801f4225f7994653884d2b33cbb381da.html,其他,其他,,一贯制未分段,否,否
00348ee0ed51bb7a4c0589f3fa9fa2a0ca07,2026年歙县义务教育学校安装空调采购项目合同备案,2026-07-24,安徽省,,采购合同,黄山市公共资源交易平台电子交易系统,https://www.ggzy.gov.cn/information/deal/html/a/340000/0203/20260724/00348ee0ed51bb7a4c0589f3fa9fa2a0ca07.html,工程配套,其他,工程配套,一贯制未分段,否,否
0014d55e1911105a474b8c97eceed7a703fa,五台县2026年农村义务教育学生营养改善计划课间加餐食品采购项目合同,2026-07-22,山西省,,采购合同,,https://www.ggzy.gov.cn/information/deal/html/a/140000/0203/20260722/0014d55e1911105a474b8c97eceed7a703fa.html,其他,其他,,一贯制未分段,否,否
003532e7bba2f03848c18d125a057d408156,2026-2027学年区属义务教育阶段学校免费提供作业本货物类采购项目,2026-07-22,福建省,,采购合同,福州市公共资源交易服务中心,https://www.ggzy.gov.cn/information/deal/html/a/350000/0203/20260722/003532e7bba2f03848c18d125a057d408156.html,其他,其他,,一贯制未分段,否,否
0051ee69d4accdcb4650a9f6457213d20eba,2026-2027学年度义务教育段学生作业本印刷服务采购项目,2026-07-21,四川省,,采购合同,,https://www.ggzy.gov.cn/information/deal/html/a/510000/0203/20260721/0051ee69d4accdcb4650a9f6457213d20eba.html,后勤服务,其他,后勤服务,一贯制未分段,否,否
0062c2ace784a7e54e25a138e080b5a1733d,崇信县2026年义务教育设施设备提升项目（设备购置）002合同,2026-07-21,甘肃省,,采购合同,平凉市公共资源交易平台,https://www.ggzy.gov.cn/information/deal/html/a/620000/0203/20260721/0062c2ace784a7e54e25a138e080b5a1733d.html,其他,其他,,一贯制未分段,否,否
00628cb27cdeaedc46dc88fb7129a09bb5dc,崇信县2026年义务教育设施设备提升项目（设备购置）001合同,2026-07-21,甘肃省,,采购合同,平凉市公共资源交易平台,https://www.ggzy.gov.cn/information/deal/html/a/620000/0203/20260721/00628cb27cdeaedc46dc88fb7129a09bb5dc.html,其他,其他,,一贯制未分段,否,否
00623e554df43eb74b6f940a8824f3746b03,崇信县2026年义务教育设施设备提升项目（设备购置）003合同,2026-07-21,甘肃省,,采购合同,平凉市公共资源交易平台,https://www.ggzy.gov.cn/information/deal/html/a/620000/0203/20260721/00623e554df43eb74b6f940a8824f3746b03.html,其他,其他,,一贯制未分段,否,否
00518701b29941064dfeba24edc95352a7a9,攀枝花市仁和区2026-2027年度义务教育学校学生作业本采购项目,2026-07-21,四川省,,采购合同,,https://www.ggzy.gov.cn/information/deal/html/a/510000/0203/20260721/00518701b29941064dfeba24edc95352a7a9.html,其他,其他,,一贯制未分段,否,否
0051ff85bf0fe41e441a8e83bab6e64b5fad,遂宁市安居区拦江镇九年义务教育学校LED显示屏直接选定采购合同,2026-07-20,四川省,,采购合同,,https://www.ggzy.gov.cn/information/deal/html/a/510000/0203/20260720/0051ff85bf0fe41e441a8e83bab6e64b5fad.html,大屏,大屏,大屏,一贯制未分段,是,是
005183a60931a0ea4b7797dd4733c0419c77,遂宁市安居区拦江镇九年义务教育学校柜式空调机直接选定采购合同,2026-07-20,四川省,,采购合同,,https://www.ggzy.gov.cn/information/deal/html/a/510000/0203/20260720/005183a60931a0ea4b7797dd4733c0419c77.html,工程配套,其他,工程配套,一贯制未分段,否,否
00511625adc4e31846d6999869f14947c64f,遂宁市安居区拦江镇九年义务教育学校台式计算机直接选定采购合同,2026-07-20,四川省,,采购合同,,https://www.ggzy.gov.cn/information/deal/html/a/510000/0203/20260720/00511625adc4e31846d6999869f14947c64f.html,信息化设备,信息化设备,信息化设备,一贯制未分段,是,是
004250255dce1ede44509c1d36af2d8673f0,2025年第一批义务教育薄弱环节改善与能力提升项合同目采购,2026-07-20,湖北省,,采购合同,湖北省政府采购网,https://www.ggzy.gov.cn/information/deal/html/a/420000/0203/20260720/004250255dce1ede44509c1d36af2d8673f0.html,其他,其他,,一贯制未分段,否,否
