记录ID,标题,发布时间,省份,市,公告类型,来源平台,详情页URL,主品类,主品类-原始口径,全部命中品类,学段,是否学科网相关,已L2精读
00362ac09f253db9422496af1da4552d0521,江西嘉勋工程管理有限公司关于安远县龙布镇中心小学安远县龙布中心小学校舍维修及基础设施改造项目（项目编号：JXJX2026-AY-C001）电子化竞争性磋商采购公告,2026-07-26,江西省,,采购/资审公告,赣州市公共资源交易中心,https://www.ggzy.gov.cn/information/deal/html/a/360000/0201/20260726/00362ac09f253db9422496af1da4552d0521.html,校舍维修改造,校舍维修改造,校舍维修改造,小学,否,否
00149256fceae6c34d028a6c3204519cf1c0,临汾一中第一附属学校公开招标临汾一中第一附属学校小学部教学设施设备购置项目的采购公告,2026-07-25,山西省,,采购/资审公告,,https://www.ggzy.gov.cn/information/deal/html/a/140000/0201/20260725/00149256fceae6c34d028a6c3204519cf1c0.html,其他,其他,,小学,否,否
0037b35afa3992384638997de0b594e59c07,青岛市崂山区崂发小学2026年物业管理服务竞争性磋商公告,2026-07-25,山东省,,采购/资审公告,青岛市公共资源交易 电子交易系统,https://www.ggzy.gov.cn/information/deal/html/a/370000/0201/20260725/0037b35afa3992384638997de0b594e59c07.html,后勤服务,其他,后勤服务,小学,否,否
005090d281ae06f346dc8db1bf184c0d838d,重庆市渝北区腾芳小学2026年教育教学设备采购项目(YBQ26A00509)询价公告,2026-07-25,重庆市,,采购/资审公告,重庆市公共资源交易服务平台,https://www.ggzy.gov.cn/information/deal/html/a/500000/0201/20260725/005090d281ae06f346dc8db1bf184c0d838d.html,教学仪器,教学仪器,教学仪器,小学,否,否
0042d7c18f39984844e4b325624805265fe7,巴东县茶店子镇中心小学新建学生食堂设备采购项目第二次公告,2026-07-25,湖北省,,采购/资审公告,湖北省政府采购网,https://www.ggzy.gov.cn/information/deal/html/a/420000/0201/20260725/0042d7c18f39984844e4b325624805265fe7.html,校舍维修改造,校舍维修改造,校舍维修改造;食堂设备,小学,否,否
0036c022aa6a2068453a88485cccd7d30a39,赣州嘉宇招标代理有限公司关于于都县明德小学运动场提升改造工程（项目编号：GZJY2026-YD-C001）的不见面电子化竞争性磋商采购公告,2026-07-25,江西省,,采购/资审公告,赣州市公共资源交易中心,https://www.ggzy.gov.cn/information/deal/html/a/360000/0201/20260725/0036c022aa6a2068453a88485cccd7d30a39.html,校舍维修改造,校舍维修改造,校舍维修改造,小学,否,否
003662fd1b3df2044cd5bfd7023fc2934cbf,江西新明工程服务有限公司关于2026年城区小学功能室设备采购项目(第二次)（项目编号：JXXM-PX-2026-C004-1）竞争性谈判公告,2026-07-25,江西省,,采购/资审公告,萍乡市公共资源交易中心,https://www.ggzy.gov.cn/information/deal/html/a/360000/0201/20260725/003662fd1b3df2044cd5bfd7023fc2934cbf.html,实验室设备,实验室设备,实验室设备,小学,否,否
003651c8790ef937452c95ebdde3d3205b01,江西省博远工程管理有限公司关于安远县车头镇中心小学球场跑道及其周边设施改造项目（项目编号：JXBY2026-AY-C015）的竞争性磋商公告,2026-07-25,江西省,,采购/资审公告,赣州市公共资源交易中心,https://www.ggzy.gov.cn/information/deal/html/a/360000/0201/20260725/003651c8790ef937452c95ebdde3d3205b01.html,校舍维修改造,校舍维修改造,校舍维修改造,小学,否,否
003629fcef3ae288496dbdadc2471f5c4835,新干三中等中小学课桌椅采购项目,2026-07-25,江西省,,采购/资审公告,吉安市公共资源交易中心,https://www.ggzy.gov.cn/information/deal/html/a/360000/0201/20260725/003629fcef3ae288496dbdadc2471f5c4835.html,课桌椅,课桌椅,课桌椅,教育局统筹,否,否
0036e7acd73526d4487b9e89321ca4cd149f,江西柏盛工程管理有限公司关于宜丰县新昌镇第四小学运动场改造工程（项目编号：江西柏盛-YF2026-02）竞争性谈判采购公告,2026-07-25,江西省,,采购/资审公告,宜春市公共资源交易中心,https://www.ggzy.gov.cn/information/deal/html/a/360000/0201/20260725/0036e7acd73526d4487b9e89321ca4cd149f.html,校舍维修改造,校舍维修改造,校舍维修改造,小学,否,否
0041c870f65e0b9f403babbbcac65719f217,洛阳市涧西区教育局涧西区公办中小学校大宗食材（米、面、油、肉、蛋、奶）采购及配送项目-征集公告,2026-07-24,河南省,,采购/资审公告,,https://www.ggzy.gov.cn/information/deal/html/a/410000/0201/20260724/0041c870f65e0b9f403babbbcac65719f217.html,后勤服务,其他,后勤服务,教育局统筹,否,否
00134f4083ba5c574b0f9397599d8a1baaa9,廊坊经济技术开发区文教卫生局小学部课堂实录分析系统采购项目公开招标交易公告,2026-07-24,河北省,,采购/资审公告,廊坊市公共资源交易中心,https://www.ggzy.gov.cn/information/deal/html/a/130000/0201/20260724/00134f4083ba5c574b0f9397599d8a1baaa9.html,信息化设备,信息化设备,信息化设备,小学,是,否
00113ee14dbfc9d442d2982907eb719d76e7,2026年房山区中小学校园食堂质量提升预算项目（设备购置3）公开招标公告,2026-07-24,北京,,采购/资审公告,北京市政府采购网,https://www.ggzy.gov.cn/information/deal/html/a/110000/0201/20260724/00113ee14dbfc9d442d2982907eb719d76e7.html,食堂设备,食堂设备,食堂设备,教育局统筹,否,否
0043c38dd813b43141639fda055017c21d8e,长沙市龙塘小学2026年秋季扩班建设及设施设备采购招标公告,2026-07-24,湖南省,,采购/资审公告,,https://www.ggzy.gov.cn/information/deal/html/a/430000/0201/20260724/0043c38dd813b43141639fda055017c21d8e.html,其他,其他,,小学,否,否
0042d0142969aefd4a9990f5e31153698810,广水市第二实验小学综合楼维修改造项目公告,2026-07-24,湖北省,,采购/资审公告,湖北省政府采购网,https://www.ggzy.gov.cn/information/deal/html/a/420000/0201/20260724/0042d0142969aefd4a9990f5e31153698810.html,校舍维修改造,校舍维修改造,校舍维修改造,小学,否,否
0037fb901851e92c47ebb656c017612c8b7f,曲阜市鲁城街道孔子中学舞雩坛小学铭志楼维修加固工程竞争性磋商公告,2026-07-24,山东省,,采购/资审公告,济宁市公共资源交易服务平台,https://www.ggzy.gov.cn/information/deal/html/a/370000/0201/20260724/0037fb901851e92c47ebb656c017612c8b7f.html,校舍维修改造,校舍维修改造,校舍维修改造,小学,否,否
004486a817408b404b3d9f68b6e8cf61219d,惠州仲恺高新区2026年公办中小学校教学服务辅助项目招标公告,2026-07-24,广东省,,采购/资审公告,,https://www.ggzy.gov.cn/information/deal/html/a/440000/0201/20260724/004486a817408b404b3d9f68b6e8cf61219d.html,其他,其他,,教育局统筹,否,否
001336c560a69d224683aba014be80d3e7d6,石家庄市谈固东街小学设施设备采购项目公开招标公告,2026-07-24,河北省,,采购/资审公告,石家庄公共资源交易网,https://www.ggzy.gov.cn/information/deal/html/a/130000/0201/20260724/001336c560a69d224683aba014be80d3e7d6.html,其他,其他,,小学,否,否
00655a53e816a7b54772967f7e359aeced39,柯坪县湖州小学维修改造项目竞争性磋商公告,2026-07-24,新疆维吾尔自治区,,采购/资审公告,新疆维吾尔自治区公共资源交易平台,https://www.ggzy.gov.cn/information/deal/html/a/650000/0201/20260724/00655a53e816a7b54772967f7e359aeced39.html,校舍维修改造,校舍维修改造,校舍维修改造,小学,否,否
0012b66d5e1e57cb4b1689f071eff1186137,天津市津南区教育局机关 津南实验小学合祥园校区提升改造项目 (项目编号:JZD-TJ26-032)竞争性磋商公告,2026-07-24,天津市,,采购/资审公告,天津市公共资源交易平台交易系统,https://www.ggzy.gov.cn/information/deal/html/a/120000/0201/20260724/0012b66d5e1e57cb4b1689f071eff1186137.html,校舍维修改造,校舍维修改造,校舍维修改造,教育局统筹,否,否
0062e33d5d56b631402fb878498d287d0c3d,白银区第十二小学教学楼外窗及外墙维修改造项目-竞争性磋商招标公告,2026-07-24,甘肃省,,采购/资审公告,白银市公共资源交易平台,https://www.ggzy.gov.cn/information/deal/html/a/620000/0201/20260724/0062e33d5d56b631402fb878498d287d0c3d.html,校舍维修改造,校舍维修改造,校舍维修改造,小学,否,否
00411b073a1a1cf942fbbf34ce9cdc161f9b,陕州小学运动场改扩建项目（塑胶跑道及硅PU篮球场采购）-竞争性磋商公告,2026-07-24,河南省,,采购/资审公告,三门峡市公共资源交易中心,https://www.ggzy.gov.cn/information/deal/html/a/410000/0201/20260724/00411b073a1a1cf942fbbf34ce9cdc161f9b.html,校舍维修改造,校舍维修改造,校舍维修改造;工程配套,小学,否,否
00358addf8ab06d3451e806ced2c2b8e2851,黄石中心小学物业管理服务项目(三次)竞争性磋商公告,2026-07-24,福建省,,采购/资审公告,莆田市行政服务中心,https://www.ggzy.gov.cn/information/deal/html/a/350000/0201/20260724/00358addf8ab06d3451e806ced2c2b8e2851.html,后勤服务,其他,后勤服务,小学,否,否
0011ea1b45a814d54e4d9077432e1574433f,北京市通州区中小学校办学装备提升项目（包1：实验室成套设备一、包2：实验室成套设备二、包3：实验室成套设备三、包4：实验室成套设备四）公开招标公告,2026-07-24,北京,,采购/资审公告,北京市政府采购网,https://www.ggzy.gov.cn/information/deal/html/a/110000/0201/20260724/0011ea1b45a814d54e4d9077432e1574433f.html,实验室设备,实验室设备,实验室设备,教育局统筹,否,否
004103d2d9e4e9ca4d3dbabc0ce80f874a13,漯河市源汇区许慎小学许慎小学校园整体运动场地改造维护提升项目-竞争性磋商公告,2026-07-24,河南省,,采购/资审公告,漯河市公共资源交易中心,https://www.ggzy.gov.cn/information/deal/html/a/410000/0201/20260724/004103d2d9e4e9ca4d3dbabc0ce80f874a13.html,校舍维修改造,校舍维修改造,校舍维修改造,小学,否,否
002257dc5512eb984b33a0430516c28b796c,吉林省裕顺工程咨询有限公司关于长春市绿园区春阳小学食堂改造工程的竞争性磋商公告,2026-07-24,吉林省,,采购/资审公告,长春市公共资源交易中心(新),https://www.ggzy.gov.cn/information/deal/html/a/220000/0201/20260724/002257dc5512eb984b33a0430516c28b796c.html,校舍维修改造,校舍维修改造,校舍维修改造;食堂设备;后勤服务,小学,否,否
0011760e72b26ce645dd939558d535927fc2,2026年房山区中小学校园食堂质量提升预算项目（设备购置2） 公开招标公告,2026-07-24,北京,,采购/资审公告,北京市政府采购网,https://www.ggzy.gov.cn/information/deal/html/a/110000/0201/20260724/0011760e72b26ce645dd939558d535927fc2.html,食堂设备,食堂设备,食堂设备,教育局统筹,否,否
00449a4f270a84b348b08d663b605dfcb6c7,乐从镇8所中小学消防维修工程竞争性磋商公告,2026-07-24,广东省,,采购/资审公告,,https://www.ggzy.gov.cn/information/deal/html/a/440000/0201/20260724/00449a4f270a84b348b08d663b605dfcb6c7.html,校舍维修改造,校舍维修改造,校舍维修改造;校园安防,教育局统筹,否,否
00515d6151b5ef9e4f6dbe2815f0d76d59ef,内江市实验小学校采购厨房设备招标公告,2026-07-24,四川省,,采购/资审公告,,https://www.ggzy.gov.cn/information/deal/html/a/510000/0201/20260724/00515d6151b5ef9e4f6dbe2815f0d76d59ef.html,食堂设备,食堂设备,食堂设备,小学,否,否
0011703151dc700442a0bcd159476d1499e9,2026年房山区中小学校园食堂质量提升预算项目（设备购置1）公开招标公告,2026-07-24,北京,,采购/资审公告,北京市政府采购网,https://www.ggzy.gov.cn/information/deal/html/a/110000/0201/20260724/0011703151dc700442a0bcd159476d1499e9.html,食堂设备,食堂设备,食堂设备,教育局统筹,否,否
00136b20abe342034b9f97fbb6e028402a90,唐山市丰润区教育局本级唐山市丰润区中小学教室照明设备采购竞争性谈判公告,2026-07-24,河北省,,采购/资审公告,,https://www.ggzy.gov.cn/information/deal/html/a/130000/0201/20260724/00136b20abe342034b9f97fbb6e028402a90.html,工程配套,其他,工程配套,教育局统筹,否,否
00438c3a723e54984d168b7c1a40e148ef7d,新田县2026年提质升级中小学校食堂设施设备（第三次）竞争性谈判公告,2026-07-24,湖南省,,采购/资审公告,,https://www.ggzy.gov.cn/information/deal/html/a/430000/0201/20260724/00438c3a723e54984d168b7c1a40e148ef7d.html,食堂设备,食堂设备,食堂设备,教育局统筹,否,否
0051b9d97b9ee58b403baff551a77241f0ed,宜宾市叙州区柏溪小学校2026年空调采购项目(三次)竞争性谈判公告,2026-07-24,四川省,,采购/资审公告,,https://www.ggzy.gov.cn/information/deal/html/a/510000/0201/20260724/0051b9d97b9ee58b403baff551a77241f0ed.html,工程配套,其他,工程配套,小学,否,否
0013c74feb0ba25e4c96b287f89139d29d44,大城县旺村镇四岳中心小学消防水池建设工程竞争性磋商公告,2026-07-24,河北省,,采购/资审公告,廊坊市公共资源交易中心,https://www.ggzy.gov.cn/information/deal/html/a/130000/0201/20260724/0013c74feb0ba25e4c96b287f89139d29d44.html,校园安防,校园安防,校园安防,小学,否,否
005158e263c0a3624e33a98a1917206c22b2,眉山市东坡区苏南小学多联式空调采购安装项目(三次)竞争性谈判公告,2026-07-24,四川省,,采购/资审公告,,https://www.ggzy.gov.cn/information/deal/html/a/510000/0201/20260724/005158e263c0a3624e33a98a1917206c22b2.html,工程配套,其他,工程配套,小学,否,否
005190c525192f6a4353b7126b8c889d4cf7,眉山市东坡区苏辙小学苏辙小学多联式空调采购安装项目(三次)竞争性谈判公告,2026-07-24,四川省,,采购/资审公告,,https://www.ggzy.gov.cn/information/deal/html/a/510000/0201/20260724/005190c525192f6a4353b7126b8c889d4cf7.html,工程配套,其他,工程配套,小学,否,否
0044959485e67bb14786bd5be4d4ce632ddb,始兴县实验小学校园提质改造项目竞争性磋商公告,2026-07-24,广东省,,采购/资审公告,,https://www.ggzy.gov.cn/information/deal/html/a/440000/0201/20260724/0044959485e67bb14786bd5be4d4ce632ddb.html,校舍维修改造,校舍维修改造,校舍维修改造,小学,否,否
00356d47d86c670a45ffa985699d1975dd9d,晋江市第三实验小学2026年家具采购(四次)竞争性谈判公告,2026-07-24,福建省,,采购/资审公告,泉州市公共资源交易中心,https://www.ggzy.gov.cn/information/deal/html/a/350000/0201/20260724/00356d47d86c670a45ffa985699d1975dd9d.html,课桌椅,课桌椅,课桌椅,小学,否,否
00136e2efa45323a4bc18d567851d25ac035,唐山市雷锋小学路南区义务教育学校护眼灯采购竞争性谈判公告,2026-07-24,河北省,,采购/资审公告,,https://www.ggzy.gov.cn/information/deal/html/a/130000/0201/20260724/00136e2efa45323a4bc18d567851d25ac035.html,工程配套,其他,工程配套,小学,否,否
003532d9893586154c538d94a2e8dbaeca30,泉州师院附属小学台商区分校第二校区功能馆室建设及设备采购竞争性谈判公告,2026-07-24,福建省,,采购/资审公告,泉州市公共资源交易中心,https://www.ggzy.gov.cn/information/deal/html/a/350000/0201/20260724/003532d9893586154c538d94a2e8dbaeca30.html,实验室设备,实验室设备,实验室设备,小学,否,否
0051a3fdd803459e47aa8a54b3e2ee3f7219,仁寿县长平小学2026年新增班级教育设备采购项目（教学一体机）询价公告,2026-07-24,四川省,,采购/资审公告,,https://www.ggzy.gov.cn/information/deal/html/a/510000/0201/20260724/0051a3fdd803459e47aa8a54b3e2ee3f7219.html,智慧黑板,智慧黑板,智慧黑板,小学,是,否
00345301e021405a4eedb1f281ba536e20da,庐江县2026年中小学多媒体教学设备采购公开招标公告,2026-07-24,安徽省,,采购/资审公告,安徽合肥公共资源交易中心电子交易系统,https://www.ggzy.gov.cn/information/deal/html/a/340000/0201/20260724/00345301e021405a4eedb1f281ba536e20da.html,信息化设备,信息化设备,信息化设备;教学仪器,教育局统筹,是,否
00659bb4b560d4aa49f2a6cda1a3f4e90933,中国移动中小学健康护航（疏勒县中小学护眼工程）项目公开招标公告,2026-07-24,新疆维吾尔自治区,,采购/资审公告,新疆维吾尔自治区公共资源交易平台,https://www.ggzy.gov.cn/information/deal/html/a/650000/0201/20260724/00659bb4b560d4aa49f2a6cda1a3f4e90933.html,其他,其他,,教育局统筹,否,否
00526aff6cfdf5a24e38b49106390c66f68a,贵州省2026年秋季学期城乡义务教育阶段小学一年级新生学生字典采购项目（三次）的公开招标公告,2026-07-24,贵州省,,采购/资审公告,贵州省公共资源中心交易平台,https://www.ggzy.gov.cn/information/deal/html/a/520000/0201/20260724/00526aff6cfdf5a24e38b49106390c66f68a.html,其他,其他,,小学,否,否
005169d7e8b897444fde8610902fe14ca728,成都市建设路小学2026-2028年物业服务采购项目招标公告,2026-07-24,四川省,,采购/资审公告,,https://www.ggzy.gov.cn/information/deal/html/a/510000/0201/20260724/005169d7e8b897444fde8610902fe14ca728.html,后勤服务,其他,后勤服务,小学,否,否
00512177478135144e8cbe3f865d1773415e,成都市武侯实验小学物业管理服务采购项目招标公告,2026-07-24,四川省,,采购/资审公告,,https://www.ggzy.gov.cn/information/deal/html/a/510000/0201/20260724/00512177478135144e8cbe3f865d1773415e.html,后勤服务,其他,后勤服务,小学,否,否
005068503018a27849069b5440e079cb1ebb,荷棠小学音视频器材采购(DZQ26A00454)公开招标公告,2026-07-24,重庆市,,采购/资审公告,重庆市公共资源交易服务平台,https://www.ggzy.gov.cn/information/deal/html/a/500000/0201/20260724/005068503018a27849069b5440e079cb1ebb.html,音体美器材,音体美器材,音体美器材,小学,否,否
005422d781e7693240a5b25c38b1ddb9dbd0,当雄县公塘乡小学整体搬迁项目设备采购（二次）采购公告,2026-07-24,西藏自治区,,采购/资审公告,拉萨市市公共资源交易中心,https://www.ggzy.gov.cn/information/deal/html/a/540000/0201/20260724/005422d781e7693240a5b25c38b1ddb9dbd0.html,其他,其他,,小学,否,否
0034b8fb60fb9ab74e22bacf0950d39c8f44,裕安区单王乡单王学校等28所中小学校光环境改造项目竞争性谈判公告,2026-07-24,安徽省,,采购/资审公告,六安市公共资源交易平台电子交易系统,https://www.ggzy.gov.cn/information/deal/html/a/340000/0201/20260724/0034b8fb60fb9ab74e22bacf0950d39c8f44.html,校舍维修改造,校舍维修改造,校舍维修改造,教育局统筹,否,否
0051d92a1ee1164f4e5f82453af7e2ef057f,雅江县教育和体育局雅江县瓦多乡中心小学校绿色校园光伏供电项目招标公告,2026-07-24,四川省,,采购/资审公告,,https://www.ggzy.gov.cn/information/deal/html/a/510000/0201/20260724/0051d92a1ee1164f4e5f82453af7e2ef057f.html,工程配套,其他,工程配套,教育局统筹,否,否
00517bc41acc0e7c4eaeb4ba7024cf75abe3,仁寿县长平小学2026年新增班级教育设备采购项目（学生课桌椅、教室讲桌、教师办公桌）询价公告,2026-07-24,四川省,,采购/资审公告,,https://www.ggzy.gov.cn/information/deal/html/a/510000/0201/20260724/00517bc41acc0e7c4eaeb4ba7024cf75abe3.html,课桌椅,课桌椅,课桌椅,小学,否,否
0051db76b143df1e433286242dcb6d17226a,仁寿县德培小学校2026年新增班级教育设备采购项目（教学一体机）询价公告,2026-07-24,四川省,,采购/资审公告,,https://www.ggzy.gov.cn/information/deal/html/a/510000/0201/20260724/0051db76b143df1e433286242dcb6d17226a.html,智慧黑板,智慧黑板,智慧黑板,小学,是,否
005146c750dc165f4b3b9cfd3c0f1a3f71d8,眉山市东坡区苏南小学保安服务采购竞争性磋商公告,2026-07-24,四川省,,采购/资审公告,,https://www.ggzy.gov.cn/information/deal/html/a/510000/0201/20260724/005146c750dc165f4b3b9cfd3c0f1a3f71d8.html,后勤服务,其他,后勤服务,小学,否,否
00127484e8b466fb4c94bdaa6d9d786e1c3d,天津市津南区教育局机关 天津市津南区咸水沽镇第八小学校舍提升改造项目 (项目编号:SXGP-2026-C-005)竞争性磋商公告,2026-07-24,天津市,,采购/资审公告,天津市公共资源交易平台交易系统,https://www.ggzy.gov.cn/information/deal/html/a/120000/0201/20260724/00127484e8b466fb4c94bdaa6d9d786e1c3d.html,校舍维修改造,校舍维修改造,校舍维修改造,教育局统筹,否,否
00434ebfe30c2f5c45b4be3c4042a2af3634,长沙市望城区教育保障服务中心2026年望城区秋季扩班（含郭亮小学）教学多媒体系统项目招标公告,2026-07-24,湖南省,,采购/资审公告,,https://www.ggzy.gov.cn/information/deal/html/a/430000/0201/20260724/00434ebfe30c2f5c45b4be3c4042a2af3634.html,信息化设备,信息化设备,信息化设备,小学,是,否
0013baa3e837ccb04761a2d579b8b82e9561,景县农村小学营养改善计划服务项目公开招标公告,2026-07-24,河北省,,采购/资审公告,,https://www.ggzy.gov.cn/information/deal/html/a/130000/0201/20260724/0013baa3e837ccb04761a2d579b8b82e9561.html,其他,其他,,小学,否,否
00431f34caad286741f399bb2638931cb13b,长沙市望城区教育保障服务中心2026年望城区秋季扩班（含郭亮小学）空调项目招标公告,2026-07-24,湖南省,,采购/资审公告,,https://www.ggzy.gov.cn/information/deal/html/a/430000/0201/20260724/00431f34caad286741f399bb2638931cb13b.html,工程配套,其他,工程配套,小学,否,否
0053c827cc418da641bb9ef0813632b9cd1d,文山市第十八小学信息化及教学仪器设施设备采购项目公开招标公告,2026-07-24,云南省,,采购/资审公告,,https://www.ggzy.gov.cn/information/deal/html/a/530000/0201/20260724/0053c827cc418da641bb9ef0813632b9cd1d.html,信息化,信息化,信息化;教学仪器,小学,是,否
001121f8ef90e5ce4eb9ad7efe3e259fe087,2026年延庆区中小学机械升降课桌椅购置公开招标公告,2026-07-24,北京,,采购/资审公告,北京市政府采购网,https://www.ggzy.gov.cn/information/deal/html/a/110000/0201/20260724/001121f8ef90e5ce4eb9ad7efe3e259fe087.html,课桌椅,课桌椅,课桌椅,教育局统筹,否,否
00324f8c24a75b0948f3ab509f21228c5cce,苏州工业园区青剑湖小学关于2026年苏州工业园区青剑湖小学教学楼外立面维修项目的竞争性磋商公告,2026-07-24,江苏省,,采购/资审公告,,https://www.ggzy.gov.cn/information/deal/html/a/320000/0201/20260724/00324f8c24a75b0948f3ab509f21228c5cce.html,校舍维修改造,校舍维修改造,校舍维修改造,小学,否,否
0032e9b86e70930942c09fa7315e7f142b28,南通市海门区正余镇人民政府采购中国工农红军南通海门红军小学校园红色环境提升项目采购公告,2026-07-24,江苏省,,采购/资审公告,,https://www.ggzy.gov.cn/information/deal/html/a/320000/0201/20260724/0032e9b86e70930942c09fa7315e7f142b28.html,其他,其他,,小学,否,否
0041a09faca7187f457385cd0ca5608f009e,商丘市第一实验小学星林路校区东院多媒体教学设备采购项目竞争性磋商公告,2026-07-24,河南省,,采购/资审公告,商丘市公共资源交易中心,https://www.ggzy.gov.cn/information/deal/html/a/410000/0201/20260724/0041a09faca7187f457385cd0ca5608f009e.html,信息化设备,信息化设备,信息化设备;教学仪器,小学,是,否
00133ef4c0aabbe548e8a3195c1e93c4a6b3,2026年武强县中小学智慧安防项目公开招标公告,2026-07-24,河北省,,采购/资审公告,,https://www.ggzy.gov.cn/information/deal/html/a/130000/0201/20260724/00133ef4c0aabbe548e8a3195c1e93c4a6b3.html,校园安防,校园安防,校园安防,教育局统筹,否,否
005227fab85173414480bf83c83b758221fe,贵阳市南明区永乐小学运动场地及教学辅助用房维修改造项目采购公告,2026-07-24,贵州省,,采购/资审公告,贵阳市公共资源交易中心,https://www.ggzy.gov.cn/information/deal/html/a/520000/0201/20260724/005227fab85173414480bf83c83b758221fe.html,校舍维修改造,校舍维修改造,校舍维修改造,小学,否,否
0062bd2d96ebef9e433f85c671528acbd450,宁县教育局2026-2027学年度社会购买服务中小学聘用安保服务项目招标公告,2026-07-24,甘肃省,,采购/资审公告,庆阳市公共资源交易平台,https://www.ggzy.gov.cn/information/deal/html/a/620000/0201/20260724/0062bd2d96ebef9e433f85c671528acbd450.html,校园安防,校园安防,校园安防,教育局统筹,否,否
0015e6a7c0c9d7b447e1899abd56e2720c0b,伊金霍洛旗园林绿化中心北京大学附属小学鄂尔多斯分校景观绿化提升工程竞争性磋商公告,2026-07-24,内蒙古自治区,,采购/资审公告,,https://www.ggzy.gov.cn/information/deal/html/a/150000/0201/20260724/0015e6a7c0c9d7b447e1899abd56e2720c0b.html,工程配套,其他,工程配套,小学,否,否
004296a64c2fbce045caaf3b7eb93a694db1,武汉市蔡甸区第五小学蔡甸五小新建综合楼教学设备采购（智慧黑板）竞争性谈判公告,2026-07-24,湖北省,,采购/资审公告,湖北省政府采购网,https://www.ggzy.gov.cn/information/deal/html/a/420000/0201/20260724/004296a64c2fbce045caaf3b7eb93a694db1.html,智慧黑板,智慧黑板,智慧黑板;校舍维修改造;教学仪器,小学,是,否
0022d13c45ba527c493fba256856f1745a8a,吉林前信工程咨询有限公司关于2026年中小学改善办学条件补助资金项目的竞争性磋商公告,2026-07-24,吉林省,,采购/资审公告,松原市公共资源交易中心,https://www.ggzy.gov.cn/information/deal/html/a/220000/0201/20260724/0022d13c45ba527c493fba256856f1745a8a.html,后勤服务,其他,后勤服务,教育局统筹,否,否
001520ee7d66761f4d7383da539dfc8741e1,鄂尔多斯市康巴什区第四小学康巴什区第四小学教学楼外墙维修改造项目竞争性磋商公告,2026-07-24,内蒙古自治区,,采购/资审公告,,https://www.ggzy.gov.cn/information/deal/html/a/150000/0201/20260724/001520ee7d66761f4d7383da539dfc8741e1.html,校舍维修改造,校舍维修改造,校舍维修改造,小学,否,否
0053838582d26c0649d18878d123dbf6a58b,石屏县异龙镇松村小学运动场、篮球场及附属设施建设项目采购竞争性磋商公告,2026-07-24,云南省,,采购/资审公告,,https://www.ggzy.gov.cn/information/deal/html/a/530000/0201/20260724/0053838582d26c0649d18878d123dbf6a58b.html,校舍维修改造,校舍维修改造,校舍维修改造;工程配套,小学,否,否
00513bee4cb54fc54180b9f25f952cc66022,成都市锦城北湖小学校2026年办公木质设备采购项目竞争性谈判公告,2026-07-24,四川省,,采购/资审公告,,https://www.ggzy.gov.cn/information/deal/html/a/510000/0201/20260724/00513bee4cb54fc54180b9f25f952cc66022.html,其他,其他,,小学,否,否
0015ad6c352372b74808822f82503b28dc57,准格尔旗薛家湾第九小学薛家湾第九小学体育馆屋顶维修和更换地板以及雨水管道等应急维修竞争性磋商公告,2026-07-24,内蒙古自治区,,采购/资审公告,,https://www.ggzy.gov.cn/information/deal/html/a/150000/0201/20260724/0015ad6c352372b74808822f82503b28dc57.html,校舍维修改造,校舍维修改造,校舍维修改造,小学,否,否
00153e1b318f501a4cb7aa8f84d88837005f,准格尔旗大路第一小学大路第一小学宿舍床铺及储物柜采购项目询价公告,2026-07-24,内蒙古自治区,,采购/资审公告,,https://www.ggzy.gov.cn/information/deal/html/a/150000/0201/20260724/00153e1b318f501a4cb7aa8f84d88837005f.html,其他,其他,,小学,否,否
001563779580104e407e9c8b1d1b9faa0b33,鄂尔多斯市康巴什区实验小学实验小学采购教师餐厅、教室改造工程竞争性磋商公告,2026-07-24,内蒙古自治区,,采购/资审公告,,https://www.ggzy.gov.cn/information/deal/html/a/150000/0201/20260724/001563779580104e407e9c8b1d1b9faa0b33.html,校舍维修改造,校舍维修改造,校舍维修改造;食堂设备,小学,否,否
003482e3f412c65c486da7d8b7b756f26e84,黄山市徽州区岩寺小学科技创新教室设备采购项目询价公告,2026-07-24,安徽省,,采购/资审公告,黄山市公共资源交易平台电子交易系统,https://www.ggzy.gov.cn/information/deal/html/a/340000/0201/20260724/003482e3f412c65c486da7d8b7b756f26e84.html,信息化设备,信息化设备,信息化设备,小学,是,否
0032799790033e67464097a5dcbe9661a248,南京市北京东路小学多功能报告厅改造项目采购公告(二),2026-07-24,江苏省,,采购/资审公告,,https://www.ggzy.gov.cn/information/deal/html/a/320000/0201/20260724/0032799790033e67464097a5dcbe9661a248.html,校舍维修改造,校舍维修改造,校舍维修改造,小学,否,否
0032637540971d0046348115bf84fcb1bd66,南京市小营小学四楼报告厅出新项目采购公告(二),2026-07-24,江苏省,,采购/资审公告,,https://www.ggzy.gov.cn/information/deal/html/a/320000/0201/20260724/0032637540971d0046348115bf84fcb1bd66.html,其他,其他,,小学,否,否
00355ac2927220c44959b01a50748c8b9c2b,2026年宁德市中小学名师名校长工作室暑期高端研修项目竞争性磋商公告,2026-07-24,福建省,,采购/资审公告,宁德市公共资源交易中心,https://www.ggzy.gov.cn/information/deal/html/a/350000/0201/20260724/00355ac2927220c44959b01a50748c8b9c2b.html,教研,教研,教研,教育局统筹,是,否
0043ee6e283f81834aff95ef4e3b56e8c67b,冷水滩区菱角山小学新建食堂项目竞争性磋商公告,2026-07-24,湖南省,,采购/资审公告,,https://www.ggzy.gov.cn/information/deal/html/a/430000/0201/20260724/0043ee6e283f81834aff95ef4e3b56e8c67b.html,校舍维修改造,校舍维修改造,校舍维修改造;食堂设备,小学,否,否
003455a6c4b53da146bab7436ec03ff417af,亳州市丹华小学运动场及附属设施改造项目竞争性磋商公告,2026-07-24,安徽省,,采购/资审公告,亳州市公共资源交易平台电子交易系统,https://www.ggzy.gov.cn/information/deal/html/a/340000/0201/20260724/003455a6c4b53da146bab7436ec03ff417af.html,校舍维修改造,校舍维修改造,校舍维修改造,小学,否,否
0041df72d87e2cc1412fabb756cad840202a,南阳市官庄工区华源餐饮管理有限公司官庄工区2026-2027年中小学校园阳光餐饮食材供应商入围项目-公开招标公告,2026-07-24,河南省,,采购/资审公告,,https://www.ggzy.gov.cn/information/deal/html/a/410000/0201/20260724/0041df72d87e2cc1412fabb756cad840202a.html,后勤服务,其他,后勤服务,教育局统筹,否,否
0014c66bc6d9654a4c3cb9b117404bdc1674,新绛县北张镇人民政府竞争性磋商北张镇西庄村北环路、小学路道路基础设施提升的采购公告,2026-07-24,山西省,,采购/资审公告,,https://www.ggzy.gov.cn/information/deal/html/a/140000/0201/20260724/0014c66bc6d9654a4c3cb9b117404bdc1674.html,其他,其他,,小学,否,否
0015d14feeb9db384af39759ff4c3871ef26,鄂尔多斯市东胜区第三小学智慧校园建设维修改造工程(二次)竞争性磋商公告,2026-07-24,内蒙古自治区,,采购/资审公告,,https://www.ggzy.gov.cn/information/deal/html/a/150000/0201/20260724/0015d14feeb9db384af39759ff4c3871ef26.html,智慧校园,智慧校园,智慧校园;校舍维修改造,小学,是,否
00377fd1ee2abfc641f6b76e722827e0c476,石臼小学操场建设工程竞争性磋商公告,2026-07-24,山东省,,采购/资审公告,日照市公共资源电子交易平台,https://www.ggzy.gov.cn/information/deal/html/a/370000/0201/20260724/00377fd1ee2abfc641f6b76e722827e0c476.html,校舍维修改造,校舍维修改造,校舍维修改造,小学,否,否
0032698365345d53416580937c92579efe5e,江苏省锡山高级中学实验学校第二小学物业服务项目采购公告,2026-07-24,江苏省,,采购/资审公告,,https://www.ggzy.gov.cn/information/deal/html/a/320000/0201/20260724/0032698365345d53416580937c92579efe5e.html,后勤服务,其他,后勤服务,高中,否,否
003243e1159f0ece47e985bfe4863591bbf5,盐城市新景路小学2026年物业服务项目采购公告,2026-07-24,江苏省,,采购/资审公告,,https://www.ggzy.gov.cn/information/deal/html/a/320000/0201/20260724/003243e1159f0ece47e985bfe4863591bbf5.html,后勤服务,其他,后勤服务,小学,否,否
0032eb1e26f4e63c441a84ae6c1c673cc468,盐城市青年路小学2026年物业服务项目采购公告,2026-07-24,江苏省,,采购/资审公告,,https://www.ggzy.gov.cn/information/deal/html/a/320000/0201/20260724/0032eb1e26f4e63c441a84ae6c1c673cc468.html,后勤服务,其他,后勤服务,小学,否,否
0032d494fb0ddb304870b8f3e50ec8d6ad91,盐城市大丰区部分中小学2025至2026学年度校服集中采购项目采购公告,2026-07-24,江苏省,,采购/资审公告,,https://www.ggzy.gov.cn/information/deal/html/a/320000/0201/20260724/0032d494fb0ddb304870b8f3e50ec8d6ad91.html,校服,校服,校服,教育局统筹,否,否
0033e3a2b05e7dee45038aa0faf421dfb58f,浙江汇界工程咨询有限公司关于衢州市衢江区实验小学体育健身器材等采购项目的公开招标公告,2026-07-24,浙江省,,采购/资审公告,衢州市公共资源交易网,https://www.ggzy.gov.cn/information/deal/html/a/330000/0201/20260724/0033e3a2b05e7dee45038aa0faf421dfb58f.html,音体美器材,音体美器材,音体美器材;后勤服务,小学,否,否
002291606f3be59f43b590f95e292c3184ed,吉林省万众工程项目管理有限公司关于靖宇县杨靖宇小学食堂改造项目的竞争性磋商公告,2026-07-24,吉林省,,采购/资审公告,白山电子招投标交易平台,https://www.ggzy.gov.cn/information/deal/html/a/220000/0201/20260724/002291606f3be59f43b590f95e292c3184ed.html,校舍维修改造,校舍维修改造,校舍维修改造;食堂设备,小学,否,否
0011f18045109d974739b4c1244c23d8832d,中国农业科学院附属小学体检服务采购项目公开招标公告,2026-07-24,北京,,采购/资审公告,北京市政府采购网,https://www.ggzy.gov.cn/information/deal/html/a/110000/0201/20260724/0011f18045109d974739b4c1244c23d8832d.html,后勤服务,其他,后勤服务,小学,否,否
0011d61db12c320c4270aa6850800c57e0b9,北京邮电大学附属小学[ID44068]2026年食堂硬件提升项目其他食品加工设备采购项目公开招标公告,2026-07-24,北京,,采购/资审公告,北京市政府采购网,https://www.ggzy.gov.cn/information/deal/html/a/110000/0201/20260724/0011d61db12c320c4270aa6850800c57e0b9.html,食堂设备,食堂设备,食堂设备,小学,否,否
0051a5f510e507934d59a5b1692aa6d39b93,越西县逸夫小学校越西县2026年中小学校学生课桌椅采购项目询价公告,2026-07-24,四川省,,采购/资审公告,,https://www.ggzy.gov.cn/information/deal/html/a/510000/0201/20260724/0051a5f510e507934d59a5b1692aa6d39b93.html,课桌椅,课桌椅,课桌椅,教育局统筹,否,否
0013b4229414f7164e6cb280bc449d0ee7cf,清河县县直奥城小学智慧校园建设工程公开招标公告,2026-07-24,河北省,,采购/资审公告,邢台市公共资源交易中心,https://www.ggzy.gov.cn/information/deal/html/a/130000/0201/20260724/0013b4229414f7164e6cb280bc449d0ee7cf.html,智慧校园,智慧校园,智慧校园,小学,是,否
00613349addb1ca84329b7c3583be1db380d,汉阴县平梁镇中心小学教共体 （牵头单位）2026-2028 学年食堂原辅食材（蔬菜、干货、调味品等）采购项目采购公告,2026-07-24,陕西省,,采购/资审公告,全国公共资源交易平台（陕西省·安康市）电子交易系统,https://www.ggzy.gov.cn/information/deal/html/a/610000/0201/20260724/00613349addb1ca84329b7c3583be1db380d.html,食堂设备,食堂设备,食堂设备;后勤服务,小学,否,否
001572a6830fc4de4a4388aea2d8db7fce74,乌海市乌达区教育局乌达区中小学校智慧安防提升改造项目招标公告,2026-07-24,内蒙古自治区,,采购/资审公告,,https://www.ggzy.gov.cn/information/deal/html/a/150000/0201/20260724/001572a6830fc4de4a4388aea2d8db7fce74.html,校舍维修改造,校舍维修改造,校舍维修改造;校园安防,教育局统筹,否,否
0050005c6b29648343beba7c46bd35978f3b,荷棠小学音体美等器材采购(DZQ26A00455)公开招标公告,2026-07-24,重庆市,,采购/资审公告,重庆市公共资源交易服务平台,https://www.ggzy.gov.cn/information/deal/html/a/500000/0201/20260724/0050005c6b29648343beba7c46bd35978f3b.html,音体美器材,音体美器材,音体美器材,小学,否,否
00334bdf5bf2cee64b1599847a8ef1b3a7e5,浙江卓宏建设项目管理有限公司关于柯城区航埠镇中心小学2026-2027学年食堂劳务外包采购项目的公开招标公告,2026-07-24,浙江省,,采购/资审公告,衢州市公共资源交易网,https://www.ggzy.gov.cn/information/deal/html/a/330000/0201/20260724/00334bdf5bf2cee64b1599847a8ef1b3a7e5.html,食堂设备,食堂设备,食堂设备;后勤服务,小学,否,否
0045d28e9fcaf133400b9f76d44a8eff5ca9,广西成文招标代理有限公司关于新建防城区城北小学图书采购的竞争性谈判公告,2026-07-24,广西壮族自治区,,采购/资审公告,广西壮族自治区公共资源电子交易系统,https://www.ggzy.gov.cn/information/deal/html/a/450000/0201/20260724/0045d28e9fcaf133400b9f76d44a8eff5ca9.html,校舍维修改造,校舍维修改造,校舍维修改造;图书,小学,否,否
006197d054f499d44990b6fed75346c6b378,宝鸡市金台区逸夫小学（石油初中）校舍提升改造项目采购公告,2026-07-24,陕西省,,采购/资审公告,全国公共资源交易平台（陕西省）,https://www.ggzy.gov.cn/information/deal/html/a/610000/0201/20260724/006197d054f499d44990b6fed75346c6b378.html,校舍维修改造,校舍维修改造,校舍维修改造,初中,否,否
0033b100d396a466409ab686265a807a7f8f,宁波市国际招标有限公司关于宁波高新区新明中心小学（宁波高新区外国语学校分校）食堂用工服务项目的公开招标公告,2026-07-24,浙江省,,采购/资审公告,宁波市公共资源交易网,https://www.ggzy.gov.cn/information/deal/html/a/330000/0201/20260724/0033b100d396a466409ab686265a807a7f8f.html,食堂设备,食堂设备,食堂设备,小学,否,否
00335d729c41221a4bc9bff82fec34b8961a,台州市黄岩区政府采购中心关于2026年黄岩区小学（数学、科学、美术）学具采购项目的公开招标公告,2026-07-24,浙江省,,采购/资审公告,台州市公共资源交易网,https://www.ggzy.gov.cn/information/deal/html/a/330000/0201/20260724/00335d729c41221a4bc9bff82fec34b8961a.html,其他,其他,,小学,否,否
00610db104507b124a2dac12082703ffbb96,汉阴县第三小学草桥校区综合楼建设项目采购公告,2026-07-24,陕西省,,采购/资审公告,全国公共资源交易平台（陕西省·安康市）电子交易系统,https://www.ggzy.gov.cn/information/deal/html/a/610000/0201/20260724/00610db104507b124a2dac12082703ffbb96.html,其他,其他,,小学,否,否
0033c8ea5b133bda44da87c3daf88a234a6a,杭州瑞拓工程咨询有限公司关于凤凰小学2026年食堂设备采购项目的公开招标公告,2026-07-24,浙江省,,采购/资审公告,杭州市公共资源交易网,https://www.ggzy.gov.cn/information/deal/html/a/330000/0201/20260724/0033c8ea5b133bda44da87c3daf88a234a6a.html,食堂设备,食堂设备,食堂设备;后勤服务,小学,否,否
0061e75d42e162844f909d6767372b44e70c,宝鸡市金台区蟠龙镇中心小学消防改造项目采购公告,2026-07-24,陕西省,,采购/资审公告,全国公共资源交易平台（陕西省）,https://www.ggzy.gov.cn/information/deal/html/a/610000/0201/20260724/0061e75d42e162844f909d6767372b44e70c.html,校舍维修改造,校舍维修改造,校舍维修改造;校园安防,小学,否,否
0033cf277da9bd354e2991b60fe72c664525,松阳县公共资源交易中心关于2026年松阳县育英实验小学物业管理服务采购项目的公开招标公告,2026-07-24,浙江省,,采购/资审公告,丽水市公共资源交易网,https://www.ggzy.gov.cn/information/deal/html/a/330000/0201/20260724/0033cf277da9bd354e2991b60fe72c664525.html,后勤服务,其他,后勤服务,小学,否,否
00330d0da7c659cb49019b11b0a737861bdc,江山惠捷信息技术咨询有限公司关于江山市文苑小学食堂劳务服务外包采购项目的公开招标公告,2026-07-24,浙江省,,采购/资审公告,衢州市公共资源交易网,https://www.ggzy.gov.cn/information/deal/html/a/330000/0201/20260724/00330d0da7c659cb49019b11b0a737861bdc.html,食堂设备,食堂设备,食堂设备;后勤服务,小学,否,否
00363e1e19fc6b814f0693b26409a08e3b20,江西共创招标代理有限公司关于燕子山小学信息化设备采购项目(项目编号:XGC-2026-042-1)询价采购公告,2026-07-24,江西省,,采购/资审公告,新余市公共资源交易中心,https://www.ggzy.gov.cn/information/deal/html/a/360000/0201/20260724/00363e1e19fc6b814f0693b26409a08e3b20.html,信息化,信息化,信息化,小学,是,否
0021bbb30961caa145468df17a43d6d053ef,毛祁中心小学教学楼换窗及暖气改造工程竞争性磋商公告,2026-07-24,辽宁省,,采购/资审公告,辽宁政府采购网,https://www.ggzy.gov.cn/information/deal/html/a/210000/0201/20260724/0021bbb30961caa145468df17a43d6d053ef.html,校舍维修改造,校舍维修改造,校舍维修改造,小学,否,否
0021bb5fa85ca2cf4acb9f7c53b20c6375f9,朝阳市双塔区珠江路小学200米运动场维修工程竞争性磋商公告,2026-07-24,辽宁省,,采购/资审公告,辽宁政府采购网,https://www.ggzy.gov.cn/information/deal/html/a/210000/0201/20260724/0021bb5fa85ca2cf4acb9f7c53b20c6375f9.html,校舍维修改造,校舍维修改造,校舍维修改造,小学,否,否
0021b5cefdf0e5064ebba9a50a1c50f15fb8,沈阳市大东区二0二小学采购师生餐饮服务（第二次）招标公告,2026-07-24,辽宁省,,采购/资审公告,辽宁政府采购网,https://www.ggzy.gov.cn/information/deal/html/a/210000/0201/20260724/0021b5cefdf0e5064ebba9a50a1c50f15fb8.html,后勤服务,其他,后勤服务,小学,否,否
002173bab59d9e0d4b308e75d2ed1066adba,兴城市南一小学2026年保安配备服务竞争性磋商公告,2026-07-24,辽宁省,,采购/资审公告,辽宁政府采购网,https://www.ggzy.gov.cn/information/deal/html/a/210000/0201/20260724/002173bab59d9e0d4b308e75d2ed1066adba.html,后勤服务,其他,后勤服务,小学,否,否
00214ea4309c8d65466eb54a08643c5e35d1,昌图县实验小学校舍维修改造项目竞争性磋商公告,2026-07-24,辽宁省,,采购/资审公告,辽宁政府采购网,https://www.ggzy.gov.cn/information/deal/html/a/210000/0201/20260724/00214ea4309c8d65466eb54a08643c5e35d1.html,校舍维修改造,校舍维修改造,校舍维修改造,小学,否,否
00211557c3aa24cd4c5d93e38c62d4658b8f,建平县第二小学消防给水管网及水池建设项目（第二次）竞争性磋商公告,2026-07-24,辽宁省,,采购/资审公告,辽宁政府采购网,https://www.ggzy.gov.cn/information/deal/html/a/210000/0201/20260724/00211557c3aa24cd4c5d93e38c62d4658b8f.html,校园安防,校园安防,校园安防,小学,否,否
00210e0e3ddd5de44036a65b6c2b575f434e,建平县第七小学消防给水管网及水池建设项目（第二次）竞争性磋商公告,2026-07-24,辽宁省,,采购/资审公告,辽宁政府采购网,https://www.ggzy.gov.cn/information/deal/html/a/210000/0201/20260724/00210e0e3ddd5de44036a65b6c2b575f434e.html,校园安防,校园安防,校园安防,小学,否,否
0036d997d9450b524d838b75fb3a102ab022,南昌市政府采购中心关于南昌市中小学生综合实践教育学校物业管理采购项目（2026年8-12月）（项目编号：NCZFCG2026-0078）电子化政府采购竞争性磋商公告,2026-07-24,江西省,,采购/资审公告,南昌市公共资源交易中心,https://www.ggzy.gov.cn/information/deal/html/a/360000/0201/20260724/0036d997d9450b524d838b75fb3a102ab022.html,后勤服务,其他,后勤服务,教育局统筹,否,否
0021d9e40d4bba9f42feb2822ac17ec66f52,沈阳市大东区善邻路第二小学采购师生餐饮服务（第二次）招标公告,2026-07-24,辽宁省,,采购/资审公告,辽宁政府采购网,https://www.ggzy.gov.cn/information/deal/html/a/210000/0201/20260724/0021d9e40d4bba9f42feb2822ac17ec66f52.html,后勤服务,其他,后勤服务,小学,否,否
0013ba13b87b755e4762ab8cb01d21b65d0a,汤河乡中心小学教育技术装备采购,2026-07-24,河北省,,采购/资审公告,,https://www.ggzy.gov.cn/information/deal/html/a/130000/0201/20260724/0013ba13b87b755e4762ab8cb01d21b65d0a.html,其他,其他,,小学,否,否
0014d2bfbb0d5dd545f28c8fb51fe0a16104,吕梁市离石区江阴中学竞争性磋商离石区江阴中学物业服务的采购公告,2026-07-26,山西省,,采购/资审公告,,https://www.ggzy.gov.cn/information/deal/html/a/140000/0201/20260726/0014d2bfbb0d5dd545f28c8fb51fe0a16104.html,后勤服务,其他,后勤服务,一贯制未分段,否,否
0036d89ab5b483bf4a1cbe2f4cce6385a435,江西瑞芃工程项目管理有限公司关于江西省赣州市赣县区第四中学赣县区第四中学课后服务生物实验室设备采购及安装项目（项目编号：JXRP2026-GX-J001 ）的电子化竞争性谈判公告,2026-07-26,江西省,,采购/资审公告,赣州市公共资源交易中心,https://www.ggzy.gov.cn/information/deal/html/a/360000/0201/20260726/0036d89ab5b483bf4a1cbe2f4cce6385a435.html,实验室设备,实验室设备,实验室设备;课后服务,一贯制未分段,否,否
0037f343e9bda7064fbcb389f50650715e5b,山东省青岛第九中学2026年青岛九中物业服务项目竞争性磋商公告,2026-07-25,山东省,,采购/资审公告,青岛市公共资源交易 电子交易系统,https://www.ggzy.gov.cn/information/deal/html/a/370000/0201/20260725/0037f343e9bda7064fbcb389f50650715e5b.html,后勤服务,其他,后勤服务,一贯制未分段,否,否
0022b78eae6c54024218a29f0199003f47c2,吉林省融合项目管理咨询有限责任公司关于扶余市第四中学多功能室等设备购置项目的公开招标公告,2026-07-25,吉林省,,采购/资审公告,松原市公共资源交易中心,https://www.ggzy.gov.cn/information/deal/html/a/220000/0201/20260725/0022b78eae6c54024218a29f0199003f47c2.html,实验室设备,实验室设备,实验室设备;后勤服务,一贯制未分段,否,否
00659c24badb26e3427b816d1d6cf174d065,和田地区洛浦县2026年改善普通高中学校办学条件中央资金(第一批)建设项目(包二)二次公开招标公告,2026-07-25,新疆维吾尔自治区,,采购/资审公告,新疆维吾尔自治区公共资源交易平台,https://www.ggzy.gov.cn/information/deal/html/a/650000/0201/20260725/00659c24badb26e3427b816d1d6cf174d065.html,其他,其他,,高中,否,否
0036f87dc1fceb694f0588ff8fdeac23bbbe,南昌市政府采购中心关于南昌中学一批电脑采购项目（项目编号：NCZFCG2026-0034（第二次））政府采购询价公告,2026-07-25,江西省,,采购/资审公告,南昌市公共资源交易中心,https://www.ggzy.gov.cn/information/deal/html/a/360000/0201/20260725/0036f87dc1fceb694f0588ff8fdeac23bbbe.html,信息化设备,信息化设备,信息化设备,一贯制未分段,是,否
0036c3f1a64259a7412ba174eab24170ef9d,中泓泽润工程管理咨询有限公司关于奉新县第一中学田家炳楼配套设备采购项目（项目编号：中泓-FX2026-009）重新公开招标公告,2026-07-25,江西省,,采购/资审公告,宜春市公共资源交易中心,https://www.ggzy.gov.cn/information/deal/html/a/360000/0201/20260725/0036c3f1a64259a7412ba174eab24170ef9d.html,后勤服务,其他,后勤服务,一贯制未分段,否,否
0036ab1cad0acfe249b5bea81728e0b64868,江西橙乡工程管理有限公司关于江西省信丰县九渡中学信丰县九渡中学厚德楼改造工程（项目编号：JXCX2026-XF-C014）的竞争性磋商公告（不见面开标）,2026-07-25,江西省,,采购/资审公告,赣州市公共资源交易中心,https://www.ggzy.gov.cn/information/deal/html/a/360000/0201/20260725/0036ab1cad0acfe249b5bea81728e0b64868.html,校舍维修改造,校舍维修改造,校舍维修改造,一贯制未分段,否,否
0036864efb95bb0d48c09e81c2dd825f93d1,江西省机电设备招标有限公司关于鹰潭市信江中学改扩建办公及教学配套设备采购项目（项目编号：JXTC2026110131）公开招标公告,2026-07-25,江西省,,采购/资审公告,鹰潭市公共资源交易中心,https://www.ggzy.gov.cn/information/deal/html/a/360000/0201/20260725/0036864efb95bb0d48c09e81c2dd825f93d1.html,校舍维修改造,校舍维修改造,校舍维修改造,一贯制未分段,否,否
0036811177f36194489aab4fe1cbdce9b02f,江西橙乡工程管理有限公司关于江西省信丰县志和中学教室演示桌、学生实验台等教学设备采购（项目编号：JXCX2026-XF-G005）的电子化公开招标公告（不见面开标）,2026-07-25,江西省,,采购/资审公告,赣州市公共资源交易中心,https://www.ggzy.gov.cn/information/deal/html/a/360000/0201/20260725/0036811177f36194489aab4fe1cbdce9b02f.html,教学仪器,教学仪器,教学仪器,一贯制未分段,否,否
00366a2e01d004a94f69afc04d75e2f7a370,赣州市友宏项目管理有限公司关于江西省大余县池江中学大余县池江中学新建学生厕所及改建运动场等附属设施项目（项目编号：GZYH2026-DY-C008）竞争性磋商公告,2026-07-25,江西省,,采购/资审公告,赣州市公共资源交易中心,https://www.ggzy.gov.cn/information/deal/html/a/360000/0201/20260725/00366a2e01d004a94f69afc04d75e2f7a370.html,校舍维修改造,校舍维修改造,校舍维修改造,一贯制未分段,否,否
0036d19dc276969c4fdc9c4f8f14d9d623cd,吉安县永和中学2026校园足球场改造工程,2026-07-25,江西省,,采购/资审公告,吉安市公共资源交易中心,https://www.ggzy.gov.cn/information/deal/html/a/360000/0201/20260725/0036d19dc276969c4fdc9c4f8f14d9d623cd.html,校舍维修改造,校舍维修改造,校舍维修改造;工程配套,一贯制未分段,否,否
003645e956a4a89a48dabf3bf5547a48bf8d,吉安市高级实验中学专用教室及理化生实验室耗材采购A包（第四次）,2026-07-25,江西省,,采购/资审公告,吉安市公共资源交易中心,https://www.ggzy.gov.cn/information/deal/html/a/360000/0201/20260725/003645e956a4a89a48dabf3bf5547a48bf8d.html,实验室设备,实验室设备,实验室设备,一贯制未分段,否,否
003629e1858284b54880848db66c688c22e3,江西旭景项目管理有限公司关于江西省江西师范大学附属中学赣江创新研究院分校食堂设备采购项目（采购编号：JXXJ2026-GX-J005-2）的竞争性谈判采购公告（不见面开标）,2026-07-25,江西省,,采购/资审公告,赣州市公共资源交易中心,https://www.ggzy.gov.cn/information/deal/html/a/360000/0201/20260725/003629e1858284b54880848db66c688c22e3.html,食堂设备,食堂设备,食堂设备,一贯制未分段,否,否
004428c340c9a3ca4da6bac61fd4537e67e0,深圳市第二高级中学人工智能教学仪器采购（A）招标公告,2026-07-24,广东省,,采购/资审公告,,https://www.ggzy.gov.cn/information/deal/html/a/440000/0201/20260724/004428c340c9a3ca4da6bac61fd4537e67e0.html,人工智能,人工智能,人工智能;教学仪器,高中,是,否
004443dd89538104441399e3740845215d1d,深圳中学光明科学城学校北校区师生食堂运营服务（A）招标公告,2026-07-24,广东省,,采购/资审公告,,https://www.ggzy.gov.cn/information/deal/html/a/440000/0201/20260724/004443dd89538104441399e3740845215d1d.html,食堂设备,食堂设备,食堂设备,一贯制未分段,否,否
0035f483774e811a49d895d399a95caf7199,福建省龙岩市第二中学龙雁校区2026-2027（年）物业综合管理服务类采购项目竞争性磋商公告,2026-07-24,福建省,,采购/资审公告,龙岩市公共资源交易中心,https://www.ggzy.gov.cn/information/deal/html/a/350000/0201/20260724/0035f483774e811a49d895d399a95caf7199.html,后勤服务,其他,后勤服务,一贯制未分段,否,否
0015b6808911545c4004a95024e668894c3f,多伦县第三中学塑胶运动场维修项目竞争性磋商公告,2026-07-24,内蒙古自治区,,采购/资审公告,,https://www.ggzy.gov.cn/information/deal/html/a/150000/0201/20260724/0015b6808911545c4004a95024e668894c3f.html,校舍维修改造,校舍维修改造,校舍维修改造,一贯制未分段,否,否
00130e582590b86443ea915191a3cc832959,沧州市第二中学新建教学楼音响采购项目招标公告,2026-07-24,河北省,,采购/资审公告,,https://www.ggzy.gov.cn/information/deal/html/a/130000/0201/20260724/00130e582590b86443ea915191a3cc832959.html,校舍维修改造,校舍维修改造,校舍维修改造,一贯制未分段,否,否
00631a2e98726f3740a6a7315928e0b290b0,西宁市第十一中学基础设施提升项目  竞争性磋商公告,2026-07-24,青海省,,采购/资审公告,青海省公共资源交易网,https://www.ggzy.gov.cn/information/deal/html/a/630000/0201/20260724/00631a2e98726f3740a6a7315928e0b290b0.html,其他,其他,,一贯制未分段,否,否
0014739625342af54f72a72f8cff8f769728,襄垣县第二中学校竞争性磋商2026年校舍维修改造工程的采购公告,2026-07-24,山西省,,采购/资审公告,,https://www.ggzy.gov.cn/information/deal/html/a/140000/0201/20260724/0014739625342af54f72a72f8cff8f769728.html,校舍维修改造,校舍维修改造,校舍维修改造,一贯制未分段,否,否
0065ac9f2a6a13d64e97b3877f1dd167abc2,阿图什市昆山实验中学学生食堂餐饮托管服务项目竞争性磋商公告,2026-07-24,新疆维吾尔自治区,,采购/资审公告,新疆维吾尔自治区公共资源交易平台,https://www.ggzy.gov.cn/information/deal/html/a/650000/0201/20260724/0065ac9f2a6a13d64e97b3877f1dd167abc2.html,食堂设备,食堂设备,食堂设备;课后服务;后勤服务,一贯制未分段,否,否
0065062f65fd382c438ea3d2c9faab83866f,喀什第二中学疏勒校区校前区建筑建设项目前期咨询报告编制服务竞争性磋商公告,2026-07-24,新疆维吾尔自治区,,采购/资审公告,新疆维吾尔自治区公共资源交易平台,https://www.ggzy.gov.cn/information/deal/html/a/650000/0201/20260724/0065062f65fd382c438ea3d2c9faab83866f.html,后勤服务,其他,后勤服务,一贯制未分段,否,否
0044aaca01f4e7364ddeb0eed3715edc7ab0,广州执信中学2026年“品质课堂”教学服务项目（项目编号：GDWCZFG260759）招标公告,2026-07-24,广东省,,采购/资审公告,,https://www.ggzy.gov.cn/information/deal/html/a/440000/0201/20260724/0044aaca01f4e7364ddeb0eed3715edc7ab0.html,其他,其他,,一贯制未分段,否,否
001408864204bd81413a985db745176bb299,左云县第一中学校学生公寓楼改造工程的采购公告,2026-07-24,山西省,,采购/资审公告,,https://www.ggzy.gov.cn/information/deal/html/a/140000/0201/20260724/001408864204bd81413a985db745176bb299.html,校舍维修改造,校舍维修改造,校舍维修改造,一贯制未分段,否,否
0044841d68e4b2114e4687cb6f5ea4b1a5f1,江门市第一中学校园后勤管理服务项目(二次)竞争性磋商公告,2026-07-24,广东省,,采购/资审公告,,https://www.ggzy.gov.cn/information/deal/html/a/440000/0201/20260724/0044841d68e4b2114e4687cb6f5ea4b1a5f1.html,后勤服务,其他,后勤服务,一贯制未分段,否,否
0051e6fc9eda2a9e4d7084c59f7df7575835,通江县职业高级中学（通江县职业技术教育中心）通江县职业高级中学实训室设备采购项目招标公告,2026-07-24,四川省,,采购/资审公告,,https://www.ggzy.gov.cn/information/deal/html/a/510000/0201/20260724/0051e6fc9eda2a9e4d7084c59f7df7575835.html,实验室设备,实验室设备,实验室设备,高中,否,否
0041250b7b0c0d234a08b798098c9ca7777a,内黄县教育局内黄县田氏镇第一初级中学餐厅改扩建项目（二次）-竞争性谈判公告,2026-07-24,河南省,,采购/资审公告,,https://www.ggzy.gov.cn/information/deal/html/a/410000/0201/20260724/0041250b7b0c0d234a08b798098c9ca7777a.html,校舍维修改造,校舍维修改造,校舍维修改造;食堂设备,教育局统筹,否,否
0041def70f4692aa42f8a624a02a3c8e6c28,内黄县教育局内黄县马上乡第一初级中学综合楼、教学楼2维修改造项目(二次)-竞争性谈判公告,2026-07-24,河南省,,采购/资审公告,,https://www.ggzy.gov.cn/information/deal/html/a/410000/0201/20260724/0041def70f4692aa42f8a624a02a3c8e6c28.html,校舍维修改造,校舍维修改造,校舍维修改造,教育局统筹,否,否
0053ad505b1270c0449fb15a723f69e3b751,马关县仁和镇中学2026年校舍安全修缮项目的竞争性磋商公告,2026-07-24,云南省,,采购/资审公告,,https://www.ggzy.gov.cn/information/deal/html/a/530000/0201/20260724/0053ad505b1270c0449fb15a723f69e3b751.html,校舍维修改造,校舍维修改造,校舍维修改造,一贯制未分段,否,否
00441dc1d8f654584f0794380053f032309b,云浮市邓发纪念中学高中部400米混合型田径场跑道改造项目竞争性磋商公告,2026-07-24,广东省,,采购/资审公告,,https://www.ggzy.gov.cn/information/deal/html/a/440000/0201/20260724/00441dc1d8f654584f0794380053f032309b.html,校舍维修改造,校舍维修改造,校舍维修改造,高中,否,否
0065976eb6f4759846769b2f4d1baf1dc5bd,2026年岳普湖县普通教育能力提升项目（学校办学条件改造提升项目-完全中学改造提升项目）分散采购公开招标公告,2026-07-24,新疆维吾尔自治区,,采购/资审公告,新疆维吾尔自治区公共资源交易平台,https://www.ggzy.gov.cn/information/deal/html/a/650000/0201/20260724/0065976eb6f4759846769b2f4d1baf1dc5bd.html,校舍维修改造,校舍维修改造,校舍维修改造,一贯制未分段,否,否
0043b92b707384324d40b7c6b7de8e4fab3f,耒阳市顺湖中学高中学生宿舍楼建设项目设备购置及安装工程建设项目-家具设备购置及安装项目公开招标公告,2026-07-24,湖南省,,采购/资审公告,,https://www.ggzy.gov.cn/information/deal/html/a/430000/0201/20260724/0043b92b707384324d40b7c6b7de8e4fab3f.html,课桌椅,课桌椅,课桌椅,高中,否,否
0043be161f67e8d3405399e6aef21d2de0c8,长沙市松雅湖中学教育教学设备采购招标公告,2026-07-24,湖南省,,采购/资审公告,,https://www.ggzy.gov.cn/information/deal/html/a/430000/0201/20260724/0043be161f67e8d3405399e6aef21d2de0c8.html,教学仪器,教学仪器,教学仪器,一贯制未分段,否,否
0035fe223d9fbb0140deb756c62a6b98da7f,闽侯县第一中学高考标准化考场“五统一”公开招标招标公告,2026-07-24,福建省,,采购/资审公告,福州市公共资源交易服务中心,https://www.ggzy.gov.cn/information/deal/html/a/350000/0201/20260724/0035fe223d9fbb0140deb756c62a6b98da7f.html,其他,其他,,一贯制未分段,否,否
0042a77d7f4d967e4e59b5729198216c1f43,秭归县第二实验中学运动场及食堂改扩建项目竞争性磋商公告,2026-07-24,湖北省,,采购/资审公告,湖北省政府采购网,https://www.ggzy.gov.cn/information/deal/html/a/420000/0201/20260724/0042a77d7f4d967e4e59b5729198216c1f43.html,校舍维修改造,校舍维修改造,校舍维修改造;食堂设备,一贯制未分段,否,否
00426cb6be58356a4a828e9d74db2fa1ff5f,宜昌市第四中学学生食堂劳务采购招标公告,2026-07-24,湖北省,,采购/资审公告,湖北省政府采购网,https://www.ggzy.gov.cn/information/deal/html/a/420000/0201/20260724/00426cb6be58356a4a828e9d74db2fa1ff5f.html,食堂设备,食堂设备,食堂设备;后勤服务,一贯制未分段,否,否
004213a6c4858a614ecf9a4b21ae3a2c55d1,襄阳市田家炳中学男生宿舍B单元3-7层等维修改造竞争性磋商公告,2026-07-24,湖北省,,采购/资审公告,湖北省政府采购网,https://www.ggzy.gov.cn/information/deal/html/a/420000/0201/20260724/004213a6c4858a614ecf9a4b21ae3a2c55d1.html,校舍维修改造,校舍维修改造,校舍维修改造,一贯制未分段,否,否
0014baa1529464bd4457bec4d717dfdb831f,武乡中学校竞争性磋商武乡中学校门房及操场主席台、看台工程的采购公告,2026-07-24,山西省,,采购/资审公告,,https://www.ggzy.gov.cn/information/deal/html/a/140000/0201/20260724/0014baa1529464bd4457bec4d717dfdb831f.html,校舍维修改造,校舍维修改造,校舍维修改造,一贯制未分段,否,否
006505216ebbfa39488eb88ace55d081581b,伊宁市第十八中学内初班新生被褥采购项目公开招标公告,2026-07-24,新疆维吾尔自治区,,采购/资审公告,新疆维吾尔自治区公共资源交易平台,https://www.ggzy.gov.cn/information/deal/html/a/650000/0201/20260724/006505216ebbfa39488eb88ace55d081581b.html,课桌椅,课桌椅,课桌椅,一贯制未分段,否,否
00443af7bed5a41848868aa1f9c831a525a2,东莞市第一中学东城学校（一期校区）功能室设施设备采购项目招标公告,2026-07-24,广东省,,采购/资审公告,,https://www.ggzy.gov.cn/information/deal/html/a/440000/0201/20260724/00443af7bed5a41848868aa1f9c831a525a2.html,实验室设备,实验室设备,实验室设备,一贯制未分段,否,否
0015c0c2e71d792f454e817ffc3c3816d068,察哈尔右翼前旗职业中学AI赋能智慧校园教学建设竞争性磋商公告,2026-07-24,内蒙古自治区,,采购/资审公告,,https://www.ggzy.gov.cn/information/deal/html/a/150000/0201/20260724/0015c0c2e71d792f454e817ffc3c3816d068.html,人工智能,人工智能,人工智能;智慧校园,一贯制未分段,是,否
00630babc07838bf45918ebd392cde727277,茫崖市第一中学教室及功能室内开木门更换项目的竞争性磋商公告,2026-07-24,青海省,,采购/资审公告,青海省公共资源交易网,https://www.ggzy.gov.cn/information/deal/html/a/630000/0201/20260724/00630babc07838bf45918ebd392cde727277.html,实验室设备,实验室设备,实验室设备,一贯制未分段,否,否
0013c7d7071db5ea46d9958b62515af2e270,怀安县柴沟堡第一中学学生床垫、体育器材等采购项目公开招标公告,2026-07-24,河北省,,采购/资审公告,张家口公共资源交易综合信息平台,https://www.ggzy.gov.cn/information/deal/html/a/130000/0201/20260724/0013c7d7071db5ea46d9958b62515af2e270.html,音体美器材,音体美器材,音体美器材;课桌椅,一贯制未分段,否,否
00354c2d6d9569974a78bb8532e58f808325,福建省长乐第七中学高中部宿舍楼消防水池及设备采购项目公开招标招标公告,2026-07-24,福建省,,采购/资审公告,福州市公共资源交易服务中心,https://www.ggzy.gov.cn/information/deal/html/a/350000/0201/20260724/00354c2d6d9569974a78bb8532e58f808325.html,校园安防,校园安防,校园安防,高中,否,否
00324b56e04644994032a6bb37cf416fe8d8,海安市角斜镇角斜初级中学操场维修改造工程采购公告,2026-07-24,江苏省,,采购/资审公告,,https://www.ggzy.gov.cn/information/deal/html/a/320000/0201/20260724/00324b56e04644994032a6bb37cf416fe8d8.html,校舍维修改造,校舍维修改造,校舍维修改造,初中,否,否
0032d53ddd240ad14878ba17ae257022f844,千灯镇炎武中学校园文化建设采购采购公告,2026-07-24,江苏省,,采购/资审公告,,https://www.ggzy.gov.cn/information/deal/html/a/320000/0201/20260724/0032d53ddd240ad14878ba17ae257022f844.html,校园文化,其他,校园文化,一贯制未分段,否,否
00512a8516412ca44f2d833f2748e78f60db,成都市教育科学研究院附属中学2026年成都市教科院附中餐桌椅采购项目招标公告,2026-07-24,四川省,,采购/资审公告,,https://www.ggzy.gov.cn/information/deal/html/a/510000/0201/20260724/00512a8516412ca44f2d833f2748e78f60db.html,课桌椅,课桌椅,课桌椅,一贯制未分段,否,否
00622bc744218e8444f1a16eefb2d8bc2ce8,古浪县大靖初级中学2026-2027年度生物质燃料采购项目招标公告.html,2026-07-24,甘肃省,,采购/资审公告,武威市公共资源交易平台,https://www.ggzy.gov.cn/information/deal/html/a/620000/0201/20260724/00622bc744218e8444f1a16eefb2d8bc2ce8.html,后勤服务,其他,后勤服务,初中,否,否
0051c2be9c11e5e34a50b0cda72f6d90aa13,攀枝花市第十二中学校宿舍设备采购(三次)询价公告,2026-07-24,四川省,,采购/资审公告,,https://www.ggzy.gov.cn/information/deal/html/a/510000/0201/20260724/0051c2be9c11e5e34a50b0cda72f6d90aa13.html,其他,其他,,一贯制未分段,否,否
0043469713e630854973b460e395031ee4a0,长沙市泉塘中学宿舍电器、食堂厨具及家具、实验仪器体育器材、校园文化等采购项目招标公告,2026-07-24,湖南省,,采购/资审公告,,https://www.ggzy.gov.cn/information/deal/html/a/430000/0201/20260724/0043469713e630854973b460e395031ee4a0.html,实验室设备,实验室设备,实验室设备;教学仪器;音体美器材;课桌椅;食堂设备;校园文化,一贯制未分段,否,否
00347947f7cc228a40cf8729e8a266203f7a,旌德中学高中基础建设综合提升—男生宿舍及附属改造项目竞争性磋商公告,2026-07-24,安徽省,,采购/资审公告,宣城市公共资源交易平台电子交易系统,https://www.ggzy.gov.cn/information/deal/html/a/340000/0201/20260724/00347947f7cc228a40cf8729e8a266203f7a.html,校舍维修改造,校舍维修改造,校舍维修改造,高中,否,否
001554c814642be04a528e4218017aa3745a,乌审旗职业中学教育服务项目竞争性磋商公告,2026-07-24,内蒙古自治区,,采购/资审公告,,https://www.ggzy.gov.cn/information/deal/html/a/150000/0201/20260724/001554c814642be04a528e4218017aa3745a.html,其他,其他,,一贯制未分段,否,否
0062456603bec80e493fab2d57ba2ca01289,华亭市第一中学2026年“强县中”项目设备采购招标公告,2026-07-24,甘肃省,,采购/资审公告,平凉市公共资源交易平台,https://www.ggzy.gov.cn/information/deal/html/a/620000/0201/20260724/0062456603bec80e493fab2d57ba2ca01289.html,其他,其他,,一贯制未分段,否,否
00657bd3e7dd8a7c4469b00614eb0b5b3950,玛纳斯县第三中学桌椅设备采购项目(二次）竞争性谈判公告,2026-07-24,新疆维吾尔自治区,,采购/资审公告,新疆维吾尔自治区公共资源交易平台,https://www.ggzy.gov.cn/information/deal/html/a/650000/0201/20260724/00657bd3e7dd8a7c4469b00614eb0b5b3950.html,课桌椅,课桌椅,课桌椅,一贯制未分段,否,否
00517d80f50ce13e48c38f2ea89b815523d8,西昌市川兴中学教学办公设备采购项目(二次)竞争性谈判公告,2026-07-24,四川省,,采购/资审公告,,https://www.ggzy.gov.cn/information/deal/html/a/510000/0201/20260724/00517d80f50ce13e48c38f2ea89b815523d8.html,其他,其他,,一贯制未分段,否,否
0045b22fe92339ad43f5b0d92e7c368e7d46,广西科联招标中心有限公司关于南宁市第一中学五象校区足球场翻新改造和主席台改造项目（标2重）（NNZC2026-C2-990594-GXKL）的竞争性磋商公告,2026-07-24,广西壮族自治区,,采购/资审公告,南宁市公共资源交易中心,https://www.ggzy.gov.cn/information/deal/html/a/450000/0201/20260724/0045b22fe92339ad43f5b0d92e7c368e7d46.html,校舍维修改造,校舍维修改造,校舍维修改造;工程配套,一贯制未分段,否,否
0013db305b60a2c0422d99ec842746ed21b9,行唐县第二中学教学楼维修及附属工程竞争性磋商公告,2026-07-24,河北省,,采购/资审公告,石家庄公共资源交易网,https://www.ggzy.gov.cn/information/deal/html/a/130000/0201/20260724/0013db305b60a2c0422d99ec842746ed21b9.html,校舍维修改造,校舍维修改造,校舍维修改造,一贯制未分段,否,否
00137b29cc3945774acc871bcc720e8932f0,三河市教育和体育局本级王里村中学教学仪器设备购置项目（厨房及校园配套设备）公开招标公告,2026-07-24,河北省,,采购/资审公告,廊坊市公共资源交易中心,https://www.ggzy.gov.cn/information/deal/html/a/130000/0201/20260724/00137b29cc3945774acc871bcc720e8932f0.html,教学仪器,教学仪器,教学仪器,教育局统筹,否,否
0015540a781bc86f4ab5a25175cbd1aef65f,二连浩特市第二中学设施设备购置及消防改造项目竞争性磋商公告,2026-07-24,内蒙古自治区,,采购/资审公告,,https://www.ggzy.gov.cn/information/deal/html/a/150000/0201/20260724/0015540a781bc86f4ab5a25175cbd1aef65f.html,校舍维修改造,校舍维修改造,校舍维修改造;校园安防,一贯制未分段,否,否
0044f637d11c876a4a0ab48942edf7e36a1c,SCG2026018-汕头市金山中学2026-2027年校园物业管理服务公开招标采购公告,2026-07-24,广东省,,采购/资审公告,,https://www.ggzy.gov.cn/information/deal/html/a/440000/0201/20260724/0044f637d11c876a4a0ab48942edf7e36a1c.html,后勤服务,其他,后勤服务,一贯制未分段,否,否
00134135833a6bd14037bac707ca90e25cde,逸夫中学校园地面维修改造工程二次竞争性磋商公告,2026-07-24,河北省,,采购/资审公告,秦皇岛市公共资源交易网,https://www.ggzy.gov.cn/information/deal/html/a/130000/0201/20260724/00134135833a6bd14037bac707ca90e25cde.html,校舍维修改造,校舍维修改造,校舍维修改造,一贯制未分段,否,否
0051517c9cb771d64524a69c387e8c727119,叙永县水尾镇初级中学校校园文化打造竞争性磋商公告,2026-07-24,四川省,,采购/资审公告,,https://www.ggzy.gov.cn/information/deal/html/a/510000/0201/20260724/0051517c9cb771d64524a69c387e8c727119.html,校园文化,其他,校园文化,初中,否,否
005172e33efdb1bc4d1e97bb64f9ea7488a3,高县文江镇初级中学校高县专门学校监控系统采购安装项目(三次)竞争性谈判公告,2026-07-24,四川省,,采购/资审公告,,https://www.ggzy.gov.cn/information/deal/html/a/510000/0201/20260724/005172e33efdb1bc4d1e97bb64f9ea7488a3.html,校园安防,校园安防,校园安防,初中,否,否
00437e8f3266b282499d86e84ce70a1ceb3e,吉首市第一中学学生宿舍楼建设项目-空调采购,2026-07-24,湖南省,,采购/资审公告,,https://www.ggzy.gov.cn/information/deal/html/a/430000/0201/20260724/00437e8f3266b282499d86e84ce70a1ceb3e.html,工程配套,其他,工程配套,一贯制未分段,否,否
0035dc422f3af56c44baa8702ef4fb1ccee7,福鼎市第二中学足球场人造草坪改造项目询价公告,2026-07-24,福建省,,采购/资审公告,宁德市公共资源交易中心,https://www.ggzy.gov.cn/information/deal/html/a/350000/0201/20260724/0035dc422f3af56c44baa8702ef4fb1ccee7.html,校舍维修改造,校舍维修改造,校舍维修改造;工程配套,一贯制未分段,否,否
00450c2f850d46db4b068ca23594803fe597,东兰县高级中学小卖部(小超市)供货商供货服务采购公开招标公告,2026-07-24,广西壮族自治区,,采购/资审公告,河池市公共资源交易中心,https://www.ggzy.gov.cn/information/deal/html/a/450000/0201/20260724/00450c2f850d46db4b068ca23594803fe597.html,后勤服务,其他,后勤服务,高中,否,否
004370f8ef96a9724b79a73ddf69e5f58687,长沙市松雅湖中学后勤设施设备采购招标公告,2026-07-24,湖南省,,采购/资审公告,,https://www.ggzy.gov.cn/information/deal/html/a/430000/0201/20260724/004370f8ef96a9724b79a73ddf69e5f58687.html,后勤服务,其他,后勤服务,一贯制未分段,否,否
0013c23bf946546e4a60bb71d0648e555fff,路罗中学2026年校园设备采购项目公开招标公告,2026-07-24,河北省,,采购/资审公告,邢台市公共资源交易中心,https://www.ggzy.gov.cn/information/deal/html/a/130000/0201/20260724/0013c23bf946546e4a60bb71d0648e555fff.html,其他,其他,,一贯制未分段,否,否
00348bfd6d26d46b485b8713630362a42ce7,2026年亳州市第四中学运动场及校内路面建设项目竞争性磋商公告,2026-07-24,安徽省,,采购/资审公告,亳州市公共资源交易平台电子交易系统,https://www.ggzy.gov.cn/information/deal/html/a/340000/0201/20260724/00348bfd6d26d46b485b8713630362a42ce7.html,校舍维修改造,校舍维修改造,校舍维修改造,一贯制未分段,否,否
0044551b94b8be2640359a5fc74a48acb11f,东莞市第一中学东城学校（一期校区）音乐美术及体育器材采购项目招标公告,2026-07-24,广东省,,采购/资审公告,,https://www.ggzy.gov.cn/information/deal/html/a/440000/0201/20260724/0044551b94b8be2640359a5fc74a48acb11f.html,音体美器材,音体美器材,音体美器材,一贯制未分段,否,否
0051a846530e7bcf4e249c3690ea1c89375a,四川省资阳中学资阳中学初中部LED显示屏采购项目询价公告,2026-07-24,四川省,,采购/资审公告,,https://www.ggzy.gov.cn/information/deal/html/a/510000/0201/20260724/0051a846530e7bcf4e249c3690ea1c89375a.html,大屏,大屏,大屏,初中,是,否
0064897e0bf9d6ff4baa94ced02dcddb8a46,银川市阅海湾高级中学2026年音乐、舞蹈、美术教室设备采购项目招标公告,2026-07-24,宁夏回族自治区,,采购/资审公告,宁夏公共资源交易服务平台,https://www.ggzy.gov.cn/information/deal/html/a/640000/0201/20260724/0064897e0bf9d6ff4baa94ced02dcddb8a46.html,其他,其他,,高中,否,否
0051bd9243fe9390494cbe2dff6a9747f256,四川省绵竹中学工程监理服务竞争性磋商公告,2026-07-24,四川省,,采购/资审公告,,https://www.ggzy.gov.cn/information/deal/html/a/510000/0201/20260724/0051bd9243fe9390494cbe2dff6a9747f256.html,后勤服务,其他,后勤服务,一贯制未分段,否,否
00419c36430bc3b5497b890ca748196063c7,【平公资采2026788号】平顶山市第一中学校园物业管理服务项目-招标[采购]公告,2026-07-24,河南省,,采购/资审公告,平顶山市公共资源交易中心,https://www.ggzy.gov.cn/information/deal/html/a/410000/0201/20260724/00419c36430bc3b5497b890ca748196063c7.html,后勤服务,其他,后勤服务,一贯制未分段,否,否
0014760d0c6a7e704552a3535c1b496baa21,阳高县第二中学校竞争性磋商阳高县第二中学餐厅屋面及电气线路改造工程的采购公告,2026-07-24,山西省,,采购/资审公告,,https://www.ggzy.gov.cn/information/deal/html/a/140000/0201/20260724/0014760d0c6a7e704552a3535c1b496baa21.html,校舍维修改造,校舍维修改造,校舍维修改造;食堂设备,一贯制未分段,否,否
0051f32f5ad159834b6f8191045ff2cb32be,四川省绵阳中学2026-2027年五金水电耗材供应商服务项目(二次)招标公告,2026-07-24,四川省,,采购/资审公告,,https://www.ggzy.gov.cn/information/deal/html/a/510000/0201/20260724/0051f32f5ad159834b6f8191045ff2cb32be.html,工程配套,其他,工程配套,一贯制未分段,否,否
001351c464d51f334d4b9596cbb34b08bb5f,赞皇县第四中学空气能改造工程项目竞争性磋商公告,2026-07-24,河北省,,采购/资审公告,石家庄公共资源交易网,https://www.ggzy.gov.cn/information/deal/html/a/130000/0201/20260724/001351c464d51f334d4b9596cbb34b08bb5f.html,校舍维修改造,校舍维修改造,校舍维修改造;工程配套,一贯制未分段,否,否
005073a7093affcd4f79a3c18f09b8707c7c,重庆市聚奎中学校男生宿舍改造工程(JJQ26B00016)竞争性谈判公告,2026-07-24,重庆市,,采购/资审公告,重庆市公共资源交易服务平台,https://www.ggzy.gov.cn/information/deal/html/a/500000/0201/20260724/005073a7093affcd4f79a3c18f09b8707c7c.html,校舍维修改造,校舍维修改造,校舍维修改造,一贯制未分段,否,否
0022bb90e5b843244c39b21435fb20e63969,长春市第二中学多媒体教学设备采购项目采购公告,2026-07-24,吉林省,,采购/资审公告,长春市公共资源交易中心(新),https://www.ggzy.gov.cn/information/deal/html/a/220000/0201/20260724/0022bb90e5b843244c39b21435fb20e63969.html,信息化设备,信息化设备,信息化设备;教学仪器,一贯制未分段,是,否
00129b68d4e9acd0461fa476dd3b8f821ba5,天津市新华中学 天津市新华中学变电站中低压改造项目 (项目编号:BHGJ-2026-C-045)竞争性磋商公告,2026-07-24,天津市,,采购/资审公告,天津市公共资源交易平台交易系统,https://www.ggzy.gov.cn/information/deal/html/a/120000/0201/20260724/00129b68d4e9acd0461fa476dd3b8f821ba5.html,校舍维修改造,校舍维修改造,校舍维修改造;工程配套,一贯制未分段,否,否
00357730985a3295487ba8b81b47ec3df210,福安市民族职业中学操场塑胶跑道及篮球场硅PU翻新修缮工程竞争性磋商公告,2026-07-24,福建省,,采购/资审公告,宁德市公共资源交易中心,https://www.ggzy.gov.cn/information/deal/html/a/350000/0201/20260724/00357730985a3295487ba8b81b47ec3df210.html,校舍维修改造,校舍维修改造,校舍维修改造;工程配套,一贯制未分段,否,否
00435b64e448a37d49c8a30d93ffbf7d055d,长沙市芙蓉区教育局长沙市一中初级中学提质改造信息设备采购招标公告,2026-07-24,湖南省,,采购/资审公告,,https://www.ggzy.gov.cn/information/deal/html/a/430000/0201/20260724/00435b64e448a37d49c8a30d93ffbf7d055d.html,校舍维修改造,校舍维修改造,校舍维修改造,教育局统筹,否,否
005104f61f28ce6848348f0f360fd37bc957,四川省成都市第七中学初中学校2026年物业服务采购项目招标公告,2026-07-24,四川省,,采购/资审公告,,https://www.ggzy.gov.cn/information/deal/html/a/510000/0201/20260724/005104f61f28ce6848348f0f360fd37bc957.html,后勤服务,其他,后勤服务,初中,否,否
0051e921b5e05998496babefd167ac37e461,南江县小河职业中学教室空调采购项目招标公告,2026-07-24,四川省,,采购/资审公告,,https://www.ggzy.gov.cn/information/deal/html/a/510000/0201/20260724/0051e921b5e05998496babefd167ac37e461.html,工程配套,其他,工程配套,一贯制未分段,否,否
00159aa162aa86e243538339d2ef690e0bd8,呼和浩特市第四中学图书馆阅读资源配置项目(二次)招标公告,2026-07-24,内蒙古自治区,,采购/资审公告,,https://www.ggzy.gov.cn/information/deal/html/a/150000/0201/20260724/00159aa162aa86e243538339d2ef690e0bd8.html,图书,图书,图书,一贯制未分段,否,否
005111d3942ac0c148d2ae684ac4edfa539f,四川省成都市中和职业中学（四川省成都高新综合高级中学）2026年实训室建设项目招标公告,2026-07-24,四川省,,采购/资审公告,,https://www.ggzy.gov.cn/information/deal/html/a/510000/0201/20260724/005111d3942ac0c148d2ae684ac4edfa539f.html,实验室设备,实验室设备,实验室设备,高中,否,否
0042cd9056f29f094107bc97372b153a9702,武汉市白玉山中学白玉山中学高中部（青翠苑校区）食堂设施设备采购项目公开招标公告,2026-07-24,湖北省,,采购/资审公告,湖北省政府采购网,https://www.ggzy.gov.cn/information/deal/html/a/420000/0201/20260724/0042cd9056f29f094107bc97372b153a9702.html,食堂设备,食堂设备,食堂设备,高中,否,否
00538aefa6b0e5f64c2c95dfc8289f4e4589,怒江州民族中学教学楼和场地修缮项目的竞争性磋商公告,2026-07-24,云南省,,采购/资审公告,,https://www.ggzy.gov.cn/information/deal/html/a/530000/0201/20260724/00538aefa6b0e5f64c2c95dfc8289f4e4589.html,校舍维修改造,校舍维修改造,校舍维修改造,一贯制未分段,否,否
0032a3ac5a0ed9ab417da86ff379ee3c9e85,金陵中学溧水分校电梯采购项目采购公告(二),2026-07-24,江苏省,,采购/资审公告,,https://www.ggzy.gov.cn/information/deal/html/a/320000/0201/20260724/0032a3ac5a0ed9ab417da86ff379ee3c9e85.html,工程配套,其他,工程配套,一贯制未分段,否,否
0014652cad5d22204cd28483a269e811bc99,侯马市第一中学校2026年物业管理服务公开招标采购公告,2026-07-24,山西省,,采购/资审公告,,https://www.ggzy.gov.cn/information/deal/html/a/140000/0201/20260724/0014652cad5d22204cd28483a269e811bc99.html,后勤服务,其他,后勤服务,一贯制未分段,否,否
00456486acc866b144cc93b4320b133627bd,云之龙咨询集团有限公司关于2026年平南县马练瑶族乡初级中学学生食堂食材配送服务项目的竞争性磋商公告,2026-07-24,广西壮族自治区,,采购/资审公告,贵港市公共资源交易平台,https://www.ggzy.gov.cn/information/deal/html/a/450000/0201/20260724/00456486acc866b144cc93b4320b133627bd.html,食堂设备,食堂设备,食堂设备;后勤服务,初中,否,否
00439f8d8b8402ec46209738c25b66151fb4,长沙县第一中学圣和学校2026年扩班设施设备采购项目招标公告,2026-07-24,湖南省,,采购/资审公告,,https://www.ggzy.gov.cn/information/deal/html/a/430000/0201/20260724/00439f8d8b8402ec46209738c25b66151fb4.html,其他,其他,,一贯制未分段,否,否
0044d41a772016a948a2ada124709ccc8b94,湛江农垦实验中学食堂委托管理服务采购项目招标公告,2026-07-24,广东省,,采购/资审公告,,https://www.ggzy.gov.cn/information/deal/html/a/440000/0201/20260724/0044d41a772016a948a2ada124709ccc8b94.html,食堂设备,食堂设备,食堂设备,一贯制未分段,否,否
0045e45bbb2253114296ba4df9c2c57601f7,广西科联招标中心有限公司关于南宁市第一中学五象校区足球场翻新改造和主席台改造项目（标2重）的竞争性磋商公告,2026-07-24,广西壮族自治区,,采购/资审公告,广西壮族自治区公共资源电子交易系统,https://www.ggzy.gov.cn/information/deal/html/a/450000/0201/20260724/0045e45bbb2253114296ba4df9c2c57601f7.html,校舍维修改造,校舍维修改造,校舍维修改造;工程配套,一贯制未分段,否,否
0013ad4a60af633c42a680ed923f2ec6773e,吴桥中学新建宿舍楼项目监理竞争性磋商公告,2026-07-24,河北省,,采购/资审公告,,https://www.ggzy.gov.cn/information/deal/html/a/130000/0201/20260724/0013ad4a60af633c42a680ed923f2ec6773e.html,校舍维修改造,校舍维修改造,校舍维修改造;后勤服务,一贯制未分段,否,否
004465b77204b94048eeb53f34d546d26530,东莞市第一中学东城学校（一期校区）校园生活家具采购项目招标公告,2026-07-24,广东省,,采购/资审公告,,https://www.ggzy.gov.cn/information/deal/html/a/440000/0201/20260724/004465b77204b94048eeb53f34d546d26530.html,课桌椅,课桌椅,课桌椅,一贯制未分段,否,否
0022801bd0dc425e41fca6ee45d40291555c,吉林省易程招投标代理有限公司关于长春市第八十七中学校园文化项目的竞争性磋商公告,2026-07-24,吉林省,,采购/资审公告,长春市公共资源交易中心(新),https://www.ggzy.gov.cn/information/deal/html/a/220000/0201/20260724/0022801bd0dc425e41fca6ee45d40291555c.html,校园文化,其他,校园文化,一贯制未分段,否,否
005254fab20454a645fcb15646f5c7781b73,贵阳市第二十二中学食堂改造项目采购公告,2026-07-24,贵州省,,采购/资审公告,贵阳市公共资源交易中心,https://www.ggzy.gov.cn/information/deal/html/a/520000/0201/20260724/005254fab20454a645fcb15646f5c7781b73.html,校舍维修改造,校舍维修改造,校舍维修改造;食堂设备,一贯制未分段,否,否
0043691d0391aebd42a68c0fb181e1905f32,衡阳县弘扬中学校舍维修工程项目竞争性磋商公告,2026-07-24,湖南省,,采购/资审公告,,https://www.ggzy.gov.cn/information/deal/html/a/430000/0201/20260724/0043691d0391aebd42a68c0fb181e1905f32.html,校舍维修改造,校舍维修改造,校舍维修改造,一贯制未分段,否,否
005192cd476024f149858d6f48bb55dbf065,隆昌市第二初级中学运动场塑胶跑道及附属工程维修改造项目招标公告,2026-07-24,四川省,,采购/资审公告,,https://www.ggzy.gov.cn/information/deal/html/a/510000/0201/20260724/005192cd476024f149858d6f48bb55dbf065.html,校舍维修改造,校舍维修改造,校舍维修改造,初中,否,否
00519d4d6fbe2ebf4b339ee8743b15b48fe1,四川省泸州市第十五中学校泸州十五中城南校区学生床、课桌椅货物采购项目询价公告,2026-07-24,四川省,,采购/资审公告,,https://www.ggzy.gov.cn/information/deal/html/a/510000/0201/20260724/00519d4d6fbe2ebf4b339ee8743b15b48fe1.html,课桌椅,课桌椅,课桌椅,一贯制未分段,否,否
00525917941dbf954a1fa75ea07089cafbbe,兴义市实验中学2026年秋季学期食堂食材采购项目A包（肉类）,2026-07-24,贵州省,,采购/资审公告,黔西南州公共资源交易中心,https://www.ggzy.gov.cn/information/deal/html/a/520000/0201/20260724/00525917941dbf954a1fa75ea07089cafbbe.html,食堂设备,食堂设备,食堂设备;后勤服务,一贯制未分段,否,否
0051f44d5d44b3344db1bc4d6370041a43bc,四川省泸州市江阳职业高级中学校江阳职业高级中学校学生公寓床货物采购询价公告,2026-07-24,四川省,,采购/资审公告,,https://www.ggzy.gov.cn/information/deal/html/a/510000/0201/20260724/0051f44d5d44b3344db1bc4d6370041a43bc.html,课桌椅,课桌椅,课桌椅,高中,否,否
0053c6a94bbb5e884f69a299b9981f6b683f,施甸县政府采购和出让中心关于太平中学50万语音教室项目（第三次）的询价公告,2026-07-24,云南省,,采购/资审公告,,https://www.ggzy.gov.cn/information/deal/html/a/530000/0201/20260724/0053c6a94bbb5e884f69a299b9981f6b683f.html,信息化设备,信息化设备,信息化设备,一贯制未分段,是,否
0053f5ee646f99b24e8caefd3a20100470b8,施甸县政府采购和出让中心关于施甸县旧城乡旧城中学英语口语听力教室功能提升建设项目（二次）的竞争性谈判公告,2026-07-24,云南省,,采购/资审公告,,https://www.ggzy.gov.cn/information/deal/html/a/530000/0201/20260724/0053f5ee646f99b24e8caefd3a20100470b8.html,信息化设备,信息化设备,信息化设备,一贯制未分段,是,否
0044112663bb15e34b13886e5f1a72aeca35,东莞市第六高级中学食堂食材配送服务项目招标公告,2026-07-24,广东省,,采购/资审公告,,https://www.ggzy.gov.cn/information/deal/html/a/440000/0201/20260724/0044112663bb15e34b13886e5f1a72aeca35.html,食堂设备,食堂设备,食堂设备;后勤服务,高中,否,否
0013857d82cbed2e4bf4874fb914f18806d4,巨鹿县第二中学教学一体机采购项目（二次）招标公告,2026-07-24,河北省,,采购/资审公告,邢台市公共资源交易中心,https://www.ggzy.gov.cn/information/deal/html/a/130000/0201/20260724/0013857d82cbed2e4bf4874fb914f18806d4.html,智慧黑板,智慧黑板,智慧黑板,一贯制未分段,是,否
001391361a45bdac4ce2829a70a6583d1e41,巨鹿县第二中学微机室购置项目（二次）招标公告,2026-07-24,河北省,,采购/资审公告,邢台市公共资源交易中心,https://www.ggzy.gov.cn/information/deal/html/a/130000/0201/20260724/001391361a45bdac4ce2829a70a6583d1e41.html,信息化设备,信息化设备,信息化设备,一贯制未分段,是,否
00223530e31c24164b63a2ac6200e4461f5b,吉林省融合项目管理咨询有限责任公司关于扶余市第四中学理化生实验室设备购置、改造项目的公开招标公告,2026-07-24,吉林省,,采购/资审公告,松原市公共资源交易中心,https://www.ggzy.gov.cn/information/deal/html/a/220000/0201/20260724/00223530e31c24164b63a2ac6200e4461f5b.html,校舍维修改造,校舍维修改造,校舍维修改造;实验室设备;后勤服务,一贯制未分段,否,否
006227c15cc6f24546e3878846424e14a13d,兰州新区甘南实验中学公寓床采购项目竞争性谈判公告,2026-07-24,甘肃省,,采购/资审公告,兰州市公共资源交易平台,https://www.ggzy.gov.cn/information/deal/html/a/620000/0201/20260724/006227c15cc6f24546e3878846424e14a13d.html,课桌椅,课桌椅,课桌椅,一贯制未分段,否,否
001337cee0b9ad094cb2a1f8b6b90c660f7b,保定市第一中学物业服务项目公开招标公告,2026-07-24,河北省,,采购/资审公告,保定市公共资源交易中心,https://www.ggzy.gov.cn/information/deal/html/a/130000/0201/20260724/001337cee0b9ad094cb2a1f8b6b90c660f7b.html,后勤服务,其他,后勤服务,一贯制未分段,否,否
0051440a95fd160e4851b439badfcc6b8d6b,四川省成都市大弯中学校大弯中学教职工体检项目竞争性磋商公告,2026-07-24,四川省,,采购/资审公告,,https://www.ggzy.gov.cn/information/deal/html/a/510000/0201/20260724/0051440a95fd160e4851b439badfcc6b8d6b.html,后勤服务,其他,后勤服务,一贯制未分段,否,否
0050967e7667e6124ad4ab4061c53a8acfd0,葛兰中学足球场草坪更换项目(CSQ26A00429)竞争性谈判公告,2026-07-24,重庆市,,采购/资审公告,重庆市公共资源交易服务平台,https://www.ggzy.gov.cn/information/deal/html/a/500000/0201/20260724/0050967e7667e6124ad4ab4061c53a8acfd0.html,工程配套,其他,工程配套,一贯制未分段,否,否
00425c795b8a419843c59da482870a7fb3f9,老河口市第四中学2026年度实验楼及多功能室维修改造项目竞争性磋商公告,2026-07-24,湖北省,,采购/资审公告,湖北省政府采购网,https://www.ggzy.gov.cn/information/deal/html/a/420000/0201/20260724/00425c795b8a419843c59da482870a7fb3f9.html,校舍维修改造,校舍维修改造,校舍维修改造;实验室设备,一贯制未分段,否,否
0053a5731dc1316142fbbe0ed1f5ba3fae38,巍山彝族回族自治县第二中学数字校园建设项目公开招标公告,2026-07-24,云南省,,采购/资审公告,,https://www.ggzy.gov.cn/information/deal/html/a/530000/0201/20260724/0053a5731dc1316142fbbe0ed1f5ba3fae38.html,智慧校园,智慧校园,智慧校园,一贯制未分段,是,否
00512c56f738a84441a3aa846f7d8464df4d,四川师范大学附属中学师大附中2026年教职工体检采购项目竞争性磋商公告,2026-07-24,四川省,,采购/资审公告,,https://www.ggzy.gov.cn/information/deal/html/a/510000/0201/20260724/00512c56f738a84441a3aa846f7d8464df4d.html,后勤服务,其他,后勤服务,一贯制未分段,否,否
005187d42aa02ea14e328b0777c446f8211a,四川省成都列五中学2026年教职工体检服务竞争性磋商公告,2026-07-24,四川省,,采购/资审公告,,https://www.ggzy.gov.cn/information/deal/html/a/510000/0201/20260724/005187d42aa02ea14e328b0777c446f8211a.html,后勤服务,其他,后勤服务,一贯制未分段,否,否
0052a0cd7169561849f8b9339048a67998fc,贞丰县2026年第二中学教学设施设备采购项目,2026-07-24,贵州省,,采购/资审公告,黔西南州公共资源交易中心,https://www.ggzy.gov.cn/information/deal/html/a/520000/0201/20260724/0052a0cd7169561849f8b9339048a67998fc.html,其他,其他,,一贯制未分段,否,否
00659ba9b64552874d6e9ee9011deba1a850,2026年岳普湖县完全中学设备采购项目公开招标公告,2026-07-24,新疆维吾尔自治区,,采购/资审公告,新疆维吾尔自治区公共资源交易平台,https://www.ggzy.gov.cn/information/deal/html/a/650000/0201/20260724/00659ba9b64552874d6e9ee9011deba1a850.html,其他,其他,,一贯制未分段,否,否
0013d44caac909294707b35306a3d383ca10,巨鹿县第二中学理化生实验室装备及配套改造项目招标公告,2026-07-24,河北省,,采购/资审公告,邢台市公共资源交易中心,https://www.ggzy.gov.cn/information/deal/html/a/130000/0201/20260724/0013d44caac909294707b35306a3d383ca10.html,校舍维修改造,校舍维修改造,校舍维修改造;实验室设备,一贯制未分段,否,否
0013f92ab832a05f487992016798eeaa81db,巨鹿县第二中学创客教室装备及配套改造项目招标公告,2026-07-24,河北省,,采购/资审公告,邢台市公共资源交易中心,https://www.ggzy.gov.cn/information/deal/html/a/130000/0201/20260724/0013f92ab832a05f487992016798eeaa81db.html,信息化设备,信息化设备,信息化设备;校舍维修改造,一贯制未分段,是,否
0034ae60413c0ef9456682107231873a4edc,安徽省阜南实验中学物业管理服务项目竞争性磋商公告,2026-07-24,安徽省,,采购/资审公告,阜阳市公共资源交易平台电子交易系统,https://www.ggzy.gov.cn/information/deal/html/a/340000/0201/20260724/0034ae60413c0ef9456682107231873a4edc.html,后勤服务,其他,后勤服务,一贯制未分段,否,否
00440b62269173b24c3d830732c551a4f69a,江门市艺术中学乐器采购项目招标公告,2026-07-24,广东省,,采购/资审公告,,https://www.ggzy.gov.cn/information/deal/html/a/440000/0201/20260724/00440b62269173b24c3d830732c551a4f69a.html,音体美器材,音体美器材,音体美器材,一贯制未分段,否,否
003274f96a7ade8e4d66ab8340fccf1d4234,2026年南京市华电中学电梯采购公告,2026-07-24,江苏省,,采购/资审公告,,https://www.ggzy.gov.cn/information/deal/html/a/320000/0201/20260724/003274f96a7ade8e4d66ab8340fccf1d4234.html,工程配套,其他,工程配套,一贯制未分段,否,否
0014ac34573626424231b988e2d0c2c0646a,长子县草坊中学竞争性磋商草坊学校基础设施升级改造项目的采购公告,2026-07-24,山西省,,采购/资审公告,,https://www.ggzy.gov.cn/information/deal/html/a/140000/0201/20260724/0014ac34573626424231b988e2d0c2c0646a.html,校舍维修改造,校舍维修改造,校舍维修改造,一贯制未分段,否,否
00525099375691c442a39108e40e4f18262e,金沙县清池镇初级中学运动场维修改造项目采购公告,2026-07-24,贵州省,,采购/资审公告,毕节市公共资源交易中心,https://www.ggzy.gov.cn/information/deal/html/a/520000/0201/20260724/00525099375691c442a39108e40e4f18262e.html,校舍维修改造,校舍维修改造,校舍维修改造,初中,否,否
0033dfea4f47043946baa88bd091e34a1193,丽水市公共资源交易中心关于丽水市职业高级中学宿舍床铺、桌椅、柜子等家具采购的公开招标公告,2026-07-24,浙江省,,采购/资审公告,丽水市公共资源交易网,https://www.ggzy.gov.cn/information/deal/html/a/330000/0201/20260724/0033dfea4f47043946baa88bd091e34a1193.html,课桌椅,课桌椅,课桌椅,高中,否,否
00464d95a7ede7d446478d2b4e8f6699e1c2,海南省农垦加来高级中学物化生实验室设备设施采购项目(二次)公开招标招标公告,2026-07-24,海南省,,采购/资审公告,,https://www.ggzy.gov.cn/information/deal/html/a/460000/0201/20260724/00464d95a7ede7d446478d2b4e8f6699e1c2.html,实验室设备,实验室设备,实验室设备,高中,否,否
005012579e41f86b4ae0ac1fdabd565742f0,重庆市清华中学外语校学生公寓改造项目(BNQ26B00017)竞争性谈判公告,2026-07-24,重庆市,,采购/资审公告,重庆市公共资源交易服务平台,https://www.ggzy.gov.cn/information/deal/html/a/500000/0201/20260724/005012579e41f86b4ae0ac1fdabd565742f0.html,校舍维修改造,校舍维修改造,校舍维修改造,一贯制未分段,否,否
00349bd1f7e758fd42e68e0abf94ecd448d6,淮南市龙湖中学2026年智慧黑板采购项目（一次）竞争性谈判公告,2026-07-24,安徽省,,采购/资审公告,淮南市公共资源交易平台电子交易系统,https://www.ggzy.gov.cn/information/deal/html/a/340000/0201/20260724/00349bd1f7e758fd42e68e0abf94ecd448d6.html,智慧黑板,智慧黑板,智慧黑板,一贯制未分段,是,否
0046b0e5e972ebe5400694ed1df1cbc47c19,2026年高中学校家具类采购项目公开招标招标公告,2026-07-24,海南省,,采购/资审公告,,https://www.ggzy.gov.cn/information/deal/html/a/460000/0201/20260724/0046b0e5e972ebe5400694ed1df1cbc47c19.html,课桌椅,课桌椅,课桌椅,高中,否,否
0052fa1b4aee0f60456e84cc16902b324a46,贵阳市第八中学第三批“小语种”课程教学改革暨日语教学实施项目（二次招标）采购公告,2026-07-24,贵州省,,采购/资审公告,贵阳市公共资源交易中心,https://www.ggzy.gov.cn/information/deal/html/a/520000/0201/20260724/0052fa1b4aee0f60456e84cc16902b324a46.html,其他,其他,,一贯制未分段,否,否
00345aece11e91b040a9ab6586afb8e6d08b,合肥市第八中学枫林校区2026年物业管理服务竞争性磋商公告,2026-07-24,安徽省,,采购/资审公告,,https://www.ggzy.gov.cn/information/deal/html/a/340000/0201/20260724/00345aece11e91b040a9ab6586afb8e6d08b.html,后勤服务,其他,后勤服务,一贯制未分段,否,否
00635a48941ec7fe44bb8b5be5873152e280,海东市第一中学智慧校园信息化建设项目的公开招标公告,2026-07-24,青海省,,采购/资审公告,青海省公共资源交易网,https://www.ggzy.gov.cn/information/deal/html/a/630000/0201/20260724/00635a48941ec7fe44bb8b5be5873152e280.html,智慧校园,智慧校园,智慧校园;信息化,一贯制未分段,是,否
004466c18953bd774730b9b48bcb6dc9a5cb,珠海市第一中学2026-2028年度安保服务采购项目招标公告,2026-07-24,广东省,,采购/资审公告,,https://www.ggzy.gov.cn/information/deal/html/a/440000/0201/20260724/004466c18953bd774730b9b48bcb6dc9a5cb.html,校园安防,校园安防,校园安防,一贯制未分段,否,否
00132aaaa9876e3f4dc4967a328f8b491f40,秦皇岛市海港区教育和体育局萃文中学教学楼外墙等改造工程二次竞争性磋商公告,2026-07-24,河北省,,采购/资审公告,秦皇岛市公共资源交易网,https://www.ggzy.gov.cn/information/deal/html/a/130000/0201/20260724/00132aaaa9876e3f4dc4967a328f8b491f40.html,校舍维修改造,校舍维修改造,校舍维修改造,教育局统筹,否,否
0032bbfdde6152f14f5f8995876fdf1023eb,海安市立发中学足球场草皮改造项目采购公告,2026-07-24,江苏省,,采购/资审公告,,https://www.ggzy.gov.cn/information/deal/html/a/320000/0201/20260724/0032bbfdde6152f14f5f8995876fdf1023eb.html,校舍维修改造,校舍维修改造,校舍维修改造;工程配套,一贯制未分段,否,否
0032d685857d73714801b84715c0fa240838,江苏省泰州中学物业服务采购项目采购公告,2026-07-24,江苏省,,采购/资审公告,,https://www.ggzy.gov.cn/information/deal/html/a/320000/0201/20260724/0032d685857d73714801b84715c0fa240838.html,后勤服务,其他,后勤服务,一贯制未分段,否,否
003211c5cb309484459394ec67680f66a506,沛县大屯矿区第一中学改造提升工程采购公告,2026-07-24,江苏省,,采购/资审公告,,https://www.ggzy.gov.cn/information/deal/html/a/320000/0201/20260724/003211c5cb309484459394ec67680f66a506.html,校舍维修改造,校舍维修改造,校舍维修改造,一贯制未分段,否,否
0051426815f0476d4d9d9e5e075df8936734,甘洛县普昌初级中学校室外全彩LED大屏(二次)询价公告,2026-07-24,四川省,,采购/资审公告,,https://www.ggzy.gov.cn/information/deal/html/a/510000/0201/20260724/0051426815f0476d4d9d9e5e075df8936734.html,大屏,大屏,大屏,初中,是,否
0015abf95c3be83a4254bf57586073cc5738,鄂托克旗教育体育局鄂托克旗第二中学综合楼实验室设备采购项目（专用设备）招标公告,2026-07-24,内蒙古自治区,,采购/资审公告,,https://www.ggzy.gov.cn/information/deal/html/a/150000/0201/20260724/0015abf95c3be83a4254bf57586073cc5738.html,实验室设备,实验室设备,实验室设备,教育局统筹,否,否
003522b16c4a2f5c4e6eab1b81c6be92d7d8,晋江市南侨中学新学生宿舍楼空调采购(二次)公开招标招标公告,2026-07-24,福建省,,采购/资审公告,泉州市公共资源交易中心,https://www.ggzy.gov.cn/information/deal/html/a/350000/0201/20260724/003522b16c4a2f5c4e6eab1b81c6be92d7d8.html,工程配套,其他,工程配套,一贯制未分段,否,否
00156da0913e5b244c6591b69928c90a1efd,扎兰屯市第四中学理化生智慧实验室采购项目招标公告,2026-07-24,内蒙古自治区,,采购/资审公告,,https://www.ggzy.gov.cn/information/deal/html/a/150000/0201/20260724/00156da0913e5b244c6591b69928c90a1efd.html,实验室设备,实验室设备,实验室设备,一贯制未分段,否,否
0045c519a315814f4db984813d20c264715b,广西建城工程咨询有限公司关于贵港市民族中学改扩建项目—综合教学楼、2#教学楼及校园配套设施工程护眼灯等灯具采购的公开招标公告,2026-07-24,广西壮族自治区,,采购/资审公告,贵港市公共资源交易平台,https://www.ggzy.gov.cn/information/deal/html/a/450000/0201/20260724/0045c519a315814f4db984813d20c264715b.html,校舍维修改造,校舍维修改造,校舍维修改造;后勤服务;工程配套,一贯制未分段,否,否
0050d6d05f8aefc3407986509e99b6bea3c9,江北中学物业服务采购2026(YBQ26C00029)公开招标公告,2026-07-24,重庆市,,采购/资审公告,重庆市公共资源交易服务平台,https://www.ggzy.gov.cn/information/deal/html/a/500000/0201/20260724/0050d6d05f8aefc3407986509e99b6bea3c9.html,后勤服务,其他,后勤服务,一贯制未分段,否,否
0013c2b6a351269d4a4da09edebec296dea6,张家口市第六中学2026年学校住校生管理服务项目公开招标公告,2026-07-24,河北省,,采购/资审公告,张家口公共资源交易综合信息平台,https://www.ggzy.gov.cn/information/deal/html/a/130000/0201/20260724/0013c2b6a351269d4a4da09edebec296dea6.html,后勤服务,其他,后勤服务,一贯制未分段,否,否
0022ec950a9838e049458bf076039a247869,中昱春阳项目管理（吉林）有限公司关于磐石市细林中学校操场改造项目的竞争性磋商公告,2026-07-24,吉林省,,采购/资审公告,吉林市公共资源交易网上招投标系统,https://www.ggzy.gov.cn/information/deal/html/a/220000/0201/20260724/0022ec950a9838e049458bf076039a247869.html,校舍维修改造,校舍维修改造,校舍维修改造,一贯制未分段,否,否
0061de3a8a8561074f8486d494ef90f9f30d,职业技术培训中心（职业中学）校园维修改造竞争性磋商公告,2026-07-24,陕西省,,采购/资审公告,全国公共资源交易平台（陕西省）,https://www.ggzy.gov.cn/information/deal/html/a/610000/0201/20260724/0061de3a8a8561074f8486d494ef90f9f30d.html,培训,培训,培训;校舍维修改造,一贯制未分段,是,否
0061cc1147a5511d417684e0401630cddcb0,绥德县教育和体育局完全中学教学楼设备采购项目（二次）采购公告,2026-07-24,陕西省,,采购/资审公告,全国公共资源交易平台（陕西省）,https://www.ggzy.gov.cn/information/deal/html/a/610000/0201/20260724/0061cc1147a5511d417684e0401630cddcb0.html,其他,其他,,教育局统筹,否,否
00415efca04f9a6443ebb68ad52184aacc6f,固始县高级中学第二中学2026-2027学年食堂承包经营服务项目-公开招标公告,2026-07-24,河南省,,采购/资审公告,,https://www.ggzy.gov.cn/information/deal/html/a/410000/0201/20260724/00415efca04f9a6443ebb68ad52184aacc6f.html,食堂设备,食堂设备,食堂设备,高中,否,否
0061a3fd49c5fe0c4c05882f6ecfd56564bf,西安市第七十五中学操场、消防、校舍维修等项目招标公告,2026-07-24,陕西省,,采购/资审公告,全国公共资源交易平台（陕西省·西安市）电子交易系统,https://www.ggzy.gov.cn/information/deal/html/a/610000/0201/20260724/0061a3fd49c5fe0c4c05882f6ecfd56564bf.html,校舍维修改造,校舍维修改造,校舍维修改造;校园安防,一贯制未分段,否,否
004131c3a09ea3f946948286dc145cb720aa,固始县高级中学第三中学2026-2027学年食堂承包经营服务项目-公开招标公告,2026-07-24,河南省,,采购/资审公告,,https://www.ggzy.gov.cn/information/deal/html/a/410000/0201/20260724/004131c3a09ea3f946948286dc145cb720aa.html,食堂设备,食堂设备,食堂设备,高中,否,否
0041131a24f280554a268d138bb6e4db62a3,固始县高级中学2026-2027学年食堂承包经营服务项目-公开招标公告,2026-07-24,河南省,,采购/资审公告,,https://www.ggzy.gov.cn/information/deal/html/a/410000/0201/20260724/0041131a24f280554a268d138bb6e4db62a3.html,食堂设备,食堂设备,食堂设备,高中,否,否
00332b42ab16087c49199aa40da96633fb24,温州市政务服务管理中心（温州市政府采购中心）关于温州市第十四高级中学集团（水心校区）物业管理服务的公开招标公告,2026-07-24,浙江省,,采购/资审公告,温州市公共资源交易网,https://www.ggzy.gov.cn/information/deal/html/a/330000/0201/20260724/00332b42ab16087c49199aa40da96633fb24.html,后勤服务,其他,后勤服务,高中,否,否
00411ddcfc7d6bd946b0971361d675574c20,武陟县第一中学提质改造宿舍楼项目竞争性谈判公告,2026-07-24,河南省,,采购/资审公告,,https://www.ggzy.gov.cn/information/deal/html/a/410000/0201/20260724/00411ddcfc7d6bd946b0971361d675574c20.html,校舍维修改造,校舍维修改造,校舍维修改造,一贯制未分段,否,否
00413cba7563fee44540904869cca5811476,光山县第九初级中学食堂食材采购配送项目招标公告,2026-07-24,河南省,,采购/资审公告,,https://www.ggzy.gov.cn/information/deal/html/a/410000/0201/20260724/00413cba7563fee44540904869cca5811476.html,食堂设备,食堂设备,食堂设备;后勤服务,初中,否,否
00330534f3688d8f4112af3aa54008484d65,新昌县晨升工程项目管理有限公司关于新昌中学食堂餐饮服务采购项目的公开招标公告,2026-07-24,浙江省,,采购/资审公告,绍兴市公共资源交易网,https://www.ggzy.gov.cn/information/deal/html/a/330000/0201/20260724/00330534f3688d8f4112af3aa54008484d65.html,食堂设备,食堂设备,食堂设备;后勤服务,一贯制未分段,否,否
0033a8dccb7996a540558f1925593f544130,衢州市公共资源交易江山市分中心关于浙江省江山中学物业管理服务采购项目（第二次）的公开招标公告,2026-07-24,浙江省,,采购/资审公告,衢州市公共资源交易网,https://www.ggzy.gov.cn/information/deal/html/a/330000/0201/20260724/0033a8dccb7996a540558f1925593f544130.html,后勤服务,其他,后勤服务,一贯制未分段,否,否
00330cb48198b4f948558d51841af7f3c0fb,台州明辰招标代理有限公司关于临海市灵江中学2026学年宿舍管理服务的公开招标公告,2026-07-24,浙江省,,采购/资审公告,台州市公共资源交易网,https://www.ggzy.gov.cn/information/deal/html/a/330000/0201/20260724/00330cb48198b4f948558d51841af7f3c0fb.html,后勤服务,其他,后勤服务,一贯制未分段,否,否
00339fa4d12153434f42acd564c49082186a,留印工程咨询（浙江）有限公司关于杭州学军中学海创园学校智慧校园项目的公开招标公告,2026-07-24,浙江省,,采购/资审公告,杭州市公共资源交易网,https://www.ggzy.gov.cn/information/deal/html/a/330000/0201/20260724/00339fa4d12153434f42acd564c49082186a.html,智慧校园,智慧校园,智慧校园;后勤服务,一贯制未分段,是,否
0033ac0f51a8c85e4d5ea7ec586da7754bec,宁波瑞林招标有限公司关于鄞州第二实验中学后勤管理服务项目的公开招标公告,2026-07-24,浙江省,,采购/资审公告,宁波市公共资源交易网,https://www.ggzy.gov.cn/information/deal/html/a/330000/0201/20260724/0033ac0f51a8c85e4d5ea7ec586da7754bec.html,后勤服务,其他,后勤服务,一贯制未分段,否,否
00418f5b1fd456e24b0bb631e39481786bd6,武陟县第一中学篮球场地新铺设硅PU地面项目竞争性谈判公告（不见面开标）,2026-07-24,河南省,,采购/资审公告,,https://www.ggzy.gov.cn/information/deal/html/a/410000/0201/20260724/00418f5b1fd456e24b0bb631e39481786bd6.html,工程配套,其他,工程配套,一贯制未分段,否,否
003325719045c93641cfa181b8cba79eb865,宇阳工程咨询（宁波）有限公司关于宁波市鄞州区中河街道宋诏桥初级中学食堂委托服务管理项目的公开招标公告,2026-07-24,浙江省,,采购/资审公告,宁波市公共资源交易网,https://www.ggzy.gov.cn/information/deal/html/a/330000/0201/20260724/003325719045c93641cfa181b8cba79eb865.html,食堂设备,食堂设备,食堂设备;后勤服务,初中,否,否
0036eb6e450be4d24782a3d5fd36ea5f6f52,横峰县第三中学空调采购项目,2026-07-24,江西省,,采购/资审公告,上饶市公共资源交易中心,https://www.ggzy.gov.cn/information/deal/html/a/360000/0201/20260724/0036eb6e450be4d24782a3d5fd36ea5f6f52.html,工程配套,其他,工程配套,一贯制未分段,否,否
0036cf9f9cab6e3b4abb81eb8797564dada3,2026-2027年度南昌市豫章中学（两校区）保安服务项目,2026-07-24,江西省,,采购/资审公告,南昌市公共资源交易中心,https://www.ggzy.gov.cn/information/deal/html/a/360000/0201/20260724/0036cf9f9cab6e3b4abb81eb8797564dada3.html,后勤服务,其他,后勤服务,一贯制未分段,否,否
0036c6216dad1d7646b3a3920d58600613a7,江西阳晨项目管理咨询有限公司关于江西省赣州市南康区第二中学校园监控及网络系统改造升级服务项目（项目编号：JXYC2026-NK-C001-1)的电子化竞争性磋商公告,2026-07-24,江西省,,采购/资审公告,赣州市公共资源交易中心,https://www.ggzy.gov.cn/information/deal/html/a/360000/0201/20260724/0036c6216dad1d7646b3a3920d58600613a7.html,校舍维修改造,校舍维修改造,校舍维修改造;校园安防;后勤服务,一贯制未分段,否,否
00369a70f78e365d48a7833eeb8d1720cb14,泰和县第四中学食堂改造项目竞争性谈判公告,2026-07-24,江西省,,采购/资审公告,吉安市公共资源交易中心,https://www.ggzy.gov.cn/information/deal/html/a/360000/0201/20260724/00369a70f78e365d48a7833eeb8d1720cb14.html,校舍维修改造,校舍维修改造,校舍维修改造;食堂设备,一贯制未分段,否,否
00367675b163047c4d8497457f03d954a207,中伟诚工程管理有限公司关于洪源中学提升改造项目（项目编号：ZWC-JDZ202621号）竞争性磋商采购公告,2026-07-24,江西省,,采购/资审公告,景德镇市公共资源交易中心,https://www.ggzy.gov.cn/information/deal/html/a/360000/0201/20260724/00367675b163047c4d8497457f03d954a207.html,校舍维修改造,校舍维修改造,校舍维修改造,一贯制未分段,否,否
003611e915e5e4464f57b356c55d68501316,吉安县官田中学2026年校园改造提升工程（第二次）,2026-07-24,江西省,,采购/资审公告,吉安市公共资源交易中心,https://www.ggzy.gov.cn/information/deal/html/a/360000/0201/20260724/003611e915e5e4464f57b356c55d68501316.html,校舍维修改造,校舍维修改造,校舍维修改造,一贯制未分段,否,否
00360ec1f6d5b7834f9e80f9cce2ce4905c5,江西诚信伟业招标咨询有限公司关于江西师范大学附属中学雏鹰坪北侧停车棚改造项目（项目编号：1493-266106252043第二次）竞争性磋商采购公告,2026-07-24,江西省,,采购/资审公告,江西省公共资源交易中心,https://www.ggzy.gov.cn/information/deal/html/a/360000/0201/20260724/00360ec1f6d5b7834f9e80f9cce2ce4905c5.html,校舍维修改造,校舍维修改造,校舍维修改造;后勤服务,一贯制未分段,否,否
003607e119dc566348bd8af68ff809f550f5,南昌县教体局向塘二中、东新中学等新改扩建学校空调采购项目,2026-07-24,江西省,,采购/资审公告,南昌市公共资源交易中心,https://www.ggzy.gov.cn/information/deal/html/a/360000/0201/20260724/003607e119dc566348bd8af68ff809f550f5.html,校舍维修改造,校舍维修改造,校舍维修改造;工程配套,教育局统筹,否,否
003605c19bc2ecc34c90bc87efc9f32ebf9b,江西省机电设备招标有限公司关于江西师范大学附属中学瑶湖学校2026年秋物业服务采购项目（项目编号：JXTC2026070267）电子化公开招标公告,2026-07-24,江西省,,采购/资审公告,南昌市公共资源交易中心,https://www.ggzy.gov.cn/information/deal/html/a/360000/0201/20260724/003605c19bc2ecc34c90bc87efc9f32ebf9b.html,后勤服务,其他,后勤服务,一贯制未分段,否,否
0031fa5caa2c3a2e4f6193926e645893af03,上海市历城中学教学办公及专用教室设备的公开招标公告,2026-07-24,上海市,,采购/资审公告,上海政府采购网,https://www.ggzy.gov.cn/information/deal/html/a/310000/0201/20260724/0031fa5caa2c3a2e4f6193926e645893af03.html,实验室设备,实验室设备,实验室设备,一贯制未分段,否,否
0021ea7106695bfa4b088aceb56315c57852,沈阳二中浑南高级中学基础教学设备项目（第二次）招标公告,2026-07-24,辽宁省,,采购/资审公告,辽宁政府采购网,https://www.ggzy.gov.cn/information/deal/html/a/210000/0201/20260724/0021ea7106695bfa4b088aceb56315c57852.html,教学仪器,教学仪器,教学仪器,高中,否,否
00215798c02aa87b42dc819eecd46aea1161,辽中县四方台初级中学食堂购买本校师生餐饮委托服务项目招标公告,2026-07-24,辽宁省,,采购/资审公告,辽宁政府采购网,https://www.ggzy.gov.cn/information/deal/html/a/210000/0201/20260724/00215798c02aa87b42dc819eecd46aea1161.html,食堂设备,食堂设备,食堂设备;后勤服务,初中,否,否
00210f45a97b0e534748bffed86b8b4f8e80,北票市第七中学活动场地工程竞争性磋商公告,2026-07-24,辽宁省,,采购/资审公告,辽宁政府采购网,https://www.ggzy.gov.cn/information/deal/html/a/210000/0201/20260724/00210f45a97b0e534748bffed86b8b4f8e80.html,其他,其他,,一贯制未分段,否,否
00369b333d63e4c14116af00c763a8ff3874,吉安县第三中学空调采购项目（二次）,2026-07-24,江西省,,采购/资审公告,吉安市公共资源交易中心,https://www.ggzy.gov.cn/information/deal/html/a/360000/0201/20260724/00369b333d63e4c14116af00c763a8ff3874.html,工程配套,其他,工程配套,一贯制未分段,否,否
0031ea074f25b7d5496487019c579f3cf56b,上海市松江区泗泾实验学校标准化食堂建设项目的竞争性磋商公告,2026-07-26,上海市,,采购/资审公告,上海政府采购网,https://www.ggzy.gov.cn/information/deal/html/a/310000/0201/20260726/0031ea074f25b7d5496487019c579f3cf56b.html,食堂设备,食堂设备,食堂设备,一贯制未分段,否,否
004402a5507c54b444f184b3d4ff4c15e980,深圳市坪山区树人实验学校物业服务项目（A）招标公告,2026-07-25,广东省,,采购/资审公告,,https://www.ggzy.gov.cn/information/deal/html/a/440000/0201/20260725/004402a5507c54b444f184b3d4ff4c15e980.html,后勤服务,其他,后勤服务,一贯制未分段,否,否
0013696a0e8c73634379b250432147779d86,廊坊经济技术开发区第二实验学校大数据精准教学系统采购项目公开招标交易公告,2026-07-24,河北省,,采购/资审公告,廊坊市公共资源交易中心,https://www.ggzy.gov.cn/information/deal/html/a/130000/0201/20260724/0013696a0e8c73634379b250432147779d86.html,教学软件,教学软件,教学软件,一贯制未分段,是,否
00134e9bf65be5a849098c1c956d618c08e1,廊坊经济技术开发区第二实验学校AI听说课堂采购项目公开招标交易公告,2026-07-24,河北省,,采购/资审公告,廊坊市公共资源交易中心,https://www.ggzy.gov.cn/information/deal/html/a/130000/0201/20260724/00134e9bf65be5a849098c1c956d618c08e1.html,人工智能,人工智能,人工智能,一贯制未分段,是,否
00445e9b16106a6742d1af1d8602ace2fea9,深圳市罗湖区仙湖实验学校2026-2027年后勤管理服务项目（A）招标公告,2026-07-24,广东省,,采购/资审公告,,https://www.ggzy.gov.cn/information/deal/html/a/440000/0201/20260724/00445e9b16106a6742d1af1d8602ace2fea9.html,后勤服务,其他,后勤服务,一贯制未分段,否,否
0043b2c621c50ec141498b22227613fe0ab7,蒸湘区成章实验学校食堂食材配送服务政府采购项目公开招标公告,2026-07-24,湖南省,,采购/资审公告,,https://www.ggzy.gov.cn/information/deal/html/a/430000/0201/20260724/0043b2c621c50ec141498b22227613fe0ab7.html,食堂设备,食堂设备,食堂设备;后勤服务,一贯制未分段,否,否
0032f55920c1b35d4bfa802e9f775ca6724a,盐城市亭湖区青墩实验学校物业服务项目采购公告,2026-07-24,江苏省,,采购/资审公告,,https://www.ggzy.gov.cn/information/deal/html/a/320000/0201/20260724/0032f55920c1b35d4bfa802e9f775ca6724a.html,后勤服务,其他,后勤服务,一贯制未分段,否,否
0034317bbea88b294bb6ac12f29861574b6c,怀远榴城实验学校报告厅、档案室货物采购项目一包(二次)竞争性谈判公告,2026-07-24,安徽省,,采购/资审公告,蚌埠市公共资源交易平台电子交易系统,https://www.ggzy.gov.cn/information/deal/html/a/340000/0201/20260724/0034317bbea88b294bb6ac12f29861574b6c.html,后勤服务,其他,后勤服务,一贯制未分段,否,否
0035054f4992244c4482827667e545f10f74,安溪县参内中心学校设备设施采购项目(用于安溪县城东第三实验学校(暂名))竞争性磋商公告,2026-07-24,福建省,,采购/资审公告,泉州市公共资源交易中心,https://www.ggzy.gov.cn/information/deal/html/a/350000/0201/20260724/0035054f4992244c4482827667e545f10f74.html,其他,其他,,一贯制未分段,否,否
0032245af971dbd44777be732d28217cf096,盐城市解放路实验学校物业服务项目采购公告,2026-07-24,江苏省,,采购/资审公告,,https://www.ggzy.gov.cn/information/deal/html/a/320000/0201/20260724/0032245af971dbd44777be732d28217cf096.html,后勤服务,其他,后勤服务,一贯制未分段,否,否
0034c64a8426ffec443a8c94819f3631516e,2026年当涂实验学校釜山路学校运动场塑胶采购与安装项目招标公告,2026-07-24,安徽省,,采购/资审公告,马鞍山市公共资源交易平台电子交易系统,https://www.ggzy.gov.cn/information/deal/html/a/340000/0201/20260724/0034c64a8426ffec443a8c94819f3631516e.html,校舍维修改造,校舍维修改造,校舍维修改造,一贯制未分段,否,否
0011b6bea150cd5b466db1c0b1c9f45a68a8,专用设备购置类项目-北京第五实验学校教育教学设备购置公开招标公告,2026-07-24,北京,,采购/资审公告,北京市政府采购网,https://www.ggzy.gov.cn/information/deal/html/a/110000/0201/20260724/0011b6bea150cd5b466db1c0b1c9f45a68a8.html,教学仪器,教学仪器,教学仪器,一贯制未分段,否,否
003351bdac3225a64c93a4cd745d280a4e34,嘉兴经投工程咨询服务有限公司关于嘉兴市马家浜实验学校智慧校园集成采购项目的公开招标公告,2026-07-24,浙江省,,采购/资审公告,嘉兴市公共资源交易网,https://www.ggzy.gov.cn/information/deal/html/a/330000/0201/20260724/003351bdac3225a64c93a4cd745d280a4e34.html,智慧校园,智慧校园,智慧校园;后勤服务,一贯制未分段,是,否
00364b5d0721ef6c4548bd444da52d6000ca,乐平市实验学校教室升级改造设备采购项目(第二次),2026-07-24,江西省,,采购/资审公告,景德镇市公共资源交易中心,https://www.ggzy.gov.cn/information/deal/html/a/360000/0201/20260724/00364b5d0721ef6c4548bd444da52d6000ca.html,校舍维修改造,校舍维修改造,校舍维修改造,一贯制未分段,否,否
0021d935e21c75414df1b0d5810e4f240ed8,沈阳市沈水实验学校采购师生餐饮服务招标公告,2026-07-24,辽宁省,,采购/资审公告,辽宁政府采购网,https://www.ggzy.gov.cn/information/deal/html/a/210000/0201/20260724/0021d935e21c75414df1b0d5810e4f240ed8.html,后勤服务,其他,后勤服务,一贯制未分段,否,否
00211efc386a01d64df9ab228769eb6b0028,鞍山腾鳌经济开发区实验学校维修改造项目竞争性磋商公告,2026-07-24,辽宁省,,采购/资审公告,辽宁政府采购网,https://www.ggzy.gov.cn/information/deal/html/a/210000/0201/20260724/00211efc386a01d64df9ab228769eb6b0028.html,校舍维修改造,校舍维修改造,校舍维修改造,一贯制未分段,否,否
00515d4e4a7296a948d384b9827b505d7636,攀枝花市花城外国语学校学生宿舍及教师公寓太阳能空气能热水系统采购及防水工程竞争性谈判公告,2026-07-24,四川省,,采购/资审公告,,https://www.ggzy.gov.cn/information/deal/html/a/510000/0201/20260724/00515d4e4a7296a948d384b9827b505d7636.html,工程配套,其他,工程配套,一贯制未分段,否,否
00624947f1f85b4f4b939a3bbcf74cdeb16a,永昌县教育局永昌县2026年度校园餐大宗食材供应商框架协议采购项目（第三包）第二次征集公告,2026-07-24,甘肃省,,采购/资审公告,金昌市公共资源交易平台,https://www.ggzy.gov.cn/information/deal/html/a/620000/0201/20260724/00624947f1f85b4f4b939a3bbcf74cdeb16a.html,后勤服务,其他,后勤服务,教育局统筹,否,否
0043cd6dd7f4f0c24b7f90dbcd548b69024a,长沙市芙蓉区教育局2026年新校新园及特殊教育信息设备采购招标公告,2026-07-24,湖南省,,采购/资审公告,,https://www.ggzy.gov.cn/information/deal/html/a/430000/0201/20260724/0043cd6dd7f4f0c24b7f90dbcd548b69024a.html,其他,其他,,教育局统筹,否,否
001588f4785fa40e4b44845ae5a15bcab992,巴林左旗教育局巴林左旗教育系统学校食堂大宗食材集中采购项目招标公告,2026-07-24,内蒙古自治区,,采购/资审公告,,https://www.ggzy.gov.cn/information/deal/html/a/150000/0201/20260724/001588f4785fa40e4b44845ae5a15bcab992.html,食堂设备,食堂设备,食堂设备;后勤服务,教育局统筹,否,否
0054524cddecb2bb41929e1849f763811db1,琼结县教育局2026年学生装备采购项目采购公告,2026-07-24,西藏自治区,,采购/资审公告,,https://www.ggzy.gov.cn/information/deal/html/a/540000/0201/20260724/0054524cddecb2bb41929e1849f763811db1.html,其他,其他,,教育局统筹,否,否
00513dcb08586bf1491f8088d32a213eeb51,成都市双流区教育局2026年双流区智慧教育云平台运维服务项目竞争性磋商公告,2026-07-24,四川省,,采购/资审公告,,https://www.ggzy.gov.cn/information/deal/html/a/510000/0201/20260724/00513dcb08586bf1491f8088d32a213eeb51.html,智慧校园,智慧校园,智慧校园,教育局统筹,是,否
0064a6e05704a13d46d39facb6f698b82ed3,同心县教育局2026-2027学年营养改善计划原辅食材采购项目（大米、鸡蛋）项目招标公告,2026-07-24,宁夏回族自治区,,采购/资审公告,宁夏公共资源交易服务平台,https://www.ggzy.gov.cn/information/deal/html/a/640000/0201/20260724/0064a6e05704a13d46d39facb6f698b82ed3.html,后勤服务,其他,后勤服务,教育局统筹,否,否
0051cb96cbf262774988a7d7713f31437950,茂县教育局2026年茂县教师及青少年交往交流交融研学活动服务采购项目竞争性磋商公告,2026-07-24,四川省,,采购/资审公告,,https://www.ggzy.gov.cn/information/deal/html/a/510000/0201/20260724/0051cb96cbf262774988a7d7713f31437950.html,其他,其他,,教育局统筹,否,否
00221008ceee027e44d3addb9a11051327c7,吉林省鸿泰合项目管理有限公司关于梨树县教育局学前室外娱乐设备的公开招标公告,2026-07-24,吉林省,,采购/资审公告,四平市政务服务中心(新),https://www.ggzy.gov.cn/information/deal/html/a/220000/0201/20260724/00221008ceee027e44d3addb9a11051327c7.html,其他,其他,,教育局统筹,否,否
006408a5210d77ec4b26a424d5061f6a8051,同心县教育局2026-2027学年营养改善计划原辅食材（牛肉）四至六标段项目招标公告,2026-07-24,宁夏回族自治区,,采购/资审公告,宁夏公共资源交易服务平台,https://www.ggzy.gov.cn/information/deal/html/a/640000/0201/20260724/006408a5210d77ec4b26a424d5061f6a8051.html,后勤服务,其他,后勤服务,教育局统筹,否,否
00647e429d2ee2ac435697f99478f8470640,同心县教育局2026-2027学年营养改善计划原辅食材（牛肉）一至三标段项目招标公告,2026-07-24,宁夏回族自治区,,采购/资审公告,宁夏公共资源交易服务平台,https://www.ggzy.gov.cn/information/deal/html/a/640000/0201/20260724/00647e429d2ee2ac435697f99478f8470640.html,后勤服务,其他,后勤服务,教育局统筹,否,否
0064478df35d0d7e49ee913b0f7fe515c030,同心县教育局2026-2027学年农村义务教育学生营养改善计划原辅食材鸡蛋采购项目一至四标段项目招标公告,2026-07-24,宁夏回族自治区,,采购/资审公告,宁夏公共资源交易服务平台,https://www.ggzy.gov.cn/information/deal/html/a/640000/0201/20260724/0064478df35d0d7e49ee913b0f7fe515c030.html,后勤服务,其他,后勤服务,教育局统筹,否,否
0032ea29ec1f4a7e46858514683b9009e68f,苏州工业园区教育局关于斜塘学校改建修缮项目厨房设备采购项目采购公告,2026-07-24,江苏省,,采购/资审公告,,https://www.ggzy.gov.cn/information/deal/html/a/320000/0201/20260724/0032ea29ec1f4a7e46858514683b9009e68f.html,校舍维修改造,校舍维修改造,校舍维修改造;食堂设备,教育局统筹,否,否
0064f4a5e1b59c4f464da29f407377f1fc31,同心县教育局2026-2027学年营养改善计划原辅食材采购项目（蔬菜、调味品）（五至六标段）项目招标公告,2026-07-24,宁夏回族自治区,,采购/资审公告,宁夏公共资源交易服务平台,https://www.ggzy.gov.cn/information/deal/html/a/640000/0201/20260724/0064f4a5e1b59c4f464da29f407377f1fc31.html,后勤服务,其他,后勤服务,教育局统筹,否,否
00643de6bf9b36e2484b93942cbffdf2991e,同心县教育局2026-2027学年营养改善计划原辅食材采购项目（蔬菜、调味品）（一至四标段）项目招标公告,2026-07-24,宁夏回族自治区,,采购/资审公告,宁夏公共资源交易服务平台,https://www.ggzy.gov.cn/information/deal/html/a/640000/0201/20260724/00643de6bf9b36e2484b93942cbffdf2991e.html,后勤服务,其他,后勤服务,教育局统筹,否,否
00158e70f17c77594dbfa7d4aeef79262fc7,呼和浩特市教育局2026年呼和浩特市幼儿足球嘉年华低年龄段校园足球比赛呼包鄂乌青少年校园足球冬令营集训选拔赛及市长杯校园足球联赛市四区赛事服务竞争性磋商公告,2026-07-24,内蒙古自治区,,采购/资审公告,,https://www.ggzy.gov.cn/information/deal/html/a/150000/0201/20260724/00158e70f17c77594dbfa7d4aeef79262fc7.html,其他,其他,,教育局统筹,否,否
00424b7eb1382ced4d9ea76dd8ab95039e9d,黄梅县教育局2026年学校食堂米面油集采集配项目公开招标公告,2026-07-24,湖北省,,采购/资审公告,湖北省政府采购网,https://www.ggzy.gov.cn/information/deal/html/a/420000/0201/20260724/00424b7eb1382ced4d9ea76dd8ab95039e9d.html,食堂设备,食堂设备,食堂设备,教育局统筹,否,否
003356a718d7716c4c78a6218aca845b64d9,温州历程招标有限公司关于温州市洞头区教育局洞头区北岙学前教育（托育）建设工程厨房设备采购的公开招标公告,2026-07-24,浙江省,,采购/资审公告,温州市公共资源交易网,https://www.ggzy.gov.cn/information/deal/html/a/330000/0201/20260724/003356a718d7716c4c78a6218aca845b64d9.html,食堂设备,食堂设备,食堂设备,教育局统筹,否,否
0021f8fd6edd151040008a04c1a0003022c1,喀左县教育局营养改善计划大宗食材（大米、小麦粉、大豆油）采购项目招标公告,2026-07-24,辽宁省,,采购/资审公告,辽宁政府采购网,https://www.ggzy.gov.cn/information/deal/html/a/210000/0201/20260724/0021f8fd6edd151040008a04c1a0003022c1.html,后勤服务,其他,后勤服务,教育局统筹,否,否
003682b32515cace40ecb80f5e22d19c3ff9,南昌县教体局莲塘一中县一幼等校厨具采购项目,2026-07-25,江西省,,采购/资审公告,南昌市公共资源交易中心,https://www.ggzy.gov.cn/information/deal/html/a/360000/0201/20260725/003682b32515cace40ecb80f5e22d19c3ff9.html,其他,其他,,教育局统筹,否,否
0064f02876c9dc21483ca46b5972427bd7d3,贺兰县2026年义务教育薄弱环节改善与能力提升、改善普通高中办学条件设备采购项目（一至四标段）（二标段）(二次）项目招标公告,2026-07-24,宁夏回族自治区,,采购/资审公告,宁夏公共资源交易服务平台,https://www.ggzy.gov.cn/information/deal/html/a/640000/0201/20260724/0064f02876c9dc21483ca46b5972427bd7d3.html,其他,其他,,高中,否,否
00355b7397e232064a20bd53c12c506c56cb,2026年义务教育薄弱环节改善与能力提升信息化设备采购竞争性磋商公告,2026-07-24,福建省,,采购/资审公告,南平市招标投标服务中心,https://www.ggzy.gov.cn/information/deal/html/a/350000/0201/20260724/00355b7397e232064a20bd53c12c506c56cb.html,信息化,信息化,信息化,一贯制未分段,是,否
00623667601dc9d04f6590144ec01328d30d,崇信县2026-2027学年度农村义务教育学生营养改善计划大宗食材采购项目（二次）招标公告,2026-07-24,甘肃省,,采购/资审公告,平凉市公共资源交易平台,https://www.ggzy.gov.cn/information/deal/html/a/620000/0201/20260724/00623667601dc9d04f6590144ec01328d30d.html,后勤服务,其他,后勤服务,一贯制未分段,否,否
002287d25bf2fd444d62a6f0ce25bd08b501,吉林前信工程咨询有限公司关于2026年义务教育学校校舍安全保障项目的竞争性磋商公告,2026-07-24,吉林省,,采购/资审公告,松原市公共资源交易中心,https://www.ggzy.gov.cn/information/deal/html/a/220000/0201/20260724/002287d25bf2fd444d62a6f0ce25bd08b501.html,校舍维修改造,校舍维修改造,校舍维修改造;后勤服务,一贯制未分段,否,否
0015e6cfc765b09d42f9a65cd6495d2996db,内蒙古自治区教育厅2026年秋季免费教科书项目（义务教育阶段）招标公告,2026-07-24,内蒙古自治区,,采购/资审公告,,https://www.ggzy.gov.cn/information/deal/html/a/150000/0201/20260724/0015e6cfc765b09d42f9a65cd6495d2996db.html,其他,其他,,一贯制未分段,否,否
0033dbad911b07c5480ea19081e528e85030,嘉兴市公共资源交易中心关于2026学年嘉兴经济技术开发区义务教育配套空白作业本采购项目的公开招标公告,2026-07-24,浙江省,,采购/资审公告,嘉兴市公共资源交易网,https://www.ggzy.gov.cn/information/deal/html/a/330000/0201/20260724/0033dbad911b07c5480ea19081e528e85030.html,其他,其他,,一贯制未分段,否,否
0036d2783f736cb54c6891c3722671d16931,鄱阳县农村义务教育学生营养改善计划配送项目,2026-07-24,江西省,,采购/资审公告,上饶市公共资源交易中心,https://www.ggzy.gov.cn/information/deal/html/a/360000/0201/20260724/0036d2783f736cb54c6891c3722671d16931.html,后勤服务,其他,后勤服务,一贯制未分段,否,否
0037fc253bf40e8b43afa61b5556ce4685ae,高新区实验小学配套路网提升改造工程成交公告,2026-07-25,山东省,,中标公告,,https://www.ggzy.gov.cn/information/deal/html/a/370000/0202/20260725/0037fc253bf40e8b43afa61b5556ce4685ae.html,校舍维修改造,校舍维修改造,校舍维修改造,小学,否,否
00135401a3b08726484882f579f338694c4c,Z1307222601132301张北县北辰路实验小学2026年农村义务教育校舍安全保障维修改造工程结果公告,2026-07-24,河北省,,中标公告,张家口公共资源交易综合信息平台,https://www.ggzy.gov.cn/information/deal/html/a/130000/0202/20260724/00135401a3b08726484882f579f338694c4c.html,校舍维修改造,校舍维修改造,校舍维修改造,小学,否,否
0044f499aba213bd439eab389dfbef43ee1b,深圳市布心小学2026-2027年食堂人工服务项目中标（成交）结果公告,2026-07-24,广东省,,中标公告,,https://www.ggzy.gov.cn/information/deal/html/a/440000/0202/20260724/0044f499aba213bd439eab389dfbef43ee1b.html,食堂设备,食堂设备,食堂设备,小学,否,否
00455857f46e28504ff483790d629b990627,广西盾邦工程项目管理有限公司东兰县武篆镇中心小学塑胶跑道及硅PU篮球场工程成交结果公告,2026-07-24,广西壮族自治区,,中标公告,河池市公共资源交易中心,https://www.ggzy.gov.cn/information/deal/html/a/450000/0202/20260724/00455857f46e28504ff483790d629b990627.html,校舍维修改造,校舍维修改造,校舍维修改造;工程配套,小学,否,否
0041a28ca4c3418242f8924c27db28415e66,郑州航空港经济综合实验区郑港办事处慈航路小学改扩建地块垃圾清运项目-中标公告,2026-07-24,河南省,,中标公告,郑州航空港经济综合实验区（郑州新郑综合保税区）公共资源交易中心,https://www.ggzy.gov.cn/information/deal/html/a/410000/0202/20260724/0041a28ca4c3418242f8924c27db28415e66.html,校舍维修改造,校舍维修改造,校舍维修改造,小学,否,否
004137604bd9c0ce4c7b8eff4792fdd8da6b,郑州航空港经济综合实验区银河办事处滨河西路小学扩建地块建筑垃圾清运服务项目-成交公告,2026-07-24,河南省,,中标公告,郑州航空港经济综合实验区（郑州新郑综合保税区）公共资源交易中心,https://www.ggzy.gov.cn/information/deal/html/a/410000/0202/20260724/004137604bd9c0ce4c7b8eff4792fdd8da6b.html,校舍维修改造,校舍维修改造,校舍维修改造,小学,否,否
0045060a899315d04b7baaa85cdd761f7121,广西盾邦工程项目管理有限公司关于东兰县武篆镇中心小学塑胶跑道及硅PU篮球场工程成交公告,2026-07-24,广西壮族自治区,,中标公告,广西壮族自治区公共资源电子交易系统,https://www.ggzy.gov.cn/information/deal/html/a/450000/0202/20260724/0045060a899315d04b7baaa85cdd761f7121.html,校舍维修改造,校舍维修改造,校舍维修改造;工程配套,小学,否,否
004515614f109df847cc91704c9aad01ffbb,广西建荣工程项目管理有限公司关于河池市金城江区2022年教育攻坚项目--金城江区第十五小学教育信息化设备采购工程 (HCZB2026-G1-003-GXJR) 中标结果公告,2026-07-24,广西壮族自治区,,中标公告,河池市公共资源交易中心,https://www.ggzy.gov.cn/information/deal/html/a/450000/0202/20260724/004515614f109df847cc91704c9aad01ffbb.html,信息化,信息化,信息化,小学,是,是
0045cd0c7b53b382405db68da514b547f2ab,河池市金城江区2022年教育攻坚项目--金城江区第十四小学教育信息化设备采购工程(KWMD2G2026017)  中标结果公告,2026-07-24,广西壮族自治区,,中标公告,河池市公共资源交易中心,https://www.ggzy.gov.cn/information/deal/html/a/450000/0202/20260724/0045cd0c7b53b382405db68da514b547f2ab.html,信息化,信息化,信息化,小学,是,是
0044f22174b191624ca6943a6d9a1657dc1b,深圳市布心小学2026-2027学年后勤管理服务项目中标（成交）结果公告,2026-07-24,广东省,,中标公告,,https://www.ggzy.gov.cn/information/deal/html/a/440000/0202/20260724/0044f22174b191624ca6943a6d9a1657dc1b.html,后勤服务,其他,后勤服务,小学,否,否
00136d63ac0ada2346ea9c57a496b1a4641e,南宫市保安小学运动场项目中标公告,2026-07-24,河北省,,中标公告,邢台市公共资源交易中心,https://www.ggzy.gov.cn/information/deal/html/a/130000/0202/20260724/00136d63ac0ada2346ea9c57a496b1a4641e.html,校舍维修改造,校舍维修改造,校舍维修改造;后勤服务,小学,否,否
0065eb82b015fa3e4795bf7ba8864eb8fc7e,霍城县2026年中小学校（园）大宗食材采购项目（服务）中标(成交)结果公告,2026-07-24,新疆维吾尔自治区,,中标公告,新疆维吾尔自治区公共资源交易平台,https://www.ggzy.gov.cn/information/deal/html/a/650000/0202/20260724/0065eb82b015fa3e4795bf7ba8864eb8fc7e.html,后勤服务,其他,后勤服务,教育局统筹,否,否
00524f1abe2485744793ba37b77096a6ebec,威宁自治县么站镇汤朗小学教学楼、学生食堂及学生宿舍维修改造项目中标（成交）结果公告,2026-07-24,贵州省,,中标公告,毕节市公共资源交易中心,https://www.ggzy.gov.cn/information/deal/html/a/520000/0202/20260724/00524f1abe2485744793ba37b77096a6ebec.html,校舍维修改造,校舍维修改造,校舍维修改造;食堂设备,小学,否,否
0035a1c9d83513f245679882a3e375292d7d,南平市延平区实验小学多功能录播室设施设备采购结果公告（采购包1）,2026-07-24,福建省,,中标公告,南平市招标投标服务中心,https://www.ggzy.gov.cn/information/deal/html/a/350000/0202/20260724/0035a1c9d83513f245679882a3e375292d7d.html,信息化设备,信息化设备,信息化设备,小学,是,是
00353c07fc781a354b0a88d68ff07e6e2deb,福建漳州蓝田经济开发区第二实验小学梯形教室改造结果公告（采购包1）,2026-07-24,福建省,,中标公告,漳州市公共资源交易中心,https://www.ggzy.gov.cn/information/deal/html/a/350000/0202/20260724/00353c07fc781a354b0a88d68ff07e6e2deb.html,校舍维修改造,校舍维修改造,校舍维修改造,小学,否,否
00323ac07d193dc34322a39b5d7f935f3f6c,盐城市亭湖区便仓小学2026-2027年度物业服务项目中标公告采购包1,2026-07-24,江苏省,,中标公告,,https://www.ggzy.gov.cn/information/deal/html/a/320000/0202/20260724/00323ac07d193dc34322a39b5d7f935f3f6c.html,后勤服务,其他,后勤服务,小学,否,否
00440f120cfd5cb84b499493a9d32b61e56e,东莞市南城阳光第五小学2026-2027学年学生午餐配餐服务项目结果公告,2026-07-24,广东省,,中标公告,,https://www.ggzy.gov.cn/information/deal/html/a/440000/0202/20260724/00440f120cfd5cb84b499493a9d32b61e56e.html,其他,其他,,小学,否,否
0014d7236ed1f60c4bde897c7f48b05c3b12,平定县实验小学校主教学楼外墙改造楼顶防漏等维修工程、综合楼教室地面墙面维护及尚德楼防漏等维修工程结果公告,2026-07-24,山西省,,中标公告,,https://www.ggzy.gov.cn/information/deal/html/a/140000/0202/20260724/0014d7236ed1f60c4bde897c7f48b05c3b12.html,校舍维修改造,校舍维修改造,校舍维修改造,小学,否,否
0052fc6823c77a9146e9a44b8374bbd84d19,威宁自治县么站镇抱都小学教学楼、学生食堂及学生宿舍维修改造项目中标（成交）结果公告,2026-07-24,贵州省,,中标公告,毕节市公共资源交易中心,https://www.ggzy.gov.cn/information/deal/html/a/520000/0202/20260724/0052fc6823c77a9146e9a44b8374bbd84d19.html,校舍维修改造,校舍维修改造,校舍维修改造;食堂设备,小学,否,否
0051f984089fec814fbfaef29991e2fda52d,成都市凤凰小学校2026年凤凰小学综合排危改造项目中标（成交）结果公告,2026-07-24,四川省,,中标公告,,https://www.ggzy.gov.cn/information/deal/html/a/510000/0202/20260724/0051f984089fec814fbfaef29991e2fda52d.html,校舍维修改造,校舍维修改造,校舍维修改造,小学,否,否
00513575bb7e3ee34ab3a5339f89be3281dc,巴中市中坝小学2026年学生午休课桌椅采购项目中标（成交）结果公告,2026-07-24,四川省,,中标公告,,https://www.ggzy.gov.cn/information/deal/html/a/510000/0202/20260724/00513575bb7e3ee34ab3a5339f89be3281dc.html,课桌椅,课桌椅,课桌椅,小学,否,否
0051275a8d38ff4c4712b54207ab5346d3c2,高县蕉村镇中心小学校运动场安全隐患整治及电力扩容改造项目中标（成交）结果公告,2026-07-24,四川省,,中标公告,,https://www.ggzy.gov.cn/information/deal/html/a/510000/0202/20260724/0051275a8d38ff4c4712b54207ab5346d3c2.html,校舍维修改造,校舍维修改造,校舍维修改造,小学,否,否
0015809ce95480254cd2a13fdc22d163040a,乌审旗沙尔利格小学暖气管道电力改造(二次)中标（成交）结果公告,2026-07-24,内蒙古自治区,,中标公告,,https://www.ggzy.gov.cn/information/deal/html/a/150000/0202/20260724/0015809ce95480254cd2a13fdc22d163040a.html,校舍维修改造,校舍维修改造,校舍维修改造,小学,否,否
00513cb5e6eb82b04a48bde956c016e528a7,成都市郫都区郫筒二小书院街小学监控设施采购项目中标（成交）结果公告,2026-07-24,四川省,,中标公告,,https://www.ggzy.gov.cn/information/deal/html/a/510000/0202/20260724/00513cb5e6eb82b04a48bde956c016e528a7.html,校园安防,校园安防,校园安防,小学,否,否
00343b08e4cb840f45ee840330935b5de477,2026年安徽师范大学附属小学教室设备采购项目一包中标结果公告,2026-07-24,安徽省,,中标公告,芜湖市公共资源交易平台电子交易系统,https://www.ggzy.gov.cn/information/deal/html/a/340000/0202/20260724/00343b08e4cb840f45ee840330935b5de477.html,其他,其他,,小学,否,否
00115f4bfcaf34474ff4a82c796a1cbe7ed0,北京翠微小学密云分校食堂提升炊事机械设备更新补充项目中标公告,2026-07-24,北京,,中标公告,北京市政府采购网,https://www.ggzy.gov.cn/information/deal/html/a/110000/0202/20260724/00115f4bfcaf34474ff4a82c796a1cbe7ed0.html,食堂设备,食堂设备,食堂设备,小学,否,否
00154d9244ea63724d418a3555ef849495e2,固阳县教育局固阳县文化路小学塑胶操场维修改造项目中标（成交）结果公告,2026-07-24,内蒙古自治区,,中标公告,,https://www.ggzy.gov.cn/information/deal/html/a/150000/0202/20260724/00154d9244ea63724d418a3555ef849495e2.html,校舍维修改造,校舍维修改造,校舍维修改造,教育局统筹,否,否
00348c01f6288b7a4c308db5e8b7d82a8577,2026年安徽师范大学附属小学教室设备采购项目二包中标结果公告,2026-07-24,安徽省,,中标公告,芜湖市公共资源交易平台电子交易系统,https://www.ggzy.gov.cn/information/deal/html/a/340000/0202/20260724/00348c01f6288b7a4c308db5e8b7d82a8577.html,其他,其他,,小学,否,否
00513fe0935269b94747a5ea9e3042e18f7c,高县沙河实验小学校空调线路安装及电力扩容项目中标（成交）结果公告,2026-07-24,四川省,,中标公告,,https://www.ggzy.gov.cn/information/deal/html/a/510000/0202/20260724/00513fe0935269b94747a5ea9e3042e18f7c.html,工程配套,其他,工程配套,小学,否,否
006539d9afcf58ff4f0c9523c08380ecd665,乌鲁木齐市第一百二十六小学运动场维修改造项目中标(成交)结果公告,2026-07-24,新疆维吾尔自治区,,中标公告,新疆维吾尔自治区公共资源交易平台,https://www.ggzy.gov.cn/information/deal/html/a/650000/0202/20260724/006539d9afcf58ff4f0c9523c08380ecd665.html,校舍维修改造,校舍维修改造,校舍维修改造,小学,否,否
00129d82eaf802e2461bae2148461ad2b681,天津市河北区昆纬路第一小学 天津市河北区昆纬路第一小学保安服务项目 (项目编号:TJHB-2026-D-0022)中标公告,2026-07-24,天津市,,中标公告,天津市公共资源交易平台交易系统,https://www.ggzy.gov.cn/information/deal/html/a/120000/0202/20260724/00129d82eaf802e2461bae2148461ad2b681.html,后勤服务,其他,后勤服务,小学,否,否
004266ac8a7c377c43f292ac090b3aa3c7b0,武汉市江汉区教育局基建维修仪器设备管理站江汉区中小学课桌椅、实验室仪器设备利旧搬迁服务项目结果公告,2026-07-24,湖北省,,中标公告,湖北省政府采购网,https://www.ggzy.gov.cn/information/deal/html/a/420000/0202/20260724/004266ac8a7c377c43f292ac090b3aa3c7b0.html,校舍维修改造,校舍维修改造,校舍维修改造;实验室设备;教学仪器;课桌椅,教育局统筹,否,否
00650f21ecd95e4e4f51a2d0e26988c86424,库车市齐满镇中心小学校园食堂餐饮服务外包项目中标(成交)结果公告,2026-07-24,新疆维吾尔自治区,,中标公告,新疆维吾尔自治区公共资源交易平台,https://www.ggzy.gov.cn/information/deal/html/a/650000/0202/20260724/00650f21ecd95e4e4f51a2d0e26988c86424.html,食堂设备,食堂设备,食堂设备;后勤服务,小学,否,否
0015b9bace13706d4ae8bda9f6065a9e25c8,阿拉善高新技术产业开发区（乌斯太镇）社会事务办公室阿拉善高新技术产业开发区（乌斯太镇）第二小学屋顶瓦片更换项目中标（成交）结果公告,2026-07-24,内蒙古自治区,,中标公告,,https://www.ggzy.gov.cn/information/deal/html/a/150000/0202/20260724/0015b9bace13706d4ae8bda9f6065a9e25c8.html,其他,其他,,小学,否,否
00646c2c1f35455c440986b8f267cb3a13cd,大武口区教学研究室石嘴山市大武口区2026年国培计划GP26009县级骨干教师培养对象培训项目-（学前教育、中小学道德与法治、中小学信息科技）第三标包：中小学信息科技中标公告,2026-07-24,宁夏回族自治区,,中标公告,宁夏公共资源交易服务平台,https://www.ggzy.gov.cn/information/deal/html/a/640000/0202/20260724/00646c2c1f35455c440986b8f267cb3a13cd.html,培训,培训,培训,教育局统筹,是,是
005028243a907e2b4b8fa26f600518315e38,秀山县2026年中小学理化生实验室设备采购(XSX26A00400)中标（成交）结果公告,2026-07-24,重庆市,,中标公告,重庆市公共资源交易服务平台,https://www.ggzy.gov.cn/information/deal/html/a/500000/0202/20260724/005028243a907e2b4b8fa26f600518315e38.html,实验室设备,实验室设备,实验室设备,教育局统筹,否,否
0051605f9ce69f974b3fb1f386237428c1c0,射洪市第六小学校校舍维修改造项目中标（成交）结果公告,2026-07-24,四川省,,中标公告,,https://www.ggzy.gov.cn/information/deal/html/a/510000/0202/20260724/0051605f9ce69f974b3fb1f386237428c1c0.html,校舍维修改造,校舍维修改造,校舍维修改造,小学,否,否
00510e646ce572c94979a85ceac1adeb92b9,旺苍县石桥小学运动场面层采购（含施工）项目(二次)中标（成交）结果公告,2026-07-24,四川省,,中标公告,,https://www.ggzy.gov.cn/information/deal/html/a/510000/0202/20260724/00510e646ce572c94979a85ceac1adeb92b9.html,校舍维修改造,校舍维修改造,校舍维修改造,小学,否,否
0063ca5d9be2f7034180988404af3663ead3,西宁市城中区政府采购服务中心关于春晖小学信息化建设项目中标(成交)结果公告,2026-07-24,青海省,,中标公告,青海省公共资源交易网,https://www.ggzy.gov.cn/information/deal/html/a/630000/0202/20260724/0063ca5d9be2f7034180988404af3663ead3.html,信息化,信息化,信息化,小学,是,是
0044d603867b5bc24f34b610482e0d7ae3a1,韶关市武江区东岗小学低部新建教学楼设施设备采购项目-集中类设施设备采购结果公告,2026-07-24,广东省,,中标公告,,https://www.ggzy.gov.cn/information/deal/html/a/440000/0202/20260724/0044d603867b5bc24f34b610482e0d7ae3a1.html,校舍维修改造,校舍维修改造,校舍维修改造,小学,否,否
0011f4aac6b399c74e26ba8518b6377173a5,密云区中小学学校教室照明改造工程成交公告,2026-07-24,北京,,中标公告,北京市政府采购网,https://www.ggzy.gov.cn/information/deal/html/a/110000/0202/20260724/0011f4aac6b399c74e26ba8518b6377173a5.html,校舍维修改造,校舍维修改造,校舍维修改造;工程配套,教育局统筹,否,否
001140dc352f5ff240b393a1683ed9d36c72,城乡义务教育生均公用经费（小学）物业管理服务采购项目中标公告,2026-07-24,北京,,中标公告,北京市政府采购网,https://www.ggzy.gov.cn/information/deal/html/a/110000/0202/20260724/001140dc352f5ff240b393a1683ed9d36c72.html,后勤服务,其他,后勤服务,小学,否,否
0051ffcfcf696bfc4ce585d270beb307845a,成都市人民北路小学校2026年人北小学综合排危改造项目中标（成交）结果公告,2026-07-24,四川省,,中标公告,,https://www.ggzy.gov.cn/information/deal/html/a/510000/0202/20260724/0051ffcfcf696bfc4ce585d270beb307845a.html,校舍维修改造,校舍维修改造,校舍维修改造,小学,否,否
004206b17738f9e749ada467d05c077879b0,咸丰县第三实验中小学购置生活设施设备（三次）成交结果公告,2026-07-24,湖北省,,中标公告,湖北省政府采购网,https://www.ggzy.gov.cn/information/deal/html/a/420000/0202/20260724/004206b17738f9e749ada467d05c077879b0.html,其他,其他,,教育局统筹,否,否
00428b1b5d1af4d846cc8a70048c5c839341,黄石市有色小学黄石市有色中小学教学楼立面改造项目中标（成交）结果公告,2026-07-24,湖北省,,中标公告,湖北省政府采购网,https://www.ggzy.gov.cn/information/deal/html/a/420000/0202/20260724/00428b1b5d1af4d846cc8a70048c5c839341.html,校舍维修改造,校舍维修改造,校舍维修改造,教育局统筹,否,否
0012cabf8a94ea9c45d6a0ba7b99a67d361d,天津市河东区前程小学 天津市河东区前程小学2026年外聘教师服务项目 (项目编号:JU2026-ZCHD-012)中标公告,2026-07-24,天津市,,中标公告,天津市公共资源交易平台交易系统,https://www.ggzy.gov.cn/information/deal/html/a/120000/0202/20260724/0012cabf8a94ea9c45d6a0ba7b99a67d361d.html,其他,其他,,小学,否,否
0044125f19f51ad7471b83fe4e6b8fd5fb92,茂名市乙烯小学校舍加固、维修工程采购项目结果公告,2026-07-24,广东省,,中标公告,,https://www.ggzy.gov.cn/information/deal/html/a/440000/0202/20260724/0044125f19f51ad7471b83fe4e6b8fd5fb92.html,校舍维修改造,校舍维修改造,校舍维修改造,小学,否,否
001379599114b7d8459492d9b643b893ab1a,Z1302082600772201唐山市丰润区东实验小学建平校区开学启动项目补充设备采购结果公告,2026-07-24,河北省,,中标公告,,https://www.ggzy.gov.cn/information/deal/html/a/130000/0202/20260724/001379599114b7d8459492d9b643b893ab1a.html,其他,其他,,小学,否,否
001510fa9e5a56dc4310bdf688d6ac70eb9c,土默特左旗教育局土默特左旗中小学租赁人工智能与机器人教育设备项目中标（成交）结果公告,2026-07-24,内蒙古自治区,,中标公告,,https://www.ggzy.gov.cn/information/deal/html/a/150000/0202/20260724/001510fa9e5a56dc4310bdf688d6ac70eb9c.html,人工智能,人工智能,人工智能;后勤服务,教育局统筹,是,是
0022145c4c2d08194996a5a9ef20415f604e,通化市东昌区第一实验小学塑胶操场铺设项目中标(成交)结果公告,2026-07-24,吉林省,,中标公告,通化市电子招投标交易平台(新),https://www.ggzy.gov.cn/information/deal/html/a/220000/0202/20260724/0022145c4c2d08194996a5a9ef20415f604e.html,校舍维修改造,校舍维修改造,校舍维修改造,小学,否,否
005099983ce6182441e0a6302264417126da,巫溪县先锋小学校科技设备采购(WXX26A00173)中标（成交）结果公告,2026-07-24,重庆市,,中标公告,重庆市公共资源交易服务平台,https://www.ggzy.gov.cn/information/deal/html/a/500000/0202/20260724/005099983ce6182441e0a6302264417126da.html,其他,其他,,小学,否,否
0041c5ce4fbfe61b42988c267a42231bb1fb,义马市实验小学智慧校园建设(数字教育资源)项目-中标公告,2026-07-24,河南省,,中标公告,三门峡市公共资源交易中心,https://www.ggzy.gov.cn/information/deal/html/a/410000/0202/20260724/0041c5ce4fbfe61b42988c267a42231bb1fb.html,智慧校园,智慧校园,智慧校园,小学,是,是
00514bc980a7aa83405b8083d7b1a7d04a84,资阳市教育和体育局兰家坡小学图书采购项目(二次)中标（成交）结果公告,2026-07-24,四川省,,中标公告,,https://www.ggzy.gov.cn/information/deal/html/a/510000/0202/20260724/00514bc980a7aa83405b8083d7b1a7d04a84.html,图书,图书,图书,教育局统筹,否,否
00336e042a5aaccd434dafebd6327be0badf,建经投资咨询有限公司关于蓬街中心小学新型教学空间专用设备采购及安装项目中标(成交)结果公告,2026-07-24,浙江省,,中标公告,台州市公共资源交易网,https://www.ggzy.gov.cn/information/deal/html/a/330000/0202/20260724/00336e042a5aaccd434dafebd6327be0badf.html,后勤服务,其他,后勤服务,小学,否,否
0054af6040795bd44127a9657c562b920b51,米林市中学、市小学、多卡小学云机房建设项目中标公告,2026-07-24,西藏自治区,,中标公告,,https://www.ggzy.gov.cn/information/deal/html/a/540000/0202/20260724/0054af6040795bd44127a9657c562b920b51.html,信息化设备,信息化设备,信息化设备,小学,是,是
00357028908362354cf68e4e1a3b02c5c194,2026年为民办实事中小学校学生近视防控视力健康指数建设项目(二次)结果公告（采购包1）,2026-07-24,福建省,,中标公告,漳州市公共资源交易中心,https://www.ggzy.gov.cn/information/deal/html/a/350000/0202/20260724/00357028908362354cf68e4e1a3b02c5c194.html,其他,其他,,教育局统筹,否,否
0035ea069868d85d40eb8b07e265fbdaaf5d,2026－2027学年蕉城区中小学学生作业本采购项目(二次)结果公告（采购包1）,2026-07-24,福建省,,中标公告,宁德市公共资源交易中心,https://www.ggzy.gov.cn/information/deal/html/a/350000/0202/20260724/0035ea069868d85d40eb8b07e265fbdaaf5d.html,其他,其他,,教育局统筹,否,否
00616ede0154a1d140ae923a187798baba59,麟游县西街小学体育场地校舍维修改造及教学设施设备购置项目(二次)采购结果公告,2026-07-24,陕西省,,中标公告,全国公共资源交易平台（陕西省）,https://www.ggzy.gov.cn/information/deal/html/a/610000/0202/20260724/00616ede0154a1d140ae923a187798baba59.html,校舍维修改造,校舍维修改造,校舍维修改造,小学,否,否
005008556da764324d8faabf439245158b0c,长寿区晶山小学校课桌椅联合采购项目(CSQ26A00358)中标（成交）结果公告,2026-07-24,重庆市,,中标公告,重庆市公共资源交易服务平台,https://www.ggzy.gov.cn/information/deal/html/a/500000/0202/20260724/005008556da764324d8faabf439245158b0c.html,课桌椅,课桌椅,课桌椅,小学,否,否
00140023d28e769f4049969ac07ee56e38d5,和顺县教育局单一来源采购和顺县2026-2027年义务教育学生教辅用书及中小学生读本采购结果公告,2026-07-24,山西省,,中标公告,,https://www.ggzy.gov.cn/information/deal/html/a/140000/0202/20260724/00140023d28e769f4049969ac07ee56e38d5.html,其他,其他,,教育局统筹,否,否
0033f0e5375cd091495bbbf95a16776605c0,浙江致信招标代理有限公司关于慈溪市长河镇蓝天小学厨房设备采购项目中标(成交)结果公告,2026-07-24,浙江省,,中标公告,宁波市公共资源交易网,https://www.ggzy.gov.cn/information/deal/html/a/330000/0202/20260724/0033f0e5375cd091495bbbf95a16776605c0.html,食堂设备,食堂设备,食堂设备,小学,否,否
0014aec97e961a904d14a72395d4177b7919,潞州区下南街小学校校园设施设备购置项目结果公告,2026-07-24,山西省,,中标公告,,https://www.ggzy.gov.cn/information/deal/html/a/140000/0202/20260724/0014aec97e961a904d14a72395d4177b7919.html,其他,其他,,小学,否,否
004280f0c6a9eeb441c0a0dd274909164094,大冶市罗家桥街道办事处桃花小学大冶市第六实验学校（高中部）改造电脑采购项目（二次）中标（成交）结果公告,2026-07-24,湖北省,,中标公告,湖北省政府采购网,https://www.ggzy.gov.cn/information/deal/html/a/420000/0202/20260724/004280f0c6a9eeb441c0a0dd274909164094.html,信息化设备,信息化设备,信息化设备;校舍维修改造,高中,是,是
0042e9cbdbd397cc4e169d841cd5239f999d,蕲春县第二实验小学豁口校区新建食堂工程中标结果公告,2026-07-24,湖北省,,中标公告,湖北省政府采购网,https://www.ggzy.gov.cn/information/deal/html/a/420000/0202/20260724/0042e9cbdbd397cc4e169d841cd5239f999d.html,校舍维修改造,校舍维修改造,校舍维修改造;食堂设备,小学,否,否
0022266b34745eb1438981d0335d36106d28,长春市双阳区新安中心小学场地改造项目中标(成交)结果公告,2026-07-24,吉林省,,中标公告,长春市公共资源交易中心(新),https://www.ggzy.gov.cn/information/deal/html/a/220000/0202/20260724/0022266b34745eb1438981d0335d36106d28.html,校舍维修改造,校舍维修改造,校舍维修改造,小学,否,否
00133fcc1bd294a24fcd9fefcf7c2e533dc2,井陉县中小学智慧黑板采购项目中标公告,2026-07-24,河北省,,中标公告,石家庄公共资源交易网,https://www.ggzy.gov.cn/information/deal/html/a/130000/0202/20260724/00133fcc1bd294a24fcd9fefcf7c2e533dc2.html,智慧黑板,智慧黑板,智慧黑板,教育局统筹,是,是
00336bc1550806544559a6748caf978e038c,诸暨市公共资源交易中心关于诸暨市暨阳街道浣江小学教育集团行知小学体艺馆改造设备采购项目中标(成交)结果公告,2026-07-24,浙江省,,中标公告,绍兴市公共资源交易网,https://www.ggzy.gov.cn/information/deal/html/a/330000/0202/20260724/00336bc1550806544559a6748caf978e038c.html,校舍维修改造,校舍维修改造,校舍维修改造,小学,否,否
0051b9d3a79e4a5349f7be44f9383cf95f3e,成都市石笋街小学校2026年石笋街小学运动场、总平综合排危改造项目中标（成交）结果公告,2026-07-24,四川省,,中标公告,,https://www.ggzy.gov.cn/information/deal/html/a/510000/0202/20260724/0051b9d3a79e4a5349f7be44f9383cf95f3e.html,校舍维修改造,校舍维修改造,校舍维修改造,小学,否,否
0042fe76985195d84f55a8df4f0a5a586c36,大冶市罗家桥街道办事处桃花小学大冶市第六实验学校（高中部）改造空调采购项目中标（成交）结果公告,2026-07-24,湖北省,,中标公告,湖北省政府采购网,https://www.ggzy.gov.cn/information/deal/html/a/420000/0202/20260724/0042fe76985195d84f55a8df4f0a5a586c36.html,校舍维修改造,校舍维修改造,校舍维修改造;工程配套,高中,否,否
00144f07754f8d114a7e847a733aaa8e8161,吉县屯里联合学校桑峨小学活动场地维修改造项目结果公告,2026-07-24,山西省,,中标公告,,https://www.ggzy.gov.cn/information/deal/html/a/140000/0202/20260724/00144f07754f8d114a7e847a733aaa8e8161.html,校舍维修改造,校舍维修改造,校舍维修改造,小学,否,否
0014f0a64396869f43718008c8dce9db1498,侯马市教育体育局晋都小学建设项目10千伏配电工程结果公告,2026-07-24,山西省,,中标公告,,https://www.ggzy.gov.cn/information/deal/html/a/140000/0202/20260724/0014f0a64396869f43718008c8dce9db1498.html,其他,其他,,教育局统筹,否,否
00332823e43f703f45a896166c0f745ac178,（编号：QWZFCG26048）宁波前湾新区观塘湖小学家具采购项目中标结果公告,2026-07-24,浙江省,,中标公告,宁波市公共资源交易网,https://www.ggzy.gov.cn/information/deal/html/a/330000/0202/20260724/00332823e43f703f45a896166c0f745ac178.html,课桌椅,课桌椅,课桌椅,小学,否,否
0061c7ed8d33802b4ee380024d92e283c31b,宜川县第一小学教学及附属用房维修工程项目采购结果公告,2026-07-24,陕西省,,中标公告,全国公共资源交易平台（陕西省）,https://www.ggzy.gov.cn/information/deal/html/a/610000/0202/20260724/0061c7ed8d33802b4ee380024d92e283c31b.html,校舍维修改造,校舍维修改造,校舍维修改造,小学,否,否
0041bcaa17c5d13a4483a84fa9ff4a920ca8,西平县教育局西平县2024年农村中小学校舍安全保障长效机制资金项目工程设计项目-成交公告,2026-07-24,河南省,,中标公告,,https://www.ggzy.gov.cn/information/deal/html/a/410000/0202/20260724/0041bcaa17c5d13a4483a84fa9ff4a920ca8.html,校舍维修改造,校舍维修改造,校舍维修改造,教育局统筹,否,否
004177e8dedf8e394776aacd1f45b3b28a09,郑州中学附属小学物业服务采购项目-成交公告,2026-07-24,河南省,,中标公告,,https://www.ggzy.gov.cn/information/deal/html/a/410000/0202/20260724/004177e8dedf8e394776aacd1f45b3b28a09.html,后勤服务,其他,后勤服务,小学,否,否
0033f22393618f5e42b0a039b406c415d549,浙江立创项目管理有限公司关于2026年瓯海区中小学午休课桌和手摇课桌椅采购中标(成交)结果公告,2026-07-24,浙江省,,中标公告,温州市公共资源交易网,https://www.ggzy.gov.cn/information/deal/html/a/330000/0202/20260724/0033f22393618f5e42b0a039b406c415d549.html,课桌椅,课桌椅,课桌椅,教育局统筹,否,否
0036a72bd27a798d44e29c484834e6ed61c2,江西灏和项目管理咨询有限公司关于抚州市临川区第四小学建设足球场与车棚及教学楼等维修改造工程结果公示,2026-07-24,江西省,,中标公告,抚州市公共资源交易中心,https://www.ggzy.gov.cn/information/deal/html/a/360000/0202/20260724/0036a72bd27a798d44e29c484834e6ed61c2.html,校舍维修改造,校舍维修改造,校舍维修改造;后勤服务;工程配套,小学,否,否
0036567eebc035a240f69ad5415daae6f484,江西省机电设备招标有限公司关于九江市柴桑区第四小学食堂劳务管理服务项目（项目编号：JXTC2026130163C1）结果公示,2026-07-24,江西省,,中标公告,九江市公共资源交易中心,https://www.ggzy.gov.cn/information/deal/html/a/360000/0202/20260724/0036567eebc035a240f69ad5415daae6f484.html,食堂设备,食堂设备,食堂设备;后勤服务,小学,否,否
0036337889b1510a47138825f5f91acd78b4,江西省机电设备招标有限公司关于九江市柴桑区第四小学智慧体育设备采购项目（项目编号：JXTC2026130116C1）结果公示,2026-07-24,江西省,,中标公告,九江市公共资源交易中心,https://www.ggzy.gov.cn/information/deal/html/a/360000/0202/20260724/0036337889b1510a47138825f5f91acd78b4.html,其他,其他,,小学,否,否
0036260e68377b7146a6b243a34ecf2d2d67,广昌县创新工程造价咨询有限公司关于广昌县第五小学运动场维修挡土墙加固工程,2026-07-24,江西省,,中标公告,抚州市公共资源交易中心,https://www.ggzy.gov.cn/information/deal/html/a/360000/0202/20260724/0036260e68377b7146a6b243a34ecf2d2d67.html,校舍维修改造,校舍维修改造,校舍维修改造;后勤服务,小学,否,否
00361bc370d1602b42d8a2b9de8f475eee27,南丰县桔都小学2026年教学楼维修改造等工程结果公示,2026-07-24,江西省,,中标公告,抚州市公共资源交易中心,https://www.ggzy.gov.cn/information/deal/html/a/360000/0202/20260724/00361bc370d1602b42d8a2b9de8f475eee27.html,校舍维修改造,校舍维修改造,校舍维修改造,小学,否,否
00360db68540cba14bc985277faf8c156951,江西企恒企业管理有限公司关于吉州区明德小学教学楼连廊卫生间防水修缮项目（项目编号：赣企恒政采字〔2026〕12号）竞争性谈判结果公告,2026-07-24,江西省,,中标公告,吉安市公共资源交易中心,https://www.ggzy.gov.cn/information/deal/html/a/360000/0202/20260724/00360db68540cba14bc985277faf8c156951.html,校舍维修改造,校舍维修改造,校舍维修改造,小学,否,否
0034688b7c2b31af4803909123cd69ce0dde,2026年庐阳区南门小学立贤校区等2所校园空调设备采购与安装项目中标（成交）结果公告,2026-07-24,安徽省,,中标公告,安徽合肥公共资源交易中心电子交易系统,https://www.ggzy.gov.cn/information/deal/html/a/340000/0202/20260724/0034688b7c2b31af4803909123cd69ce0dde.html,工程配套,其他,工程配套,小学,否,否
00345924c968238b49148bd0e87ac484272b,庐江县2026年中小学课桌椅采购中标结果变更公告,2026-07-24,安徽省,,中标公告,安徽合肥公共资源交易中心电子交易系统,https://www.ggzy.gov.cn/information/deal/html/a/340000/0202/20260724/00345924c968238b49148bd0e87ac484272b.html,课桌椅,课桌椅,课桌椅,教育局统筹,否,否
0021da34f522f40945eba113e50db8f69d58,东北大学附属小学(浑南)食堂委托经营项目采购结果公告,2026-07-24,辽宁省,,中标公告,辽宁政府采购网,https://www.ggzy.gov.cn/information/deal/html/a/210000/0202/20260724/0021da34f522f40945eba113e50db8f69d58.html,食堂设备,食堂设备,食堂设备,小学,否,否
0021c5c5f27cddc943f596d65333b053f992,盘锦市辽东湾实验小学校园建筑及配套设施维修改造工程（第二次）结果公告,2026-07-24,辽宁省,,中标公告,辽宁政府采购网,https://www.ggzy.gov.cn/information/deal/html/a/210000/0202/20260724/0021c5c5f27cddc943f596d65333b053f992.html,校舍维修改造,校舍维修改造,校舍维修改造,小学,否,否
0021a52ee643ff5541eab182caee5a36f379,沈阳市大东区上园路第一小学整体维修改造工程结果公告,2026-07-24,辽宁省,,中标公告,辽宁政府采购网,https://www.ggzy.gov.cn/information/deal/html/a/210000/0202/20260724/0021a52ee643ff5541eab182caee5a36f379.html,校舍维修改造,校舍维修改造,校舍维修改造,小学,否,否
00219880aa2969924de093fcde9530ff8e18,锦州铁合金小学--室内外消防改造工程结果公告,2026-07-24,辽宁省,,中标公告,辽宁政府采购网,https://www.ggzy.gov.cn/information/deal/html/a/210000/0202/20260724/00219880aa2969924de093fcde9530ff8e18.html,校舍维修改造,校舍维修改造,校舍维修改造;校园安防,小学,否,否
0021427dab7ea35f402088e402a217b0fb75,锦州市太和区平和小学校—室内外消防改造工程结果公告,2026-07-24,辽宁省,,中标公告,辽宁政府采购网,https://www.ggzy.gov.cn/information/deal/html/a/210000/0202/20260724/0021427dab7ea35f402088e402a217b0fb75.html,校舍维修改造,校舍维修改造,校舍维修改造;校园安防,小学,否,否
00374956e9492e8949f9a098acc89e9c5e27,淄博实验中学田径场维修维护项目成交结果公告,2026-07-25,山东省,,中标公告,淄博市公共资源交易平台电子交易系统,https://www.ggzy.gov.cn/information/deal/html/a/370000/0202/20260725/00374956e9492e8949f9a098acc89e9c5e27.html,校舍维修改造,校舍维修改造,校舍维修改造,一贯制未分段,否,否
00650e26d89951f94498850fc537cc5082f3,阿瓦提县教育局采购阿瓦提县第一中学等4所学校智考实验室提升改造项目中标(成交)结果公告,2026-07-24,新疆维吾尔自治区,,中标公告,新疆维吾尔自治区公共资源交易平台,https://www.ggzy.gov.cn/information/deal/html/a/650000/0202/20260724/00650e26d89951f94498850fc537cc5082f3.html,校舍维修改造,校舍维修改造,校舍维修改造;实验室设备,教育局统筹,否,否
006588541baa26034159bd1ebc27c4814d49,吐鲁番市托克逊县改善普通高中学校办学条件信息化设备采购项目-信息化设备中标(成交)结果公告,2026-07-24,新疆维吾尔自治区,,中标公告,新疆维吾尔自治区公共资源交易平台,https://www.ggzy.gov.cn/information/deal/html/a/650000/0202/20260724/006588541baa26034159bd1ebc27c4814d49.html,信息化,信息化,信息化,高中,是,是
00655f80ba5504944dc48228feb8ee83696b,2026年度独山子第二中学食堂主要食材（肉类（牛羊鸡肉））采购项目（二次）中标(成交)结果公告,2026-07-24,新疆维吾尔自治区,,中标公告,新疆维吾尔自治区公共资源交易平台,https://www.ggzy.gov.cn/information/deal/html/a/650000/0202/20260724/00655f80ba5504944dc48228feb8ee83696b.html,食堂设备,食堂设备,食堂设备;后勤服务,一贯制未分段,否,否
00657694c5eff91e4eacbe30a1217b1cb954,乌鲁木齐市第六十六中学校服采购项目（二次）中标(成交)结果公告,2026-07-24,新疆维吾尔自治区,,中标公告,新疆维吾尔自治区公共资源交易平台,https://www.ggzy.gov.cn/information/deal/html/a/650000/0202/20260724/00657694c5eff91e4eacbe30a1217b1cb954.html,校服,校服,校服,一贯制未分段,否,否
0065643234658ac24023ba07c9597b8f3255,布尔津县第一初级中学学生宿舍组合床采购（二次）中标(成交)结果公告,2026-07-24,新疆维吾尔自治区,,中标公告,新疆维吾尔自治区公共资源交易平台,https://www.ggzy.gov.cn/information/deal/html/a/650000/0202/20260724/0065643234658ac24023ba07c9597b8f3255.html,课桌椅,课桌椅,课桌椅,初中,否,否
00636d4ba9d24171462ab30b18ab66e5bfc9,湟源县第一中学消防设施维修项目中标(成交)结果公告,2026-07-24,青海省,,中标公告,青海省公共资源交易网,https://www.ggzy.gov.cn/information/deal/html/a/630000/0202/20260724/00636d4ba9d24171462ab30b18ab66e5bfc9.html,校舍维修改造,校舍维修改造,校舍维修改造;校园安防,一贯制未分段,否,否
003563762601b1de43c281da85a360c5d182,厦门双十中学金海分校综合布线、安防设备及广播等信息化建设结果公告（采购包1）,2026-07-24,福建省,,中标公告,厦门市公共资源交易中心,https://www.ggzy.gov.cn/information/deal/html/a/350000/0202/20260724/003563762601b1de43c281da85a360c5d182.html,信息化,信息化,信息化;校园安防,一贯制未分段,是,是
005133a8af8f8ec044208316bd1f6cc6dc88,四川省泸州市泸州老窖天府中学停车场建设项目中标（成交）结果公告,2026-07-24,四川省,,中标公告,,https://www.ggzy.gov.cn/information/deal/html/a/510000/0202/20260724/005133a8af8f8ec044208316bd1f6cc6dc88.html,其他,其他,,一贯制未分段,否,否
00449b7df829d7544e4a9ec4b3d29b9f280a,东莞市虎门中学教学家具项目结果公告,2026-07-24,广东省,,中标公告,,https://www.ggzy.gov.cn/information/deal/html/a/440000/0202/20260724/00449b7df829d7544e4a9ec4b3d29b9f280a.html,课桌椅,课桌椅,课桌椅,一贯制未分段,否,否
0032d9c44bfe955c40b2a0b62142537b048a,洪泽中学教师办公室升级改造及教室门更换项目（采购包2：教室门更换）成交公告采购包1,2026-07-24,江苏省,,中标公告,,https://www.ggzy.gov.cn/information/deal/html/a/320000/0202/20260724/0032d9c44bfe955c40b2a0b62142537b048a.html,校舍维修改造,校舍维修改造,校舍维修改造,一贯制未分段,否,否
00320d1ca8b1f41e40be9cbb85eee081a01d,昆山市柏庐高级中学物业管理服务项目成交公告采购包1,2026-07-24,江苏省,,中标公告,,https://www.ggzy.gov.cn/information/deal/html/a/320000/0202/20260724/00320d1ca8b1f41e40be9cbb85eee081a01d.html,后勤服务,其他,后勤服务,高中,否,否
00621207bd300b2e43bba45eeaea09b74c5b,金昌市第一中学实践基地校区物业管理服务 中标（成交）结果公告,2026-07-24,甘肃省,,中标公告,金昌市公共资源交易平台,https://www.ggzy.gov.cn/information/deal/html/a/620000/0202/20260724/00621207bd300b2e43bba45eeaea09b74c5b.html,后勤服务,其他,后勤服务,一贯制未分段,否,否
0013d9a6163a64204295bb7c3b1923523535,Z1309002602512001沧州市第二中学新建教学楼墙壁吸音板采购项目结果公告,2026-07-24,河北省,,中标公告,,https://www.ggzy.gov.cn/information/deal/html/a/130000/0202/20260724/0013d9a6163a64204295bb7c3b1923523535.html,校舍维修改造,校舍维修改造,校舍维修改造,一贯制未分段,否,否
00454273ad7141e04660bab7b784c0ec4c89,河池市金城江区2022年教育攻坚项目—金城江区第八初级中学教育信息化设备采购工程中标结果公告（项目编号：HCZB2026-G1-009-GXDZ）,2026-07-24,广西壮族自治区,,中标公告,河池市公共资源交易中心,https://www.ggzy.gov.cn/information/deal/html/a/450000/0202/20260724/00454273ad7141e04660bab7b784c0ec4c89.html,信息化,信息化,信息化,初中,是,是
00632cb50511af5b4827972d7271e288e3d2,2026年互助土族自治县第一中学校舍维修改造项目中标公示,2026-07-24,青海省,,中标公告,青海省公共资源交易网,https://www.ggzy.gov.cn/information/deal/html/a/630000/0202/20260724/00632cb50511af5b4827972d7271e288e3d2.html,校舍维修改造,校舍维修改造,校舍维修改造,一贯制未分段,否,否
0062fae1a629e67143da8e64b0bbbac6111d,白银市白银区培文中学学生宿舍改造项目,2026-07-24,甘肃省,,中标公告,白银市公共资源交易平台,https://www.ggzy.gov.cn/information/deal/html/a/620000/0202/20260724/0062fae1a629e67143da8e64b0bbbac6111d.html,校舍维修改造,校舍维修改造,校舍维修改造,一贯制未分段,否,否
006227242ba57b8e4608a4518fca981aecd3,白银市平川区宝积中学操场及附属工程建设项目,2026-07-24,甘肃省,,中标公告,白银市公共资源交易平台,https://www.ggzy.gov.cn/information/deal/html/a/620000/0202/20260724/006227242ba57b8e4608a4518fca981aecd3.html,校舍维修改造,校舍维修改造,校舍维修改造,一贯制未分段,否,否
0045f162ac6d127f4958b39926a649c67996,广西福展工程咨询有限公司关于贵港市第十二高级中学大宗食品采购项目（项目编号：GGZC2026-C3-990201-GXFZ）成交结果公告,2026-07-24,广西壮族自治区,,中标公告,广西壮族自治区公共资源电子交易系统,https://www.ggzy.gov.cn/information/deal/html/a/450000/0202/20260724/0045f162ac6d127f4958b39926a649c67996.html,后勤服务,其他,后勤服务,高中,否,否
0012363adc3663bc4c3cbe04e20d905701f0,天津市第四十一中学 天津市第四十一中学2026年度保安服务项目 (项目编号:TJHX-2026-D-0067)中标公告,2026-07-24,天津市,,中标公告,天津市公共资源交易平台交易系统,https://www.ggzy.gov.cn/information/deal/html/a/120000/0202/20260724/0012363adc3663bc4c3cbe04e20d905701f0.html,后勤服务,其他,后勤服务,一贯制未分段,否,否
00444e5ae2e4ccee4f1aa52381ba61e6bcb7,东莞市第九高级中学理化生实验室设备购置项目结果公告,2026-07-24,广东省,,中标公告,,https://www.ggzy.gov.cn/information/deal/html/a/440000/0202/20260724/00444e5ae2e4ccee4f1aa52381ba61e6bcb7.html,实验室设备,实验室设备,实验室设备,高中,否,否
0035feca2f2efa0a482eb4b2a9c16f137493,宁德市民族中学2026-2027、2027-2028两学年学校物业管理服务采购项目结果公告（采购包1）,2026-07-24,福建省,,中标公告,宁德市公共资源交易中心,https://www.ggzy.gov.cn/information/deal/html/a/350000/0202/20260724/0035feca2f2efa0a482eb4b2a9c16f137493.html,后勤服务,其他,后勤服务,一贯制未分段,否,否
00654f006c7c9a8e4e16b88257346cd5fbf8,玛纳斯县第三中学薄改项目（地面改造项目和生态厕所改造项目）二次中标(成交)结果公告,2026-07-24,新疆维吾尔自治区,,中标公告,新疆维吾尔自治区公共资源交易平台,https://www.ggzy.gov.cn/information/deal/html/a/650000/0202/20260724/00654f006c7c9a8e4e16b88257346cd5fbf8.html,校舍维修改造,校舍维修改造,校舍维修改造,一贯制未分段,否,否
0044fda5fafe0eed49d9a895600ad1f35161,清远市华侨中学饭堂食材配送采购项目结果公告,2026-07-24,广东省,,中标公告,,https://www.ggzy.gov.cn/information/deal/html/a/440000/0202/20260724/0044fda5fafe0eed49d9a895600ad1f35161.html,后勤服务,其他,后勤服务,一贯制未分段,否,否
006256fb73befd764fb2adfbff7d63dcdf5b,武威第二十一中学电教设备采购项目,2026-07-24,甘肃省,,中标公告,武威市公共资源交易平台,https://www.ggzy.gov.cn/information/deal/html/a/620000/0202/20260724/006256fb73befd764fb2adfbff7d63dcdf5b.html,其他,其他,,一贯制未分段,否,否
00511a4de131b9ad4911addd09a427e181fa,西昌市川兴中学智慧黑板采购项目中标（成交）结果公告,2026-07-24,四川省,,中标公告,,https://www.ggzy.gov.cn/information/deal/html/a/510000/0202/20260724/00511a4de131b9ad4911addd09a427e181fa.html,智慧黑板,智慧黑板,智慧黑板,一贯制未分段,是,是
004408d6df546d114a379c94029759ef8ea1,深圳市第二高级中学深汕学校二期教学及办公家具采购项目中标（成交）结果公告,2026-07-24,广东省,,中标公告,,https://www.ggzy.gov.cn/information/deal/html/a/440000/0202/20260724/004408d6df546d114a379c94029759ef8ea1.html,课桌椅,课桌椅,课桌椅,高中,否,否
00130259d8dc4f7f4cb382a9b26a31eec0e0,Z1310252600292301大城县大尚屯中学（齐圪垯校区）运动场项目结果公告,2026-07-24,河北省,,中标公告,廊坊市公共资源交易中心,https://www.ggzy.gov.cn/information/deal/html/a/130000/0202/20260724/00130259d8dc4f7f4cb382a9b26a31eec0e0.html,校舍维修改造,校舍维修改造,校舍维修改造,一贯制未分段,否,否
0015622a68e0626e49e19327b81ba70c99bc,通辽市第五中学新城校区购置教学设施设备中标（成交）结果公告,2026-07-24,内蒙古自治区,,中标公告,,https://www.ggzy.gov.cn/information/deal/html/a/150000/0202/20260724/0015622a68e0626e49e19327b81ba70c99bc.html,其他,其他,,一贯制未分段,否,否
00132050d270e13243e7b3a722324d7f9ecb,Z1306362600392301顺平县第三初级中学食堂改扩建项目结果公告,2026-07-24,河北省,,中标公告,保定市公共资源交易中心,https://www.ggzy.gov.cn/information/deal/html/a/130000/0202/20260724/00132050d270e13243e7b3a722324d7f9ecb.html,校舍维修改造,校舍维修改造,校舍维修改造;食堂设备,初中,否,否
004421fbd190f8374315ad513e5886d64828,茂名市第一中学新城校区一期建设项目家具采购结果公告,2026-07-24,广东省,,中标公告,,https://www.ggzy.gov.cn/information/deal/html/a/440000/0202/20260724/004421fbd190f8374315ad513e5886d64828.html,课桌椅,课桌椅,课桌椅,一贯制未分段,否,否
003225c1d9a517ac4047b07c52ec8e3ead89,如东县第一高级中学“扶海生态圈”地理课程开发与实践基地项目中标公告采购包1,2026-07-24,江苏省,,中标公告,,https://www.ggzy.gov.cn/information/deal/html/a/320000/0202/20260724/003225c1d9a517ac4047b07c52ec8e3ead89.html,其他,其他,,高中,否,否
0042c9ef374f07a048d6bdc740cf3fd19402,武汉市江夏区金口中学2026-2027年度金口中学学校打印复印油印中标(成交)结果公告,2026-07-24,湖北省,,中标公告,湖北省政府采购网,https://www.ggzy.gov.cn/information/deal/html/a/420000/0202/20260724/0042c9ef374f07a048d6bdc740cf3fd19402.html,其他,其他,,一贯制未分段,否,否
0021f9759f8f1050435898c719fa0504ef7d,大连市第十三中学升级改造项目弱电设备（监控 广播 网络）采购中标结果公示,2026-07-24,辽宁省,,中标公告,大连市公共资源交易平台,https://www.ggzy.gov.cn/information/deal/html/a/210000/0202/20260724/0021f9759f8f1050435898c719fa0504ef7d.html,校舍维修改造,校舍维修改造,校舍维修改造;校园安防,一贯制未分段,否,否
00213909fb515620403899e1074343f0e26e,大连市第十三中学校园电视台设备和微课系统采购项目采购中标结果公示,2026-07-24,辽宁省,,中标公告,大连市公共资源交易平台,https://www.ggzy.gov.cn/information/deal/html/a/210000/0202/20260724/00213909fb515620403899e1074343f0e26e.html,其他,其他,,一贯制未分段,否,否
005169eaf8ba1a634c3383b7a63b20be5f60,攀枝花市仁和区教育和体育局攀枝花市大河中学校采购学生床中标（成交）结果公告,2026-07-24,四川省,,中标公告,,https://www.ggzy.gov.cn/information/deal/html/a/510000/0202/20260724/005169eaf8ba1a634c3383b7a63b20be5f60.html,课桌椅,课桌椅,课桌椅,教育局统筹,否,否
006592d23f2a2d3e4bb4bcc0e112eee6c8a9,库尔勒市第二中学2026年学生（内初班七年级）春秋季、夏季和冬季校服采购项目中标(成交)结果公告,2026-07-24,新疆维吾尔自治区,,中标公告,新疆维吾尔自治区公共资源交易平台,https://www.ggzy.gov.cn/information/deal/html/a/650000/0202/20260724/006592d23f2a2d3e4bb4bcc0e112eee6c8a9.html,校服,校服,校服,一贯制未分段,否,否
00147175ef3e64bc4ff496a874de6a03e336,孝义市第七中学校竞争性磋商孝义七中操场维修工程结果公告,2026-07-24,山西省,,中标公告,,https://www.ggzy.gov.cn/information/deal/html/a/140000/0202/20260724/00147175ef3e64bc4ff496a874de6a03e336.html,校舍维修改造,校舍维修改造,校舍维修改造,一贯制未分段,否,否
005122e475a12743436484fe7bf11ff9f76e,越西县越城镇西城中学越城镇西城中学扩建项目工程设计服务采购项目中标（成交）结果公告,2026-07-24,四川省,,中标公告,,https://www.ggzy.gov.cn/information/deal/html/a/510000/0202/20260724/005122e475a12743436484fe7bf11ff9f76e.html,校舍维修改造,校舍维修改造,校舍维修改造,一贯制未分段,否,否
004409fc3f780d664afbb3fd841fa45f5f68,广东实验中学荔湾校区年级教师办公室室内家具采购配套（二期）项目结果公告,2026-07-24,广东省,,中标公告,,https://www.ggzy.gov.cn/information/deal/html/a/440000/0202/20260724/004409fc3f780d664afbb3fd841fa45f5f68.html,课桌椅,课桌椅,课桌椅,一贯制未分段,否,否
00630c9411d5a0324810b59050d22be5fe69,青海省三江源民族中学劳务派遣服务、校园安保服务项目（第三次）成交结果公告,2026-07-24,青海省,,中标公告,青海省公共资源交易网,https://www.ggzy.gov.cn/information/deal/html/a/630000/0202/20260724/00630c9411d5a0324810b59050d22be5fe69.html,校园安防,校园安防,校园安防;后勤服务,一贯制未分段,否,否
0051d9c3f36c5c3b4ab4a976f559ddc1bdcb,四川省射洪中学校教学楼及运动场改造项目中标（成交）结果公告,2026-07-24,四川省,,中标公告,,https://www.ggzy.gov.cn/information/deal/html/a/510000/0202/20260724/0051d9c3f36c5c3b4ab4a976f559ddc1bdcb.html,校舍维修改造,校舍维修改造,校舍维修改造,一贯制未分段,否,否
0051ff9c85fe97204a9ca1f946f847f878dc,成都理工大学附属中学2026年-2029年安全服务采购项目(二次)中标（成交）结果公告,2026-07-24,四川省,,中标公告,,https://www.ggzy.gov.cn/information/deal/html/a/510000/0202/20260724/0051ff9c85fe97204a9ca1f946f847f878dc.html,其他,其他,,一贯制未分段,否,否
00527d4695cecf804ce29f42cdc07c71d5d9,六盘水市第十中学学生宿舍维修改造项目中标（成交）结果公告,2026-07-24,贵州省,,中标公告,六盘水市公共资源交易中心,https://www.ggzy.gov.cn/information/deal/html/a/520000/0202/20260724/00527d4695cecf804ce29f42cdc07c71d5d9.html,校舍维修改造,校舍维修改造,校舍维修改造,一贯制未分段,否,否
006584a074eeb1434495829093da0d128d42,玛纳斯县第三中学多功能厅LED屏、音响灯光及辅助设施及学生教室护眼灯采购项目中标(成交)结果公告,2026-07-24,新疆维吾尔自治区,,中标公告,新疆维吾尔自治区公共资源交易平台,https://www.ggzy.gov.cn/information/deal/html/a/650000/0202/20260724/006584a074eeb1434495829093da0d128d42.html,大屏,大屏,大屏;工程配套,一贯制未分段,是,是
006284d8ae6aa436408fb53febe889a67861,和政县2026年初级中学教育教学设施设备采购项目中标结果公示,2026-07-24,甘肃省,,中标公告,临夏州公共资源交易平台,https://www.ggzy.gov.cn/information/deal/html/a/620000/0202/20260724/006284d8ae6aa436408fb53febe889a67861.html,其他,其他,,初中,否,否
00136305dd6a7bd94ad188a06f6a2ba33ae4,Z1310812600802301霸州市第六中学更换教学楼及宿舍楼门窗工程结果公告,2026-07-24,河北省,,中标公告,廊坊市公共资源交易中心,https://www.ggzy.gov.cn/information/deal/html/a/130000/0202/20260724/00136305dd6a7bd94ad188a06f6a2ba33ae4.html,工程配套,其他,工程配套,一贯制未分段,否,否
0044aed79c78e0f549839c235a5ba4bd59c5,东莞湾区中学鸿蒙教学一体机及办公电脑采购项目结果公告,2026-07-24,广东省,,中标公告,,https://www.ggzy.gov.cn/information/deal/html/a/440000/0202/20260724/0044aed79c78e0f549839c235a5ba4bd59c5.html,智慧黑板,智慧黑板,智慧黑板;信息化设备,一贯制未分段,是,是
00645ab33f88688843869397dbcf72beadcb,中卫市第三中学教育数字化揭榜挂帅数据赋能规模化因材教项目中标公告,2026-07-24,宁夏回族自治区,,中标公告,宁夏公共资源交易服务平台,https://www.ggzy.gov.cn/information/deal/html/a/640000/0202/20260724/00645ab33f88688843869397dbcf72beadcb.html,信息化,信息化,信息化,一贯制未分段,是,是
00654b2a4ccae9334b1c9d96c15fc83cce94,乌鲁木齐市第八十五中学操场改造项目中标(成交)结果公告,2026-07-24,新疆维吾尔自治区,,中标公告,新疆维吾尔自治区公共资源交易平台,https://www.ggzy.gov.cn/information/deal/html/a/650000/0202/20260724/00654b2a4ccae9334b1c9d96c15fc83cce94.html,校舍维修改造,校舍维修改造,校舍维修改造,一贯制未分段,否,否
00410e1cf73134864f6aab07cc5863c843f6,漯河市高级中学北校区学生机房项目-成交公告,2026-07-24,河南省,,中标公告,漯河市公共资源交易中心,https://www.ggzy.gov.cn/information/deal/html/a/410000/0202/20260724/00410e1cf73134864f6aab07cc5863c843f6.html,信息化设备,信息化设备,信息化设备,高中,是,是
005113f77710b9054ccabe8589664bf371cf,四川省眉山中学校建设提升工程智慧宿管和门禁系统采购中标（成交）结果公告,2026-07-24,四川省,,中标公告,,https://www.ggzy.gov.cn/information/deal/html/a/510000/0202/20260724/005113f77710b9054ccabe8589664bf371cf.html,校园安防,校园安防,校园安防,一贯制未分段,否,否
0041592ae98f89054b0c8bdd4977fc3feb80,濮阳市政府采购中心台前县教育局台前县第三中学办公、监控等设备采购项目成交公告,2026-07-24,河南省,,中标公告,濮阳市公共资源交易中心,https://www.ggzy.gov.cn/information/deal/html/a/410000/0202/20260724/0041592ae98f89054b0c8bdd4977fc3feb80.html,校园安防,校园安防,校园安防,教育局统筹,否,否
00526e26d7b66d264b8f964b9c213e57a62a,贵州省江口中学保洁、宿管、安保等服务项目(二次 )中标结果公告,2026-07-24,贵州省,,中标公告,铜仁市公共资源交易中心,https://www.ggzy.gov.cn/information/deal/html/a/520000/0202/20260724/00526e26d7b66d264b8f964b9c213e57a62a.html,校园安防,校园安防,校园安防,一贯制未分段,否,否
0032e2c1bbf8ac5648f096b2a410ecc5458e,江苏省大丰高级中学2026-2027学年食堂餐饮服务项目中标公告采购包1,2026-07-24,江苏省,,中标公告,,https://www.ggzy.gov.cn/information/deal/html/a/320000/0202/20260724/0032e2c1bbf8ac5648f096b2a410ecc5458e.html,食堂设备,食堂设备,食堂设备;后勤服务,高中,否,否
003230d5540391a648c9919458750d573857,无锡市公共资源交易中心关于无锡市第一中学太湖新城分校2026-2027年度物业服务采购中标公告JSZC-320200-JZCG-G2026-0062采购包1,2026-07-24,江苏省,,中标公告,,https://www.ggzy.gov.cn/information/deal/html/a/320000/0202/20260724/003230d5540391a648c9919458750d573857.html,后勤服务,其他,后勤服务,一贯制未分段,否,否
0042a016a96969634931bc48b1d66c7b5971,利川市教育局本级利川市第一中学整体搬迁工程PPP项目2025-2027年度绩效评价与中期评估工作第三方服务机构采购中标（成交）结果公告,2026-07-24,湖北省,,中标公告,湖北省政府采购网,https://www.ggzy.gov.cn/information/deal/html/a/420000/0202/20260724/0042a016a96969634931bc48b1d66c7b5971.html,后勤服务,其他,后勤服务,教育局统筹,否,否
0051116f80ee0f774c56bf32fa797d6a3783,高县沙河中学校食堂升级改造及电力扩容线路改造项目中标（成交）结果公告,2026-07-24,四川省,,中标公告,,https://www.ggzy.gov.cn/information/deal/html/a/510000/0202/20260724/0051116f80ee0f774c56bf32fa797d6a3783.html,校舍维修改造,校舍维修改造,校舍维修改造;食堂设备,一贯制未分段,否,否
00413c9091c8793d42efa794636c898f6002,濮阳市华龙区高级中学采购教室多媒体及空调设备项目一标段成交公告,2026-07-24,河南省,,中标公告,濮阳市公共资源交易中心,https://www.ggzy.gov.cn/information/deal/html/a/410000/0202/20260724/00413c9091c8793d42efa794636c898f6002.html,信息化设备,信息化设备,信息化设备;工程配套,高中,是,是
001455e2fd60c87f4046957018db75615484,晋城市凤鸣中学新装1250KVA箱变工程结果公告,2026-07-24,山西省,,中标公告,,https://www.ggzy.gov.cn/information/deal/html/a/140000/0202/20260724/001455e2fd60c87f4046957018db75615484.html,其他,其他,,一贯制未分段,否,否
00134ae8aa6238fa41a9986c59b6e21f40b9,Z1306302600652501涞源县第一中学2026年教材教辅用书采购项目结果公告,2026-07-24,河北省,,中标公告,保定市公共资源交易中心,https://www.ggzy.gov.cn/information/deal/html/a/130000/0202/20260724/00134ae8aa6238fa41a9986c59b6e21f40b9.html,其他,其他,,一贯制未分段,否,否
00155b779670938549c48c6d343986a7f37f,乌兰浩特市第七中学信息化设备采购(二次)中标（成交）结果公告,2026-07-24,内蒙古自治区,,中标公告,,https://www.ggzy.gov.cn/information/deal/html/a/150000/0202/20260724/00155b779670938549c48c6d343986a7f37f.html,信息化,信息化,信息化,一贯制未分段,是,是
00228186fe1f843b4681a29862a7dc514eb2,长春市长春中学智慧校园桌椅、显示设备采购项目中标（成交）结果公告,2026-07-24,吉林省,,中标公告,长春市公共资源交易中心(新),https://www.ggzy.gov.cn/information/deal/html/a/220000/0202/20260724/00228186fe1f843b4681a29862a7dc514eb2.html,智慧校园,智慧校园,智慧校园;课桌椅,一贯制未分段,是,是
0013818737155d814722a8e2112066fded9a,大名县大名中学教学楼外墙粉刷和更换断桥铝门窗项目成交结果公告,2026-07-24,河北省,,中标公告,邯郸市公共资源电子交易平台,https://www.ggzy.gov.cn/information/deal/html/a/130000/0202/20260724/0013818737155d814722a8e2112066fded9a.html,校舍维修改造,校舍维修改造,校舍维修改造;工程配套,一贯制未分段,否,否
00138561ba900d244267b78f6ce691a2407f,清河县第一中学教学楼窗户、学生餐厅型材屋面改造和宿舍楼、综合实验楼供暖设施改造工程中标公告,2026-07-24,河北省,,中标公告,邢台市公共资源交易中心,https://www.ggzy.gov.cn/information/deal/html/a/130000/0202/20260724/00138561ba900d244267b78f6ce691a2407f.html,校舍维修改造,校舍维修改造,校舍维修改造;食堂设备,一贯制未分段,否,否
002262fddf265cd6487483c92d7d4ccc25c4,舒兰市第十八中学校高一高二校区食堂屋面重做防水、防寒，台阶、门斗改造；高三校区教学楼内墙粉刷、功能室改造及围墙、月亮门维修等工程中标(成交)结果公告,2026-07-24,吉林省,,中标公告,吉林市公共资源交易网上招投标系统,https://www.ggzy.gov.cn/information/deal/html/a/220000/0202/20260724/002262fddf265cd6487483c92d7d4ccc25c4.html,校舍维修改造,校舍维修改造,校舍维修改造;实验室设备;食堂设备,一贯制未分段,否,否
002210a647627f4d49ee983f9258fc90d840,舒兰市第二高级中学校教学楼外墙保温、新建连廊等工程中标(成交)结果公告,2026-07-24,吉林省,,中标公告,吉林市公共资源交易网上招投标系统,https://www.ggzy.gov.cn/information/deal/html/a/220000/0202/20260724/002210a647627f4d49ee983f9258fc90d840.html,校舍维修改造,校舍维修改造,校舍维修改造,高中,否,否
0043124c52d257d74a18b12a9b4207f258e4,长沙市湘郡培粹实验中学隆平校区食堂设施设备采购项目结果公告,2026-07-24,湖南省,,中标公告,,https://www.ggzy.gov.cn/information/deal/html/a/430000/0202/20260724/0043124c52d257d74a18b12a9b4207f258e4.html,食堂设备,食堂设备,食堂设备,一贯制未分段,否,否
0015b0e814c632cd40f6b16473794635a64a,巴林左旗林东第三中学优质均衡创建维修改造项目中标（成交）结果公告,2026-07-24,内蒙古自治区,,中标公告,,https://www.ggzy.gov.cn/information/deal/html/a/150000/0202/20260724/0015b0e814c632cd40f6b16473794635a64a.html,校舍维修改造,校舍维修改造,校舍维修改造,一贯制未分段,否,否
00135b8f8c0d2a2c45af83afd041e6ffc7c4,Z1302002604952201唐山市第八中学学生公寓阳台安全改造项目结果公告,2026-07-24,河北省,,中标公告,,https://www.ggzy.gov.cn/information/deal/html/a/130000/0202/20260724/00135b8f8c0d2a2c45af83afd041e6ffc7c4.html,校舍维修改造,校舍维修改造,校舍维修改造,一贯制未分段,否,否
004335423f051e1040938ff49b56ee37b956,邵阳市第五中学食堂食材采购项目（2026年下学期至2027年上学期）中标公告,2026-07-24,湖南省,,中标公告,,https://www.ggzy.gov.cn/information/deal/html/a/430000/0202/20260724/004335423f051e1040938ff49b56ee37b956.html,食堂设备,食堂设备,食堂设备;后勤服务,一贯制未分段,否,否
00352c0edd0854e84af980c9311b58e82fc4,泉州市第九中学城东校区2026年教学仪器设备采购结果公告（采购包1）,2026-07-24,福建省,,中标公告,泉州市公共资源交易中心,https://www.ggzy.gov.cn/information/deal/html/a/350000/0202/20260724/00352c0edd0854e84af980c9311b58e82fc4.html,教学仪器,教学仪器,教学仪器,一贯制未分段,否,否
005186addbe81c124bbda4e66733428c9102,四川省遂宁市第二中学校遂宁二中本部校区宿舍学生用床购置项目中标（成交）结果公告,2026-07-24,四川省,,中标公告,,https://www.ggzy.gov.cn/information/deal/html/a/510000/0202/20260724/005186addbe81c124bbda4e66733428c9102.html,其他,其他,,一贯制未分段,否,否
0011ccbeca4d9f5d40b68222bda81eec3a5d,2026年北京市第一六六中学食堂质量提升设备采购项目厨房操作台采购项目(灯市口校区）中标公告,2026-07-24,北京,,中标公告,北京市政府采购网,https://www.ggzy.gov.cn/information/deal/html/a/110000/0202/20260724/0011ccbeca4d9f5d40b68222bda81eec3a5d.html,食堂设备,食堂设备,食堂设备,一贯制未分段,否,否
0051b295a3770ae74aeebf9230a7533bb968,绵竹中学初中部绵竹市城东中学计算机网络教室和教学用计算机采购中标（成交）结果公告,2026-07-24,四川省,,中标公告,,https://www.ggzy.gov.cn/information/deal/html/a/510000/0202/20260724/0051b295a3770ae74aeebf9230a7533bb968.html,信息化设备,信息化设备,信息化设备,初中,是,是
0011f8fd9c2317214c45996522ad47fddcc0,2026年北京市第一六六中学食堂质量提升设备采购项目厨房操作台采购项目(东四校区)中标公告,2026-07-24,北京,,中标公告,北京市政府采购网,https://www.ggzy.gov.cn/information/deal/html/a/110000/0202/20260724/0011f8fd9c2317214c45996522ad47fddcc0.html,食堂设备,食堂设备,食堂设备,一贯制未分段,否,否
00113b3f3b1677d94385973d658acc2fe249,2026年食堂质量提升-北京市第十八中学食堂装修改造项目装修工程采购项目成交公告,2026-07-24,北京,,中标公告,北京市政府采购网,https://www.ggzy.gov.cn/information/deal/html/a/110000/0202/20260724/00113b3f3b1677d94385973d658acc2fe249.html,校舍维修改造,校舍维修改造,校舍维修改造;食堂设备,一贯制未分段,否,否
00643433a073b673425ebcdae6822eb4dc4c,宁夏中卫中学数据赋能规模化因材施教试点项目中标公告,2026-07-24,宁夏回族自治区,,中标公告,宁夏公共资源交易服务平台,https://www.ggzy.gov.cn/information/deal/html/a/640000/0202/20260724/00643433a073b673425ebcdae6822eb4dc4c.html,其他,其他,,一贯制未分段,否,否
0011b799fc66652147899ecde5128c9ca928,2026年新建校学位扩充改扩建项目第1包 育慧西里12号装修改造项目（陈经纶中学嘉铭分校）中标公告,2026-07-24,北京,,中标公告,北京市政府采购网,https://www.ggzy.gov.cn/information/deal/html/a/110000/0202/20260724/0011b799fc66652147899ecde5128c9ca928.html,校舍维修改造,校舍维修改造,校舍维修改造,一贯制未分段,否,否
0054f899223a8874493b8f2236685cb81aee,札达县中学设备采购项目中标（成交）结果公告,2026-07-24,西藏自治区,,中标公告,,https://www.ggzy.gov.cn/information/deal/html/a/540000/0202/20260724/0054f899223a8874493b8f2236685cb81aee.html,其他,其他,,一贯制未分段,否,否
0012def57a6d9c404c38b2bbdc12ced729fa,天津市第一一五中学 天津市第一一五中学食堂维修改造工程 (项目编号:HCLHZB-CS-2026157)成交公告,2026-07-24,天津市,,中标公告,天津市公共资源交易平台交易系统,https://www.ggzy.gov.cn/information/deal/html/a/120000/0202/20260724/0012def57a6d9c404c38b2bbdc12ced729fa.html,校舍维修改造,校舍维修改造,校舍维修改造;食堂设备,一贯制未分段,否,否
0050419cf9c6224a46c3a3ca98ef87ed240b,重庆市聚奎中学校教室护眼灯改造工程采购(JJQ26B00019)中标（成交）结果公告,2026-07-24,重庆市,,中标公告,重庆市公共资源交易服务平台,https://www.ggzy.gov.cn/information/deal/html/a/500000/0202/20260724/0050419cf9c6224a46c3a3ca98ef87ed240b.html,校舍维修改造,校舍维修改造,校舍维修改造;工程配套,一贯制未分段,否,否
00514bf1765bfeff43efabfa3e41f392c89a,四川省宜宾市第一中学校翠屏校区建筑物外墙整体排危更新项目中标（成交）结果公告,2026-07-24,四川省,,中标公告,,https://www.ggzy.gov.cn/information/deal/html/a/510000/0202/20260724/00514bf1765bfeff43efabfa3e41f392c89a.html,校舍维修改造,校舍维修改造,校舍维修改造,一贯制未分段,否,否
0031d6f656a209ba4161a18358b7412c841a,上海市共康中学2026年校园保安服务项目的中标（成交）结果公告,2026-07-24,上海市,,中标公告,上海政府采购网,https://www.ggzy.gov.cn/information/deal/html/a/310000/0202/20260724/0031d6f656a209ba4161a18358b7412c841a.html,后勤服务,其他,后勤服务,一贯制未分段,否,否
0031b8f49813ae8947aaae465e9d646b9f08,市北初级中学北校绿化改造工程的中标（成交）结果公告,2026-07-24,上海市,,中标公告,上海政府采购网,https://www.ggzy.gov.cn/information/deal/html/a/310000/0202/20260724/0031b8f49813ae8947aaae465e9d646b9f08.html,校舍维修改造,校舍维修改造,校舍维修改造;工程配套,初中,否,否
002271c2346214704896bb0678d24db091c8,通榆县第一中学校智慧校园（校园食品安全管理软硬件）项目中标(成交)结果公告,2026-07-24,吉林省,,中标公告,白城市人民政府政务服务中心(新),https://www.ggzy.gov.cn/information/deal/html/a/220000/0202/20260724/002271c2346214704896bb0678d24db091c8.html,智慧校园,智慧校园,智慧校园,一贯制未分段,是,是
0022883adc7b914241d1a4365480e7a3bc99,扶余市三骏满族蒙古族锡伯族乡第一中学运动场地改造项目中标(成交)结果公告,2026-07-24,吉林省,,中标公告,松原市公共资源交易中心,https://www.ggzy.gov.cn/information/deal/html/a/220000/0202/20260724/0022883adc7b914241d1a4365480e7a3bc99.html,校舍维修改造,校舍维修改造,校舍维修改造,一贯制未分段,否,否
001213643573cb2f419e9782b1b7c75c893c,天津市崇化中学 天津市崇化中学体育馆维修 (项目编号:XYCG-2026-024)成交公告,2026-07-24,天津市,,中标公告,天津市公共资源交易平台交易系统,https://www.ggzy.gov.cn/information/deal/html/a/120000/0202/20260724/001213643573cb2f419e9782b1b7c75c893c.html,校舍维修改造,校舍维修改造,校舍维修改造,一贯制未分段,否,否
0014295cb710ac294adbadaeb2b7174d04ac,绛县中学公开招标新建绛县中学校配套设施设备采购项目-报告厅及体育配套LED屏采购结果公告,2026-07-24,山西省,,中标公告,,https://www.ggzy.gov.cn/information/deal/html/a/140000/0202/20260724/0014295cb710ac294adbadaeb2b7174d04ac.html,大屏,大屏,大屏;校舍维修改造,一贯制未分段,是,是
00516b0f98b3dad54d04ab83d1443da7a130,成都市第二十中学校2026年二十中初中部食堂及综合排危改造项目中标（成交）结果公告,2026-07-24,四川省,,中标公告,,https://www.ggzy.gov.cn/information/deal/html/a/510000/0202/20260724/00516b0f98b3dad54d04ab83d1443da7a130.html,校舍维修改造,校舍维修改造,校舍维修改造;食堂设备,初中,否,否
00659f23af78f3c04b35a41ab72fb675f9ce,乌鲁木齐市第九十一中学教学楼暖气改造项目中标(成交)结果公告,2026-07-24,新疆维吾尔自治区,,中标公告,新疆维吾尔自治区公共资源交易平台,https://www.ggzy.gov.cn/information/deal/html/a/650000/0202/20260724/00659f23af78f3c04b35a41ab72fb675f9ce.html,校舍维修改造,校舍维修改造,校舍维修改造,一贯制未分段,否,否
003372d9403749f64107b74787e753cb674e,关于温州中学附属初中标准化考场建设项目的中标结果公告,2026-07-24,浙江省,,中标公告,温州市公共资源交易网,https://www.ggzy.gov.cn/information/deal/html/a/330000/0202/20260724/003372d9403749f64107b74787e753cb674e.html,其他,其他,,初中,否,否
0065f6e21b051b514f028e6e11a34542ca1d,吐鲁番市高昌区第三中学2026年改善普通高中学校办学条件设备购置项目（二次）中标(成交)结果公告,2026-07-24,新疆维吾尔自治区,,中标公告,新疆维吾尔自治区公共资源交易平台,https://www.ggzy.gov.cn/information/deal/html/a/650000/0202/20260724/0065f6e21b051b514f028e6e11a34542ca1d.html,其他,其他,,高中,否,否
004182ff562fa2d84e45a039e4dc697426e9,河南省济源第一中学田径场塑胶跑道改造项目中标结果公告,2026-07-24,河南省,,中标公告,济源市公共资源交易中心,https://www.ggzy.gov.cn/information/deal/html/a/410000/0202/20260724/004182ff562fa2d84e45a039e4dc697426e9.html,校舍维修改造,校舍维修改造,校舍维修改造,一贯制未分段,否,否
0051e26aa95d870f478889c94a3d633fe7ca,四川省苍溪县城郊中学校城郊中学教学及辅助用房改造项目中标（成交）结果公告,2026-07-24,四川省,,中标公告,,https://www.ggzy.gov.cn/information/deal/html/a/510000/0202/20260724/0051e26aa95d870f478889c94a3d633fe7ca.html,校舍维修改造,校舍维修改造,校舍维修改造,一贯制未分段,否,否
003522c166818c974b91af43cfd5147e26ff,黄如论中学温泉校区三网设备采购(三次)结果公告（采购包1）,2026-07-24,福建省,,中标公告,福州市公共资源交易服务中心,https://www.ggzy.gov.cn/information/deal/html/a/350000/0202/20260724/003522c166818c974b91af43cfd5147e26ff.html,其他,其他,,一贯制未分段,否,否
00146b0d1d41df464845879664fcc24142dd,山西省左权中学校竞争性磋商左权中学男女生宿舍楼供水辅助系统改造工程结果公告,2026-07-24,山西省,,中标公告,,https://www.ggzy.gov.cn/information/deal/html/a/140000/0202/20260724/00146b0d1d41df464845879664fcc24142dd.html,校舍维修改造,校舍维修改造,校舍维修改造,一贯制未分段,否,否
00159e192f81ed714f80aa8a3c35069ed881,西乌珠穆沁旗第二初级中学教学楼更换窗户、维修体育馆、教学楼门外小台阶中标（成交）结果公告,2026-07-24,内蒙古自治区,,中标公告,,https://www.ggzy.gov.cn/information/deal/html/a/150000/0202/20260724/00159e192f81ed714f80aa8a3c35069ed881.html,校舍维修改造,校舍维修改造,校舍维修改造,初中,否,否
0015ea489e5b14b04d2fa5392d22c6ae5c1f,鄂托克旗教育体育局鄂托克旗第一中学综合实验楼设备采购项目（一期）中标（成交）结果公告,2026-07-24,内蒙古自治区,,中标公告,,https://www.ggzy.gov.cn/information/deal/html/a/150000/0202/20260724/0015ea489e5b14b04d2fa5392d22c6ae5c1f.html,其他,其他,,教育局统筹,否,否
003276b857236aff4cd5904d6167f322b549,天一中学新吴分校新建工程实验设备仪器项目中标公告采购包1,2026-07-24,江苏省,,中标公告,,https://www.ggzy.gov.cn/information/deal/html/a/320000/0202/20260724/003276b857236aff4cd5904d6167f322b549.html,校舍维修改造,校舍维修改造,校舍维修改造;实验室设备;教学仪器,一贯制未分段,否,否
00325cd33187f9284e1688a2639351719e5b,南通市小海中学交互式教学一体机（电子黑板）采购中标公告采购包1,2026-07-24,江苏省,,中标公告,,https://www.ggzy.gov.cn/information/deal/html/a/320000/0202/20260724/00325cd33187f9284e1688a2639351719e5b.html,智慧黑板,智慧黑板,智慧黑板,一贯制未分段,是,是
005237761123e0884225bc26b78b338a8b86,江口县桃映镇初级中学教学楼维修改造项目中标结果公告,2026-07-24,贵州省,,中标公告,铜仁市公共资源交易中心,https://www.ggzy.gov.cn/information/deal/html/a/520000/0202/20260724/005237761123e0884225bc26b78b338a8b86.html,校舍维修改造,校舍维修改造,校舍维修改造,初中,否,否
00343c7b2747210146e1b3899ec3be33d458,2026年芜湖市火龙岗中学维修工程成交结果公告,2026-07-24,安徽省,,中标公告,芜湖市公共资源交易平台电子交易系统,https://www.ggzy.gov.cn/information/deal/html/a/340000/0202/20260724/00343c7b2747210146e1b3899ec3be33d458.html,校舍维修改造,校舍维修改造,校舍维修改造,一贯制未分段,否,否
0061101ba5e056ae46e997bc55675f664fb8,榆林市第十三中学智慧校园设备项目中标（成交）结果公告,2026-07-24,陕西省,,中标公告,全国公共资源交易平台（陕西省）,https://www.ggzy.gov.cn/information/deal/html/a/610000/0202/20260724/0061101ba5e056ae46e997bc55675f664fb8.html,智慧校园,智慧校园,智慧校园,一贯制未分段,是,是
001146e58a0744914500873bf463993e79aa,北京亦庄实验中学智慧食堂融合平台项目中标公告,2026-07-24,北京,,中标公告,北京市政府采购网,https://www.ggzy.gov.cn/information/deal/html/a/110000/0202/20260724/001146e58a0744914500873bf463993e79aa.html,食堂设备,食堂设备,食堂设备,一贯制未分段,否,否
0050407748367fbb451dbb8b9c2b738f8b03,长寿二中和川维中学学生课桌椅联合采购项目(CSQ26A00354)中标（成交）结果公告,2026-07-24,重庆市,,中标公告,重庆市公共资源交易服务平台,https://www.ggzy.gov.cn/information/deal/html/a/500000/0202/20260724/0050407748367fbb451dbb8b9c2b738f8b03.html,课桌椅,课桌椅,课桌椅,一贯制未分段,否,否
0022f2d340d85daa472db3e3ebea9f4d08eb,长春市长春中学教学楼多功能教室设备采购项目中标（成交）结果公告,2026-07-24,吉林省,,中标公告,长春市公共资源交易中心(新),https://www.ggzy.gov.cn/information/deal/html/a/220000/0202/20260724/0022f2d340d85daa472db3e3ebea9f4d08eb.html,其他,其他,,一贯制未分段,否,否
003528ee4ee0ee8e4e98b0f1b70bad761a36,福建省长汀县第二中学印刷服务采购项目结果公告（采购包1）,2026-07-24,福建省,,中标公告,龙岩市公共资源交易中心,https://www.ggzy.gov.cn/information/deal/html/a/350000/0202/20260724/003528ee4ee0ee8e4e98b0f1b70bad761a36.html,后勤服务,其他,后勤服务,一贯制未分段,否,否
005134ca45f42c3549ba90ab6180d05f9b31,四川省成都市大弯中学校大弯中学食堂改造项目（食堂餐厨设施设备购置）中标（成交）结果公告,2026-07-24,四川省,,中标公告,,https://www.ggzy.gov.cn/information/deal/html/a/510000/0202/20260724/005134ca45f42c3549ba90ab6180d05f9b31.html,校舍维修改造,校舍维修改造,校舍维修改造;食堂设备,一贯制未分段,否,否
0022f298bf2cb3f5485ebc8f17acbe478275,长春市第一中学生活楼采暖系统改造工程中标(成交)结果公告,2026-07-24,吉林省,,中标公告,长春市公共资源交易中心(新),https://www.ggzy.gov.cn/information/deal/html/a/220000/0202/20260724/0022f298bf2cb3f5485ebc8f17acbe478275.html,校舍维修改造,校舍维修改造,校舍维修改造,一贯制未分段,否,否
00227a233e83cef449f09c2f80dfbc195c97,长春市第九中学教学楼、宿舍楼卫生间维修改造工程项目 成交结果公告,2026-07-24,吉林省,,中标公告,长春市公共资源交易中心(新),https://www.ggzy.gov.cn/information/deal/html/a/220000/0202/20260724/00227a233e83cef449f09c2f80dfbc195c97.html,校舍维修改造,校舍维修改造,校舍维修改造,一贯制未分段,否,否
0051bb2ad27f23f24de7806960e8e67eedbe,四川省遂宁中学校育才校区学生宿舍升级改造中标（成交）结果公告,2026-07-24,四川省,,中标公告,,https://www.ggzy.gov.cn/information/deal/html/a/510000/0202/20260724/0051bb2ad27f23f24de7806960e8e67eedbe.html,校舍维修改造,校舍维修改造,校舍维修改造,一贯制未分段,否,否
0015242f1c08dc6d44c1b8f32db5feb83e85,喀喇沁旗锦山第三中学锦山三中外墙与内部修缮项目中标（成交）结果公告,2026-07-24,内蒙古自治区,,中标公告,,https://www.ggzy.gov.cn/information/deal/html/a/150000/0202/20260724/0015242f1c08dc6d44c1b8f32db5feb83e85.html,校舍维修改造,校舍维修改造,校舍维修改造,一贯制未分段,否,否
00159e942c6fe514441c8c57b48d8af9977f,呼和浩特市第三十四中学爱民街校区（东校区）关于操场、篮球场维修改造及院面平整工程项目中标（成交）结果公告,2026-07-24,内蒙古自治区,,中标公告,,https://www.ggzy.gov.cn/information/deal/html/a/150000/0202/20260724/00159e942c6fe514441c8c57b48d8af9977f.html,校舍维修改造,校舍维修改造,校舍维修改造;工程配套,一贯制未分段,否,否
004310d20f700fac4929a4e87a7c1ce4a1e3,长沙市长郡双语实验中学篮球架、健身器材采购、体育教学器材采购项目结果公告,2026-07-24,湖南省,,中标公告,,https://www.ggzy.gov.cn/information/deal/html/a/430000/0202/20260724/004310d20f700fac4929a4e87a7c1ce4a1e3.html,音体美器材,音体美器材,音体美器材,一贯制未分段,否,否
0013ec542aebf91441acb9cc7f80b1a4a2f0,Z1310282600382001大厂回族自治县高级实验中学强电设备购置项目结果公告,2026-07-24,河北省,,中标公告,廊坊市公共资源交易中心,https://www.ggzy.gov.cn/information/deal/html/a/130000/0202/20260724/0013ec542aebf91441acb9cc7f80b1a4a2f0.html,其他,其他,,一贯制未分段,否,否
0051f4747c18086d49a7900b534626309ebd,成都市石室联合中学（西区）2026年石室联合中学（西区）物业管理项目（二次））中标（成交）结果公告,2026-07-24,四川省,,中标公告,,https://www.ggzy.gov.cn/information/deal/html/a/510000/0202/20260724/0051f4747c18086d49a7900b534626309ebd.html,后勤服务,其他,后勤服务,一贯制未分段,否,否
0022f912748e69024aa2a96533e3313d7774,柳河县第一中学2026年采购智慧黑板（6.1）中标(成交)结果公告,2026-07-24,吉林省,,中标公告,通化市电子招投标交易平台(新),https://www.ggzy.gov.cn/information/deal/html/a/220000/0202/20260724/0022f912748e69024aa2a96533e3313d7774.html,智慧黑板,智慧黑板,智慧黑板,一贯制未分段,是,是
003340598898732346a987d9cc13df784c08,杭州华厦建筑咨询有限公司关于2026学年杭州市余杭区良渚第二中学食堂服务外包项目中标(成交)结果公告,2026-07-24,浙江省,,中标公告,杭州市公共资源交易网,https://www.ggzy.gov.cn/information/deal/html/a/330000/0202/20260724/003340598898732346a987d9cc13df784c08.html,食堂设备,食堂设备,食堂设备;后勤服务,一贯制未分段,否,否
0015011fdc68f0a6424a8090f2cfab159729,扎兰屯市蘑菇气镇中学室外运动场建设项目中标（成交）结果公告,2026-07-24,内蒙古自治区,,中标公告,,https://www.ggzy.gov.cn/information/deal/html/a/150000/0202/20260724/0015011fdc68f0a6424a8090f2cfab159729.html,校舍维修改造,校舍维修改造,校舍维修改造,一贯制未分段,否,否
0041c5d8911464fa41acb9429167e4285794,淅川县第一高级中学电力改造及消防设施建设项目-成交公告,2026-07-24,河南省,,中标公告,淅川县公共资源交易中心,https://www.ggzy.gov.cn/information/deal/html/a/410000/0202/20260724/0041c5d8911464fa41acb9429167e4285794.html,校舍维修改造,校舍维修改造,校舍维修改造;校园安防,高中,否,否
0061af6fa0b75cc4411ebf6f6c6bd545630a,宝鸡市第一中学西关校区会议室中央空调安装、党建室与学生餐厅、校园安防及广播系统提升改造项目采购结果公告,2026-07-24,陕西省,,中标公告,全国公共资源交易平台（陕西省）,https://www.ggzy.gov.cn/information/deal/html/a/610000/0202/20260724/0061af6fa0b75cc4411ebf6f6c6bd545630a.html,校舍维修改造,校舍维修改造,校舍维修改造;食堂设备;校园安防;工程配套,一贯制未分段,否,否
004181a8ec8d73b4424d95c8094c495d1214,卢氏县范里镇初级中学运动场改造工程-成交公告,2026-07-24,河南省,,中标公告,三门峡市公共资源交易中心,https://www.ggzy.gov.cn/information/deal/html/a/410000/0202/20260724/004181a8ec8d73b4424d95c8094c495d1214.html,校舍维修改造,校舍维修改造,校舍维修改造,初中,否,否
00333f87257f00754fd3a8ba780e953da595,浙江同诚建设管理有限公司关于桐乡市崇德初级中学食堂操作间改造厨房设备采购项目中标(成交)结果公告,2026-07-24,浙江省,,中标公告,嘉兴市公共资源交易网,https://www.ggzy.gov.cn/information/deal/html/a/330000/0202/20260724/00333f87257f00754fd3a8ba780e953da595.html,校舍维修改造,校舍维修改造,校舍维修改造;食堂设备,初中,否,否
00337137dde2a86b45ea8e521c2160ca0add,浙江中明工程咨询有限公司关于湖州中学教学科创楼弱电智能化项目（重新招标）中标(成交)结果公告,2026-07-24,浙江省,,中标公告,湖州市公共资源交易网,https://www.ggzy.gov.cn/information/deal/html/a/330000/0202/20260724/00337137dde2a86b45ea8e521c2160ca0add.html,后勤服务,其他,后勤服务,一贯制未分段,否,否
00336cbe6f68ea9a4457b33abbd5d2e02bd5,海盐县公共资源交易中心关于海盐第二高级中学空调采购项目中标(成交)结果公告,2026-07-24,浙江省,,中标公告,嘉兴市公共资源交易网,https://www.ggzy.gov.cn/information/deal/html/a/330000/0202/20260724/00336cbe6f68ea9a4457b33abbd5d2e02bd5.html,工程配套,其他,工程配套,高中,否,否
0033c5bdc15de4f9455eba7ccd7162ef7e72,海盐县公共资源交易中心关于海盐第二高级中学学生宿舍家具采购项目中标(成交)结果公告,2026-07-24,浙江省,,中标公告,嘉兴市公共资源交易网,https://www.ggzy.gov.cn/information/deal/html/a/330000/0202/20260724/0033c5bdc15de4f9455eba7ccd7162ef7e72.html,课桌椅,课桌椅,课桌椅,高中,否,否
00332c15748284cd4bc0ade607b86f526a08,华诚工程咨询集团有限公司关于湖州市菱湖中学体艺馆装修改造项目成交结果公告,2026-07-24,浙江省,,中标公告,湖州市公共资源交易网,https://www.ggzy.gov.cn/information/deal/html/a/330000/0202/20260724/00332c15748284cd4bc0ade607b86f526a08.html,校舍维修改造,校舍维修改造,校舍维修改造;后勤服务,一贯制未分段,否,否
0061923f2b5b92b34b229f5b1e5b461433fb,绥德县第一中学校舍维修改造项目采购结果公告,2026-07-24,陕西省,,中标公告,全国公共资源交易平台（陕西省）,https://www.ggzy.gov.cn/information/deal/html/a/610000/0202/20260724/0061923f2b5b92b34b229f5b1e5b461433fb.html,校舍维修改造,校舍维修改造,校舍维修改造,一贯制未分段,否,否
00612a84c1f7b43f48a5be268fdd2e102e51,汉阴第二高级中学食堂劳务服务采购项目采购结果公告,2026-07-24,陕西省,,中标公告,全国公共资源交易平台（陕西省·安康市）电子交易系统,https://www.ggzy.gov.cn/information/deal/html/a/610000/0202/20260724/00612a84c1f7b43f48a5be268fdd2e102e51.html,食堂设备,食堂设备,食堂设备;后勤服务,高中,否,否
0033968c1a6a404a40b685bfc0ab821e3c95,华诚工程咨询集团有限公司关于安吉县昌硕高级中学改造工程设计服务采购项目（第二次）中标(成交)结果公告,2026-07-24,浙江省,,中标公告,湖州市公共资源交易网,https://www.ggzy.gov.cn/information/deal/html/a/330000/0202/20260724/0033968c1a6a404a40b685bfc0ab821e3c95.html,校舍维修改造,校舍维修改造,校舍维修改造;后勤服务,高中,否,否
00413611a52a3286448190cbd36c4366caa3,郑州市第三十二高级中学2026年开办费：大礼堂声光机械系统项目-中标公告,2026-07-24,河南省,,中标公告,,https://www.ggzy.gov.cn/information/deal/html/a/410000/0202/20260724/00413611a52a3286448190cbd36c4366caa3.html,其他,其他,,高中,否,否
00614c41dda8732e48c2942d73d4aea8140e,西安市临潼区临潼中学教学综合楼建设项目中标（成交）结果公告,2026-07-24,陕西省,,中标公告,全国公共资源交易平台（陕西省·西安市）电子交易系统,https://www.ggzy.gov.cn/information/deal/html/a/610000/0202/20260724/00614c41dda8732e48c2942d73d4aea8140e.html,其他,其他,,一贯制未分段,否,否
006153b3e2818bd7426b8435d79c3a9e5ef6,宝鸡高新第一初级中学食堂调味品、干货等食材配送服务项目采购结果公告,2026-07-24,陕西省,,中标公告,全国公共资源交易平台（陕西省）,https://www.ggzy.gov.cn/information/deal/html/a/610000/0202/20260724/006153b3e2818bd7426b8435d79c3a9e5ef6.html,食堂设备,食堂设备,食堂设备;后勤服务,初中,否,否
00610c46dfe6281a4a88b63044dd1fda6790,宝鸡高新第一初级中学食堂蔬菜、水果等食材配送服务项目采购结果公告,2026-07-24,陕西省,,中标公告,全国公共资源交易平台（陕西省）,https://www.ggzy.gov.cn/information/deal/html/a/610000/0202/20260724/00610c46dfe6281a4a88b63044dd1fda6790.html,食堂设备,食堂设备,食堂设备;后勤服务,初中,否,否
006131c88ea6c5b3463db654ee06d5a40cb9,宝鸡高新第一初级中学食堂服务团队聘请采购结果公告,2026-07-24,陕西省,,中标公告,全国公共资源交易平台（陕西省）,https://www.ggzy.gov.cn/information/deal/html/a/610000/0202/20260724/006131c88ea6c5b3463db654ee06d5a40cb9.html,食堂设备,食堂设备,食堂设备,初中,否,否
0033c9228f8356d3479b9041efe45dccbf75,衢州市公共资源交易江山市分中心关于浙江省江山中学物业管理服务采购项目中标(成交)结果公告,2026-07-24,浙江省,,中标公告,衢州市公共资源交易网,https://www.ggzy.gov.cn/information/deal/html/a/330000/0202/20260724/0033c9228f8356d3479b9041efe45dccbf75.html,后勤服务,其他,后勤服务,一贯制未分段,否,否
00614637cb7516ce47f9a015dbfe11c7ccff,旬阳市石门初级中学提升改造工程采购结果公告,2026-07-24,陕西省,,中标公告,全国公共资源交易平台（陕西省·安康市）电子交易系统,https://www.ggzy.gov.cn/information/deal/html/a/610000/0202/20260724/00614637cb7516ce47f9a015dbfe11c7ccff.html,校舍维修改造,校舍维修改造,校舍维修改造,初中,否,否
0014fc8ef228a01d48d4abe920c2ed82bb49,运城市实验中学东校区操场改造工程结果公告,2026-07-24,山西省,,中标公告,,https://www.ggzy.gov.cn/information/deal/html/a/140000/0202/20260724/0014fc8ef228a01d48d4abe920c2ed82bb49.html,校舍维修改造,校舍维修改造,校舍维修改造,一贯制未分段,否,否
003756b568cfb9fb46d7a19f9c14afa771f8,烟台市蓬莱区郝斌中学扩建项目综合楼施工图设计成交公告,2026-07-24,山东省,,中标公告,烟台市公共资源交易系统,https://www.ggzy.gov.cn/information/deal/html/a/370000/0202/20260724/003756b568cfb9fb46d7a19f9c14afa771f8.html,校舍维修改造,校舍维修改造,校舍维修改造,一贯制未分段,否,否
0036da514b4956174f30a4de44daee7f3254,中鹏工程咨询有限公司关于赣州市章贡中学2026年度物业服务采购项目（项目编号：ZPZX2026-ZG-C001）的成交结果公告,2026-07-24,江西省,,中标公告,赣州市公共资源交易中心,https://www.ggzy.gov.cn/information/deal/html/a/360000/0202/20260724/0036da514b4956174f30a4de44daee7f3254.html,后勤服务,其他,后勤服务,一贯制未分段,否,否
00367c0b005a437c444e9eb5b7411c4e5a83,江西诚信伟业招标咨询有限公司关于江西师范大学附属中学教学楼铝合金窗改造项目（项目编号：1493-266106252044）竞争性磋商采购结果公告,2026-07-24,江西省,,中标公告,江西省公共资源交易中心,https://www.ggzy.gov.cn/information/deal/html/a/360000/0202/20260724/00367c0b005a437c444e9eb5b7411c4e5a83.html,校舍维修改造,校舍维修改造,校舍维修改造;后勤服务,一贯制未分段,否,否
00363bfe53f3b85e4993906863fc9eb84bd2,中鹏工程咨询有限公司关于赣州市章贡中学2026年度安保服务采购项目（项目编号：ZPZX2026-ZG-C002）的成交结果公告,2026-07-24,江西省,,中标公告,赣州市公共资源交易中心,https://www.ggzy.gov.cn/information/deal/html/a/360000/0202/20260724/00363bfe53f3b85e4993906863fc9eb84bd2.html,校园安防,校园安防,校园安防;后勤服务,一贯制未分段,否,否
003635b66162912f480f937115ce1bb04e68,南昌市政府采购中心关于南昌市第一中学华侨城校区台式计算机采购项目（项目编号：NCZFCG2026-0062）询价结果公示,2026-07-24,江西省,,中标公告,南昌市公共资源交易中心,https://www.ggzy.gov.cn/information/deal/html/a/360000/0202/20260724/003635b66162912f480f937115ce1bb04e68.html,信息化设备,信息化设备,信息化设备,一贯制未分段,是,是
00361ed884eebe70489a938e691bb65d90a4,南昌市政府采购中心关于南昌市第一中学华侨城校区触控一体机采购项目（项目编号：NCZFCG2026-0063）询价采购公示,2026-07-24,江西省,,中标公告,南昌市公共资源交易中心,https://www.ggzy.gov.cn/information/deal/html/a/360000/0202/20260724/00361ed884eebe70489a938e691bb65d90a4.html,大屏,大屏,大屏,一贯制未分段,是,是
003610e5d4f0ceb245e0921fdbb5db0f9a34,江西金诺咨询管理有限公司关于南昌市第二中学苏圃路校区校园提升改造工程（项目编号：JNCT202603021）电子化竞争性谈判成交结果公告,2026-07-24,江西省,,中标公告,南昌市公共资源交易中心,https://www.ggzy.gov.cn/information/deal/html/a/360000/0202/20260724/003610e5d4f0ceb245e0921fdbb5db0f9a34.html,校舍维修改造,校舍维修改造,校舍维修改造;后勤服务,一贯制未分段,否,否
0034a23fbb511a6a40c49a17056423e9b08a,铜陵市第五中学新建错那班学生宿舍楼项目床、椅、组合柜采购中标结果公告,2026-07-24,安徽省,,中标公告,铜陵市公共资源交易平台电子交易系统,https://www.ggzy.gov.cn/information/deal/html/a/340000/0202/20260724/0034a23fbb511a6a40c49a17056423e9b08a.html,校舍维修改造,校舍维修改造,校舍维修改造,一贯制未分段,否,否
0021f58d590f3d584150a7f474b64cebcc72,2026年柏榆中学校舍维修改造项目结果公告,2026-07-24,辽宁省,,中标公告,辽宁政府采购网,https://www.ggzy.gov.cn/information/deal/html/a/210000/0202/20260724/0021f58d590f3d584150a7f474b64cebcc72.html,校舍维修改造,校舍维修改造,校舍维修改造,一贯制未分段,否,否
005255ad19918e6246999c99a858ab19a3c7,2026年花溪区英语实验学校维修改造中标结果公告,2026-07-24,贵州省,,中标公告,贵阳市公共资源交易中心,https://www.ggzy.gov.cn/information/deal/html/a/520000/0202/20260724/005255ad19918e6246999c99a858ab19a3c7.html,校舍维修改造,校舍维修改造,校舍维修改造,一贯制未分段,否,否
00446dd747cdce22430db7f4ee047261221a,深汕实验学校三期教学及办公家具采购项目中标（成交）结果公告,2026-07-24,广东省,,中标公告,,https://www.ggzy.gov.cn/information/deal/html/a/440000/0202/20260724/00446dd747cdce22430db7f4ee047261221a.html,课桌椅,课桌椅,课桌椅,一贯制未分段,否,否
0043df2ce2f4108e44a79b9a39779bb0aae5,沅江市城南实验学校运动场提质改造项目成交公告,2026-07-24,湖南省,,中标公告,,https://www.ggzy.gov.cn/information/deal/html/a/430000/0202/20260724/0043df2ce2f4108e44a79b9a39779bb0aae5.html,校舍维修改造,校舍维修改造,校舍维修改造,一贯制未分段,否,否
003481fd02379a714e149bd49481d322bf60,淮南经济技术开发区实验学校校舍维修及操场维修项目（一次）成交结果公告,2026-07-24,安徽省,,中标公告,淮南市公共资源交易平台电子交易系统,https://www.ggzy.gov.cn/information/deal/html/a/340000/0202/20260724/003481fd02379a714e149bd49481d322bf60.html,校舍维修改造,校舍维修改造,校舍维修改造,一贯制未分段,否,否
0022eeced96fbf194925919af8fbbe46aaf5,梅河新区博雅实验学校维修改造工程项目中标(成交)结果公告,2026-07-24,吉林省,,中标公告,通化市电子招投标交易平台(新),https://www.ggzy.gov.cn/information/deal/html/a/220000/0202/20260724/0022eeced96fbf194925919af8fbbe46aaf5.html,校舍维修改造,校舍维修改造,校舍维修改造,一贯制未分段,否,否
00444888d5b7667145d1abc3b3b3ec7c0cd1,东莞市松山湖横沥实验学校购买食堂厨工服务项目结果公告,2026-07-24,广东省,,中标公告,,https://www.ggzy.gov.cn/information/deal/html/a/440000/0202/20260724/00444888d5b7667145d1abc3b3b3ec7c0cd1.html,食堂设备,食堂设备,食堂设备,一贯制未分段,否,否
0033176f52d10eab4bce92c498328630589d,浙江西建工程管理有限公司关于保俶塔实验学校2026年室内维修工程中标(成交)结果公告,2026-07-24,浙江省,,中标公告,杭州市公共资源交易网,https://www.ggzy.gov.cn/information/deal/html/a/330000/0202/20260724/0033176f52d10eab4bce92c498328630589d.html,校舍维修改造,校舍维修改造,校舍维修改造,一贯制未分段,否,否
0035179152bbd7144dfc80f0afe3c0dfe31c,莆田市外国语学校网络、监控和广播中心设备采购结果公告（采购包1）,2026-07-24,福建省,,中标公告,莆田市行政服务中心,https://www.ggzy.gov.cn/information/deal/html/a/350000/0202/20260724/0035179152bbd7144dfc80f0afe3c0dfe31c.html,校园安防,校园安防,校园安防,一贯制未分段,否,否
0065c5b61d29320047ba8898327fe92d749d,伊宁市教育局学校食堂劳务招标项目中标(成交)结果公告,2026-07-24,新疆维吾尔自治区,,中标公告,新疆维吾尔自治区公共资源交易平台,https://www.ggzy.gov.cn/information/deal/html/a/650000/0202/20260724/0065c5b61d29320047ba8898327fe92d749d.html,食堂设备,食堂设备,食堂设备;后勤服务,教育局统筹,否,否
0014bbe15e48a5c246f9b59102913c2f3432,长子县教育局关于购买学生校外意外伤害保险服务项目竞争性磋商结果公告,2026-07-24,山西省,,中标公告,,https://www.ggzy.gov.cn/information/deal/html/a/140000/0202/20260724/0014bbe15e48a5c246f9b59102913c2f3432.html,后勤服务,其他,后勤服务,教育局统筹,否,否
00651d59887bdbeb4ccd8ad3cb1f64636157,柯坪县教育局2026年柯坪县义务教育校舍安全保障长效机制项目（四标段）中标(成交)结果公告,2026-07-24,新疆维吾尔自治区,,中标公告,新疆维吾尔自治区公共资源交易平台,https://www.ggzy.gov.cn/information/deal/html/a/650000/0202/20260724/00651d59887bdbeb4ccd8ad3cb1f64636157.html,校舍维修改造,校舍维修改造,校舍维修改造,教育局统筹,否,否
00514f49fabe23954e6092537309cd0052f9,阿坝县教育局2026年寄宿制学生生活用品采购项目(四次)中标（成交）结果公告,2026-07-24,四川省,,中标公告,,https://www.ggzy.gov.cn/information/deal/html/a/510000/0202/20260724/00514f49fabe23954e6092537309cd0052f9.html,其他,其他,,教育局统筹,否,否
0015ac8c5c9696254fea9f0b89fbc5c207e5,鄂温克族自治旗教育局运动场塑胶跑道与草坪修缮项目中标（成交）结果公告,2026-07-24,内蒙古自治区,,中标公告,,https://www.ggzy.gov.cn/information/deal/html/a/150000/0202/20260724/0015ac8c5c9696254fea9f0b89fbc5c207e5.html,校舍维修改造,校舍维修改造,校舍维修改造;工程配套,教育局统筹,否,否
00417910b3d7e3bb44eca11634edc17164b0,汤阴县教育局安阳市专门学校改建采购项目包2（二次）-成交公告,2026-07-24,河南省,,中标公告,,https://www.ggzy.gov.cn/information/deal/html/a/410000/0202/20260724/00417910b3d7e3bb44eca11634edc17164b0.html,其他,其他,,教育局统筹,否,否
0043ff6a80f2cb1241bda94129247354c1c0,芷江侗族自治县教育局芷江侗族自治县学校（含城区）大宗食材米、食用油采购公开招标中标公示,2026-07-24,湖南省,,中标公告,,https://www.ggzy.gov.cn/information/deal/html/a/430000/0202/20260724/0043ff6a80f2cb1241bda94129247354c1c0.html,后勤服务,其他,后勤服务,教育局统筹,否,否
001424f2fbcd485044bd9a39d7d84d28f734,长治市教育局单一来源采购AI+数据双轮驱动学科核心素养提升工程结果公告,2026-07-24,山西省,,中标公告,,https://www.ggzy.gov.cn/information/deal/html/a/140000/0202/20260724/001424f2fbcd485044bd9a39d7d84d28f734.html,人工智能,人工智能,人工智能,教育局统筹,是,是
00514c713c41430c4dcaa82b5bb893387cd6,马尔康市教育局KCBX专项研学中标（成交）结果公告,2026-07-24,四川省,,中标公告,,https://www.ggzy.gov.cn/information/deal/html/a/510000/0202/20260724/00514c713c41430c4dcaa82b5bb893387cd6.html,其他,其他,,教育局统筹,否,否
00516a825d53c9e44aadade4bed92130d7d8,大英县教育局大英县公办学校2026年食堂食材集中配送服务采购项目中标（成交）结果公告,2026-07-24,四川省,,中标公告,,https://www.ggzy.gov.cn/information/deal/html/a/510000/0202/20260724/00516a825d53c9e44aadade4bed92130d7d8.html,食堂设备,食堂设备,食堂设备;后勤服务,教育局统筹,否,否
004188f959ac579c4f1f9cf3d328fc1eec60,舞阳县教育局义务教育学校触控一体机（智慧黑板）采购项目-成交公告,2026-07-24,河南省,,中标公告,,https://www.ggzy.gov.cn/information/deal/html/a/410000/0202/20260724/004188f959ac579c4f1f9cf3d328fc1eec60.html,智慧黑板,智慧黑板,智慧黑板;大屏,教育局统筹,是,是
002294df1881b3074e00b46ce2851f4e9e42,抚松县教育局义务教育阶段学校设备采购项目中标(成交)结果公告,2026-07-24,吉林省,,中标公告,白山电子招投标交易平台,https://www.ggzy.gov.cn/information/deal/html/a/220000/0202/20260724/002294df1881b3074e00b46ce2851f4e9e42.html,其他,其他,,教育局统筹,否,否
00317cfae5aa10f648bfb411b8f21e75c872,2026年松江区教育局物业管理服务（第三批）的中标（成交）结果公告,2026-07-24,上海市,,中标公告,上海政府采购网,https://www.ggzy.gov.cn/information/deal/html/a/310000/0202/20260724/00317cfae5aa10f648bfb411b8f21e75c872.html,后勤服务,其他,后勤服务,教育局统筹,否,否
0014cf3f371067ec46d8b97268fb994d0c2f,高平市教育局公开招标高平教育局增设地震预警信息发布终端项目结果公告,2026-07-24,山西省,,中标公告,,https://www.ggzy.gov.cn/information/deal/html/a/140000/0202/20260724/0014cf3f371067ec46d8b97268fb994d0c2f.html,信息化设备,信息化设备,信息化设备,教育局统筹,是,是
00428bafaeb641dd4ef0a3ab5c81af57dab1,黄石市教育局黄石市“国培计划（2026）”教师培训中标（成交）结果公告,2026-07-24,湖北省,,中标公告,湖北省政府采购网,https://www.ggzy.gov.cn/information/deal/html/a/420000/0202/20260724/00428bafaeb641dd4ef0a3ab5c81af57dab1.html,培训,培训,培训,教育局统筹,是,是
0064dbba3b63e5694a87918c4de7acab772b,银川市西夏区教育局智慧食堂建设项目中标公告,2026-07-24,宁夏回族自治区,,中标公告,宁夏公共资源交易服务平台,https://www.ggzy.gov.cn/information/deal/html/a/640000/0202/20260724/0064dbba3b63e5694a87918c4de7acab772b.html,食堂设备,食堂设备,食堂设备,教育局统筹,否,否
00157832a67260434755a14ed546f23ec81c,包头市青山区教育局2026年内蒙古自治区校园足球精英赛赛事及活动项目中标（成交）结果公告,2026-07-24,内蒙古自治区,,中标公告,,https://www.ggzy.gov.cn/information/deal/html/a/150000/0202/20260724/00157832a67260434755a14ed546f23ec81c.html,其他,其他,,教育局统筹,否,否
0033edba8acacadf40e786afb8594ae00a7d,浙江尚信工程咨询有限公司关于衢州市教育局衢州市第二期中青年校长培养项目的中标结果公告,2026-07-24,浙江省,,中标公告,衢州市公共资源交易网,https://www.ggzy.gov.cn/information/deal/html/a/330000/0202/20260724/0033edba8acacadf40e786afb8594ae00a7d.html,后勤服务,其他,后勤服务,教育局统筹,否,否
0045de00f94035014b819eb0fb53c0063c17,广西桂贵工程咨询服务有限公司关于2026年第一批农村义务教育校舍安全保障长效机制补助资金-贵港市港南区木格镇中心学校运动场地改造项目（项目编号：GGZC2026-C2-030050-GXGG）成交结果公告,2026-07-24,广西壮族自治区,,中标公告,贵港市公共资源交易平台,https://www.ggzy.gov.cn/information/deal/html/a/450000/0202/20260724/0045de00f94035014b819eb0fb53c0063c17.html,校舍维修改造,校舍维修改造,校舍维修改造;后勤服务,一贯制未分段,否,否
0022f16ffc3db4d645588c806cd0a3fa665e,永吉县义务教育信息化设备采购项目（三次）中标(成交)结果公告,2026-07-24,吉林省,,中标公告,吉林市公共资源交易网上招投标系统,https://www.ggzy.gov.cn/information/deal/html/a/220000/0202/20260724/0022f16ffc3db4d645588c806cd0a3fa665e.html,信息化,信息化,信息化,一贯制未分段,是,是
00157770cda33a2b4f9293f0f8d4d6bff800,内蒙古自治区教育科学研究与监测评估院内蒙古自治区2026年度义务教育课程实施与教材使用监测项目中标（成交）结果公告,2026-07-24,内蒙古自治区,,中标公告,,https://www.ggzy.gov.cn/information/deal/html/a/150000/0202/20260724/00157770cda33a2b4f9293f0f8d4d6bff800.html,后勤服务,其他,后勤服务,一贯制未分段,否,否
0061d3738c2739184fe7ab4285d3de160c42,米脂县学生资助和后勤服务中心米脂县2026-2027学年义务教育阶段学校零收费（作业本、校服）采购项目(二次)中标（成交）结果公告,2026-07-24,陕西省,,中标公告,全国公共资源交易平台（陕西省）,https://www.ggzy.gov.cn/information/deal/html/a/610000/0202/20260724/0061d3738c2739184fe7ab4285d3de160c42.html,校服,校服,校服;后勤服务,一贯制未分段,否,否
00514ad2c1934ed24ab28b7f9108bfb35128,武胜县教育科技和体育局2026-2027学年义务教育阶段学生作业本采购项目中标（成交）结果公告,2026-07-24,四川省,,中标公告,,https://www.ggzy.gov.cn/information/deal/html/a/510000/0202/20260724/00514ad2c1934ed24ab28b7f9108bfb35128.html,其他,其他,,一贯制未分段,否,否
00339097d632a58c44709aa084f2d567ea70,文华小学2026年教学及教学辅助用房维修工程合同,2026-07-26,浙江省,,采购合同,杭州市公共资源交易网,https://www.ggzy.gov.cn/information/deal/html/a/330000/0203/20260726/00339097d632a58c44709aa084f2d567ea70.html,校舍维修改造,校舍维修改造,校舍维修改造,小学,否,否
00518c87a3e2e19b4b00be4b057620da5d3e,邛崃市西街小学触控一体机直接选定采购合同,2026-07-26,四川省,,采购合同,,https://www.ggzy.gov.cn/information/deal/html/a/510000/0203/20260726/00518c87a3e2e19b4b00be4b057620da5d3e.html,大屏,大屏,大屏,小学,是,是
00429b1758d69347492296030d0d82158772,还地桥镇小学校舍维修工程,2026-07-26,湖北省,,采购合同,湖北省政府采购网,https://www.ggzy.gov.cn/information/deal/html/a/420000/0203/20260726/00429b1758d69347492296030d0d82158772.html,校舍维修改造,校舍维修改造,校舍维修改造,小学,否,否
00425cc8c90732ea41ef9b5967f5689492fd,2026年中小学教室触控一体机采购,2026-07-26,湖北省,,采购合同,湖北省政府采购网,https://www.ggzy.gov.cn/information/deal/html/a/420000/0203/20260726/00425cc8c90732ea41ef9b5967f5689492fd.html,大屏,大屏,大屏,教育局统筹,是,是
0042aeb73f386c90404ea763a8e9bd9e15a6,监利市红城小学教学楼及运动场改扩建工程,2026-07-26,湖北省,,采购合同,湖北省政府采购网,https://www.ggzy.gov.cn/information/deal/html/a/420000/0203/20260726/0042aeb73f386c90404ea763a8e9bd9e15a6.html,校舍维修改造,校舍维修改造,校舍维修改造,小学,否,否
00427f2c23b8c9cb4d4e8ea1109a8677a2b0,2026年江汉区中小学智慧黑板采购 （第一包）,2026-07-26,湖北省,,采购合同,湖北省政府采购网,https://www.ggzy.gov.cn/information/deal/html/a/420000/0203/20260726/00427f2c23b8c9cb4d4e8ea1109a8677a2b0.html,智慧黑板,智慧黑板,智慧黑板,教育局统筹,是,是
0042088087c3845040c1a08bdbf40d530dd2,宣恩县第二民族实验小学食堂改造项目合同书,2026-07-25,湖北省,,采购合同,湖北省政府采购网,https://www.ggzy.gov.cn/information/deal/html/a/420000/0203/20260725/0042088087c3845040c1a08bdbf40d530dd2.html,校舍维修改造,校舍维修改造,校舍维修改造;食堂设备,小学,否,否
0042c981a1f3f8294fa0937d33a55471ebf4,枝江市丹阳小学综合楼维修改造项目,2026-07-25,湖北省,,采购合同,湖北省政府采购网,https://www.ggzy.gov.cn/information/deal/html/a/420000/0203/20260725/0042c981a1f3f8294fa0937d33a55471ebf4.html,校舍维修改造,校舍维修改造,校舍维修改造,小学,否,否
003349971f6c5278465cbf5aa6de50569649,杭州市娃哈哈小学屋顶操场修漏、幕墙改造工程合同,2026-07-25,浙江省,,采购合同,杭州市公共资源交易网,https://www.ggzy.gov.cn/information/deal/html/a/330000/0203/20260725/003349971f6c5278465cbf5aa6de50569649.html,校舍维修改造,校舍维修改造,校舍维修改造,小学,否,否
0042864eaa29325d47f3a8d3156af29ca4e9,武汉市江汉区万松园路小学2026年维修改造项目,2026-07-25,湖北省,,采购合同,湖北省政府采购网,https://www.ggzy.gov.cn/information/deal/html/a/420000/0203/20260725/0042864eaa29325d47f3a8d3156af29ca4e9.html,校舍维修改造,校舍维修改造,校舍维修改造,小学,否,否
00331d8b22fe5bfd48d4a0abb0989bf6d89f,杭州市余杭区中泰小学2026学年食堂服务外包采购项目合同,2026-07-25,浙江省,,采购合同,杭州市公共资源交易网,https://www.ggzy.gov.cn/information/deal/html/a/330000/0203/20260725/00331d8b22fe5bfd48d4a0abb0989bf6d89f.html,食堂设备,食堂设备,食堂设备;后勤服务,小学,否,否
00332a4f39d4009944adab5c37773d9d2d7d,2026年度平水镇中心小学教职工疗休养采购合同,2026-07-25,浙江省,,采购合同,绍兴市公共资源交易网,https://www.ggzy.gov.cn/information/deal/html/a/330000/0203/20260725/00332a4f39d4009944adab5c37773d9d2d7d.html,其他,其他,,小学,否,否
00338b3f0c47172c44d599f3be1c080d73c4,义乌市中小学课桌椅采购合同,2026-07-25,浙江省,,采购合同,金华市公共资源交易网,https://www.ggzy.gov.cn/information/deal/html/a/330000/0203/20260725/00338b3f0c47172c44d599f3be1c080d73c4.html,课桌椅,课桌椅,课桌椅,教育局统筹,否,否
0042c3947f97475144d29c4170f0e524a8e5,宣恩县优质均衡发展中小学电子化测试计算机教室设备采购项目合同书,2026-07-25,湖北省,,采购合同,湖北省政府采购网,https://www.ggzy.gov.cn/information/deal/html/a/420000/0203/20260725/0042c3947f97475144d29c4170f0e524a8e5.html,信息化设备,信息化设备,信息化设备,教育局统筹,是,是
0042894cbd3efe744637a44c4d762ed3171f,实小、李家河小学、晓关小学等三校升降柱安装工程,2026-07-25,湖北省,,采购合同,湖北省政府采购网,https://www.ggzy.gov.cn/information/deal/html/a/420000/0203/20260725/0042894cbd3efe744637a44c4d762ed3171f.html,其他,其他,,小学,否,否
00421cb2ca1c85a2412885a633b5ff3e881a,保康县熊绎小学空调采购项目,2026-07-25,湖北省,,采购合同,湖北省政府采购网,https://www.ggzy.gov.cn/information/deal/html/a/420000/0203/20260725/00421cb2ca1c85a2412885a633b5ff3e881a.html,工程配套,其他,工程配套,小学,否,否
0033bee7b2780bcf4b378ebb0f36aff71d1e,嘉善县俞汇小学2026年度校园食品安全保障项目工程合同,2026-07-25,浙江省,,采购合同,嘉兴市公共资源交易网,https://www.ggzy.gov.cn/information/deal/html/a/330000/0203/20260725/0033bee7b2780bcf4b378ebb0f36aff71d1e.html,其他,其他,,小学,否,否
0033e2c48801d4624069ab4bfc655454b446,嘉善县俞汇小学2026年度学校校舍常规维修工程合同,2026-07-25,浙江省,,采购合同,嘉兴市公共资源交易网,https://www.ggzy.gov.cn/information/deal/html/a/330000/0203/20260725/0033e2c48801d4624069ab4bfc655454b446.html,校舍维修改造,校舍维修改造,校舍维修改造,小学,否,否
00337116493e89cc4b2292a089cfcabb9dc2,杭州市余杭区瓶窑第二小学2026年8月1日-2027年7月31日食堂餐饮服务外包采购项目合同,2026-07-25,浙江省,,采购合同,杭州市公共资源交易网,https://www.ggzy.gov.cn/information/deal/html/a/330000/0203/20260725/00337116493e89cc4b2292a089cfcabb9dc2.html,食堂设备,食堂设备,食堂设备;后勤服务,小学,否,否
0033ad5faa81e2934d4987e545167f1639b1,杭州市余杭区仁和小学2026年8月至2027年7月食堂服务外包采购项目合同,2026-07-25,浙江省,,采购合同,杭州市公共资源交易网,https://www.ggzy.gov.cn/information/deal/html/a/330000/0203/20260725/0033ad5faa81e2934d4987e545167f1639b1.html,食堂设备,食堂设备,食堂设备;后勤服务,小学,否,否
00333f174a2c3e9b4dc9ab86925af7ce2260,义乌市教育局中小学寝室床及教室储物柜等家具采购项目合同,2026-07-25,浙江省,,采购合同,金华市公共资源交易网,https://www.ggzy.gov.cn/information/deal/html/a/330000/0203/20260725/00333f174a2c3e9b4dc9ab86925af7ce2260.html,课桌椅,课桌椅,课桌椅,教育局统筹,否,否
0044d16dea106b3f4585b7ce8f5d11848303,广州市南沙区双翼小学2026年设备租赁合同,2026-07-25,广东省,,采购合同,,https://www.ggzy.gov.cn/information/deal/html/a/440000/0203/20260725/0044d16dea106b3f4585b7ce8f5d11848303.html,后勤服务,其他,后勤服务,小学,否,否
004419e22fb4a3e1432c9c5bf7de936a3970,广州市南沙区榄核小学2026年设备租赁合同,2026-07-25,广东省,,采购合同,,https://www.ggzy.gov.cn/information/deal/html/a/440000/0203/20260725/004419e22fb4a3e1432c9c5bf7de936a3970.html,后勤服务,其他,后勤服务,小学,否,否
0035cef4c6251fc44ee89f7d416d66dca00d,永安市西门小学科学培训基地实训室建设项目,2026-07-25,福建省,,采购合同,三明市公共资源交易中心,https://www.ggzy.gov.cn/information/deal/html/a/350000/0203/20260725/0035cef4c6251fc44ee89f7d416d66dca00d.html,培训,培训,培训;实验室设备,小学,是,是
0051d8680732ed2047909601e07b85c8932b,石棉县永和乡中心小学壁挂式空调机直接选定采购合同,2026-07-24,四川省,,采购合同,,https://www.ggzy.gov.cn/information/deal/html/a/510000/0203/20260724/0051d8680732ed2047909601e07b85c8932b.html,工程配套,其他,工程配套,小学,否,否
00148b40f1da9d7c489c8515f8d70ad40901,翼城县西街小学消防水池及配套设施工程合同,2026-07-24,山西省,,采购合同,,https://www.ggzy.gov.cn/information/deal/html/a/140000/0203/20260724/00148b40f1da9d7c489c8515f8d70ad40901.html,校园安防,校园安防,校园安防,小学,否,否
003374a2b32c520b480da19e5a0beda10c95,义乌市中小学课桌椅采购合同,2026-07-24,浙江省,,采购合同,金华市公共资源交易网,https://www.ggzy.gov.cn/information/deal/html/a/330000/0203/20260724/003374a2b32c520b480da19e5a0beda10c95.html,课桌椅,课桌椅,课桌椅,教育局统筹,否,否
0033f9c599a26ed14260a436c301fd0cc94c,2026年湖州市新风实验小学教育集团三校区校园保洁服务项目合同,2026-07-24,浙江省,,采购合同,湖州市公共资源交易网,https://www.ggzy.gov.cn/information/deal/html/a/330000/0203/20260724/0033f9c599a26ed14260a436c301fd0cc94c.html,其他,其他,,小学,否,否
00427f1222adfbd449e5b36b08cf5c0be66c,2026年江汉区中小学智慧黑板采购(第二包）,2026-07-24,湖北省,,采购合同,湖北省政府采购网,https://www.ggzy.gov.cn/information/deal/html/a/420000/0203/20260724/00427f1222adfbd449e5b36b08cf5c0be66c.html,智慧黑板,智慧黑板,智慧黑板,教育局统筹,是,是
00423c70f4e5137d416c82c9d1969dbe41c8,2026年江汉区中小学智慧黑板采购（第三包）,2026-07-24,湖北省,,采购合同,湖北省政府采购网,https://www.ggzy.gov.cn/information/deal/html/a/420000/0203/20260724/00423c70f4e5137d416c82c9d1969dbe41c8.html,智慧黑板,智慧黑板,智慧黑板,教育局统筹,是,是
003349c14a022b46452cb63898b2328f71a7,江晖南路小学（现长河小学）校园文化建设项目合同,2026-07-24,浙江省,,采购合同,杭州市公共资源交易网,https://www.ggzy.gov.cn/information/deal/html/a/330000/0203/20260724/003349c14a022b46452cb63898b2328f71a7.html,校园文化,其他,校园文化,小学,否,否
0014a0c817f7ee6b44628ae68bf2979474cc,沁水县定都小学楼顶彩钢瓦加装项目合同,2026-07-24,山西省,,采购合同,,https://www.ggzy.gov.cn/information/deal/html/a/140000/0203/20260724/0014a0c817f7ee6b44628ae68bf2979474cc.html,其他,其他,,小学,否,否
0051c1d8af6d98134c7ca71b28ab92d61388,南江县文庙小学台式计算机直接选定采购合同,2026-07-24,四川省,,采购合同,,https://www.ggzy.gov.cn/information/deal/html/a/510000/0203/20260724/0051c1d8af6d98134c7ca71b28ab92d61388.html,信息化设备,信息化设备,信息化设备,小学,是,是
005101cd85878555499b8f34676407eab2b8,南江县文庙小学便携式计算机直接选定采购合同,2026-07-24,四川省,,采购合同,,https://www.ggzy.gov.cn/information/deal/html/a/510000/0203/20260724/005101cd85878555499b8f34676407eab2b8.html,信息化设备,信息化设备,信息化设备,小学,是,是
0051d257527c7d09494b92f74a64a3858ead,南江县文庙小学A4彩色打印机直接选定采购合同,2026-07-24,四川省,,采购合同,,https://www.ggzy.gov.cn/information/deal/html/a/510000/0203/20260724/0051d257527c7d09494b92f74a64a3858ead.html,其他,其他,,小学,否,否
00511aacef6ccd6e4e6293e1b2aa807dd6f7,木里县中小学智慧校园ai升级改造项目,2026-07-24,四川省,,采购合同,,https://www.ggzy.gov.cn/information/deal/html/a/510000/0203/20260724/00511aacef6ccd6e4e6293e1b2aa807dd6f7.html,智慧校园,智慧校园,智慧校园;校舍维修改造,教育局统筹,是,是
0062d07480d70b2e4cc88e452953bc70db57,凉州区中小学护眼照明改造项目(001),2026-07-24,甘肃省,,采购合同,武威市公共资源交易平台,https://www.ggzy.gov.cn/information/deal/html/a/620000/0203/20260724/0062d07480d70b2e4cc88e452953bc70db57.html,校舍维修改造,校舍维修改造,校舍维修改造;工程配套,教育局统筹,否,否
005104af96b41deb40d2a241c54b1cc66c77,石棉县栗子坪乡中心小学壁挂式空调机直接选定采购合同,2026-07-24,四川省,,采购合同,,https://www.ggzy.gov.cn/information/deal/html/a/510000/0203/20260724/005104af96b41deb40d2a241c54b1cc66c77.html,工程配套,其他,工程配套,小学,否,否
00429a94956eaca449579fe81b10bef46806,武珞路小学石牌岭分校校园安全隐患消除维修合同协议书,2026-07-24,湖北省,,采购合同,湖北省政府采购网,https://www.ggzy.gov.cn/information/deal/html/a/420000/0203/20260724/00429a94956eaca449579fe81b10bef46806.html,校舍维修改造,校舍维修改造,校舍维修改造,小学,否,否
00339cfd2bb89e244e7c8ad7b36820ad61b4,杭州市余杭区锦绣小学2026学年食堂服务外包采购项目合同,2026-07-24,浙江省,,采购合同,杭州市公共资源交易网,https://www.ggzy.gov.cn/information/deal/html/a/330000/0203/20260724/00339cfd2bb89e244e7c8ad7b36820ad61b4.html,食堂设备,食堂设备,食堂设备;后勤服务,小学,否,否
00334338d7d45c2540989222c9e528307c0f,杭州市余杭区径山小学2026-2027学年食堂服务外包采购项目合同,2026-07-24,浙江省,,采购合同,杭州市公共资源交易网,https://www.ggzy.gov.cn/information/deal/html/a/330000/0203/20260724/00334338d7d45c2540989222c9e528307c0f.html,食堂设备,食堂设备,食堂设备;后勤服务,小学,否,否
0033fd4c95e9178d4b41b3b85df331609296,义乌市教育局中小学寝室床及教室储物柜等家具采购项目合同,2026-07-24,浙江省,,采购合同,金华市公共资源交易网,https://www.ggzy.gov.cn/information/deal/html/a/330000/0203/20260724/0033fd4c95e9178d4b41b3b85df331609296.html,课桌椅,课桌椅,课桌椅,教育局统筹,否,否
0051c40f849c088c434d91b80b3b6e8a6a16,石棉县新棉小学壁挂式空调机直接选定采购合同,2026-07-24,四川省,,采购合同,,https://www.ggzy.gov.cn/information/deal/html/a/510000/0203/20260724/0051c40f849c088c434d91b80b3b6e8a6a16.html,工程配套,其他,工程配套,小学,否,否
0033c096549793aa4ff89a91692f5a309cb1,杭州市余杭区大禹小学2026-2027学年食堂服务外包采购项目合同,2026-07-24,浙江省,,采购合同,杭州市公共资源交易网,https://www.ggzy.gov.cn/information/deal/html/a/330000/0203/20260724/0033c096549793aa4ff89a91692f5a309cb1.html,食堂设备,食堂设备,食堂设备;后勤服务,小学,否,否
003167f9247f81de4545ad4726e024801d58,2026年浦东新区新开办学校教学仪器设备（上海市浦东新区福山外国语小学）的合同,2026-07-24,上海市,,采购合同,上海政府采购网,https://www.ggzy.gov.cn/information/deal/html/a/310000/0203/20260724/003167f9247f81de4545ad4726e024801d58.html,教学仪器,教学仪器,教学仪器,小学,否,否
003128cdb2449d084972842bb4544a7afb59,2026年浦东新区新开办学校教学仪器设备（上海市浦东新区观澜小学）的合同,2026-07-24,上海市,,采购合同,上海政府采购网,https://www.ggzy.gov.cn/information/deal/html/a/310000/0203/20260724/003128cdb2449d084972842bb4544a7afb59.html,教学仪器,教学仪器,教学仪器,小学,否,否
00213acf02cbb5334965acb00bcbd3dd9c77,沙河口区中小学教学办公桌椅及相关配置采购项目-1【合同】,2026-07-24,辽宁省,,采购合同,大连市公共资源交易平台,https://www.ggzy.gov.cn/information/deal/html/a/210000/0203/20260724/00213acf02cbb5334965acb00bcbd3dd9c77.html,课桌椅,课桌椅,课桌椅,教育局统筹,否,否
0033c279213a0ba542238410ee74ff7dc406,杭州市采荷第一小学厨房提升改造合同,2026-07-24,浙江省,,采购合同,杭州市公共资源交易网,https://www.ggzy.gov.cn/information/deal/html/a/330000/0203/20260724/0033c279213a0ba542238410ee74ff7dc406.html,校舍维修改造,校舍维修改造,校舍维修改造,小学,否,否
00517a6efda87439403a95e25c7f0cbfc857,绵竹市紫岩小学校LED显示屏二次竞价采购合同,2026-07-24,四川省,,采购合同,,https://www.ggzy.gov.cn/information/deal/html/a/510000/0203/20260724/00517a6efda87439403a95e25c7f0cbfc857.html,大屏,大屏,大屏,小学,是,是
00511f1544b694a64f1bb4f8f687364b239c,绵阳市安州区桑枣镇小学触控一体机直接选定采购合同,2026-07-24,四川省,,采购合同,,https://www.ggzy.gov.cn/information/deal/html/a/510000/0203/20260724/00511f1544b694a64f1bb4f8f687364b239c.html,大屏,大屏,大屏,小学,是,是
0051f6994ca0d6d84010ac99f475d9b364b9,石棉县安顺场先锋小学壁挂式空调机直接选定采购合同,2026-07-24,四川省,,采购合同,,https://www.ggzy.gov.cn/information/deal/html/a/510000/0203/20260724/0051f6994ca0d6d84010ac99f475d9b364b9.html,工程配套,其他,工程配套,小学,否,否
00517f406894d18c4fb4b080c0b64f9f21b9,汶川县七一绵虒小学校其他商务服务直接选定采购合同,2026-07-24,四川省,,采购合同,,https://www.ggzy.gov.cn/information/deal/html/a/510000/0203/20260724/00517f406894d18c4fb4b080c0b64f9f21b9.html,其他,其他,,小学,否,否
0033fe964d032ed54ccd8cf86fba36898f35,温岭市各中小学校教室多媒体设备项目合同,2026-07-24,浙江省,,采购合同,台州市公共资源交易网,https://www.ggzy.gov.cn/information/deal/html/a/330000/0203/20260724/0033fe964d032ed54ccd8cf86fba36898f35.html,信息化设备,信息化设备,信息化设备,教育局统筹,是,是
0033eca0627ad60c434ea278b39fe710a858,杭州市钱江新城实验小学南操场跑道与北操场人工草坪足球场改造工程项目合同,2026-07-24,浙江省,,采购合同,杭州市公共资源交易网,https://www.ggzy.gov.cn/information/deal/html/a/330000/0203/20260724/0033eca0627ad60c434ea278b39fe710a858.html,校舍维修改造,校舍维修改造,校舍维修改造;工程配套,小学,否,否
00511a951838dadf40cd9573282de203e08d,金堂县杨柳小学柜式空调机等直接选定采购合同,2026-07-24,四川省,,采购合同,,https://www.ggzy.gov.cn/information/deal/html/a/510000/0203/20260724/00511a951838dadf40cd9573282de203e08d.html,工程配套,其他,工程配套,小学,否,否
005246c0a0c7dba442e3a8de6073c41faff1,贵安新区2026年中小学维修改造项目合同,2026-07-24,贵州省,,采购合同,贵阳市公共资源交易中心,https://www.ggzy.gov.cn/information/deal/html/a/520000/0203/20260724/005246c0a0c7dba442e3a8de6073c41faff1.html,校舍维修改造,校舍维修改造,校舍维修改造,教育局统筹,否,否
003313d3a7a2d0694783b95f568005b328d7,北仑区中小学校舍维修工程-小港实验学校（重新发布）合同,2026-07-24,浙江省,,采购合同,宁波市公共资源交易网,https://www.ggzy.gov.cn/information/deal/html/a/330000/0203/20260724/003313d3a7a2d0694783b95f568005b328d7.html,校舍维修改造,校舍维修改造,校舍维修改造,教育局统筹,否,否
003346c151165ede47c1977314e1a9fb1abf,博平小学博爱楼厕所改造工程合同,2026-07-24,浙江省,,采购合同,宁波市公共资源交易网,https://www.ggzy.gov.cn/information/deal/html/a/330000/0203/20260724/003346c151165ede47c1977314e1a9fb1abf.html,校舍维修改造,校舍维修改造,校舍维修改造,小学,否,否
00333a63d94b4cb8415183882258a77ec7fb,慈溪市龙山镇实验小学等三校（区）综合改造工程（慈溪市龙山镇实验小学综合改造工程）合同,2026-07-24,浙江省,,采购合同,宁波市公共资源交易网,https://www.ggzy.gov.cn/information/deal/html/a/330000/0203/20260724/00333a63d94b4cb8415183882258a77ec7fb.html,校舍维修改造,校舍维修改造,校舍维修改造,小学,否,否
0063ec18f50b8e6f46ccb51a17ae488559fd,门源县青石嘴镇寄宿制小学、阴田乡寄宿制小学、第三初级中学维修改造项目,2026-07-24,青海省,,采购合同,青海省公共资源交易网,https://www.ggzy.gov.cn/information/deal/html/a/630000/0203/20260724/0063ec18f50b8e6f46ccb51a17ae488559fd.html,校舍维修改造,校舍维修改造,校舍维修改造,初中,否,否
0035dd51552f7ec84f1facccd8a36022603d,水南中心小学余坊校区二期2000KVA配变工程,2026-07-24,福建省,,采购合同,南平市招标投标服务中心,https://www.ggzy.gov.cn/information/deal/html/a/350000/0203/20260724/0035dd51552f7ec84f1facccd8a36022603d.html,其他,其他,,小学,否,否
0035ceb9508299b7440faeac49ada51e29bf,三元区沪明小学智慧体育系统建设项目,2026-07-24,福建省,,采购合同,三明市公共资源交易中心,https://www.ggzy.gov.cn/information/deal/html/a/350000/0203/20260724/0035ceb9508299b7440faeac49ada51e29bf.html,其他,其他,,小学,否,否
00359b965b9eed944bd5bdbe1133ea441651,小学部图书馆、医务室设施设备采购项目,2026-07-24,福建省,,采购合同,厦门市公共资源交易中心,https://www.ggzy.gov.cn/information/deal/html/a/350000/0203/20260724/00359b965b9eed944bd5bdbe1133ea441651.html,图书,图书,图书,小学,否,否
0035352e2631abfb474b893319355eb796f0,南平实验小学专用教室功能升级及薄弱环节提质改造项目,2026-07-24,福建省,,采购合同,南平市招标投标服务中心,https://www.ggzy.gov.cn/information/deal/html/a/350000/0203/20260724/0035352e2631abfb474b893319355eb796f0.html,校舍维修改造,校舍维修改造,校舍维修改造;实验室设备,小学,否,否
0035058929fe98e24a7eb6b21de1111e93b8,2026-2029年湖里区属中小学校学生健康体检服务,2026-07-24,福建省,,采购合同,厦门市公共资源交易中心,https://www.ggzy.gov.cn/information/deal/html/a/350000/0203/20260724/0035058929fe98e24a7eb6b21de1111e93b8.html,后勤服务,其他,后勤服务,教育局统筹,否,否
0034f9744030b9c04fdab1b6d44617dfceaf,明光市逸夫小学教室空调采购安装项目（二次）合同备案,2026-07-24,安徽省,,采购合同,滁州市公共资源交易平台电子交易系统,https://www.ggzy.gov.cn/information/deal/html/a/340000/0203/20260724/0034f9744030b9c04fdab1b6d44617dfceaf.html,工程配套,其他,工程配套,小学,否,否
00348d813f8c8ac741d8bd7af06e4bca8b8f,宿松县实验小学维修改造项目,2026-07-24,安徽省,,采购合同,安庆市公共资源交易平台电子交易系统,https://www.ggzy.gov.cn/information/deal/html/a/340000/0203/20260724/00348d813f8c8ac741d8bd7af06e4bca8b8f.html,校舍维修改造,校舍维修改造,校舍维修改造,小学,否,否
004296c264979db14c148e5f91349bb7da52,浠水县实验高级中学宿舍改造及围墙建设工程施工合同,2026-07-26,湖北省,,采购合同,湖北省政府采购网,https://www.ggzy.gov.cn/information/deal/html/a/420000/0203/20260726/004296c264979db14c148e5f91349bb7da52.html,校舍维修改造,校舍维修改造,校舍维修改造,高中,否,否
004215ee5bf31f5149c9807153ed3fde98ff,2026年武汉市第十九初级中学维修改造工程,2026-07-26,湖北省,,采购合同,湖北省政府采购网,https://www.ggzy.gov.cn/information/deal/html/a/420000/0203/20260726/004215ee5bf31f5149c9807153ed3fde98ff.html,校舍维修改造,校舍维修改造,校舍维修改造,初中,否,否
0042898da804f1124703b518e1a485ce73a8,房县姚坪中学西侧地面塌陷排危除险治理工程,2026-07-26,湖北省,,采购合同,湖北省政府采购网,https://www.ggzy.gov.cn/information/deal/html/a/420000/0203/20260726/0042898da804f1124703b518e1a485ce73a8.html,其他,其他,,一贯制未分段,否,否
0042342b63fbc9d6402d8b918d3e0c634045,湖北省水果湖高级中学屋面防水,2026-07-26,湖北省,,采购合同,湖北省政府采购网,https://www.ggzy.gov.cn/information/deal/html/a/420000/0203/20260726/0042342b63fbc9d6402d8b918d3e0c634045.html,校舍维修改造,校舍维修改造,校舍维修改造,高中,否,否
0042c4ff25e677a944c59c90a47bd925f59f,崇阳县沙坪中学运动场改造工程,2026-07-26,湖北省,,采购合同,湖北省政府采购网,https://www.ggzy.gov.cn/information/deal/html/a/420000/0203/20260726/0042c4ff25e677a944c59c90a47bd925f59f.html,校舍维修改造,校舍维修改造,校舍维修改造,一贯制未分段,否,否
00421cd785f962894f1b8d4150bd12aacfb0,监利市容城镇实验初级中学运动场改扩建工程,2026-07-25,湖北省,,采购合同,湖北省政府采购网,https://www.ggzy.gov.cn/information/deal/html/a/420000/0203/20260725/00421cd785f962894f1b8d4150bd12aacfb0.html,校舍维修改造,校舍维修改造,校舍维修改造,初中,否,否
0042149ab1308c2c4d69ae6b1a695de33903,2026年武汉市友谊路中学维修改造工程2包,2026-07-25,湖北省,,采购合同,湖北省政府采购网,https://www.ggzy.gov.cn/information/deal/html/a/420000/0203/20260725/0042149ab1308c2c4d69ae6b1a695de33903.html,校舍维修改造,校舍维修改造,校舍维修改造,一贯制未分段,否,否
0051dba8eac357f042099493286ff83ac157,若尔盖县纳木中学其他商务服务直接选定采购合同,2026-07-25,四川省,,采购合同,,https://www.ggzy.gov.cn/information/deal/html/a/510000/0203/20260725/0051dba8eac357f042099493286ff83ac157.html,其他,其他,,一贯制未分段,否,否
0042ee212c8e2de3481abb1f562b54db4633,武汉市第十九中学2026年维修改造项目,2026-07-25,湖北省,,采购合同,湖北省政府采购网,https://www.ggzy.gov.cn/information/deal/html/a/420000/0203/20260725/0042ee212c8e2de3481abb1f562b54db4633.html,校舍维修改造,校舍维修改造,校舍维修改造,一贯制未分段,否,否
0042cec0522084fb4b9897474df76ec7cf33,2026年武汉市第一中学维修改造工程,2026-07-25,湖北省,,采购合同,湖北省政府采购网,https://www.ggzy.gov.cn/information/deal/html/a/420000/0203/20260725/0042cec0522084fb4b9897474df76ec7cf33.html,校舍维修改造,校舍维修改造,校舍维修改造,一贯制未分段,否,否
0051d648cc2e484847deaebccb47c111a998,四川省乐至县吴仲良中学LED显示屏直接选定采购合同,2026-07-25,四川省,,采购合同,,https://www.ggzy.gov.cn/information/deal/html/a/510000/0203/20260725/0051d648cc2e484847deaebccb47c111a998.html,大屏,大屏,大屏,一贯制未分段,是,是
004276d12f3713f643d487b047d66f8106e6,孝昌县第二高级中学教学楼维修改造项目,2026-07-25,湖北省,,采购合同,湖北省政府采购网,https://www.ggzy.gov.cn/information/deal/html/a/420000/0203/20260725/004276d12f3713f643d487b047d66f8106e6.html,校舍维修改造,校舍维修改造,校舍维修改造,高中,否,否
00425de67764b4c14f2990e1a114e228f94c,钟祥市实验中学2026年改善普通高中办学条件项目（综合楼改造）,2026-07-25,湖北省,,采购合同,湖北省政府采购网,https://www.ggzy.gov.cn/information/deal/html/a/420000/0203/20260725/00425de67764b4c14f2990e1a114e228f94c.html,校舍维修改造,校舍维修改造,校舍维修改造,高中,否,否
0051fe01b1c1ac3d491c8a07aa4f2a5d3cd6,筠连县双腾初级中学壁挂式空调机直接选定采购合同,2026-07-25,四川省,,采购合同,,https://www.ggzy.gov.cn/information/deal/html/a/510000/0203/20260725/0051fe01b1c1ac3d491c8a07aa4f2a5d3cd6.html,工程配套,其他,工程配套,初中,否,否
0033b2c45f12904242398778a2562f050893,浙江省温岭中学学生宿舍管理服务采购合同,2026-07-25,浙江省,,采购合同,台州市公共资源交易网,https://www.ggzy.gov.cn/information/deal/html/a/330000/0203/20260725/0033b2c45f12904242398778a2562f050893.html,后勤服务,其他,后勤服务,一贯制未分段,否,否
0033a62b2fea7d344ccbbb83d52e92ae292c,《浙江省中学实验仪器设备购置项目》第二批采购项目(台州)合同,2026-07-24,浙江省,,采购合同,浙江政府采购云平台,https://www.ggzy.gov.cn/information/deal/html/a/330000/0203/20260724/0033a62b2fea7d344ccbbb83d52e92ae292c.html,实验室设备,实验室设备,实验室设备;教学仪器,一贯制未分段,否,否
00425347db14888e4153a3b97a637cc26254,曾都区何店初级中学综合楼改扩建,2026-07-24,湖北省,,采购合同,湖北省政府采购网,https://www.ggzy.gov.cn/information/deal/html/a/420000/0203/20260724/00425347db14888e4153a3b97a637cc26254.html,校舍维修改造,校舍维修改造,校舍维修改造,初中,否,否
0033065147d49229454483cd63b74238d571,春晖中学新建逸夫楼工程-设施设备采购项目（第二次）合同,2026-07-24,浙江省,,采购合同,绍兴市公共资源交易网,https://www.ggzy.gov.cn/information/deal/html/a/330000/0203/20260724/0033065147d49229454483cd63b74238d571.html,校舍维修改造,校舍维修改造,校舍维修改造,一贯制未分段,否,否
0042a5e94ec9174440618b892789170de166,宣恩县第一中学食堂改造升级项目施工合同,2026-07-24,湖北省,,采购合同,湖北省政府采购网,https://www.ggzy.gov.cn/information/deal/html/a/420000/0203/20260724/0042a5e94ec9174440618b892789170de166.html,校舍维修改造,校舍维修改造,校舍维修改造;食堂设备,一贯制未分段,否,否
0042c5373d5bf9524a9bb531fd9503439d24,2026年武汉市第三十六中学维修改造工程,2026-07-24,湖北省,,采购合同,湖北省政府采购网,https://www.ggzy.gov.cn/information/deal/html/a/420000/0203/20260724/0042c5373d5bf9524a9bb531fd9503439d24.html,校舍维修改造,校舍维修改造,校舍维修改造,一贯制未分段,否,否
0033fb80088d228a40dca6998baef69cc61e,杭州市源清中学教学楼修缮一期工程合同,2026-07-24,浙江省,,采购合同,杭州市公共资源交易网,https://www.ggzy.gov.cn/information/deal/html/a/330000/0203/20260724/0033fb80088d228a40dca6998baef69cc61e.html,校舍维修改造,校舍维修改造,校舍维修改造,一贯制未分段,否,否
00625d5080dc5eed47339b623fd11695ae71,武威第二十九中学教学设备采购项目(001),2026-07-24,甘肃省,,采购合同,武威市公共资源交易平台,https://www.ggzy.gov.cn/information/deal/html/a/620000/0203/20260724/00625d5080dc5eed47339b623fd11695ae71.html,教学仪器,教学仪器,教学仪器,一贯制未分段,否,否
00512131e6fb4ff34d2c9baeb537641fb54f,宜宾市第七初级中学校A4黑白打印机直接选定采购合同,2026-07-24,四川省,,采购合同,,https://www.ggzy.gov.cn/information/deal/html/a/510000/0203/20260724/00512131e6fb4ff34d2c9baeb537641fb54f.html,其他,其他,,初中,否,否
0051cd24cdc49def414aa17e7c0bb6f95456,木里藏族自治县三所初级中学精准化教学实施服务项目,2026-07-24,四川省,,采购合同,,https://www.ggzy.gov.cn/information/deal/html/a/510000/0203/20260724/0051cd24cdc49def414aa17e7c0bb6f95456.html,其他,其他,,初中,否,否
005125a8ba98ad334205866f15269aefcec0,成都东部新区第七中学校（成都七中东部学校）触控一体机直接选定采购合同,2026-07-24,四川省,,采购合同,,https://www.ggzy.gov.cn/information/deal/html/a/510000/0203/20260724/005125a8ba98ad334205866f15269aefcec0.html,大屏,大屏,大屏,一贯制未分段,是,是
005142b90bdd33584867848c6b3adf91156c,成都东部新区第七中学校（成都七中东部学校）A3彩色打印机直接选定采购合同,2026-07-24,四川省,,采购合同,,https://www.ggzy.gov.cn/information/deal/html/a/510000/0203/20260724/005142b90bdd33584867848c6b3adf91156c.html,其他,其他,,一贯制未分段,否,否
005171d77e52ec004f148f36ab2fc46b7635,宜宾市第七初级中学校触控一体机直接选定采购合同,2026-07-24,四川省,,采购合同,,https://www.ggzy.gov.cn/information/deal/html/a/510000/0203/20260724/005171d77e52ec004f148f36ab2fc46b7635.html,大屏,大屏,大屏,初中,是,是
00514fd11ee4e74748d4858ff224b41e606d,成都市双流区九江新城初级中学壁挂式空调机直接选定采购合同,2026-07-24,四川省,,采购合同,,https://www.ggzy.gov.cn/information/deal/html/a/510000/0203/20260724/00514fd11ee4e74748d4858ff224b41e606d.html,工程配套,其他,工程配套,初中,否,否
0042bee1e48cac8f4d9eb148a6ae62122e41,2026年武汉市第十二中学维修工程项目,2026-07-24,湖北省,,采购合同,湖北省政府采购网,https://www.ggzy.gov.cn/information/deal/html/a/420000/0203/20260724/0042bee1e48cac8f4d9eb148a6ae62122e41.html,校舍维修改造,校舍维修改造,校舍维修改造,一贯制未分段,否,否
005176b6560919a74d2583652e759705865e,四川省广安中学多功能一体机直接选定采购合同,2026-07-24,四川省,,采购合同,,https://www.ggzy.gov.cn/information/deal/html/a/510000/0203/20260724/005176b6560919a74d2583652e759705865e.html,其他,其他,,一贯制未分段,否,否
0051311a073fcf1d41368ec453c9e9bf4c33,四川省广安中学复印纸直接选定采购合同,2026-07-24,四川省,,采购合同,,https://www.ggzy.gov.cn/information/deal/html/a/510000/0203/20260724/0051311a073fcf1d41368ec453c9e9bf4c33.html,其他,其他,,一贯制未分段,否,否
0051441d16c8e23249a89098243ec0304b53,四川省广安中学柜式空调机直接选定采购合同,2026-07-24,四川省,,采购合同,,https://www.ggzy.gov.cn/information/deal/html/a/510000/0203/20260724/0051441d16c8e23249a89098243ec0304b53.html,工程配套,其他,工程配套,一贯制未分段,否,否
00517a7f847a840f4da1ba25f99950fb0ce1,成都市双流区九江新城初级中学柜式空调机直接选定采购合同,2026-07-24,四川省,,采购合同,,https://www.ggzy.gov.cn/information/deal/html/a/510000/0203/20260724/00517a7f847a840f4da1ba25f99950fb0ce1.html,工程配套,其他,工程配套,初中,否,否
0013be663c53acb74903a1f1eb794b9f0517,河北黄骅中学智能化教学设备采购项目（二标段：智慧教室）,2026-07-24,河北省,,采购合同,,https://www.ggzy.gov.cn/information/deal/html/a/130000/0203/20260724/0013be663c53acb74903a1f1eb794b9f0517.html,教学仪器,教学仪器,教学仪器,一贯制未分段,否,否
0013d2b4345b65d74d74b5c15e5da541d411,河北黄骅中学智能化教学设备采购项目（一标段：智能化AI设备）,2026-07-24,河北省,,采购合同,,https://www.ggzy.gov.cn/information/deal/html/a/130000/0203/20260724/0013d2b4345b65d74d74b5c15e5da541d411.html,人工智能,人工智能,人工智能;教学仪器,一贯制未分段,是,是
0062f0394bcd58bc4dc191dea7ba7662ac21,平凉市第七中学科创楼及运动场建设设备采购项目003合同,2026-07-24,甘肃省,,采购合同,平凉市公共资源交易平台,https://www.ggzy.gov.cn/information/deal/html/a/620000/0203/20260724/0062f0394bcd58bc4dc191dea7ba7662ac21.html,校舍维修改造,校舍维修改造,校舍维修改造,一贯制未分段,否,否
0062d0e118f1170c44e6b40368f93564ba16,平凉市第七中学科创楼及运动场建设设备采购项目002合同,2026-07-24,甘肃省,,采购合同,平凉市公共资源交易平台,https://www.ggzy.gov.cn/information/deal/html/a/620000/0203/20260724/0062d0e118f1170c44e6b40368f93564ba16.html,校舍维修改造,校舍维修改造,校舍维修改造,一贯制未分段,否,否
00625300b5cb745041248ef8c46220918d25,平凉市第七中学科创楼及运动场建设设备采购项目001合同,2026-07-24,甘肃省,,采购合同,平凉市公共资源交易平台,https://www.ggzy.gov.cn/information/deal/html/a/620000/0203/20260724/00625300b5cb745041248ef8c46220918d25.html,校舍维修改造,校舍维修改造,校舍维修改造,一贯制未分段,否,否
0033c14fdc5dd5fa4595bab0f90e6111db66,杭州市丁兰实验中学学校整体改造工程合同,2026-07-24,浙江省,,采购合同,杭州市公共资源交易网,https://www.ggzy.gov.cn/information/deal/html/a/330000/0203/20260724/0033c14fdc5dd5fa4595bab0f90e6111db66.html,校舍维修改造,校舍维修改造,校舍维修改造,一贯制未分段,否,否
004392074620d21f44b1934279712d000941,南县麻河口镇方谷初级中学综合楼装饰装修及校园道路维修工程合同,2026-07-24,湖南省,,采购合同,,https://www.ggzy.gov.cn/information/deal/html/a/430000/0203/20260724/004392074620d21f44b1934279712d000941.html,校舍维修改造,校舍维修改造,校舍维修改造,初中,否,否
00435095fae4aa274f7bbd446f242470622a,南县第六中学女生宿舍装饰装修及篮球场修缮工程合同,2026-07-24,湖南省,,采购合同,,https://www.ggzy.gov.cn/information/deal/html/a/430000/0203/20260724/00435095fae4aa274f7bbd446f242470622a.html,校舍维修改造,校舍维修改造,校舍维修改造;工程配套,一贯制未分段,否,否
0043781d6893262344bd9e5be6fd1148194d,南县三仙湖镇初级中学学生宿舍装饰装修工程合同,2026-07-24,湖南省,,采购合同,,https://www.ggzy.gov.cn/information/deal/html/a/430000/0203/20260724/0043781d6893262344bd9e5be6fd1148194d.html,其他,其他,,初中,否,否
00518b923cc4f5144554a22c58837c548274,四川省双流中学壁挂式空调机直接选定采购合同,2026-07-24,四川省,,采购合同,,https://www.ggzy.gov.cn/information/deal/html/a/510000/0203/20260724/00518b923cc4f5144554a22c58837c548274.html,工程配套,其他,工程配套,一贯制未分段,否,否
0042f4b4c1d303ce48b390cc22c24ba03202,监利市朱河镇芦陵初级中学教学楼及食堂维修项目,2026-07-24,湖北省,,采购合同,湖北省政府采购网,https://www.ggzy.gov.cn/information/deal/html/a/420000/0203/20260724/0042f4b4c1d303ce48b390cc22c24ba03202.html,校舍维修改造,校舍维修改造,校舍维修改造;食堂设备,初中,否,否
00450e1867547fbf4b13aed4e71c3634a84f,贵港市港南中学物业服务招标【合同】,2026-07-24,广西壮族自治区,,采购合同,贵港市公共资源交易平台,https://www.ggzy.gov.cn/information/deal/html/a/450000/0203/20260724/00450e1867547fbf4b13aed4e71c3634a84f.html,后勤服务,其他,后勤服务,一贯制未分段,否,否
0042d36394e55110463c83d416169538e0ea,大冶市尹家湖中学校舍维修,2026-07-24,湖北省,,采购合同,湖北省政府采购网,https://www.ggzy.gov.cn/information/deal/html/a/420000/0203/20260724/0042d36394e55110463c83d416169538e0ea.html,校舍维修改造,校舍维修改造,校舍维修改造,一贯制未分段,否,否
003314fa13a576724c06925592cdfb3a0682,顾国和中学2026年暑期维修改造项目合同,2026-07-24,浙江省,,采购合同,宁波市公共资源交易网,https://www.ggzy.gov.cn/information/deal/html/a/330000/0203/20260724/003314fa13a576724c06925592cdfb3a0682.html,校舍维修改造,校舍维修改造,校舍维修改造,一贯制未分段,否,否
00145bbef09f070f42dcb7b29fa40dd5160c,绛县职业中学机电专业工业机器人实训室项目合同,2026-07-24,山西省,,采购合同,,https://www.ggzy.gov.cn/information/deal/html/a/140000/0203/20260724/00145bbef09f070f42dcb7b29fa40dd5160c.html,实验室设备,实验室设备,实验室设备,一贯制未分段,否,否
00133d2266d7423f4ed58de837cbf08a5497,南皮县第一中学北校区学生餐厅设备采购项目,2026-07-24,河北省,,采购合同,,https://www.ggzy.gov.cn/information/deal/html/a/130000/0203/20260724/00133d2266d7423f4ed58de837cbf08a5497.html,食堂设备,食堂设备,食堂设备,一贯制未分段,否,否
005130b31ffa495b4d5990101a40451f2776,宜宾市第十六中学校扩容改建项目（电器设备）(四次),2026-07-24,四川省,,采购合同,,https://www.ggzy.gov.cn/information/deal/html/a/510000/0203/20260724/005130b31ffa495b4d5990101a40451f2776.html,其他,其他,,一贯制未分段,否,否
00515953dd23d6274715b242023d5ceb7ccc,四川省石棉县民族中学壁挂式空调机直接选定采购合同,2026-07-24,四川省,,采购合同,,https://www.ggzy.gov.cn/information/deal/html/a/510000/0203/20260724/00515953dd23d6274715b242023d5ceb7ccc.html,工程配套,其他,工程配套,一贯制未分段,否,否
0033375fd65a37f04567a080393f3cc65c43,杭州学军中学桐庐学校生物组培与分子实验室项目合同,2026-07-24,浙江省,,采购合同,杭州市公共资源交易网,https://www.ggzy.gov.cn/information/deal/html/a/330000/0203/20260724/0033375fd65a37f04567a080393f3cc65c43.html,实验室设备,实验室设备,实验室设备,一贯制未分段,否,否
00517b5383e3901245e2a639363b2ecc697a,四川省犍为县清溪高级中学壁挂式空调机直接选定采购合同,2026-07-24,四川省,,采购合同,,https://www.ggzy.gov.cn/information/deal/html/a/510000/0203/20260724/00517b5383e3901245e2a639363b2ecc697a.html,工程配套,其他,工程配套,高中,否,否
00510c980cd4ce7c482bac9a1910e480aeb1,旺苍中学女生公寓木床采购,2026-07-24,四川省,,采购合同,,https://www.ggzy.gov.cn/information/deal/html/a/510000/0203/20260724/00510c980cd4ce7c482bac9a1910e480aeb1.html,其他,其他,,一贯制未分段,否,否
0014d6282467d0974f6c8b57e81f0357554c,晋中市太谷区职业中学校建筑装饰技术专业高水平实训基地建设教学软件采购合同,2026-07-24,山西省,,采购合同,,https://www.ggzy.gov.cn/information/deal/html/a/140000/0203/20260724/0014d6282467d0974f6c8b57e81f0357554c.html,教学软件,教学软件,教学软件,一贯制未分段,是,是
003371d6c44ddd554fc1b6b35639ac737eb5,余姚市子陵中学教育集团世南校区暑期改造维修工程合同,2026-07-24,浙江省,,采购合同,宁波市公共资源交易网,https://www.ggzy.gov.cn/information/deal/html/a/330000/0203/20260724/003371d6c44ddd554fc1b6b35639ac737eb5.html,校舍维修改造,校舍维修改造,校舍维修改造,一贯制未分段,否,否
00315cb9c58b27b649b290c2c25a2d2739a6,2026年浦东新区新开办学校教学仪器设备（华东师范大学第二附属中学浦东临港实验学校）的合同,2026-07-24,上海市,,采购合同,上海政府采购网,https://www.ggzy.gov.cn/information/deal/html/a/310000/0203/20260724/00315cb9c58b27b649b290c2c25a2d2739a6.html,教学仪器,教学仪器,教学仪器,一贯制未分段,否,否
005277740dbafc7143e9a8919d09ee240692,贵阳市第三实验中学（窦官校区）2026—2027年安保服务项目合同,2026-07-24,贵州省,,采购合同,贵阳市公共资源交易中心,https://www.ggzy.gov.cn/information/deal/html/a/520000/0203/20260724/005277740dbafc7143e9a8919d09ee240692.html,校园安防,校园安防,校园安防,一贯制未分段,否,否
0031f406fd7d99784774af8d69a4f2e2a63e,2026年浦东新区新开办学校理化生实验室、教学仪器设备（上海南汇中学）的合同,2026-07-24,上海市,,采购合同,上海政府采购网,https://www.ggzy.gov.cn/information/deal/html/a/310000/0203/20260724/0031f406fd7d99784774af8d69a4f2e2a63e.html,实验室设备,实验室设备,实验室设备;教学仪器,一贯制未分段,否,否
0033b47d032de1b442c798e7def6a96db478,景宁畲族自治县城北中学风雨连廊建设工程合同,2026-07-24,浙江省,,采购合同,丽水市公共资源交易网,https://www.ggzy.gov.cn/information/deal/html/a/330000/0203/20260724/0033b47d032de1b442c798e7def6a96db478.html,其他,其他,,一贯制未分段,否,否
0033172ed71c679a480a8d3a22c689f02342,杭州市余杭区杜甫中学关于2026年-2027年食堂服务外包采购项目合同,2026-07-24,浙江省,,采购合同,杭州市公共资源交易网,https://www.ggzy.gov.cn/information/deal/html/a/330000/0203/20260724/0033172ed71c679a480a8d3a22c689f02342.html,食堂设备,食堂设备,食堂设备;后勤服务,一贯制未分段,否,否
005150b2bab697f4454c895e92cd4508295c,隆昌市城关职业中学智慧图书馆采购项目,2026-07-24,四川省,,采购合同,,https://www.ggzy.gov.cn/information/deal/html/a/510000/0203/20260724/005150b2bab697f4454c895e92cd4508295c.html,图书,图书,图书,一贯制未分段,否,否
0033644cf0f6a17e4f16965b15e66254665f,嘉兴高级中学新校空调设备采购项目合同,2026-07-24,浙江省,,采购合同,嘉兴市公共资源交易网,https://www.ggzy.gov.cn/information/deal/html/a/330000/0203/20260724/0033644cf0f6a17e4f16965b15e66254665f.html,工程配套,其他,工程配套,高中,否,否
00518bef9e0e1205429dab42d443a5612242,泸州市第十二初级中学校A4黑白打印机直接选定采购合同,2026-07-24,四川省,,采购合同,,https://www.ggzy.gov.cn/information/deal/html/a/510000/0203/20260724/00518bef9e0e1205429dab42d443a5612242.html,其他,其他,,初中,否,否
0031da2dd13c6e164755a1c17abe94717c83,2026年浦东新区新开办学校教学仪器设备（上海市五三中学）的合同,2026-07-24,上海市,,采购合同,上海政府采购网,https://www.ggzy.gov.cn/information/deal/html/a/310000/0203/20260724/0031da2dd13c6e164755a1c17abe94717c83.html,教学仪器,教学仪器,教学仪器,一贯制未分段,否,否
0051c4034614482a488998250d8ac2d023f7,四川省眉山第一中学柜式空调机等直接选定采购合同,2026-07-24,四川省,,采购合同,,https://www.ggzy.gov.cn/information/deal/html/a/510000/0203/20260724/0051c4034614482a488998250d8ac2d023f7.html,工程配套,其他,工程配套,一贯制未分段,否,否
0034008cea8b4bfa42d880599a40426ef1ee,砀山中学新校区标准化考点建设项目合同备案,2026-07-24,安徽省,,采购合同,宿州市公共资源交易平台电子交易系统,https://www.ggzy.gov.cn/information/deal/html/a/340000/0203/20260724/0034008cea8b4bfa42d880599a40426ef1ee.html,其他,其他,,一贯制未分段,否,否
001430bc2e7815064e618d476bc177989b3c,翼城县第四中学校校园改造工程合同,2026-07-24,山西省,,采购合同,,https://www.ggzy.gov.cn/information/deal/html/a/140000/0203/20260724/001430bc2e7815064e618d476bc177989b3c.html,校舍维修改造,校舍维修改造,校舍维修改造,一贯制未分段,否,否
0051869a1d5b800344a38d98aec19dc370b3,甘洛县第二中学信息化场馆建设项目,2026-07-24,四川省,,采购合同,,https://www.ggzy.gov.cn/information/deal/html/a/510000/0203/20260724/0051869a1d5b800344a38d98aec19dc370b3.html,信息化,信息化,信息化,一贯制未分段,是,是
00336a8b4aa8167e40b6adec24564cbe2972,余姚市第八中学物业管理服务项目合同,2026-07-24,浙江省,,采购合同,宁波市公共资源交易网,https://www.ggzy.gov.cn/information/deal/html/a/330000/0203/20260724/00336a8b4aa8167e40b6adec24564cbe2972.html,后勤服务,其他,后勤服务,一贯制未分段,否,否
00332c0d6bae21f3486aa0f31cc9b7f42336,丽水经济开发区中学风雨操场修缮项目合同,2026-07-24,浙江省,,采购合同,丽水市公共资源交易网,https://www.ggzy.gov.cn/information/deal/html/a/330000/0203/20260724/00332c0d6bae21f3486aa0f31cc9b7f42336.html,校舍维修改造,校舍维修改造,校舍维修改造,一贯制未分段,否,否
0033fa05c0037b2f489aa942ac2995d7dca6,2026年杭州市塘栖中学教职工暑期疗休养采购项目合同,2026-07-24,浙江省,,采购合同,杭州市公共资源交易网,https://www.ggzy.gov.cn/information/deal/html/a/330000/0203/20260724/0033fa05c0037b2f489aa942ac2995d7dca6.html,其他,其他,,一贯制未分段,否,否
003306447f45315d4542a14a12e268efdc38,浙江省临安中学2026年度职工疗休养项目合同,2026-07-24,浙江省,,采购合同,杭州市公共资源交易网,https://www.ggzy.gov.cn/information/deal/html/a/330000/0203/20260724/003306447f45315d4542a14a12e268efdc38.html,其他,其他,,一贯制未分段,否,否
0014f152b35d30f8425d8f424859c0a3b222,晋城市矿区中学心理辅导中心设备采购项目合同,2026-07-24,山西省,,采购合同,,https://www.ggzy.gov.cn/information/deal/html/a/140000/0203/20260724/0014f152b35d30f8425d8f424859c0a3b222.html,其他,其他,,一贯制未分段,否,否
0051cfc652d526a9426d9e320db37fbdd383,甘洛县第二中学办公桌椅及厨房设备采购项目,2026-07-24,四川省,,采购合同,,https://www.ggzy.gov.cn/information/deal/html/a/510000/0203/20260724/0051cfc652d526a9426d9e320db37fbdd383.html,课桌椅,课桌椅,课桌椅;食堂设备,一贯制未分段,否,否
00447bcee6d4739443de903bba2526dacbcb,广州市番禺区洛溪新城中学自营食堂人员服务采购项目,2026-07-24,广东省,,采购合同,,https://www.ggzy.gov.cn/information/deal/html/a/440000/0203/20260724/00447bcee6d4739443de903bba2526dacbcb.html,食堂设备,食堂设备,食堂设备,一贯制未分段,否,否
0035fc6420b746d84995a499357c62bb70b1,德化六中学生运动场等改造工程,2026-07-24,福建省,,采购合同,泉州市公共资源交易中心,https://www.ggzy.gov.cn/information/deal/html/a/350000/0203/20260724/0035fc6420b746d84995a499357c62bb70b1.html,校舍维修改造,校舍维修改造,校舍维修改造,一贯制未分段,否,否
0035a0b74c27c48940e3808d40ee2c0b1385,枋洋中学操场改造提升工程,2026-07-24,福建省,,采购合同,漳州市公共资源交易中心,https://www.ggzy.gov.cn/information/deal/html/a/350000/0203/20260724/0035a0b74c27c48940e3808d40ee2c0b1385.html,校舍维修改造,校舍维修改造,校舍维修改造,一贯制未分段,否,否
00357767e0e182404860849c9920d113412d,永安市第九中学宿舍楼空调用电改造项目,2026-07-24,福建省,,采购合同,三明市公共资源交易中心,https://www.ggzy.gov.cn/information/deal/html/a/350000/0203/20260724/00357767e0e182404860849c9920d113412d.html,校舍维修改造,校舍维修改造,校舍维修改造;工程配套,一贯制未分段,否,否
00352da66d884fa447dba57bd2a1cb0a8ec8,2026年福建省青少年校园足球联赛暨中学生足球锦标赛（高中组、中职组）（含男女组别）,2026-07-24,福建省,,采购合同,南平市招标投标服务中心,https://www.ggzy.gov.cn/information/deal/html/a/350000/0203/20260724/00352da66d884fa447dba57bd2a1cb0a8ec8.html,其他,其他,,高中,否,否
0034743fba1677f64f6c818cd11f4d41783b,市十二中学生食堂（餐厅）、挡土墙等维修（二次）合同备案,2026-07-24,安徽省,,采购合同,宣城市公共资源交易平台电子交易系统,https://www.ggzy.gov.cn/information/deal/html/a/340000/0203/20260724/0034743fba1677f64f6c818cd11f4d41783b.html,校舍维修改造,校舍维修改造,校舍维修改造;食堂设备,一贯制未分段,否,否
00346379bf902200498a920bddabbcf2be36,宣城中学校舍及设施设备维修改造工程（第一包）合同备案,2026-07-24,安徽省,,采购合同,宣城市公共资源交易平台电子交易系统,https://www.ggzy.gov.cn/information/deal/html/a/340000/0203/20260724/00346379bf902200498a920bddabbcf2be36.html,校舍维修改造,校舍维修改造,校舍维修改造,一贯制未分段,否,否
003437f0d9d1a8ea4ac682e2624de7d8e512,安徽省阜阳第一中学泉河校区物业管理服务项目合同,2026-07-24,安徽省,,采购合同,阜阳市公共资源交易平台电子交易系统,https://www.ggzy.gov.cn/information/deal/html/a/340000/0203/20260724/003437f0d9d1a8ea4ac682e2624de7d8e512.html,后勤服务,其他,后勤服务,一贯制未分段,否,否
00423cab23755d9248ce8cebe29d0585373f,还地桥镇实验学校,2026-07-26,湖北省,,采购合同,湖北省政府采购网,https://www.ggzy.gov.cn/information/deal/html/a/420000/0203/20260726/00423cab23755d9248ce8cebe29d0585373f.html,其他,其他,,一贯制未分段,否,否
00332ed4b2a24dd94903a036009acc6254f9,杭州市余杭区禹航实验学校2026-2027学年食堂服务外包采购项目合同,2026-07-25,浙江省,,采购合同,杭州市公共资源交易网,https://www.ggzy.gov.cn/information/deal/html/a/330000/0203/20260725/00332ed4b2a24dd94903a036009acc6254f9.html,食堂设备,食堂设备,食堂设备;后勤服务,一贯制未分段,否,否
00426840838f71184068922304fcc8377cc0,武汉市江汉区红领巾实验学校2026年维修改造项目,2026-07-25,湖北省,,采购合同,湖北省政府采购网,https://www.ggzy.gov.cn/information/deal/html/a/420000/0203/20260725/00426840838f71184068922304fcc8377cc0.html,校舍维修改造,校舍维修改造,校舍维修改造,一贯制未分段,否,否
004222639aeb4fd34195afc098138e6b1c43,2026年武汉市江汉区大兴第一实验学校（金雅校区）维修工程,2026-07-25,湖北省,,采购合同,湖北省政府采购网,https://www.ggzy.gov.cn/information/deal/html/a/420000/0203/20260725/004222639aeb4fd34195afc098138e6b1c43.html,校舍维修改造,校舍维修改造,校舍维修改造,一贯制未分段,否,否
00425c15f94314494a609d41d5f8c8815b18,浠水县思源实验学校开发区校区教学楼及运动场改造项目施工合同,2026-07-24,湖北省,,采购合同,湖北省政府采购网,https://www.ggzy.gov.cn/information/deal/html/a/420000/0203/20260724/00425c15f94314494a609d41d5f8c8815b18.html,校舍维修改造,校舍维修改造,校舍维修改造,一贯制未分段,否,否
00334ec95b3c566f42dba6be7674b689a504,宁波市新城第一实验学校物业保洁服务项目合同,2026-07-24,浙江省,,采购合同,宁波市公共资源交易网,https://www.ggzy.gov.cn/information/deal/html/a/330000/0203/20260724/00334ec95b3c566f42dba6be7674b689a504.html,后勤服务,其他,后勤服务,一贯制未分段,否,否
003389feb08ce167460695e71a1956636897,杭州市余杭区良运实验学校食堂2026年8月15日-2028年7月31日餐饮服务外包采购项目合同,2026-07-24,浙江省,,采购合同,杭州市公共资源交易网,https://www.ggzy.gov.cn/information/deal/html/a/330000/0203/20260724/003389feb08ce167460695e71a1956636897.html,食堂设备,食堂设备,食堂设备;后勤服务,一贯制未分段,否,否
0051b6ef2141eef7494c9efc049cd54950c4,内江六中经开区实验学校柜式空调机直接选定采购合同,2026-07-24,四川省,,采购合同,,https://www.ggzy.gov.cn/information/deal/html/a/510000/0203/20260724/0051b6ef2141eef7494c9efc049cd54950c4.html,工程配套,其他,工程配套,一贯制未分段,否,否
0033df1b381415e248d0bc287d3116793a74,杭州市保俶塔实验学校（之江校区）教学仪器设备采购项目合同,2026-07-24,浙江省,,采购合同,杭州市公共资源交易网,https://www.ggzy.gov.cn/information/deal/html/a/330000/0203/20260724/0033df1b381415e248d0bc287d3116793a74.html,教学仪器,教学仪器,教学仪器,一贯制未分段,否,否
00332875152644e2462faf9d4e69d088caae,宁波市江北外国语学校和德润书院2026年暑期疗休养合同,2026-07-24,浙江省,,采购合同,宁波市公共资源交易网,https://www.ggzy.gov.cn/information/deal/html/a/330000/0203/20260724/00332875152644e2462faf9d4e69d088caae.html,其他,其他,,一贯制未分段,否,否
0042cf4df59d800948fcbb79879ddf6fe9f1,五峰土家族自治县教育局综合业务用房（改造）建设项目,2026-07-25,湖北省,,采购合同,湖北省政府采购网,https://www.ggzy.gov.cn/information/deal/html/a/420000/0203/20260725/0042cf4df59d800948fcbb79879ddf6fe9f1.html,校舍维修改造,校舍维修改造,校舍维修改造,教育局统筹,否,否
0021d821ffc733f14121acb73ee8bb651f80,甘井子区教育局教育信息化环境运维服务项目-1【合同】,2026-07-24,辽宁省,,采购合同,大连市公共资源交易平台,https://www.ggzy.gov.cn/information/deal/html/a/210000/0203/20260724/0021d821ffc733f14121acb73ee8bb651f80.html,信息化,信息化,信息化,教育局统筹,是,是
0014cd00e7bf05ee4048ba7e49cf190dc5b0,2026年浑源县教育局校舍安全保障长效机制一期项目合同,2026-07-24,山西省,,采购合同,,https://www.ggzy.gov.cn/information/deal/html/a/140000/0203/20260724/0014cd00e7bf05ee4048ba7e49cf190dc5b0.html,校舍维修改造,校舍维修改造,校舍维修改造,教育局统筹,否,否
00334a629ded6695410c9b9ff13f641338c6,杭州市滨江区教育局下属学校2026年信创电脑采购及安装项目（重招）合同,2026-07-24,浙江省,,采购合同,杭州市公共资源交易网,https://www.ggzy.gov.cn/information/deal/html/a/330000/0203/20260724/00334a629ded6695410c9b9ff13f641338c6.html,信息化设备,信息化设备,信息化设备,教育局统筹,是,是
0051fc49bbb611464160b1e32160feea1453,成都市金牛区教育局机动车保险服务直接选定采购合同,2026-07-24,四川省,,采购合同,,https://www.ggzy.gov.cn/information/deal/html/a/510000/0203/20260724/0051fc49bbb611464160b1e32160feea1453.html,后勤服务,其他,后勤服务,教育局统筹,否,否
00514b6597e2869941a1af5b1f2d559d2f52,龙泉驿区教育局社会审计服务采购项目,2026-07-24,四川省,,采购合同,,https://www.ggzy.gov.cn/information/deal/html/a/510000/0203/20260724/00514b6597e2869941a1af5b1f2d559d2f52.html,其他,其他,,教育局统筹,否,否
0051c612f90ec47d441399a9b3f76ac2bff1,射洪市教育局车辆维修、保养服务直接选定采购合同,2026-07-24,四川省,,采购合同,,https://www.ggzy.gov.cn/information/deal/html/a/510000/0203/20260724/0051c612f90ec47d441399a9b3f76ac2bff1.html,校舍维修改造,校舍维修改造,校舍维修改造,教育局统筹,否,否
00511fee9589b51040ddaac3f4017b60adf8,旌阳区2026年秋期至2027年春期义务教育阶段学生作业本采购项目,2026-07-24,四川省,,采购合同,,https://www.ggzy.gov.cn/information/deal/html/a/510000/0203/20260724/00511fee9589b51040ddaac3f4017b60adf8.html,其他,其他,,一贯制未分段,否,否
0051b82b8d051a4f43e3824eb2780c6bdcc7,蒲江县义务教育阶段学生作业本印刷服务,2026-07-24,四川省,,采购合同,,https://www.ggzy.gov.cn/information/deal/html/a/510000/0203/20260724/0051b82b8d051a4f43e3824eb2780c6bdcc7.html,后勤服务,其他,后勤服务,一贯制未分段,否,否
005102206f8bedf4452cb187da003c4adee1,2026-2027学年成都东部新区义务教育阶段学生作业本采购项目,2026-07-24,四川省,,采购合同,,https://www.ggzy.gov.cn/information/deal/html/a/510000/0203/20260724/005102206f8bedf4452cb187da003c4adee1.html,其他,其他,,一贯制未分段,否,否
0051801f4225f7994653884d2b33cbb381da,荣县2026-2027学年度义务教育阶段学生作业本采购,2026-07-24,四川省,,采购合同,,https://www.ggzy.gov.cn/information/deal/html/a/510000/0203/20260724/0051801f4225f7994653884d2b33cbb381da.html,其他,其他,,一贯制未分段,否,否
00348ee0ed51bb7a4c0589f3fa9fa2a0ca07,2026年歙县义务教育学校安装空调采购项目合同备案,2026-07-24,安徽省,,采购合同,黄山市公共资源交易平台电子交易系统,https://www.ggzy.gov.cn/information/deal/html/a/340000/0203/20260724/00348ee0ed51bb7a4c0589f3fa9fa2a0ca07.html,工程配套,其他,工程配套,一贯制未分段,否,否
